{"timestamp":"2026-05-21T01:19:04.023420Z","level":"info","event":"DAG bundles loaded: dags-folder","logger":"airflow.dag_processing.bundles.manager.DagBundlesManager","filename":"manager.py","lineno":209}
{"timestamp":"2026-05-21T01:19:04.026262Z","level":"info","event":"Filling up the DagBag from /opt/airflow/dags/dag_elt.py","logger":"airflow.dag_processing.dagbag.BundleDagBag","filename":"dagbag.py","lineno":469}
{"timestamp":"2026-05-21T01:19:04.757920Z","level":"info","event":"Starting docker container from image rodrigofbms/project-pyspark-minio-superset","logger":"airflow.task.operators.airflow.providers.docker.operators.docker.DockerOperator","filename":"docker.py","lineno":367}
{"timestamp":"2026-05-21T01:19:09.265129Z","level":"info","event":"2026-05-21 01:19:09,263 - INFO - Starting incremental agregation from MinIO silver to MinIO gold...","logger":"airflow.task.operators.airflow.providers.docker.operators.docker.DockerOperator","filename":"docker.py","lineno":71}
{"timestamp":"2026-05-21T01:19:09.427669Z","level":"info","event":"26/05/21 01:19:09 INFO SparkContext: Running Spark version 3.5.0","logger":"airflow.task.operators.airflow.providers.docker.operators.docker.DockerOperator","filename":"docker.py","lineno":71}
{"timestamp":"2026-05-21T01:19:09.430654Z","level":"info","event":"26/05/21 01:19:09 INFO SparkContext: OS info Linux, 6.8.0-1054-gcp, amd64","logger":"airflow.task.operators.airflow.providers.docker.operators.docker.DockerOperator","filename":"docker.py","lineno":71}
{"timestamp":"2026-05-21T01:19:09.431242Z","level":"info","event":"26/05/21 01:19:09 INFO SparkContext: Java version 11.0.20.1","logger":"airflow.task.operators.airflow.providers.docker.operators.docker.DockerOperator","filename":"docker.py","lineno":71}
{"timestamp":"2026-05-21T01:19:09.510377Z","level":"info","event":"26/05/21 01:19:09 WARN NativeCodeLoader: Unable to load native-hadoop library for your platform... using builtin-java classes where applicable","logger":"airflow.task.operators.airflow.providers.docker.operators.docker.DockerOperator","filename":"docker.py","lineno":71}
{"timestamp":"2026-05-21T01:19:09.641545Z","level":"info","event":"26/05/21 01:19:09 INFO ResourceUtils: ==============================================================","logger":"airflow.task.operators.airflow.providers.docker.operators.docker.DockerOperator","filename":"docker.py","lineno":71}
{"timestamp":"2026-05-21T01:19:09.641944Z","level":"info","event":"26/05/21 01:19:09 INFO ResourceUtils: No custom resources configured for spark.driver.","logger":"airflow.task.operators.airflow.providers.docker.operators.docker.DockerOperator","filename":"docker.py","lineno":71}
{"timestamp":"2026-05-21T01:19:09.642140Z","level":"info","event":"26/05/21 01:19:09 INFO ResourceUtils: ==============================================================","logger":"airflow.task.operators.airflow.providers.docker.operators.docker.DockerOperator","filename":"docker.py","lineno":71}
{"timestamp":"2026-05-21T01:19:09.643025Z","level":"info","event":"26/05/21 01:19:09 INFO SparkContext: Submitted application: Incremental agregation from MinIO silver to MinIO gold","logger":"airflow.task.operators.airflow.providers.docker.operators.docker.DockerOperator","filename":"docker.py","lineno":71}
{"timestamp":"2026-05-21T01:19:09.721346Z","level":"info","event":"26/05/21 01:19:09 INFO ResourceProfile: Default ResourceProfile created, executor resources: Map(memory -> name: memory, amount: 1024, script: , vendor: , offHeap -> name: offHeap, amount: 0, script: , vendor: ), task resources: Map(cpus -> name: cpus, amount: 1.0)","logger":"airflow.task.operators.airflow.providers.docker.operators.docker.DockerOperator","filename":"docker.py","lineno":71}
{"timestamp":"2026-05-21T01:19:09.735329Z","level":"info","event":"26/05/21 01:19:09 INFO ResourceProfile: Limiting resource is cpu","logger":"airflow.task.operators.airflow.providers.docker.operators.docker.DockerOperator","filename":"docker.py","lineno":71}
{"timestamp":"2026-05-21T01:19:09.736256Z","level":"info","event":"26/05/21 01:19:09 INFO ResourceProfileManager: Added ResourceProfile id: 0","logger":"airflow.task.operators.airflow.providers.docker.operators.docker.DockerOperator","filename":"docker.py","lineno":71}
{"timestamp":"2026-05-21T01:19:09.854443Z","level":"info","event":"26/05/21 01:19:09 INFO SecurityManager: Changing view acls to: spark","logger":"airflow.task.operators.airflow.providers.docker.operators.docker.DockerOperator","filename":"docker.py","lineno":71}
{"timestamp":"2026-05-21T01:19:09.854735Z","level":"info","event":"26/05/21 01:19:09 INFO SecurityManager: Changing modify acls to: spark","logger":"airflow.task.operators.airflow.providers.docker.operators.docker.DockerOperator","filename":"docker.py","lineno":71}
{"timestamp":"2026-05-21T01:19:09.855331Z","level":"info","event":"26/05/21 01:19:09 INFO SecurityManager: Changing view acls groups to:","logger":"airflow.task.operators.airflow.providers.docker.operators.docker.DockerOperator","filename":"docker.py","lineno":71}
{"timestamp":"2026-05-21T01:19:09.855939Z","level":"info","event":"26/05/21 01:19:09 INFO SecurityManager: Changing modify acls groups to:","logger":"airflow.task.operators.airflow.providers.docker.operators.docker.DockerOperator","filename":"docker.py","lineno":71}
{"timestamp":"2026-05-21T01:19:09.856898Z","level":"info","event":"26/05/21 01:19:09 INFO SecurityManager: SecurityManager: authentication disabled; ui acls disabled; users with view permissions: spark; groups with view permissions: EMPTY; users with modify permissions: spark; groups with modify permissions: EMPTY","logger":"airflow.task.operators.airflow.providers.docker.operators.docker.DockerOperator","filename":"docker.py","lineno":71}
{"timestamp":"2026-05-21T01:19:10.177903Z","level":"info","event":"26/05/21 01:19:10 INFO Utils: Successfully started service 'sparkDriver' on port 39507.","logger":"airflow.task.operators.airflow.providers.docker.operators.docker.DockerOperator","filename":"docker.py","lineno":71}
{"timestamp":"2026-05-21T01:19:10.226484Z","level":"info","event":"26/05/21 01:19:10 INFO SparkEnv: Registering MapOutputTracker","logger":"airflow.task.operators.airflow.providers.docker.operators.docker.DockerOperator","filename":"docker.py","lineno":71}
{"timestamp":"2026-05-21T01:19:10.287556Z","level":"info","event":"26/05/21 01:19:10 INFO SparkEnv: Registering BlockManagerMaster","logger":"airflow.task.operators.airflow.providers.docker.operators.docker.DockerOperator","filename":"docker.py","lineno":71}
{"timestamp":"2026-05-21T01:19:10.327654Z","level":"info","event":"26/05/21 01:19:10 INFO BlockManagerMasterEndpoint: Using org.apache.spark.storage.DefaultTopologyMapper for getting topology information","logger":"airflow.task.operators.airflow.providers.docker.operators.docker.DockerOperator","filename":"docker.py","lineno":71}
{"timestamp":"2026-05-21T01:19:10.328930Z","level":"info","event":"26/05/21 01:19:10 INFO BlockManagerMasterEndpoint: BlockManagerMasterEndpoint up","logger":"airflow.task.operators.airflow.providers.docker.operators.docker.DockerOperator","filename":"docker.py","lineno":71}
{"timestamp":"2026-05-21T01:19:10.335142Z","level":"info","event":"26/05/21 01:19:10 INFO SparkEnv: Registering BlockManagerMasterHeartbeat","logger":"airflow.task.operators.airflow.providers.docker.operators.docker.DockerOperator","filename":"docker.py","lineno":71}
{"timestamp":"2026-05-21T01:19:10.388816Z","level":"info","event":"26/05/21 01:19:10 INFO DiskBlockManager: Created local directory at /tmp/blockmgr-a0cc766f-7234-4848-b314-995be4675e09","logger":"airflow.task.operators.airflow.providers.docker.operators.docker.DockerOperator","filename":"docker.py","lineno":71}
{"timestamp":"2026-05-21T01:19:10.430084Z","level":"info","event":"26/05/21 01:19:10 INFO MemoryStore: MemoryStore started with capacity 434.4 MiB","logger":"airflow.task.operators.airflow.providers.docker.operators.docker.DockerOperator","filename":"docker.py","lineno":71}
{"timestamp":"2026-05-21T01:19:10.453661Z","level":"info","event":"26/05/21 01:19:10 INFO SparkEnv: Registering OutputCommitCoordinator","logger":"airflow.task.operators.airflow.providers.docker.operators.docker.DockerOperator","filename":"docker.py","lineno":71}
{"timestamp":"2026-05-21T01:19:10.801410Z","level":"info","event":"26/05/21 01:19:10 INFO JettyUtils: Start Jetty 0.0.0.0:4040 for SparkUI","logger":"airflow.task.operators.airflow.providers.docker.operators.docker.DockerOperator","filename":"docker.py","lineno":71}
{"timestamp":"2026-05-21T01:19:10.936165Z","level":"info","event":"26/05/21 01:19:10 INFO Utils: Successfully started service 'SparkUI' on port 4040.","logger":"airflow.task.operators.airflow.providers.docker.operators.docker.DockerOperator","filename":"docker.py","lineno":71}
{"timestamp":"2026-05-21T01:19:11.230921Z","level":"info","event":"26/05/21 01:19:11 INFO StandaloneAppClient$ClientEndpoint: Connecting to master spark://spark-master:7077...","logger":"airflow.task.operators.airflow.providers.docker.operators.docker.DockerOperator","filename":"docker.py","lineno":71}
{"timestamp":"2026-05-21T01:19:11.336767Z","level":"info","event":"26/05/21 01:19:11 INFO TransportClientFactory: Successfully created connection to spark-master/172.20.0.19:7077 after 37 ms (0 ms spent in bootstraps)","logger":"airflow.task.operators.airflow.providers.docker.operators.docker.DockerOperator","filename":"docker.py","lineno":71}
{"timestamp":"2026-05-21T01:19:11.470418Z","level":"info","event":"26/05/21 01:19:11 INFO StandaloneSchedulerBackend: Connected to Spark cluster with app ID app-20260521011911-0017","logger":"airflow.task.operators.airflow.providers.docker.operators.docker.DockerOperator","filename":"docker.py","lineno":71}
{"timestamp":"2026-05-21T01:19:11.488028Z","level":"info","event":"26/05/21 01:19:11 INFO StandaloneAppClient$ClientEndpoint: Executor added: app-20260521011911-0017/0 on worker-20260520142324-172.20.0.20-40447 (172.20.0.20:40447) with 8 core(s)","logger":"airflow.task.operators.airflow.providers.docker.operators.docker.DockerOperator","filename":"docker.py","lineno":71}
{"timestamp":"2026-05-21T01:19:11.492370Z","level":"info","event":"26/05/21 01:19:11 INFO StandaloneSchedulerBackend: Granted executor ID app-20260521011911-0017/0 on hostPort 172.20.0.20:40447 with 8 core(s), 1024.0 MiB RAM","logger":"airflow.task.operators.airflow.providers.docker.operators.docker.DockerOperator","filename":"docker.py","lineno":71}
{"timestamp":"2026-05-21T01:19:11.492962Z","level":"info","event":"26/05/21 01:19:11 INFO StandaloneAppClient$ClientEndpoint: Executor added: app-20260521011911-0017/1 on worker-20260520142324-172.20.0.21-46155 (172.20.0.21:46155) with 8 core(s)","logger":"airflow.task.operators.airflow.providers.docker.operators.docker.DockerOperator","filename":"docker.py","lineno":71}
{"timestamp":"2026-05-21T01:19:11.494631Z","level":"info","event":"26/05/21 01:19:11 INFO StandaloneSchedulerBackend: Granted executor ID app-20260521011911-0017/1 on hostPort 172.20.0.21:46155 with 8 core(s), 1024.0 MiB RAM","logger":"airflow.task.operators.airflow.providers.docker.operators.docker.DockerOperator","filename":"docker.py","lineno":71}
{"timestamp":"2026-05-21T01:19:11.500300Z","level":"info","event":"26/05/21 01:19:11 INFO Utils: Successfully started service 'org.apache.spark.network.netty.NettyBlockTransferService' on port 44051.","logger":"airflow.task.operators.airflow.providers.docker.operators.docker.DockerOperator","filename":"docker.py","lineno":71}
{"timestamp":"2026-05-21T01:19:11.500655Z","level":"info","event":"26/05/21 01:19:11 INFO NettyBlockTransferService: Server created on fa9853462739:44051","logger":"airflow.task.operators.airflow.providers.docker.operators.docker.DockerOperator","filename":"docker.py","lineno":71}
{"timestamp":"2026-05-21T01:19:11.504183Z","level":"info","event":"26/05/21 01:19:11 INFO BlockManager: Using org.apache.spark.storage.RandomBlockReplicationPolicy for block replication policy","logger":"airflow.task.operators.airflow.providers.docker.operators.docker.DockerOperator","filename":"docker.py","lineno":71}
{"timestamp":"2026-05-21T01:19:11.516552Z","level":"info","event":"26/05/21 01:19:11 INFO BlockManagerMaster: Registering BlockManager BlockManagerId(driver, fa9853462739, 44051, None)","logger":"airflow.task.operators.airflow.providers.docker.operators.docker.DockerOperator","filename":"docker.py","lineno":71}
{"timestamp":"2026-05-21T01:19:11.521776Z","level":"info","event":"26/05/21 01:19:11 INFO BlockManagerMasterEndpoint: Registering block manager fa9853462739:44051 with 434.4 MiB RAM, BlockManagerId(driver, fa9853462739, 44051, None)","logger":"airflow.task.operators.airflow.providers.docker.operators.docker.DockerOperator","filename":"docker.py","lineno":71}
{"timestamp":"2026-05-21T01:19:11.530330Z","level":"info","event":"26/05/21 01:19:11 INFO BlockManagerMaster: Registered BlockManager BlockManagerId(driver, fa9853462739, 44051, None)","logger":"airflow.task.operators.airflow.providers.docker.operators.docker.DockerOperator","filename":"docker.py","lineno":71}
{"timestamp":"2026-05-21T01:19:11.530618Z","level":"info","event":"26/05/21 01:19:11 INFO BlockManager: Initialized BlockManager: BlockManagerId(driver, fa9853462739, 44051, None)","logger":"airflow.task.operators.airflow.providers.docker.operators.docker.DockerOperator","filename":"docker.py","lineno":71}
{"timestamp":"2026-05-21T01:19:11.593779Z","level":"info","event":"26/05/21 01:19:11 INFO StandaloneAppClient$ClientEndpoint: Executor updated: app-20260521011911-0017/1 is now RUNNING","logger":"airflow.task.operators.airflow.providers.docker.operators.docker.DockerOperator","filename":"docker.py","lineno":71}
{"timestamp":"2026-05-21T01:19:11.597720Z","level":"info","event":"26/05/21 01:19:11 INFO StandaloneAppClient$ClientEndpoint: Executor updated: app-20260521011911-0017/0 is now RUNNING","logger":"airflow.task.operators.airflow.providers.docker.operators.docker.DockerOperator","filename":"docker.py","lineno":71}
{"timestamp":"2026-05-21T01:19:11.875204Z","level":"info","event":"26/05/21 01:19:11 INFO StandaloneSchedulerBackend: SchedulerBackend is ready for scheduling beginning after reached minRegisteredResourcesRatio: 0.0","logger":"airflow.task.operators.airflow.providers.docker.operators.docker.DockerOperator","filename":"docker.py","lineno":71}
{"timestamp":"2026-05-21T01:19:12.454273Z","level":"info","event":"2026-05-21 01:19:12,453 - INFO - processing table sales_by_country","logger":"airflow.task.operators.airflow.providers.docker.operators.docker.DockerOperator","filename":"docker.py","lineno":71}
{"timestamp":"2026-05-21T01:19:12.454953Z","level":"info","event":"2026-05-21 01:19:12,454 - INFO - processing table sales_per_customer","logger":"airflow.task.operators.airflow.providers.docker.operators.docker.DockerOperator","filename":"docker.py","lineno":71}
{"timestamp":"2026-05-21T01:19:12.455702Z","level":"info","event":"2026-05-21 01:19:12,454 - INFO - processing table sales_per_employee","logger":"airflow.task.operators.airflow.providers.docker.operators.docker.DockerOperator","filename":"docker.py","lineno":71}
{"timestamp":"2026-05-21T01:19:12.458962Z","level":"info","event":"2026-05-21 01:19:12,456 - INFO - processing table sales_per_city_country","logger":"airflow.task.operators.airflow.providers.docker.operators.docker.DockerOperator","filename":"docker.py","lineno":71}
{"timestamp":"2026-05-21T01:19:12.459168Z","level":"info","event":"2026-05-21 01:19:12,457 - INFO - processing table quantity_sales_per_ship_method","logger":"airflow.task.operators.airflow.providers.docker.operators.docker.DockerOperator","filename":"docker.py","lineno":71}
{"timestamp":"2026-05-21T01:19:12.459310Z","level":"info","event":"2026-05-21 01:19:12,458 - INFO - processing table sales_per_card_type","logger":"airflow.task.operators.airflow.providers.docker.operators.docker.DockerOperator","filename":"docker.py","lineno":71}
{"timestamp":"2026-05-21T01:19:12.460745Z","level":"info","event":"2026-05-21 01:19:12,459 - INFO - processing table quantity_sales_per_product","logger":"airflow.task.operators.airflow.providers.docker.operators.docker.DockerOperator","filename":"docker.py","lineno":71}
{"timestamp":"2026-05-21T01:19:12.616569Z","level":"info","event":"26/05/21 01:19:12 INFO SharedState: Setting hive.metastore.warehouse.dir ('null') to the value of spark.sql.warehouse.dir.","logger":"airflow.task.operators.airflow.providers.docker.operators.docker.DockerOperator","filename":"docker.py","lineno":71}
{"timestamp":"2026-05-21T01:19:12.640752Z","level":"info","event":"26/05/21 01:19:12 INFO SharedState: Warehouse path is 'file:/app/spark-warehouse'.","logger":"airflow.task.operators.airflow.providers.docker.operators.docker.DockerOperator","filename":"docker.py","lineno":71}
{"timestamp":"2026-05-21T01:19:15.858355Z","level":"info","event":"26/05/21 01:19:15 INFO StandaloneSchedulerBackend$StandaloneDriverEndpoint: Registered executor NettyRpcEndpointRef(spark-client://Executor) (172.20.0.21:45946) with ID 1,  ResourceProfileId 0","logger":"airflow.task.operators.airflow.providers.docker.operators.docker.DockerOperator","filename":"docker.py","lineno":71}
{"timestamp":"2026-05-21T01:19:15.892126Z","level":"info","event":"26/05/21 01:19:15 INFO StandaloneSchedulerBackend$StandaloneDriverEndpoint: Registered executor NettyRpcEndpointRef(spark-client://Executor) (172.20.0.20:38056) with ID 0,  ResourceProfileId 0","logger":"airflow.task.operators.airflow.providers.docker.operators.docker.DockerOperator","filename":"docker.py","lineno":71}
{"timestamp":"2026-05-21T01:19:16.020889Z","level":"info","event":"26/05/21 01:19:16 INFO BlockManagerMasterEndpoint: Registering block manager 172.20.0.21:44587 with 434.4 MiB RAM, BlockManagerId(1, 172.20.0.21, 44587, None)","logger":"airflow.task.operators.airflow.providers.docker.operators.docker.DockerOperator","filename":"docker.py","lineno":71}
{"timestamp":"2026-05-21T01:19:16.036933Z","level":"info","event":"26/05/21 01:19:16 INFO BlockManagerMasterEndpoint: Registering block manager 172.20.0.20:42715 with 434.4 MiB RAM, BlockManagerId(0, 172.20.0.20, 42715, None)","logger":"airflow.task.operators.airflow.providers.docker.operators.docker.DockerOperator","filename":"docker.py","lineno":71}
{"timestamp":"2026-05-21T01:19:16.255379Z","level":"info","event":"26/05/21 01:19:16 WARN MetricsConfig: Cannot locate configuration: tried hadoop-metrics2-s3a-file-system.properties,hadoop-metrics2.properties","logger":"airflow.task.operators.airflow.providers.docker.operators.docker.DockerOperator","filename":"docker.py","lineno":71}
{"timestamp":"2026-05-21T01:19:16.270749Z","level":"info","event":"26/05/21 01:19:16 INFO MetricsSystemImpl: Scheduled Metric snapshot period at 10 second(s).","logger":"airflow.task.operators.airflow.providers.docker.operators.docker.DockerOperator","filename":"docker.py","lineno":71}
{"timestamp":"2026-05-21T01:19:16.271141Z","level":"info","event":"26/05/21 01:19:16 INFO MetricsSystemImpl: s3a-file-system metrics system started","logger":"airflow.task.operators.airflow.providers.docker.operators.docker.DockerOperator","filename":"docker.py","lineno":71}
{"timestamp":"2026-05-21T01:19:18.057647Z","level":"info","event":"26/05/21 01:19:18 INFO DelegatingLogStore: LogStore `LogStoreAdapter(io.delta.storage.S3SingleDriverLogStore)` is used for scheme `s3a`","logger":"airflow.task.operators.airflow.providers.docker.operators.docker.DockerOperator","filename":"docker.py","lineno":71}
{"timestamp":"2026-05-21T01:19:18.057941Z","level":"info","event":"26/05/21 01:19:18 INFO DelegatingLogStore: LogStore `LogStoreAdapter(io.delta.storage.S3SingleDriverLogStore)` is used for scheme `s3a`","logger":"airflow.task.operators.airflow.providers.docker.operators.docker.DockerOperator","filename":"docker.py","lineno":71}
{"timestamp":"2026-05-21T01:19:18.058049Z","level":"info","event":"26/05/21 01:19:18 INFO DelegatingLogStore: LogStore `LogStoreAdapter(io.delta.storage.S3SingleDriverLogStore)` is used for scheme `s3a`","logger":"airflow.task.operators.airflow.providers.docker.operators.docker.DockerOperator","filename":"docker.py","lineno":71}
{"timestamp":"2026-05-21T01:19:18.058171Z","level":"info","event":"26/05/21 01:19:18 INFO DelegatingLogStore: LogStore `LogStoreAdapter(io.delta.storage.S3SingleDriverLogStore)` is used for scheme `s3a`","logger":"airflow.task.operators.airflow.providers.docker.operators.docker.DockerOperator","filename":"docker.py","lineno":71}
{"timestamp":"2026-05-21T01:19:18.061839Z","level":"info","event":"26/05/21 01:19:18 INFO DelegatingLogStore: LogStore `LogStoreAdapter(io.delta.storage.S3SingleDriverLogStore)` is used for scheme `s3a`","logger":"airflow.task.operators.airflow.providers.docker.operators.docker.DockerOperator","filename":"docker.py","lineno":71}
{"timestamp":"2026-05-21T01:19:18.062063Z","level":"info","event":"26/05/21 01:19:18 INFO DelegatingLogStore: LogStore `LogStoreAdapter(io.delta.storage.S3SingleDriverLogStore)` is used for scheme `s3a`","logger":"airflow.task.operators.airflow.providers.docker.operators.docker.DockerOperator","filename":"docker.py","lineno":71}
{"timestamp":"2026-05-21T01:19:18.063052Z","level":"info","event":"26/05/21 01:19:18 INFO DelegatingLogStore: LogStore `LogStoreAdapter(io.delta.storage.S3SingleDriverLogStore)` is used for scheme `s3a`","logger":"airflow.task.operators.airflow.providers.docker.operators.docker.DockerOperator","filename":"docker.py","lineno":71}
{"timestamp":"2026-05-21T01:19:18.216657Z","level":"info","event":"26/05/21 01:19:18 INFO DeltaLog: Loading version 0.","logger":"airflow.task.operators.airflow.providers.docker.operators.docker.DockerOperator","filename":"docker.py","lineno":71}
{"timestamp":"2026-05-21T01:19:18.216991Z","level":"info","event":"26/05/21 01:19:18 INFO DeltaLog: Loading version 0.","logger":"airflow.task.operators.airflow.providers.docker.operators.docker.DockerOperator","filename":"docker.py","lineno":71}
{"timestamp":"2026-05-21T01:19:18.217126Z","level":"info","event":"26/05/21 01:19:18 INFO DeltaLog: Loading version 0.","logger":"airflow.task.operators.airflow.providers.docker.operators.docker.DockerOperator","filename":"docker.py","lineno":71}
{"timestamp":"2026-05-21T01:19:18.217220Z","level":"info","event":"26/05/21 01:19:18 INFO DeltaLog: Loading version 0.","logger":"airflow.task.operators.airflow.providers.docker.operators.docker.DockerOperator","filename":"docker.py","lineno":71}
{"timestamp":"2026-05-21T01:19:18.217409Z","level":"info","event":"26/05/21 01:19:18 INFO DeltaLog: Loading version 0.","logger":"airflow.task.operators.airflow.providers.docker.operators.docker.DockerOperator","filename":"docker.py","lineno":71}
{"timestamp":"2026-05-21T01:19:18.217505Z","level":"info","event":"26/05/21 01:19:18 INFO DeltaLog: Loading version 0.","logger":"airflow.task.operators.airflow.providers.docker.operators.docker.DockerOperator","filename":"docker.py","lineno":71}
{"timestamp":"2026-05-21T01:19:18.218591Z","level":"info","event":"26/05/21 01:19:18 INFO DeltaLog: Loading version 0.","logger":"airflow.task.operators.airflow.providers.docker.operators.docker.DockerOperator","filename":"docker.py","lineno":71}
{"timestamp":"2026-05-21T01:19:20.736300Z","level":"info","event":"26/05/21 01:19:20 INFO DeltaLogFileIndex: Created DeltaLogFileIndex(JSON, numFilesInSegment: 1, totalFileSize: 1736)","logger":"airflow.task.operators.airflow.providers.docker.operators.docker.DockerOperator","filename":"docker.py","lineno":71}
{"timestamp":"2026-05-21T01:19:20.736524Z","level":"info","event":"26/05/21 01:19:20 INFO DeltaLogFileIndex: Created DeltaLogFileIndex(JSON, numFilesInSegment: 1, totalFileSize: 1906)","logger":"airflow.task.operators.airflow.providers.docker.operators.docker.DockerOperator","filename":"docker.py","lineno":71}
{"timestamp":"2026-05-21T01:19:20.736621Z","level":"info","event":"26/05/21 01:19:20 INFO DeltaLogFileIndex: Created DeltaLogFileIndex(JSON, numFilesInSegment: 1, totalFileSize: 2114)","logger":"airflow.task.operators.airflow.providers.docker.operators.docker.DockerOperator","filename":"docker.py","lineno":71}
{"timestamp":"2026-05-21T01:19:20.736749Z","level":"info","event":"26/05/21 01:19:20 INFO DeltaLogFileIndex: Created DeltaLogFileIndex(JSON, numFilesInSegment: 1, totalFileSize: 1929)","logger":"airflow.task.operators.airflow.providers.docker.operators.docker.DockerOperator","filename":"docker.py","lineno":71}
{"timestamp":"2026-05-21T01:19:20.736906Z","level":"info","event":"26/05/21 01:19:20 INFO DeltaLogFileIndex: Created DeltaLogFileIndex(JSON, numFilesInSegment: 1, totalFileSize: 1744)","logger":"airflow.task.operators.airflow.providers.docker.operators.docker.DockerOperator","filename":"docker.py","lineno":71}
{"timestamp":"2026-05-21T01:19:20.737203Z","level":"info","event":"26/05/21 01:19:20 INFO DeltaLogFileIndex: Created DeltaLogFileIndex(JSON, numFilesInSegment: 1, totalFileSize: 1591)","logger":"airflow.task.operators.airflow.providers.docker.operators.docker.DockerOperator","filename":"docker.py","lineno":71}
{"timestamp":"2026-05-21T01:19:20.738263Z","level":"info","event":"26/05/21 01:19:20 INFO DeltaLogFileIndex: Created DeltaLogFileIndex(JSON, numFilesInSegment: 1, totalFileSize: 1758)","logger":"airflow.task.operators.airflow.providers.docker.operators.docker.DockerOperator","filename":"docker.py","lineno":71}
{"timestamp":"2026-05-21T01:19:23.457761Z","level":"info","event":"26/05/21 01:19:23 INFO FileSourceStrategy: Pushed Filters:","logger":"airflow.task.operators.airflow.providers.docker.operators.docker.DockerOperator","filename":"docker.py","lineno":71}
{"timestamp":"2026-05-21T01:19:23.458055Z","level":"info","event":"26/05/21 01:19:23 INFO FileSourceStrategy: Pushed Filters:","logger":"airflow.task.operators.airflow.providers.docker.operators.docker.DockerOperator","filename":"docker.py","lineno":71}
{"timestamp":"2026-05-21T01:19:23.458167Z","level":"info","event":"26/05/21 01:19:23 INFO FileSourceStrategy: Pushed Filters:","logger":"airflow.task.operators.airflow.providers.docker.operators.docker.DockerOperator","filename":"docker.py","lineno":71}
{"timestamp":"2026-05-21T01:19:23.458316Z","level":"info","event":"26/05/21 01:19:23 INFO FileSourceStrategy: Pushed Filters:","logger":"airflow.task.operators.airflow.providers.docker.operators.docker.DockerOperator","filename":"docker.py","lineno":71}
{"timestamp":"2026-05-21T01:19:23.461273Z","level":"info","event":"26/05/21 01:19:23 INFO FileSourceStrategy: Pushed Filters:","logger":"airflow.task.operators.airflow.providers.docker.operators.docker.DockerOperator","filename":"docker.py","lineno":71}
{"timestamp":"2026-05-21T01:19:23.461472Z","level":"info","event":"26/05/21 01:19:23 INFO FileSourceStrategy: Post-Scan Filters:","logger":"airflow.task.operators.airflow.providers.docker.operators.docker.DockerOperator","filename":"docker.py","lineno":71}
{"timestamp":"2026-05-21T01:19:23.461575Z","level":"info","event":"26/05/21 01:19:23 INFO FileSourceStrategy: Post-Scan Filters:","logger":"airflow.task.operators.airflow.providers.docker.operators.docker.DockerOperator","filename":"docker.py","lineno":71}
{"timestamp":"2026-05-21T01:19:23.461660Z","level":"info","event":"26/05/21 01:19:23 INFO FileSourceStrategy: Post-Scan Filters:","logger":"airflow.task.operators.airflow.providers.docker.operators.docker.DockerOperator","filename":"docker.py","lineno":71}
{"timestamp":"2026-05-21T01:19:23.461793Z","level":"info","event":"26/05/21 01:19:23 INFO FileSourceStrategy: Pushed Filters:","logger":"airflow.task.operators.airflow.providers.docker.operators.docker.DockerOperator","filename":"docker.py","lineno":71}
{"timestamp":"2026-05-21T01:19:23.461924Z","level":"info","event":"26/05/21 01:19:23 INFO FileSourceStrategy: Pushed Filters:","logger":"airflow.task.operators.airflow.providers.docker.operators.docker.DockerOperator","filename":"docker.py","lineno":71}
{"timestamp":"2026-05-21T01:19:23.462027Z","level":"info","event":"26/05/21 01:19:23 INFO FileSourceStrategy: Post-Scan Filters:","logger":"airflow.task.operators.airflow.providers.docker.operators.docker.DockerOperator","filename":"docker.py","lineno":71}
{"timestamp":"2026-05-21T01:19:23.462100Z","level":"info","event":"26/05/21 01:19:23 INFO FileSourceStrategy: Post-Scan Filters:","logger":"airflow.task.operators.airflow.providers.docker.operators.docker.DockerOperator","filename":"docker.py","lineno":71}
{"timestamp":"2026-05-21T01:19:23.462164Z","level":"info","event":"26/05/21 01:19:23 INFO FileSourceStrategy: Post-Scan Filters:","logger":"airflow.task.operators.airflow.providers.docker.operators.docker.DockerOperator","filename":"docker.py","lineno":71}
{"timestamp":"2026-05-21T01:19:23.462228Z","level":"info","event":"26/05/21 01:19:23 INFO FileSourceStrategy: Post-Scan Filters:","logger":"airflow.task.operators.airflow.providers.docker.operators.docker.DockerOperator","filename":"docker.py","lineno":71}
{"timestamp":"2026-05-21T01:19:24.731165Z","level":"info","event":"26/05/21 01:19:24 INFO CodeGenerator: Code generated in 404.323026 ms","logger":"airflow.task.operators.airflow.providers.docker.operators.docker.DockerOperator","filename":"docker.py","lineno":71}
{"timestamp":"2026-05-21T01:19:24.876388Z","level":"info","event":"26/05/21 01:19:24 INFO MemoryStore: Block broadcast_1 stored as values in memory (estimated size 202.1 KiB, free 433.6 MiB)","logger":"airflow.task.operators.airflow.providers.docker.operators.docker.DockerOperator","filename":"docker.py","lineno":71}
{"timestamp":"2026-05-21T01:19:24.876788Z","level":"info","event":"26/05/21 01:19:24 INFO MemoryStore: Block broadcast_6 stored as values in memory (estimated size 202.1 KiB, free 433.6 MiB)","logger":"airflow.task.operators.airflow.providers.docker.operators.docker.DockerOperator","filename":"docker.py","lineno":71}
{"timestamp":"2026-05-21T01:19:24.877469Z","level":"info","event":"26/05/21 01:19:24 INFO MemoryStore: Block broadcast_2 stored as values in memory (estimated size 202.1 KiB, free 433.6 MiB)","logger":"airflow.task.operators.airflow.providers.docker.operators.docker.DockerOperator","filename":"docker.py","lineno":71}
{"timestamp":"2026-05-21T01:19:24.877640Z","level":"info","event":"26/05/21 01:19:24 INFO MemoryStore: Block broadcast_4 stored as values in memory (estimated size 202.1 KiB, free 433.4 MiB)","logger":"airflow.task.operators.airflow.providers.docker.operators.docker.DockerOperator","filename":"docker.py","lineno":71}
{"timestamp":"2026-05-21T01:19:24.877730Z","level":"info","event":"26/05/21 01:19:24 INFO MemoryStore: Block broadcast_5 stored as values in memory (estimated size 202.1 KiB, free 433.2 MiB)","logger":"airflow.task.operators.airflow.providers.docker.operators.docker.DockerOperator","filename":"docker.py","lineno":71}
{"timestamp":"2026-05-21T01:19:24.877962Z","level":"info","event":"26/05/21 01:19:24 INFO MemoryStore: Block broadcast_3 stored as values in memory (estimated size 202.1 KiB, free 433.6 MiB)","logger":"airflow.task.operators.airflow.providers.docker.operators.docker.DockerOperator","filename":"docker.py","lineno":71}
{"timestamp":"2026-05-21T01:19:24.879267Z","level":"info","event":"26/05/21 01:19:24 INFO MemoryStore: Block broadcast_0 stored as values in memory (estimated size 202.1 KiB, free 433.0 MiB)","logger":"airflow.task.operators.airflow.providers.docker.operators.docker.DockerOperator","filename":"docker.py","lineno":71}
{"timestamp":"2026-05-21T01:19:24.972240Z","level":"info","event":"26/05/21 01:19:24 INFO MemoryStore: Block broadcast_2_piece0 stored as bytes in memory (estimated size 34.9 KiB, free 432.9 MiB)","logger":"airflow.task.operators.airflow.providers.docker.operators.docker.DockerOperator","filename":"docker.py","lineno":71}
{"timestamp":"2026-05-21T01:19:24.972523Z","level":"info","event":"26/05/21 01:19:24 INFO MemoryStore: Block broadcast_4_piece0 stored as bytes in memory (estimated size 34.9 KiB, free 432.9 MiB)","logger":"airflow.task.operators.airflow.providers.docker.operators.docker.DockerOperator","filename":"docker.py","lineno":71}
{"timestamp":"2026-05-21T01:19:24.973898Z","level":"info","event":"26/05/21 01:19:24 INFO MemoryStore: Block broadcast_3_piece0 stored as bytes in memory (estimated size 34.9 KiB, free 432.9 MiB)","logger":"airflow.task.operators.airflow.providers.docker.operators.docker.DockerOperator","filename":"docker.py","lineno":71}
{"timestamp":"2026-05-21T01:19:24.974114Z","level":"info","event":"26/05/21 01:19:24 INFO MemoryStore: Block broadcast_6_piece0 stored as bytes in memory (estimated size 34.9 KiB, free 432.9 MiB)","logger":"airflow.task.operators.airflow.providers.docker.operators.docker.DockerOperator","filename":"docker.py","lineno":71}
{"timestamp":"2026-05-21T01:19:24.974648Z","level":"info","event":"26/05/21 01:19:24 INFO MemoryStore: Block broadcast_0_piece0 stored as bytes in memory (estimated size 34.9 KiB, free 432.8 MiB)","logger":"airflow.task.operators.airflow.providers.docker.operators.docker.DockerOperator","filename":"docker.py","lineno":71}
{"timestamp":"2026-05-21T01:19:24.976607Z","level":"info","event":"26/05/21 01:19:24 INFO BlockManagerInfo: Added broadcast_3_piece0 in memory on fa9853462739:44051 (size: 34.9 KiB, free: 434.4 MiB)","logger":"airflow.task.operators.airflow.providers.docker.operators.docker.DockerOperator","filename":"docker.py","lineno":71}
{"timestamp":"2026-05-21T01:19:24.977390Z","level":"info","event":"26/05/21 01:19:24 INFO MemoryStore: Block broadcast_1_piece0 stored as bytes in memory (estimated size 34.9 KiB, free 432.8 MiB)","logger":"airflow.task.operators.airflow.providers.docker.operators.docker.DockerOperator","filename":"docker.py","lineno":71}
{"timestamp":"2026-05-21T01:19:24.977503Z","level":"info","event":"26/05/21 01:19:24 INFO MemoryStore: Block broadcast_5_piece0 stored as bytes in memory (estimated size 34.9 KiB, free 432.8 MiB)","logger":"airflow.task.operators.airflow.providers.docker.operators.docker.DockerOperator","filename":"docker.py","lineno":71}
{"timestamp":"2026-05-21T01:19:24.981527Z","level":"info","event":"26/05/21 01:19:24 INFO BlockManagerInfo: Added broadcast_6_piece0 in memory on fa9853462739:44051 (size: 34.9 KiB, free: 434.3 MiB)","logger":"airflow.task.operators.airflow.providers.docker.operators.docker.DockerOperator","filename":"docker.py","lineno":71}
{"timestamp":"2026-05-21T01:19:24.982622Z","level":"info","event":"26/05/21 01:19:24 INFO BlockManagerInfo: Added broadcast_2_piece0 in memory on fa9853462739:44051 (size: 34.9 KiB, free: 434.3 MiB)","logger":"airflow.task.operators.airflow.providers.docker.operators.docker.DockerOperator","filename":"docker.py","lineno":71}
{"timestamp":"2026-05-21T01:19:24.985155Z","level":"info","event":"26/05/21 01:19:24 INFO BlockManagerInfo: Added broadcast_0_piece0 in memory on fa9853462739:44051 (size: 34.9 KiB, free: 434.3 MiB)","logger":"airflow.task.operators.airflow.providers.docker.operators.docker.DockerOperator","filename":"docker.py","lineno":71}
{"timestamp":"2026-05-21T01:19:24.985330Z","level":"info","event":"26/05/21 01:19:24 INFO SparkContext: Created broadcast 3 from toString at <unknown>:0","logger":"airflow.task.operators.airflow.providers.docker.operators.docker.DockerOperator","filename":"docker.py","lineno":71}
{"timestamp":"2026-05-21T01:19:24.985403Z","level":"info","event":"26/05/21 01:19:24 INFO BlockManagerInfo: Added broadcast_4_piece0 in memory on fa9853462739:44051 (size: 34.9 KiB, free: 434.2 MiB)","logger":"airflow.task.operators.airflow.providers.docker.operators.docker.DockerOperator","filename":"docker.py","lineno":71}
{"timestamp":"2026-05-21T01:19:24.985471Z","level":"info","event":"26/05/21 01:19:24 INFO SparkContext: Created broadcast 6 from toString at <unknown>:0","logger":"airflow.task.operators.airflow.providers.docker.operators.docker.DockerOperator","filename":"docker.py","lineno":71}
{"timestamp":"2026-05-21T01:19:24.986649Z","level":"info","event":"26/05/21 01:19:24 INFO SparkContext: Created broadcast 0 from toString at <unknown>:0","logger":"airflow.task.operators.airflow.providers.docker.operators.docker.DockerOperator","filename":"docker.py","lineno":71}
{"timestamp":"2026-05-21T01:19:24.987163Z","level":"info","event":"26/05/21 01:19:24 INFO SparkContext: Created broadcast 4 from toString at <unknown>:0","logger":"airflow.task.operators.airflow.providers.docker.operators.docker.DockerOperator","filename":"docker.py","lineno":71}
{"timestamp":"2026-05-21T01:19:24.987329Z","level":"info","event":"26/05/21 01:19:24 INFO SparkContext: Created broadcast 2 from toString at <unknown>:0","logger":"airflow.task.operators.airflow.providers.docker.operators.docker.DockerOperator","filename":"docker.py","lineno":71}
{"timestamp":"2026-05-21T01:19:24.988194Z","level":"info","event":"26/05/21 01:19:24 INFO BlockManagerInfo: Added broadcast_1_piece0 in memory on fa9853462739:44051 (size: 34.9 KiB, free: 434.2 MiB)","logger":"airflow.task.operators.airflow.providers.docker.operators.docker.DockerOperator","filename":"docker.py","lineno":71}
{"timestamp":"2026-05-21T01:19:24.988643Z","level":"info","event":"26/05/21 01:19:24 INFO BlockManagerInfo: Added broadcast_5_piece0 in memory on fa9853462739:44051 (size: 34.9 KiB, free: 434.2 MiB)","logger":"airflow.task.operators.airflow.providers.docker.operators.docker.DockerOperator","filename":"docker.py","lineno":71}
{"timestamp":"2026-05-21T01:19:24.990130Z","level":"info","event":"26/05/21 01:19:24 INFO SparkContext: Created broadcast 1 from toString at <unknown>:0","logger":"airflow.task.operators.airflow.providers.docker.operators.docker.DockerOperator","filename":"docker.py","lineno":71}
{"timestamp":"2026-05-21T01:19:24.991910Z","level":"info","event":"26/05/21 01:19:24 INFO SparkContext: Created broadcast 5 from toString at <unknown>:0","logger":"airflow.task.operators.airflow.providers.docker.operators.docker.DockerOperator","filename":"docker.py","lineno":71}
{"timestamp":"2026-05-21T01:19:25.205761Z","level":"info","event":"2026-05-21 01:19:25,204 - ERROR - Error processing table sales_per_employee: An error occurred while calling o55.load.","logger":"airflow.task.operators.airflow.providers.docker.operators.docker.DockerOperator","filename":"docker.py","lineno":71}
{"timestamp":"2026-05-21T01:19:25.206088Z","level":"info","event":": java.lang.ClassCastException: class org.apache.hadoop.fs.s3a.S3AFileStatus cannot be cast to class org.apache.spark.sql.execution.datasources.FileStatusWithMetadata (org.apache.hadoop.fs.s3a.S3AFileStatus and org.apache.spark.sql.execution.datasources.FileStatusWithMetadata are in unnamed module of loader 'app')","logger":"airflow.task.operators.airflow.providers.docker.operators.docker.DockerOperator","filename":"docker.py","lineno":71}
{"timestamp":"2026-05-21T01:19:25.206183Z","level":"info","event":"\tat scala.collection.TraversableLike.$anonfun$map$1(TraversableLike.scala:286)","logger":"airflow.task.operators.airflow.providers.docker.operators.docker.DockerOperator","filename":"docker.py","lineno":71}
{"timestamp":"2026-05-21T01:19:25.206231Z","level":"info","event":"\tat scala.collection.IndexedSeqOptimized.foreach(IndexedSeqOptimized.scala:36)","logger":"airflow.task.operators.airflow.providers.docker.operators.docker.DockerOperator","filename":"docker.py","lineno":71}
{"timestamp":"2026-05-21T01:19:25.206275Z","level":"info","event":"\tat scala.collection.IndexedSeqOptimized.foreach$(IndexedSeqOptimized.scala:33)","logger":"airflow.task.operators.airflow.providers.docker.operators.docker.DockerOperator","filename":"docker.py","lineno":71}
{"timestamp":"2026-05-21T01:19:25.206319Z","level":"info","event":"\tat scala.collection.mutable.WrappedArray.foreach(WrappedArray.scala:38)","logger":"airflow.task.operators.airflow.providers.docker.operators.docker.DockerOperator","filename":"docker.py","lineno":71}
{"timestamp":"2026-05-21T01:19:25.206358Z","level":"info","event":"\tat scala.collection.TraversableLike.map(TraversableLike.scala:286)","logger":"airflow.task.operators.airflow.providers.docker.operators.docker.DockerOperator","filename":"docker.py","lineno":71}
{"timestamp":"2026-05-21T01:19:25.206395Z","level":"info","event":"\tat scala.collection.TraversableLike.map$(TraversableLike.scala:279)","logger":"airflow.task.operators.airflow.providers.docker.operators.docker.DockerOperator","filename":"docker.py","lineno":71}
{"timestamp":"2026-05-21T01:19:25.206430Z","level":"info","event":"\tat scala.collection.AbstractTraversable.map(Traversable.scala:108)","logger":"airflow.task.operators.airflow.providers.docker.operators.docker.DockerOperator","filename":"docker.py","lineno":71}
{"timestamp":"2026-05-21T01:19:25.206463Z","level":"info","event":"\tat org.apache.spark.sql.execution.FileSourceScanLike.$anonfun$setFilesNumAndSizeMetric$2(DataSourceScanExec.scala:466)","logger":"airflow.task.operators.airflow.providers.docker.operators.docker.DockerOperator","filename":"docker.py","lineno":71}
{"timestamp":"2026-05-21T01:19:25.206496Z","level":"info","event":"\tat org.apache.spark.sql.execution.FileSourceScanLike.$anonfun$setFilesNumAndSizeMetric$2$adapted(DataSourceScanExec.scala:466)","logger":"airflow.task.operators.airflow.providers.docker.operators.docker.DockerOperator","filename":"docker.py","lineno":71}
{"timestamp":"2026-05-21T01:19:25.206529Z","level":"info","event":"\tat scala.collection.immutable.List.map(List.scala:293)","logger":"airflow.task.operators.airflow.providers.docker.operators.docker.DockerOperator","filename":"docker.py","lineno":71}
{"timestamp":"2026-05-21T01:19:25.206563Z","level":"info","event":"\tat org.apache.spark.sql.execution.FileSourceScanLike.setFilesNumAndSizeMetric(DataSourceScanExec.scala:466)","logger":"airflow.task.operators.airflow.providers.docker.operators.docker.DockerOperator","filename":"docker.py","lineno":71}
{"timestamp":"2026-05-21T01:19:25.206596Z","level":"info","event":"\tat org.apache.spark.sql.execution.FileSourceScanLike.selectedPartitions(DataSourceScanExec.scala:257)","logger":"airflow.task.operators.airflow.providers.docker.operators.docker.DockerOperator","filename":"docker.py","lineno":71}
{"timestamp":"2026-05-21T01:19:25.206636Z","level":"info","event":"\tat org.apache.spark.sql.execution.FileSourceScanLike.selectedPartitions$(DataSourceScanExec.scala:251)","logger":"airflow.task.operators.airflow.providers.docker.operators.docker.DockerOperator","filename":"docker.py","lineno":71}
{"timestamp":"2026-05-21T01:19:25.206672Z","level":"info","event":"\tat org.apache.spark.sql.execution.FileSourceScanExec.selectedPartitions$lzycompute(DataSourceScanExec.scala:506)","logger":"airflow.task.operators.airflow.providers.docker.operators.docker.DockerOperator","filename":"docker.py","lineno":71}
{"timestamp":"2026-05-21T01:19:25.206704Z","level":"info","event":"\tat org.apache.spark.sql.execution.FileSourceScanExec.selectedPartitions(DataSourceScanExec.scala:506)","logger":"airflow.task.operators.airflow.providers.docker.operators.docker.DockerOperator","filename":"docker.py","lineno":71}
{"timestamp":"2026-05-21T01:19:25.206736Z","level":"info","event":"\tat org.apache.spark.sql.execution.FileSourceScanLike.dynamicallySelectedPartitions(DataSourceScanExec.scala:286)","logger":"airflow.task.operators.airflow.providers.docker.operators.docker.DockerOperator","filename":"docker.py","lineno":71}
{"timestamp":"2026-05-21T01:19:25.206767Z","level":"info","event":"\tat org.apache.spark.sql.execution.FileSourceScanLike.dynamicallySelectedPartitions$(DataSourceScanExec.scala:267)","logger":"airflow.task.operators.airflow.providers.docker.operators.docker.DockerOperator","filename":"docker.py","lineno":71}
{"timestamp":"2026-05-21T01:19:25.206799Z","level":"info","event":"\tat org.apache.spark.sql.execution.FileSourceScanExec.dynamicallySelectedPartitions$lzycompute(DataSourceScanExec.scala:506)","logger":"airflow.task.operators.airflow.providers.docker.operators.docker.DockerOperator","filename":"docker.py","lineno":71}
{"timestamp":"2026-05-21T01:19:25.206852Z","level":"info","event":"\tat org.apache.spark.sql.execution.FileSourceScanExec.dynamicallySelectedPartitions(DataSourceScanExec.scala:506)","logger":"airflow.task.operators.airflow.providers.docker.operators.docker.DockerOperator","filename":"docker.py","lineno":71}
{"timestamp":"2026-05-21T01:19:25.206901Z","level":"info","event":"\tat org.apache.spark.sql.execution.FileSourceScanExec.inputRDD$lzycompute(DataSourceScanExec.scala:553)","logger":"airflow.task.operators.airflow.providers.docker.operators.docker.DockerOperator","filename":"docker.py","lineno":71}
{"timestamp":"2026-05-21T01:19:25.206939Z","level":"info","event":"\tat org.apache.spark.sql.execution.FileSourceScanExec.inputRDD(DataSourceScanExec.scala:537)","logger":"airflow.task.operators.airflow.providers.docker.operators.docker.DockerOperator","filename":"docker.py","lineno":71}
{"timestamp":"2026-05-21T01:19:25.206973Z","level":"info","event":"\tat org.apache.spark.sql.execution.FileSourceScanExec.doExecute(DataSourceScanExec.scala:575)","logger":"airflow.task.operators.airflow.providers.docker.operators.docker.DockerOperator","filename":"docker.py","lineno":71}
{"timestamp":"2026-05-21T01:19:25.207005Z","level":"info","event":"\tat org.apache.spark.sql.execution.SparkPlan.$anonfun$execute$1(SparkPlan.scala:195)","logger":"airflow.task.operators.airflow.providers.docker.operators.docker.DockerOperator","filename":"docker.py","lineno":71}
{"timestamp":"2026-05-21T01:19:25.207037Z","level":"info","event":"\tat org.apache.spark.sql.execution.SparkPlan.$anonfun$executeQuery$1(SparkPlan.scala:246)","logger":"airflow.task.operators.airflow.providers.docker.operators.docker.DockerOperator","filename":"docker.py","lineno":71}
{"timestamp":"2026-05-21T01:19:25.207068Z","level":"info","event":"\tat org.apache.spark.rdd.RDDOperationScope$.withScope(RDDOperationScope.scala:151)","logger":"airflow.task.operators.airflow.providers.docker.operators.docker.DockerOperator","filename":"docker.py","lineno":71}
{"timestamp":"2026-05-21T01:19:25.207099Z","level":"info","event":"\tat org.apache.spark.sql.execution.SparkPlan.executeQuery(SparkPlan.scala:243)","logger":"airflow.task.operators.airflow.providers.docker.operators.docker.DockerOperator","filename":"docker.py","lineno":71}
{"timestamp":"2026-05-21T01:19:25.207129Z","level":"info","event":"\tat org.apache.spark.sql.execution.SparkPlan.execute(SparkPlan.scala:191)","logger":"airflow.task.operators.airflow.providers.docker.operators.docker.DockerOperator","filename":"docker.py","lineno":71}
{"timestamp":"2026-05-21T01:19:25.207160Z","level":"info","event":"\tat org.apache.spark.sql.execution.InputAdapter.inputRDD(WholeStageCodegenExec.scala:527)","logger":"airflow.task.operators.airflow.providers.docker.operators.docker.DockerOperator","filename":"docker.py","lineno":71}
{"timestamp":"2026-05-21T01:19:25.207192Z","level":"info","event":"\tat org.apache.spark.sql.execution.InputRDDCodegen.inputRDDs(WholeStageCodegenExec.scala:455)","logger":"airflow.task.operators.airflow.providers.docker.operators.docker.DockerOperator","filename":"docker.py","lineno":71}
{"timestamp":"2026-05-21T01:19:25.207223Z","level":"info","event":"\tat org.apache.spark.sql.execution.InputRDDCodegen.inputRDDs$(WholeStageCodegenExec.scala:454)","logger":"airflow.task.operators.airflow.providers.docker.operators.docker.DockerOperator","filename":"docker.py","lineno":71}
{"timestamp":"2026-05-21T01:19:25.207254Z","level":"info","event":"\tat org.apache.spark.sql.execution.InputAdapter.inputRDDs(WholeStageCodegenExec.scala:498)","logger":"airflow.task.operators.airflow.providers.docker.operators.docker.DockerOperator","filename":"docker.py","lineno":71}
{"timestamp":"2026-05-21T01:19:25.207284Z","level":"info","event":"\tat org.apache.spark.sql.execution.ProjectExec.inputRDDs(basicPhysicalOperators.scala:51)","logger":"airflow.task.operators.airflow.providers.docker.operators.docker.DockerOperator","filename":"docker.py","lineno":71}
{"timestamp":"2026-05-21T01:19:25.207315Z","level":"info","event":"\tat org.apache.spark.sql.execution.FilterExec.inputRDDs(basicPhysicalOperators.scala:242)","logger":"airflow.task.operators.airflow.providers.docker.operators.docker.DockerOperator","filename":"docker.py","lineno":71}
{"timestamp":"2026-05-21T01:19:25.207347Z","level":"info","event":"\tat org.apache.spark.sql.execution.ProjectExec.inputRDDs(basicPhysicalOperators.scala:51)","logger":"airflow.task.operators.airflow.providers.docker.operators.docker.DockerOperator","filename":"docker.py","lineno":71}
{"timestamp":"2026-05-21T01:19:25.207375Z","level":"info","event":"\tat org.apache.spark.sql.execution.WholeStageCodegenExec.doExecute(WholeStageCodegenExec.scala:751)","logger":"airflow.task.operators.airflow.providers.docker.operators.docker.DockerOperator","filename":"docker.py","lineno":71}
{"timestamp":"2026-05-21T01:19:25.207408Z","level":"info","event":"\tat org.apache.spark.sql.execution.SparkPlan.$anonfun$execute$1(SparkPlan.scala:195)","logger":"airflow.task.operators.airflow.providers.docker.operators.docker.DockerOperator","filename":"docker.py","lineno":71}
{"timestamp":"2026-05-21T01:19:25.207440Z","level":"info","event":"\tat org.apache.spark.sql.execution.SparkPlan.$anonfun$executeQuery$1(SparkPlan.scala:246)","logger":"airflow.task.operators.airflow.providers.docker.operators.docker.DockerOperator","filename":"docker.py","lineno":71}
{"timestamp":"2026-05-21T01:19:25.207469Z","level":"info","event":"\tat org.apache.spark.rdd.RDDOperationScope$.withScope(RDDOperationScope.scala:151)","logger":"airflow.task.operators.airflow.providers.docker.operators.docker.DockerOperator","filename":"docker.py","lineno":71}
{"timestamp":"2026-05-21T01:19:25.207497Z","level":"info","event":"\tat org.apache.spark.sql.execution.SparkPlan.executeQuery(SparkPlan.scala:243)","logger":"airflow.task.operators.airflow.providers.docker.operators.docker.DockerOperator","filename":"docker.py","lineno":71}
{"timestamp":"2026-05-21T01:19:25.207525Z","level":"info","event":"\tat org.apache.spark.sql.execution.SparkPlan.execute(SparkPlan.scala:191)","logger":"airflow.task.operators.airflow.providers.docker.operators.docker.DockerOperator","filename":"docker.py","lineno":71}
{"timestamp":"2026-05-21T01:19:25.207552Z","level":"info","event":"\tat org.apache.spark.sql.execution.SparkPlan.getByteArrayRdd(SparkPlan.scala:364)","logger":"airflow.task.operators.airflow.providers.docker.operators.docker.DockerOperator","filename":"docker.py","lineno":71}
{"timestamp":"2026-05-21T01:19:25.207581Z","level":"info","event":"\tat org.apache.spark.sql.execution.SparkPlan.executeCollect(SparkPlan.scala:445)","logger":"airflow.task.operators.airflow.providers.docker.operators.docker.DockerOperator","filename":"docker.py","lineno":71}
{"timestamp":"2026-05-21T01:19:25.207610Z","level":"info","event":"\tat org.apache.spark.sql.Dataset.collectFromPlan(Dataset.scala:4344)","logger":"airflow.task.operators.airflow.providers.docker.operators.docker.DockerOperator","filename":"docker.py","lineno":71}
{"timestamp":"2026-05-21T01:19:25.207638Z","level":"info","event":"\tat org.apache.spark.sql.Dataset.$anonfun$collect$1(Dataset.scala:3585)","logger":"airflow.task.operators.airflow.providers.docker.operators.docker.DockerOperator","filename":"docker.py","lineno":71}
{"timestamp":"2026-05-21T01:19:25.207665Z","level":"info","event":"\tat org.apache.spark.sql.Dataset.$anonfun$withAction$2(Dataset.scala:4334)","logger":"airflow.task.operators.airflow.providers.docker.operators.docker.DockerOperator","filename":"docker.py","lineno":71}
{"timestamp":"2026-05-21T01:19:25.207692Z","level":"info","event":"\tat org.apache.spark.sql.execution.QueryExecution$.withInternalError(QueryExecution.scala:546)","logger":"airflow.task.operators.airflow.providers.docker.operators.docker.DockerOperator","filename":"docker.py","lineno":71}
{"timestamp":"2026-05-21T01:19:25.207727Z","level":"info","event":"\tat org.apache.spark.sql.Dataset.$anonfun$withAction$1(Dataset.scala:4332)","logger":"airflow.task.operators.airflow.providers.docker.operators.docker.DockerOperator","filename":"docker.py","lineno":71}
{"timestamp":"2026-05-21T01:19:25.207759Z","level":"info","event":"\tat org.apache.spark.sql.execution.SQLExecution$.$anonfun$withNewExecutionId$6(SQLExecution.scala:125)","logger":"airflow.task.operators.airflow.providers.docker.operators.docker.DockerOperator","filename":"docker.py","lineno":71}
{"timestamp":"2026-05-21T01:19:25.207789Z","level":"info","event":"\tat org.apache.spark.sql.execution.SQLExecution$.withSQLConfPropagated(SQLExecution.scala:201)","logger":"airflow.task.operators.airflow.providers.docker.operators.docker.DockerOperator","filename":"docker.py","lineno":71}
{"timestamp":"2026-05-21T01:19:25.207816Z","level":"info","event":"\tat org.apache.spark.sql.execution.SQLExecution$.$anonfun$withNewExecutionId$1(SQLExecution.scala:108)","logger":"airflow.task.operators.airflow.providers.docker.operators.docker.DockerOperator","filename":"docker.py","lineno":71}
{"timestamp":"2026-05-21T01:19:25.207905Z","level":"info","event":"\tat org.apache.spark.sql.SparkSession.withActive(SparkSession.scala:900)","logger":"airflow.task.operators.airflow.providers.docker.operators.docker.DockerOperator","filename":"docker.py","lineno":71}
{"timestamp":"2026-05-21T01:19:25.207969Z","level":"info","event":"\tat org.apache.spark.sql.execution.SQLExecution$.withNewExecutionId(SQLExecution.scala:66)","logger":"airflow.task.operators.airflow.providers.docker.operators.docker.DockerOperator","filename":"docker.py","lineno":71}
{"timestamp":"2026-05-21T01:19:25.208006Z","level":"info","event":"\tat org.apache.spark.sql.Dataset.withAction(Dataset.scala:4332)","logger":"airflow.task.operators.airflow.providers.docker.operators.docker.DockerOperator","filename":"docker.py","lineno":71}
{"timestamp":"2026-05-21T01:19:25.208037Z","level":"info","event":"\tat org.apache.spark.sql.Dataset.collect(Dataset.scala:3585)","logger":"airflow.task.operators.airflow.providers.docker.operators.docker.DockerOperator","filename":"docker.py","lineno":71}
{"timestamp":"2026-05-21T01:19:25.208068Z","level":"info","event":"\tat org.apache.spark.sql.delta.Snapshot.protocolAndMetadataReconstruction(Snapshot.scala:215)","logger":"airflow.task.operators.airflow.providers.docker.operators.docker.DockerOperator","filename":"docker.py","lineno":71}
{"timestamp":"2026-05-21T01:19:25.208097Z","level":"info","event":"\tat org.apache.spark.sql.delta.Snapshot.x$1$lzycompute(Snapshot.scala:134)","logger":"airflow.task.operators.airflow.providers.docker.operators.docker.DockerOperator","filename":"docker.py","lineno":71}
{"timestamp":"2026-05-21T01:19:25.208125Z","level":"info","event":"\tat org.apache.spark.sql.delta.Snapshot.x$1(Snapshot.scala:129)","logger":"airflow.task.operators.airflow.providers.docker.operators.docker.DockerOperator","filename":"docker.py","lineno":71}
{"timestamp":"2026-05-21T01:19:25.208153Z","level":"info","event":"\tat org.apache.spark.sql.delta.Snapshot._metadata$lzycompute(Snapshot.scala:129)","logger":"airflow.task.operators.airflow.providers.docker.operators.docker.DockerOperator","filename":"docker.py","lineno":71}
{"timestamp":"2026-05-21T01:19:25.208181Z","level":"info","event":"\tat org.apache.spark.sql.delta.Snapshot._metadata(Snapshot.scala:129)","logger":"airflow.task.operators.airflow.providers.docker.operators.docker.DockerOperator","filename":"docker.py","lineno":71}
{"timestamp":"2026-05-21T01:19:25.208209Z","level":"info","event":"\tat org.apache.spark.sql.delta.Snapshot.metadata(Snapshot.scala:197)","logger":"airflow.task.operators.airflow.providers.docker.operators.docker.DockerOperator","filename":"docker.py","lineno":71}
{"timestamp":"2026-05-21T01:19:25.208236Z","level":"info","event":"\tat org.apache.spark.sql.delta.Snapshot.toString(Snapshot.scala:390)","logger":"airflow.task.operators.airflow.providers.docker.operators.docker.DockerOperator","filename":"docker.py","lineno":71}
{"timestamp":"2026-05-21T01:19:25.208265Z","level":"info","event":"\tat java.base/java.lang.String.valueOf(Unknown Source)","logger":"airflow.task.operators.airflow.providers.docker.operators.docker.DockerOperator","filename":"docker.py","lineno":71}
{"timestamp":"2026-05-21T01:19:25.208292Z","level":"info","event":"\tat java.base/java.lang.StringBuilder.append(Unknown Source)","logger":"airflow.task.operators.airflow.providers.docker.operators.docker.DockerOperator","filename":"docker.py","lineno":71}
{"timestamp":"2026-05-21T01:19:25.208320Z","level":"info","event":"\tat org.apache.spark.sql.delta.Snapshot.$anonfun$new$1(Snapshot.scala:393)","logger":"airflow.task.operators.airflow.providers.docker.operators.docker.DockerOperator","filename":"docker.py","lineno":71}
{"timestamp":"2026-05-21T01:19:25.208348Z","level":"info","event":"\tat org.apache.spark.sql.delta.Snapshot.$anonfun$logInfo$1(Snapshot.scala:370)","logger":"airflow.task.operators.airflow.providers.docker.operators.docker.DockerOperator","filename":"docker.py","lineno":71}
{"timestamp":"2026-05-21T01:19:25.208376Z","level":"info","event":"\tat org.apache.spark.internal.Logging.logInfo(Logging.scala:60)","logger":"airflow.task.operators.airflow.providers.docker.operators.docker.DockerOperator","filename":"docker.py","lineno":71}
{"timestamp":"2026-05-21T01:19:25.208409Z","level":"info","event":"\tat org.apache.spark.internal.Logging.logInfo$(Logging.scala:59)","logger":"airflow.task.operators.airflow.providers.docker.operators.docker.DockerOperator","filename":"docker.py","lineno":71}
{"timestamp":"2026-05-21T01:19:25.208438Z","level":"info","event":"\tat org.apache.spark.sql.delta.Snapshot.logInfo(Snapshot.scala:370)","logger":"airflow.task.operators.airflow.providers.docker.operators.docker.DockerOperator","filename":"docker.py","lineno":71}
{"timestamp":"2026-05-21T01:19:25.208467Z","level":"info","event":"\tat org.apache.spark.sql.delta.Snapshot.<init>(Snapshot.scala:393)","logger":"airflow.task.operators.airflow.providers.docker.operators.docker.DockerOperator","filename":"docker.py","lineno":71}
{"timestamp":"2026-05-21T01:19:25.208496Z","level":"info","event":"\tat org.apache.spark.sql.delta.SnapshotManagement.$anonfun$createSnapshot$4(SnapshotManagement.scala:356)","logger":"airflow.task.operators.airflow.providers.docker.operators.docker.DockerOperator","filename":"docker.py","lineno":71}
{"timestamp":"2026-05-21T01:19:25.208524Z","level":"info","event":"\tat org.apache.spark.sql.delta.SnapshotManagement.createSnapshotFromGivenOrEquivalentLogSegment(SnapshotManagement.scala:480)","logger":"airflow.task.operators.airflow.providers.docker.operators.docker.DockerOperator","filename":"docker.py","lineno":71}
{"timestamp":"2026-05-21T01:19:25.208552Z","level":"info","event":"\tat org.apache.spark.sql.delta.SnapshotManagement.createSnapshotFromGivenOrEquivalentLogSegment$(SnapshotManagement.scala:468)","logger":"airflow.task.operators.airflow.providers.docker.operators.docker.DockerOperator","filename":"docker.py","lineno":71}
{"timestamp":"2026-05-21T01:19:25.208614Z","level":"info","event":"\tat org.apache.spark.sql.delta.DeltaLog.createSnapshotFromGivenOrEquivalentLogSegment(DeltaLog.scala:74)","logger":"airflow.task.operators.airflow.providers.docker.operators.docker.DockerOperator","filename":"docker.py","lineno":71}
{"timestamp":"2026-05-21T01:19:25.208678Z","level":"info","event":"\tat org.apache.spark.sql.delta.SnapshotManagement.createSnapshot(SnapshotManagement.scala:349)","logger":"airflow.task.operators.airflow.providers.docker.operators.docker.DockerOperator","filename":"docker.py","lineno":71}
{"timestamp":"2026-05-21T01:19:25.208737Z","level":"info","event":"\tat org.apache.spark.sql.delta.SnapshotManagement.createSnapshot$(SnapshotManagement.scala:343)","logger":"airflow.task.operators.airflow.providers.docker.operators.docker.DockerOperator","filename":"docker.py","lineno":71}
{"timestamp":"2026-05-21T01:19:25.208775Z","level":"info","event":"\tat org.apache.spark.sql.delta.DeltaLog.createSnapshot(DeltaLog.scala:74)","logger":"airflow.task.operators.airflow.providers.docker.operators.docker.DockerOperator","filename":"docker.py","lineno":71}
{"timestamp":"2026-05-21T01:19:25.208806Z","level":"info","event":"\tat org.apache.spark.sql.delta.SnapshotManagement.$anonfun$createSnapshotAtInitInternal$1(SnapshotManagement.scala:304)","logger":"airflow.task.operators.airflow.providers.docker.operators.docker.DockerOperator","filename":"docker.py","lineno":71}
{"timestamp":"2026-05-21T01:19:25.208872Z","level":"info","event":"\tat scala.Option.map(Option.scala:230)","logger":"airflow.task.operators.airflow.providers.docker.operators.docker.DockerOperator","filename":"docker.py","lineno":71}
{"timestamp":"2026-05-21T01:19:25.208927Z","level":"info","event":"\tat org.apache.spark.sql.delta.SnapshotManagement.createSnapshotAtInitInternal(SnapshotManagement.scala:301)","logger":"airflow.task.operators.airflow.providers.docker.operators.docker.DockerOperator","filename":"docker.py","lineno":71}
{"timestamp":"2026-05-21T01:19:25.208985Z","level":"info","event":"\tat org.apache.spark.sql.delta.SnapshotManagement.createSnapshotAtInitInternal$(SnapshotManagement.scala:298)","logger":"airflow.task.operators.airflow.providers.docker.operators.docker.DockerOperator","filename":"docker.py","lineno":71}
{"timestamp":"2026-05-21T01:19:25.209021Z","level":"info","event":"\tat org.apache.spark.sql.delta.DeltaLog.createSnapshotAtInitInternal(DeltaLog.scala:74)","logger":"airflow.task.operators.airflow.providers.docker.operators.docker.DockerOperator","filename":"docker.py","lineno":71}
{"timestamp":"2026-05-21T01:19:25.209051Z","level":"info","event":"\tat org.apache.spark.sql.delta.SnapshotManagement.$anonfun$getSnapshotAtInit$1(SnapshotManagement.scala:293)","logger":"airflow.task.operators.airflow.providers.docker.operators.docker.DockerOperator","filename":"docker.py","lineno":71}
{"timestamp":"2026-05-21T01:19:25.209081Z","level":"info","event":"\tat org.apache.spark.sql.delta.metering.DeltaLogging.recordFrameProfile(DeltaLogging.scala:140)","logger":"airflow.task.operators.airflow.providers.docker.operators.docker.DockerOperator","filename":"docker.py","lineno":71}
{"timestamp":"2026-05-21T01:19:25.209110Z","level":"info","event":"\tat org.apache.spark.sql.delta.metering.DeltaLogging.recordFrameProfile$(DeltaLogging.scala:138)","logger":"airflow.task.operators.airflow.providers.docker.operators.docker.DockerOperator","filename":"docker.py","lineno":71}
{"timestamp":"2026-05-21T01:19:25.209149Z","level":"info","event":"\tat org.apache.spark.sql.delta.DeltaLog.recordFrameProfile(DeltaLog.scala:74)","logger":"airflow.task.operators.airflow.providers.docker.operators.docker.DockerOperator","filename":"docker.py","lineno":71}
{"timestamp":"2026-05-21T01:19:25.209206Z","level":"info","event":"\tat org.apache.spark.sql.delta.SnapshotManagement.getSnapshotAtInit(SnapshotManagement.scala:288)","logger":"airflow.task.operators.airflow.providers.docker.operators.docker.DockerOperator","filename":"docker.py","lineno":71}
{"timestamp":"2026-05-21T01:19:25.209258Z","level":"info","event":"\tat org.apache.spark.sql.delta.SnapshotManagement.getSnapshotAtInit$(SnapshotManagement.scala:287)","logger":"airflow.task.operators.airflow.providers.docker.operators.docker.DockerOperator","filename":"docker.py","lineno":71}
{"timestamp":"2026-05-21T01:19:25.209306Z","level":"info","event":"\tat org.apache.spark.sql.delta.DeltaLog.getSnapshotAtInit(DeltaLog.scala:74)","logger":"airflow.task.operators.airflow.providers.docker.operators.docker.DockerOperator","filename":"docker.py","lineno":71}
{"timestamp":"2026-05-21T01:19:25.209358Z","level":"info","event":"\tat org.apache.spark.sql.delta.SnapshotManagement.$init$(SnapshotManagement.scala:57)","logger":"airflow.task.operators.airflow.providers.docker.operators.docker.DockerOperator","filename":"docker.py","lineno":71}
{"timestamp":"2026-05-21T01:19:25.209404Z","level":"info","event":"\tat org.apache.spark.sql.delta.DeltaLog.<init>(DeltaLog.scala:80)","logger":"airflow.task.operators.airflow.providers.docker.operators.docker.DockerOperator","filename":"docker.py","lineno":71}
{"timestamp":"2026-05-21T01:19:25.209437Z","level":"info","event":"\tat org.apache.spark.sql.delta.DeltaLog$.$anonfun$apply$4(DeltaLog.scala:790)","logger":"airflow.task.operators.airflow.providers.docker.operators.docker.DockerOperator","filename":"docker.py","lineno":71}
{"timestamp":"2026-05-21T01:19:25.209468Z","level":"info","event":"\tat org.apache.spark.sql.catalyst.plans.logical.AnalysisHelper$.allowInvokingTransformsInAnalyzer(AnalysisHelper.scala:323)","logger":"airflow.task.operators.airflow.providers.docker.operators.docker.DockerOperator","filename":"docker.py","lineno":71}
{"timestamp":"2026-05-21T01:19:25.209498Z","level":"info","event":"\tat org.apache.spark.sql.delta.DeltaLog$.$anonfun$apply$3(DeltaLog.scala:785)","logger":"airflow.task.operators.airflow.providers.docker.operators.docker.DockerOperator","filename":"docker.py","lineno":71}
{"timestamp":"2026-05-21T01:19:25.209527Z","level":"info","event":"\tat org.apache.spark.sql.delta.metering.DeltaLogging.recordFrameProfile(DeltaLogging.scala:140)","logger":"airflow.task.operators.airflow.providers.docker.operators.docker.DockerOperator","filename":"docker.py","lineno":71}
{"timestamp":"2026-05-21T01:19:25.209555Z","level":"info","event":"\tat org.apache.spark.sql.delta.metering.DeltaLogging.recordFrameProfile$(DeltaLogging.scala:138)","logger":"airflow.task.operators.airflow.providers.docker.operators.docker.DockerOperator","filename":"docker.py","lineno":71}
{"timestamp":"2026-05-21T01:19:25.209582Z","level":"info","event":"\tat org.apache.spark.sql.delta.DeltaLog$.recordFrameProfile(DeltaLog.scala:595)","logger":"airflow.task.operators.airflow.providers.docker.operators.docker.DockerOperator","filename":"docker.py","lineno":71}
{"timestamp":"2026-05-21T01:19:25.209610Z","level":"info","event":"\tat org.apache.spark.sql.delta.metering.DeltaLogging.$anonfun$recordDeltaOperationInternal$1(DeltaLogging.scala:133)","logger":"airflow.task.operators.airflow.providers.docker.operators.docker.DockerOperator","filename":"docker.py","lineno":71}
{"timestamp":"2026-05-21T01:19:25.209638Z","level":"info","event":"\tat com.databricks.spark.util.DatabricksLogging.recordOperation(DatabricksLogging.scala:128)","logger":"airflow.task.operators.airflow.providers.docker.operators.docker.DockerOperator","filename":"docker.py","lineno":71}
{"timestamp":"2026-05-21T01:19:25.209665Z","level":"info","event":"\tat com.databricks.spark.util.DatabricksLogging.recordOperation$(DatabricksLogging.scala:117)","logger":"airflow.task.operators.airflow.providers.docker.operators.docker.DockerOperator","filename":"docker.py","lineno":71}
{"timestamp":"2026-05-21T01:19:25.209692Z","level":"info","event":"\tat org.apache.spark.sql.delta.DeltaLog$.recordOperation(DeltaLog.scala:595)","logger":"airflow.task.operators.airflow.providers.docker.operators.docker.DockerOperator","filename":"docker.py","lineno":71}
{"timestamp":"2026-05-21T01:19:25.209720Z","level":"info","event":"\tat org.apache.spark.sql.delta.metering.DeltaLogging.recordDeltaOperationInternal(DeltaLogging.scala:132)","logger":"airflow.task.operators.airflow.providers.docker.operators.docker.DockerOperator","filename":"docker.py","lineno":71}
{"timestamp":"2026-05-21T01:19:25.209747Z","level":"info","event":"\tat org.apache.spark.sql.delta.metering.DeltaLogging.recordDeltaOperation(DeltaLogging.scala:122)","logger":"airflow.task.operators.airflow.providers.docker.operators.docker.DockerOperator","filename":"docker.py","lineno":71}
{"timestamp":"2026-05-21T01:19:25.209774Z","level":"info","event":"\tat org.apache.spark.sql.delta.metering.DeltaLogging.recordDeltaOperation$(DeltaLogging.scala:112)","logger":"airflow.task.operators.airflow.providers.docker.operators.docker.DockerOperator","filename":"docker.py","lineno":71}
{"timestamp":"2026-05-21T01:19:25.209803Z","level":"info","event":"\tat org.apache.spark.sql.delta.DeltaLog$.recordDeltaOperation(DeltaLog.scala:595)","logger":"airflow.task.operators.airflow.providers.docker.operators.docker.DockerOperator","filename":"docker.py","lineno":71}
{"timestamp":"2026-05-21T01:19:25.209855Z","level":"info","event":"\tat org.apache.spark.sql.delta.DeltaLog$.createDeltaLog$1(DeltaLog.scala:784)","logger":"airflow.task.operators.airflow.providers.docker.operators.docker.DockerOperator","filename":"docker.py","lineno":71}
{"timestamp":"2026-05-21T01:19:25.209900Z","level":"info","event":"\tat org.apache.spark.sql.delta.DeltaLog$.$anonfun$apply$5(DeltaLog.scala:802)","logger":"airflow.task.operators.airflow.providers.docker.operators.docker.DockerOperator","filename":"docker.py","lineno":71}
{"timestamp":"2026-05-21T01:19:25.209933Z","level":"info","event":"\tat com.google.common.cache.LocalCache$LocalManualCache$1.load(LocalCache.java:4792)","logger":"airflow.task.operators.airflow.providers.docker.operators.docker.DockerOperator","filename":"docker.py","lineno":71}
{"timestamp":"2026-05-21T01:19:25.209962Z","level":"info","event":"\tat com.google.common.cache.LocalCache$LoadingValueReference.loadFuture(LocalCache.java:3599)","logger":"airflow.task.operators.airflow.providers.docker.operators.docker.DockerOperator","filename":"docker.py","lineno":71}
{"timestamp":"2026-05-21T01:19:25.209992Z","level":"info","event":"\tat com.google.common.cache.LocalCache$Segment.loadSync(LocalCache.java:2379)","logger":"airflow.task.operators.airflow.providers.docker.operators.docker.DockerOperator","filename":"docker.py","lineno":71}
{"timestamp":"2026-05-21T01:19:25.210020Z","level":"info","event":"\tat com.google.common.cache.LocalCache$Segment.lockedGetOrLoad(LocalCache.java:2342)","logger":"airflow.task.operators.airflow.providers.docker.operators.docker.DockerOperator","filename":"docker.py","lineno":71}
{"timestamp":"2026-05-21T01:19:25.210049Z","level":"info","event":"\tat com.google.common.cache.LocalCache$Segment.get(LocalCache.java:2257)","logger":"airflow.task.operators.airflow.providers.docker.operators.docker.DockerOperator","filename":"docker.py","lineno":71}
{"timestamp":"2026-05-21T01:19:25.210076Z","level":"info","event":"\tat com.google.common.cache.LocalCache.get(LocalCache.java:4000)","logger":"airflow.task.operators.airflow.providers.docker.operators.docker.DockerOperator","filename":"docker.py","lineno":71}
{"timestamp":"2026-05-21T01:19:25.210103Z","level":"info","event":"\tat com.google.common.cache.LocalCache$LocalManualCache.get(LocalCache.java:4789)","logger":"airflow.task.operators.airflow.providers.docker.operators.docker.DockerOperator","filename":"docker.py","lineno":71}
{"timestamp":"2026-05-21T01:19:25.210130Z","level":"info","event":"\tat org.apache.spark.sql.delta.DeltaLog$.getDeltaLogFromCache$1(DeltaLog.scala:801)","logger":"airflow.task.operators.airflow.providers.docker.operators.docker.DockerOperator","filename":"docker.py","lineno":71}
{"timestamp":"2026-05-21T01:19:25.210168Z","level":"info","event":"\tat org.apache.spark.sql.delta.DeltaLog$.apply(DeltaLog.scala:811)","logger":"airflow.task.operators.airflow.providers.docker.operators.docker.DockerOperator","filename":"docker.py","lineno":71}
{"timestamp":"2026-05-21T01:19:25.210196Z","level":"info","event":"\tat org.apache.spark.sql.delta.DeltaLog$.forTable(DeltaLog.scala:658)","logger":"airflow.task.operators.airflow.providers.docker.operators.docker.DockerOperator","filename":"docker.py","lineno":71}
{"timestamp":"2026-05-21T01:19:25.210242Z","level":"info","event":"\tat org.apache.spark.sql.delta.catalog.DeltaTableV2.deltaLog$lzycompute(DeltaTableV2.scala:85)","logger":"airflow.task.operators.airflow.providers.docker.operators.docker.DockerOperator","filename":"docker.py","lineno":71}
{"timestamp":"2026-05-21T01:19:25.210275Z","level":"info","event":"\tat org.apache.spark.sql.delta.catalog.DeltaTableV2.deltaLog(DeltaTableV2.scala:84)","logger":"airflow.task.operators.airflow.providers.docker.operators.docker.DockerOperator","filename":"docker.py","lineno":71}
{"timestamp":"2026-05-21T01:19:25.210304Z","level":"info","event":"\tat org.apache.spark.sql.delta.catalog.DeltaTableV2.$anonfun$snapshot$3(DeltaTableV2.scala:122)","logger":"airflow.task.operators.airflow.providers.docker.operators.docker.DockerOperator","filename":"docker.py","lineno":71}
{"timestamp":"2026-05-21T01:19:25.210334Z","level":"info","event":"\tat scala.Option.getOrElse(Option.scala:189)","logger":"airflow.task.operators.airflow.providers.docker.operators.docker.DockerOperator","filename":"docker.py","lineno":71}
{"timestamp":"2026-05-21T01:19:25.210363Z","level":"info","event":"\tat org.apache.spark.sql.delta.catalog.DeltaTableV2.snapshot$lzycompute(DeltaTableV2.scala:122)","logger":"airflow.task.operators.airflow.providers.docker.operators.docker.DockerOperator","filename":"docker.py","lineno":71}
{"timestamp":"2026-05-21T01:19:25.210390Z","level":"info","event":"\tat org.apache.spark.sql.delta.catalog.DeltaTableV2.snapshot(DeltaTableV2.scala:103)","logger":"airflow.task.operators.airflow.providers.docker.operators.docker.DockerOperator","filename":"docker.py","lineno":71}
{"timestamp":"2026-05-21T01:19:25.210417Z","level":"info","event":"\tat org.apache.spark.sql.delta.catalog.DeltaTableV2.toBaseRelation(DeltaTableV2.scala:178)","logger":"airflow.task.operators.airflow.providers.docker.operators.docker.DockerOperator","filename":"docker.py","lineno":71}
{"timestamp":"2026-05-21T01:19:25.210445Z","level":"info","event":"\tat org.apache.spark.sql.delta.sources.DeltaDataSource.$anonfun$createRelation$5(DeltaDataSource.scala:230)","logger":"airflow.task.operators.airflow.providers.docker.operators.docker.DockerOperator","filename":"docker.py","lineno":71}
{"timestamp":"2026-05-21T01:19:25.210472Z","level":"info","event":"\tat org.apache.spark.sql.delta.metering.DeltaLogging.recordFrameProfile(DeltaLogging.scala:140)","logger":"airflow.task.operators.airflow.providers.docker.operators.docker.DockerOperator","filename":"docker.py","lineno":71}
{"timestamp":"2026-05-21T01:19:25.210499Z","level":"info","event":"\tat org.apache.spark.sql.delta.metering.DeltaLogging.recordFrameProfile$(DeltaLogging.scala:138)","logger":"airflow.task.operators.airflow.providers.docker.operators.docker.DockerOperator","filename":"docker.py","lineno":71}
{"timestamp":"2026-05-21T01:19:25.210526Z","level":"info","event":"\tat org.apache.spark.sql.delta.sources.DeltaDataSource.recordFrameProfile(DeltaDataSource.scala:49)","logger":"airflow.task.operators.airflow.providers.docker.operators.docker.DockerOperator","filename":"docker.py","lineno":71}
{"timestamp":"2026-05-21T01:19:25.210553Z","level":"info","event":"\tat org.apache.spark.sql.delta.sources.DeltaDataSource.createRelation(DeltaDataSource.scala:188)","logger":"airflow.task.operators.airflow.providers.docker.operators.docker.DockerOperator","filename":"docker.py","lineno":71}
{"timestamp":"2026-05-21T01:19:25.210581Z","level":"info","event":"\tat org.apache.spark.sql.execution.datasources.DataSource.resolveRelation(DataSource.scala:346)","logger":"airflow.task.operators.airflow.providers.docker.operators.docker.DockerOperator","filename":"docker.py","lineno":71}
{"timestamp":"2026-05-21T01:19:25.210608Z","level":"info","event":"\tat org.apache.spark.sql.DataFrameReader.loadV1Source(DataFrameReader.scala:229)","logger":"airflow.task.operators.airflow.providers.docker.operators.docker.DockerOperator","filename":"docker.py","lineno":71}
{"timestamp":"2026-05-21T01:19:25.210635Z","level":"info","event":"\tat org.apache.spark.sql.DataFrameReader.$anonfun$load$2(DataFrameReader.scala:211)","logger":"airflow.task.operators.airflow.providers.docker.operators.docker.DockerOperator","filename":"docker.py","lineno":71}
{"timestamp":"2026-05-21T01:19:25.210662Z","level":"info","event":"\tat scala.Option.getOrElse(Option.scala:189)","logger":"airflow.task.operators.airflow.providers.docker.operators.docker.DockerOperator","filename":"docker.py","lineno":71}
{"timestamp":"2026-05-21T01:19:25.210688Z","level":"info","event":"\tat org.apache.spark.sql.DataFrameReader.load(DataFrameReader.scala:211)","logger":"airflow.task.operators.airflow.providers.docker.operators.docker.DockerOperator","filename":"docker.py","lineno":71}
{"timestamp":"2026-05-21T01:19:25.210715Z","level":"info","event":"\tat org.apache.spark.sql.DataFrameReader.load(DataFrameReader.scala:186)","logger":"airflow.task.operators.airflow.providers.docker.operators.docker.DockerOperator","filename":"docker.py","lineno":71}
{"timestamp":"2026-05-21T01:19:25.210741Z","level":"info","event":"\tat java.base/jdk.internal.reflect.NativeMethodAccessorImpl.invoke0(Native Method)","logger":"airflow.task.operators.airflow.providers.docker.operators.docker.DockerOperator","filename":"docker.py","lineno":71}
{"timestamp":"2026-05-21T01:19:25.210774Z","level":"info","event":"\tat java.base/jdk.internal.reflect.NativeMethodAccessorImpl.invoke(Unknown Source)","logger":"airflow.task.operators.airflow.providers.docker.operators.docker.DockerOperator","filename":"docker.py","lineno":71}
{"timestamp":"2026-05-21T01:19:25.210804Z","level":"info","event":"\tat java.base/jdk.internal.reflect.DelegatingMethodAccessorImpl.invoke(Unknown Source)","logger":"airflow.task.operators.airflow.providers.docker.operators.docker.DockerOperator","filename":"docker.py","lineno":71}
{"timestamp":"2026-05-21T01:19:25.210859Z","level":"info","event":"\tat java.base/java.lang.reflect.Method.invoke(Unknown Source)","logger":"airflow.task.operators.airflow.providers.docker.operators.docker.DockerOperator","filename":"docker.py","lineno":71}
{"timestamp":"2026-05-21T01:19:25.210899Z","level":"info","event":"\tat py4j.reflection.MethodInvoker.invoke(MethodInvoker.java:244)","logger":"airflow.task.operators.airflow.providers.docker.operators.docker.DockerOperator","filename":"docker.py","lineno":71}
{"timestamp":"2026-05-21T01:19:25.210930Z","level":"info","event":"\tat py4j.reflection.ReflectionEngine.invoke(ReflectionEngine.java:374)","logger":"airflow.task.operators.airflow.providers.docker.operators.docker.DockerOperator","filename":"docker.py","lineno":71}
{"timestamp":"2026-05-21T01:19:25.210958Z","level":"info","event":"\tat py4j.Gateway.invoke(Gateway.java:282)","logger":"airflow.task.operators.airflow.providers.docker.operators.docker.DockerOperator","filename":"docker.py","lineno":71}
{"timestamp":"2026-05-21T01:19:25.210986Z","level":"info","event":"\tat py4j.commands.AbstractCommand.invokeMethod(AbstractCommand.java:132)","logger":"airflow.task.operators.airflow.providers.docker.operators.docker.DockerOperator","filename":"docker.py","lineno":71}
{"timestamp":"2026-05-21T01:19:25.211015Z","level":"info","event":"\tat py4j.commands.CallCommand.execute(CallCommand.java:79)","logger":"airflow.task.operators.airflow.providers.docker.operators.docker.DockerOperator","filename":"docker.py","lineno":71}
{"timestamp":"2026-05-21T01:19:25.211044Z","level":"info","event":"\tat py4j.ClientServerConnection.waitForCommands(ClientServerConnection.java:182)","logger":"airflow.task.operators.airflow.providers.docker.operators.docker.DockerOperator","filename":"docker.py","lineno":71}
{"timestamp":"2026-05-21T01:19:25.211072Z","level":"info","event":"\tat py4j.ClientServerConnection.run(ClientServerConnection.java:106)","logger":"airflow.task.operators.airflow.providers.docker.operators.docker.DockerOperator","filename":"docker.py","lineno":71}
{"timestamp":"2026-05-21T01:19:25.211102Z","level":"info","event":"\tat java.base/java.lang.Thread.run(Unknown Source)","logger":"airflow.task.operators.airflow.providers.docker.operators.docker.DockerOperator","filename":"docker.py","lineno":71}
{"timestamp":"2026-05-21T01:19:25.211131Z","level":"info","event":"","logger":"airflow.task.operators.airflow.providers.docker.operators.docker.DockerOperator","filename":"docker.py","lineno":71}
{"timestamp":"2026-05-21T01:19:25.211271Z","level":"info","event":"2026-05-21 01:19:25,208 - ERROR - Error processing table sales_per_card_type: An error occurred while calling o54.load.","logger":"airflow.task.operators.airflow.providers.docker.operators.docker.DockerOperator","filename":"docker.py","lineno":71}
{"timestamp":"2026-05-21T01:19:25.211316Z","level":"info","event":": java.lang.ClassCastException: class org.apache.hadoop.fs.s3a.S3AFileStatus cannot be cast to class org.apache.spark.sql.execution.datasources.FileStatusWithMetadata (org.apache.hadoop.fs.s3a.S3AFileStatus and org.apache.spark.sql.execution.datasources.FileStatusWithMetadata are in unnamed module of loader 'app')","logger":"airflow.task.operators.airflow.providers.docker.operators.docker.DockerOperator","filename":"docker.py","lineno":71}
{"timestamp":"2026-05-21T01:19:25.211352Z","level":"info","event":"\tat scala.collection.TraversableLike.$anonfun$map$1(TraversableLike.scala:286)","logger":"airflow.task.operators.airflow.providers.docker.operators.docker.DockerOperator","filename":"docker.py","lineno":71}
{"timestamp":"2026-05-21T01:19:25.211382Z","level":"info","event":"\tat scala.collection.IndexedSeqOptimized.foreach(IndexedSeqOptimized.scala:36)","logger":"airflow.task.operators.airflow.providers.docker.operators.docker.DockerOperator","filename":"docker.py","lineno":71}
{"timestamp":"2026-05-21T01:19:25.211411Z","level":"info","event":"\tat scala.collection.IndexedSeqOptimized.foreach$(IndexedSeqOptimized.scala:33)","logger":"airflow.task.operators.airflow.providers.docker.operators.docker.DockerOperator","filename":"docker.py","lineno":71}
{"timestamp":"2026-05-21T01:19:25.211440Z","level":"info","event":"\tat scala.collection.mutable.WrappedArray.foreach(WrappedArray.scala:38)","logger":"airflow.task.operators.airflow.providers.docker.operators.docker.DockerOperator","filename":"docker.py","lineno":71}
{"timestamp":"2026-05-21T01:19:25.211467Z","level":"info","event":"\tat scala.collection.TraversableLike.map(TraversableLike.scala:286)","logger":"airflow.task.operators.airflow.providers.docker.operators.docker.DockerOperator","filename":"docker.py","lineno":71}
{"timestamp":"2026-05-21T01:19:25.211497Z","level":"info","event":"\tat scala.collection.TraversableLike.map$(TraversableLike.scala:279)","logger":"airflow.task.operators.airflow.providers.docker.operators.docker.DockerOperator","filename":"docker.py","lineno":71}
{"timestamp":"2026-05-21T01:19:25.211525Z","level":"info","event":"\tat scala.collection.AbstractTraversable.map(Traversable.scala:108)","logger":"airflow.task.operators.airflow.providers.docker.operators.docker.DockerOperator","filename":"docker.py","lineno":71}
{"timestamp":"2026-05-21T01:19:25.211553Z","level":"info","event":"\tat org.apache.spark.sql.execution.FileSourceScanLike.$anonfun$setFilesNumAndSizeMetric$2(DataSourceScanExec.scala:466)","logger":"airflow.task.operators.airflow.providers.docker.operators.docker.DockerOperator","filename":"docker.py","lineno":71}
{"timestamp":"2026-05-21T01:19:25.211580Z","level":"info","event":"\tat org.apache.spark.sql.execution.FileSourceScanLike.$anonfun$setFilesNumAndSizeMetric$2$adapted(DataSourceScanExec.scala:466)","logger":"airflow.task.operators.airflow.providers.docker.operators.docker.DockerOperator","filename":"docker.py","lineno":71}
{"timestamp":"2026-05-21T01:19:25.211608Z","level":"info","event":"\tat scala.collection.immutable.List.map(List.scala:293)","logger":"airflow.task.operators.airflow.providers.docker.operators.docker.DockerOperator","filename":"docker.py","lineno":71}
{"timestamp":"2026-05-21T01:19:25.211636Z","level":"info","event":"\tat org.apache.spark.sql.execution.FileSourceScanLike.setFilesNumAndSizeMetric(DataSourceScanExec.scala:466)","logger":"airflow.task.operators.airflow.providers.docker.operators.docker.DockerOperator","filename":"docker.py","lineno":71}
{"timestamp":"2026-05-21T01:19:25.211668Z","level":"info","event":"\tat org.apache.spark.sql.execution.FileSourceScanLike.selectedPartitions(DataSourceScanExec.scala:257)","logger":"airflow.task.operators.airflow.providers.docker.operators.docker.DockerOperator","filename":"docker.py","lineno":71}
{"timestamp":"2026-05-21T01:19:25.211700Z","level":"info","event":"\tat org.apache.spark.sql.execution.FileSourceScanLike.selectedPartitions$(DataSourceScanExec.scala:251)","logger":"airflow.task.operators.airflow.providers.docker.operators.docker.DockerOperator","filename":"docker.py","lineno":71}
{"timestamp":"2026-05-21T01:19:25.211731Z","level":"info","event":"\tat org.apache.spark.sql.execution.FileSourceScanExec.selectedPartitions$lzycompute(DataSourceScanExec.scala:506)","logger":"airflow.task.operators.airflow.providers.docker.operators.docker.DockerOperator","filename":"docker.py","lineno":71}
{"timestamp":"2026-05-21T01:19:25.211761Z","level":"info","event":"\tat org.apache.spark.sql.execution.FileSourceScanExec.selectedPartitions(DataSourceScanExec.scala:506)","logger":"airflow.task.operators.airflow.providers.docker.operators.docker.DockerOperator","filename":"docker.py","lineno":71}
{"timestamp":"2026-05-21T01:19:25.211789Z","level":"info","event":"\tat org.apache.spark.sql.execution.FileSourceScanLike.dynamicallySelectedPartitions(DataSourceScanExec.scala:286)","logger":"airflow.task.operators.airflow.providers.docker.operators.docker.DockerOperator","filename":"docker.py","lineno":71}
{"timestamp":"2026-05-21T01:19:25.211818Z","level":"info","event":"\tat org.apache.spark.sql.execution.FileSourceScanLike.dynamicallySelectedPartitions$(DataSourceScanExec.scala:267)","logger":"airflow.task.operators.airflow.providers.docker.operators.docker.DockerOperator","filename":"docker.py","lineno":71}
{"timestamp":"2026-05-21T01:19:25.211871Z","level":"info","event":"\tat org.apache.spark.sql.execution.FileSourceScanExec.dynamicallySelectedPartitions$lzycompute(DataSourceScanExec.scala:506)","logger":"airflow.task.operators.airflow.providers.docker.operators.docker.DockerOperator","filename":"docker.py","lineno":71}
{"timestamp":"2026-05-21T01:19:25.211914Z","level":"info","event":"\tat org.apache.spark.sql.execution.FileSourceScanExec.dynamicallySelectedPartitions(DataSourceScanExec.scala:506)","logger":"airflow.task.operators.airflow.providers.docker.operators.docker.DockerOperator","filename":"docker.py","lineno":71}
{"timestamp":"2026-05-21T01:19:25.211946Z","level":"info","event":"\tat org.apache.spark.sql.execution.FileSourceScanExec.inputRDD$lzycompute(DataSourceScanExec.scala:553)","logger":"airflow.task.operators.airflow.providers.docker.operators.docker.DockerOperator","filename":"docker.py","lineno":71}
{"timestamp":"2026-05-21T01:19:25.211975Z","level":"info","event":"\tat org.apache.spark.sql.execution.FileSourceScanExec.inputRDD(DataSourceScanExec.scala:537)","logger":"airflow.task.operators.airflow.providers.docker.operators.docker.DockerOperator","filename":"docker.py","lineno":71}
{"timestamp":"2026-05-21T01:19:25.212002Z","level":"info","event":"\tat org.apache.spark.sql.execution.FileSourceScanExec.doExecute(DataSourceScanExec.scala:575)","logger":"airflow.task.operators.airflow.providers.docker.operators.docker.DockerOperator","filename":"docker.py","lineno":71}
{"timestamp":"2026-05-21T01:19:25.212030Z","level":"info","event":"\tat org.apache.spark.sql.execution.SparkPlan.$anonfun$execute$1(SparkPlan.scala:195)","logger":"airflow.task.operators.airflow.providers.docker.operators.docker.DockerOperator","filename":"docker.py","lineno":71}
{"timestamp":"2026-05-21T01:19:25.212058Z","level":"info","event":"\tat org.apache.spark.sql.execution.SparkPlan.$anonfun$executeQuery$1(SparkPlan.scala:246)","logger":"airflow.task.operators.airflow.providers.docker.operators.docker.DockerOperator","filename":"docker.py","lineno":71}
{"timestamp":"2026-05-21T01:19:25.212086Z","level":"info","event":"\tat org.apache.spark.rdd.RDDOperationScope$.withScope(RDDOperationScope.scala:151)","logger":"airflow.task.operators.airflow.providers.docker.operators.docker.DockerOperator","filename":"docker.py","lineno":71}
{"timestamp":"2026-05-21T01:19:25.212114Z","level":"info","event":"\tat org.apache.spark.sql.execution.SparkPlan.executeQuery(SparkPlan.scala:243)","logger":"airflow.task.operators.airflow.providers.docker.operators.docker.DockerOperator","filename":"docker.py","lineno":71}
{"timestamp":"2026-05-21T01:19:25.212142Z","level":"info","event":"\tat org.apache.spark.sql.execution.SparkPlan.execute(SparkPlan.scala:191)","logger":"airflow.task.operators.airflow.providers.docker.operators.docker.DockerOperator","filename":"docker.py","lineno":71}
{"timestamp":"2026-05-21T01:19:25.212169Z","level":"info","event":"\tat org.apache.spark.sql.execution.InputAdapter.inputRDD(WholeStageCodegenExec.scala:527)","logger":"airflow.task.operators.airflow.providers.docker.operators.docker.DockerOperator","filename":"docker.py","lineno":71}
{"timestamp":"2026-05-21T01:19:25.212198Z","level":"info","event":"\tat org.apache.spark.sql.execution.InputRDDCodegen.inputRDDs(WholeStageCodegenExec.scala:455)","logger":"airflow.task.operators.airflow.providers.docker.operators.docker.DockerOperator","filename":"docker.py","lineno":71}
{"timestamp":"2026-05-21T01:19:25.212227Z","level":"info","event":"\tat org.apache.spark.sql.execution.InputRDDCodegen.inputRDDs$(WholeStageCodegenExec.scala:454)","logger":"airflow.task.operators.airflow.providers.docker.operators.docker.DockerOperator","filename":"docker.py","lineno":71}
{"timestamp":"2026-05-21T01:19:25.212256Z","level":"info","event":"\tat org.apache.spark.sql.execution.InputAdapter.inputRDDs(WholeStageCodegenExec.scala:498)","logger":"airflow.task.operators.airflow.providers.docker.operators.docker.DockerOperator","filename":"docker.py","lineno":71}
{"timestamp":"2026-05-21T01:19:25.212282Z","level":"info","event":"\tat org.apache.spark.sql.execution.ProjectExec.inputRDDs(basicPhysicalOperators.scala:51)","logger":"airflow.task.operators.airflow.providers.docker.operators.docker.DockerOperator","filename":"docker.py","lineno":71}
{"timestamp":"2026-05-21T01:19:25.212310Z","level":"info","event":"\tat org.apache.spark.sql.execution.FilterExec.inputRDDs(basicPhysicalOperators.scala:242)","logger":"airflow.task.operators.airflow.providers.docker.operators.docker.DockerOperator","filename":"docker.py","lineno":71}
{"timestamp":"2026-05-21T01:19:25.212339Z","level":"info","event":"\tat org.apache.spark.sql.execution.ProjectExec.inputRDDs(basicPhysicalOperators.scala:51)","logger":"airflow.task.operators.airflow.providers.docker.operators.docker.DockerOperator","filename":"docker.py","lineno":71}
{"timestamp":"2026-05-21T01:19:25.212367Z","level":"info","event":"\tat org.apache.spark.sql.execution.WholeStageCodegenExec.doExecute(WholeStageCodegenExec.scala:751)","logger":"airflow.task.operators.airflow.providers.docker.operators.docker.DockerOperator","filename":"docker.py","lineno":71}
{"timestamp":"2026-05-21T01:19:25.212408Z","level":"info","event":"\tat org.apache.spark.sql.execution.SparkPlan.$anonfun$execute$1(SparkPlan.scala:195)","logger":"airflow.task.operators.airflow.providers.docker.operators.docker.DockerOperator","filename":"docker.py","lineno":71}
{"timestamp":"2026-05-21T01:19:25.212464Z","level":"info","event":"\tat org.apache.spark.sql.execution.SparkPlan.$anonfun$executeQuery$1(SparkPlan.scala:246)","logger":"airflow.task.operators.airflow.providers.docker.operators.docker.DockerOperator","filename":"docker.py","lineno":71}
{"timestamp":"2026-05-21T01:19:25.212514Z","level":"info","event":"\tat org.apache.spark.rdd.RDDOperationScope$.withScope(RDDOperationScope.scala:151)","logger":"airflow.task.operators.airflow.providers.docker.operators.docker.DockerOperator","filename":"docker.py","lineno":71}
{"timestamp":"2026-05-21T01:19:25.212546Z","level":"info","event":"\tat org.apache.spark.sql.execution.SparkPlan.executeQuery(SparkPlan.scala:243)","logger":"airflow.task.operators.airflow.providers.docker.operators.docker.DockerOperator","filename":"docker.py","lineno":71}
{"timestamp":"2026-05-21T01:19:25.212575Z","level":"info","event":"\tat org.apache.spark.sql.execution.SparkPlan.execute(SparkPlan.scala:191)","logger":"airflow.task.operators.airflow.providers.docker.operators.docker.DockerOperator","filename":"docker.py","lineno":71}
{"timestamp":"2026-05-21T01:19:25.212603Z","level":"info","event":"\tat org.apache.spark.sql.execution.SparkPlan.getByteArrayRdd(SparkPlan.scala:364)","logger":"airflow.task.operators.airflow.providers.docker.operators.docker.DockerOperator","filename":"docker.py","lineno":71}
{"timestamp":"2026-05-21T01:19:25.212631Z","level":"info","event":"\tat org.apache.spark.sql.execution.SparkPlan.executeCollect(SparkPlan.scala:445)","logger":"airflow.task.operators.airflow.providers.docker.operators.docker.DockerOperator","filename":"docker.py","lineno":71}
{"timestamp":"2026-05-21T01:19:25.212659Z","level":"info","event":"\tat org.apache.spark.sql.Dataset.collectFromPlan(Dataset.scala:4344)","logger":"airflow.task.operators.airflow.providers.docker.operators.docker.DockerOperator","filename":"docker.py","lineno":71}
{"timestamp":"2026-05-21T01:19:25.212687Z","level":"info","event":"\tat org.apache.spark.sql.Dataset.$anonfun$collect$1(Dataset.scala:3585)","logger":"airflow.task.operators.airflow.providers.docker.operators.docker.DockerOperator","filename":"docker.py","lineno":71}
{"timestamp":"2026-05-21T01:19:25.212714Z","level":"info","event":"\tat org.apache.spark.sql.Dataset.$anonfun$withAction$2(Dataset.scala:4334)","logger":"airflow.task.operators.airflow.providers.docker.operators.docker.DockerOperator","filename":"docker.py","lineno":71}
{"timestamp":"2026-05-21T01:19:25.212749Z","level":"info","event":"\tat org.apache.spark.sql.execution.QueryExecution$.withInternalError(QueryExecution.scala:546)","logger":"airflow.task.operators.airflow.providers.docker.operators.docker.DockerOperator","filename":"docker.py","lineno":71}
{"timestamp":"2026-05-21T01:19:25.212777Z","level":"info","event":"\tat org.apache.spark.sql.Dataset.$anonfun$withAction$1(Dataset.scala:4332)","logger":"airflow.task.operators.airflow.providers.docker.operators.docker.DockerOperator","filename":"docker.py","lineno":71}
{"timestamp":"2026-05-21T01:19:25.212804Z","level":"info","event":"\tat org.apache.spark.sql.execution.SQLExecution$.$anonfun$withNewExecutionId$6(SQLExecution.scala:125)","logger":"airflow.task.operators.airflow.providers.docker.operators.docker.DockerOperator","filename":"docker.py","lineno":71}
{"timestamp":"2026-05-21T01:19:25.212854Z","level":"info","event":"\tat org.apache.spark.sql.execution.SQLExecution$.withSQLConfPropagated(SQLExecution.scala:201)","logger":"airflow.task.operators.airflow.providers.docker.operators.docker.DockerOperator","filename":"docker.py","lineno":71}
{"timestamp":"2026-05-21T01:19:25.212888Z","level":"info","event":"\tat org.apache.spark.sql.execution.SQLExecution$.$anonfun$withNewExecutionId$1(SQLExecution.scala:108)","logger":"airflow.task.operators.airflow.providers.docker.operators.docker.DockerOperator","filename":"docker.py","lineno":71}
{"timestamp":"2026-05-21T01:19:25.212931Z","level":"info","event":"\tat org.apache.spark.sql.SparkSession.withActive(SparkSession.scala:900)","logger":"airflow.task.operators.airflow.providers.docker.operators.docker.DockerOperator","filename":"docker.py","lineno":71}
{"timestamp":"2026-05-21T01:19:25.212963Z","level":"info","event":"\tat org.apache.spark.sql.execution.SQLExecution$.withNewExecutionId(SQLExecution.scala:66)","logger":"airflow.task.operators.airflow.providers.docker.operators.docker.DockerOperator","filename":"docker.py","lineno":71}
{"timestamp":"2026-05-21T01:19:25.212993Z","level":"info","event":"\tat org.apache.spark.sql.Dataset.withAction(Dataset.scala:4332)","logger":"airflow.task.operators.airflow.providers.docker.operators.docker.DockerOperator","filename":"docker.py","lineno":71}
{"timestamp":"2026-05-21T01:19:25.213020Z","level":"info","event":"\tat org.apache.spark.sql.Dataset.collect(Dataset.scala:3585)","logger":"airflow.task.operators.airflow.providers.docker.operators.docker.DockerOperator","filename":"docker.py","lineno":71}
{"timestamp":"2026-05-21T01:19:25.213047Z","level":"info","event":"\tat org.apache.spark.sql.delta.Snapshot.protocolAndMetadataReconstruction(Snapshot.scala:215)","logger":"airflow.task.operators.airflow.providers.docker.operators.docker.DockerOperator","filename":"docker.py","lineno":71}
{"timestamp":"2026-05-21T01:19:25.213074Z","level":"info","event":"\tat org.apache.spark.sql.delta.Snapshot.x$1$lzycompute(Snapshot.scala:134)","logger":"airflow.task.operators.airflow.providers.docker.operators.docker.DockerOperator","filename":"docker.py","lineno":71}
{"timestamp":"2026-05-21T01:19:25.213101Z","level":"info","event":"\tat org.apache.spark.sql.delta.Snapshot.x$1(Snapshot.scala:129)","logger":"airflow.task.operators.airflow.providers.docker.operators.docker.DockerOperator","filename":"docker.py","lineno":71}
{"timestamp":"2026-05-21T01:19:25.213128Z","level":"info","event":"\tat org.apache.spark.sql.delta.Snapshot._metadata$lzycompute(Snapshot.scala:129)","logger":"airflow.task.operators.airflow.providers.docker.operators.docker.DockerOperator","filename":"docker.py","lineno":71}
{"timestamp":"2026-05-21T01:19:25.213155Z","level":"info","event":"\tat org.apache.spark.sql.delta.Snapshot._metadata(Snapshot.scala:129)","logger":"airflow.task.operators.airflow.providers.docker.operators.docker.DockerOperator","filename":"docker.py","lineno":71}
{"timestamp":"2026-05-21T01:19:25.213182Z","level":"info","event":"\tat org.apache.spark.sql.delta.Snapshot.metadata(Snapshot.scala:197)","logger":"airflow.task.operators.airflow.providers.docker.operators.docker.DockerOperator","filename":"docker.py","lineno":71}
{"timestamp":"2026-05-21T01:19:25.213209Z","level":"info","event":"\tat org.apache.spark.sql.delta.Snapshot.toString(Snapshot.scala:390)","logger":"airflow.task.operators.airflow.providers.docker.operators.docker.DockerOperator","filename":"docker.py","lineno":71}
{"timestamp":"2026-05-21T01:19:25.213236Z","level":"info","event":"\tat java.base/java.lang.String.valueOf(Unknown Source)","logger":"airflow.task.operators.airflow.providers.docker.operators.docker.DockerOperator","filename":"docker.py","lineno":71}
{"timestamp":"2026-05-21T01:19:25.213263Z","level":"info","event":"\tat java.base/java.lang.StringBuilder.append(Unknown Source)","logger":"airflow.task.operators.airflow.providers.docker.operators.docker.DockerOperator","filename":"docker.py","lineno":71}
{"timestamp":"2026-05-21T01:19:25.213292Z","level":"info","event":"\tat org.apache.spark.sql.delta.Snapshot.$anonfun$new$1(Snapshot.scala:393)","logger":"airflow.task.operators.airflow.providers.docker.operators.docker.DockerOperator","filename":"docker.py","lineno":71}
{"timestamp":"2026-05-21T01:19:25.213329Z","level":"info","event":"\tat org.apache.spark.sql.delta.Snapshot.$anonfun$logInfo$1(Snapshot.scala:370)","logger":"airflow.task.operators.airflow.providers.docker.operators.docker.DockerOperator","filename":"docker.py","lineno":71}
{"timestamp":"2026-05-21T01:19:25.213389Z","level":"info","event":"\tat org.apache.spark.internal.Logging.logInfo(Logging.scala:60)","logger":"airflow.task.operators.airflow.providers.docker.operators.docker.DockerOperator","filename":"docker.py","lineno":71}
{"timestamp":"2026-05-21T01:19:25.213444Z","level":"info","event":"\tat org.apache.spark.internal.Logging.logInfo$(Logging.scala:59)","logger":"airflow.task.operators.airflow.providers.docker.operators.docker.DockerOperator","filename":"docker.py","lineno":71}
{"timestamp":"2026-05-21T01:19:25.213478Z","level":"info","event":"\tat org.apache.spark.sql.delta.Snapshot.logInfo(Snapshot.scala:370)","logger":"airflow.task.operators.airflow.providers.docker.operators.docker.DockerOperator","filename":"docker.py","lineno":71}
{"timestamp":"2026-05-21T01:19:25.213507Z","level":"info","event":"\tat org.apache.spark.sql.delta.Snapshot.<init>(Snapshot.scala:393)","logger":"airflow.task.operators.airflow.providers.docker.operators.docker.DockerOperator","filename":"docker.py","lineno":71}
{"timestamp":"2026-05-21T01:19:25.213537Z","level":"info","event":"\tat org.apache.spark.sql.delta.SnapshotManagement.$anonfun$createSnapshot$4(SnapshotManagement.scala:356)","logger":"airflow.task.operators.airflow.providers.docker.operators.docker.DockerOperator","filename":"docker.py","lineno":71}
{"timestamp":"2026-05-21T01:19:25.213566Z","level":"info","event":"\tat org.apache.spark.sql.delta.SnapshotManagement.createSnapshotFromGivenOrEquivalentLogSegment(SnapshotManagement.scala:480)","logger":"airflow.task.operators.airflow.providers.docker.operators.docker.DockerOperator","filename":"docker.py","lineno":71}
{"timestamp":"2026-05-21T01:19:25.213596Z","level":"info","event":"\tat org.apache.spark.sql.delta.SnapshotManagement.createSnapshotFromGivenOrEquivalentLogSegment$(SnapshotManagement.scala:468)","logger":"airflow.task.operators.airflow.providers.docker.operators.docker.DockerOperator","filename":"docker.py","lineno":71}
{"timestamp":"2026-05-21T01:19:25.213624Z","level":"info","event":"\tat org.apache.spark.sql.delta.DeltaLog.createSnapshotFromGivenOrEquivalentLogSegment(DeltaLog.scala:74)","logger":"airflow.task.operators.airflow.providers.docker.operators.docker.DockerOperator","filename":"docker.py","lineno":71}
{"timestamp":"2026-05-21T01:19:25.213653Z","level":"info","event":"\tat org.apache.spark.sql.delta.SnapshotManagement.createSnapshot(SnapshotManagement.scala:349)","logger":"airflow.task.operators.airflow.providers.docker.operators.docker.DockerOperator","filename":"docker.py","lineno":71}
{"timestamp":"2026-05-21T01:19:25.213683Z","level":"info","event":"\tat org.apache.spark.sql.delta.SnapshotManagement.createSnapshot$(SnapshotManagement.scala:343)","logger":"airflow.task.operators.airflow.providers.docker.operators.docker.DockerOperator","filename":"docker.py","lineno":71}
{"timestamp":"2026-05-21T01:19:25.213710Z","level":"info","event":"\tat org.apache.spark.sql.delta.DeltaLog.createSnapshot(DeltaLog.scala:74)","logger":"airflow.task.operators.airflow.providers.docker.operators.docker.DockerOperator","filename":"docker.py","lineno":71}
{"timestamp":"2026-05-21T01:19:25.213740Z","level":"info","event":"\tat org.apache.spark.sql.delta.SnapshotManagement.$anonfun$createSnapshotAtInitInternal$1(SnapshotManagement.scala:304)","logger":"airflow.task.operators.airflow.providers.docker.operators.docker.DockerOperator","filename":"docker.py","lineno":71}
{"timestamp":"2026-05-21T01:19:25.213770Z","level":"info","event":"\tat scala.Option.map(Option.scala:230)","logger":"airflow.task.operators.airflow.providers.docker.operators.docker.DockerOperator","filename":"docker.py","lineno":71}
{"timestamp":"2026-05-21T01:19:25.213799Z","level":"info","event":"\tat org.apache.spark.sql.delta.SnapshotManagement.createSnapshotAtInitInternal(SnapshotManagement.scala:301)","logger":"airflow.task.operators.airflow.providers.docker.operators.docker.DockerOperator","filename":"docker.py","lineno":71}
{"timestamp":"2026-05-21T01:19:25.213859Z","level":"info","event":"\tat org.apache.spark.sql.delta.SnapshotManagement.createSnapshotAtInitInternal$(SnapshotManagement.scala:298)","logger":"airflow.task.operators.airflow.providers.docker.operators.docker.DockerOperator","filename":"docker.py","lineno":71}
{"timestamp":"2026-05-21T01:19:25.213921Z","level":"info","event":"\tat org.apache.spark.sql.delta.DeltaLog.createSnapshotAtInitInternal(DeltaLog.scala:74)","logger":"airflow.task.operators.airflow.providers.docker.operators.docker.DockerOperator","filename":"docker.py","lineno":71}
{"timestamp":"2026-05-21T01:19:25.213955Z","level":"info","event":"\tat org.apache.spark.sql.delta.SnapshotManagement.$anonfun$getSnapshotAtInit$1(SnapshotManagement.scala:293)","logger":"airflow.task.operators.airflow.providers.docker.operators.docker.DockerOperator","filename":"docker.py","lineno":71}
{"timestamp":"2026-05-21T01:19:25.213986Z","level":"info","event":"\tat org.apache.spark.sql.delta.metering.DeltaLogging.recordFrameProfile(DeltaLogging.scala:140)","logger":"airflow.task.operators.airflow.providers.docker.operators.docker.DockerOperator","filename":"docker.py","lineno":71}
{"timestamp":"2026-05-21T01:19:25.214015Z","level":"info","event":"\tat org.apache.spark.sql.delta.metering.DeltaLogging.recordFrameProfile$(DeltaLogging.scala:138)","logger":"airflow.task.operators.airflow.providers.docker.operators.docker.DockerOperator","filename":"docker.py","lineno":71}
{"timestamp":"2026-05-21T01:19:25.214043Z","level":"info","event":"\tat org.apache.spark.sql.delta.DeltaLog.recordFrameProfile(DeltaLog.scala:74)","logger":"airflow.task.operators.airflow.providers.docker.operators.docker.DockerOperator","filename":"docker.py","lineno":71}
{"timestamp":"2026-05-21T01:19:25.214071Z","level":"info","event":"\tat org.apache.spark.sql.delta.SnapshotManagement.getSnapshotAtInit(SnapshotManagement.scala:288)","logger":"airflow.task.operators.airflow.providers.docker.operators.docker.DockerOperator","filename":"docker.py","lineno":71}
{"timestamp":"2026-05-21T01:19:25.214100Z","level":"info","event":"\tat org.apache.spark.sql.delta.SnapshotManagement.getSnapshotAtInit$(SnapshotManagement.scala:287)","logger":"airflow.task.operators.airflow.providers.docker.operators.docker.DockerOperator","filename":"docker.py","lineno":71}
{"timestamp":"2026-05-21T01:19:25.214130Z","level":"info","event":"\tat org.apache.spark.sql.delta.DeltaLog.getSnapshotAtInit(DeltaLog.scala:74)","logger":"airflow.task.operators.airflow.providers.docker.operators.docker.DockerOperator","filename":"docker.py","lineno":71}
{"timestamp":"2026-05-21T01:19:25.214157Z","level":"info","event":"\tat org.apache.spark.sql.delta.SnapshotManagement.$init$(SnapshotManagement.scala:57)","logger":"airflow.task.operators.airflow.providers.docker.operators.docker.DockerOperator","filename":"docker.py","lineno":71}
{"timestamp":"2026-05-21T01:19:25.214185Z","level":"info","event":"\tat org.apache.spark.sql.delta.DeltaLog.<init>(DeltaLog.scala:80)","logger":"airflow.task.operators.airflow.providers.docker.operators.docker.DockerOperator","filename":"docker.py","lineno":71}
{"timestamp":"2026-05-21T01:19:25.214213Z","level":"info","event":"\tat org.apache.spark.sql.delta.DeltaLog$.$anonfun$apply$4(DeltaLog.scala:790)","logger":"airflow.task.operators.airflow.providers.docker.operators.docker.DockerOperator","filename":"docker.py","lineno":71}
{"timestamp":"2026-05-21T01:19:25.214263Z","level":"info","event":"\tat org.apache.spark.sql.catalyst.plans.logical.AnalysisHelper$.allowInvokingTransformsInAnalyzer(AnalysisHelper.scala:323)","logger":"airflow.task.operators.airflow.providers.docker.operators.docker.DockerOperator","filename":"docker.py","lineno":71}
{"timestamp":"2026-05-21T01:19:25.214296Z","level":"info","event":"\tat org.apache.spark.sql.delta.DeltaLog$.$anonfun$apply$3(DeltaLog.scala:785)","logger":"airflow.task.operators.airflow.providers.docker.operators.docker.DockerOperator","filename":"docker.py","lineno":71}
{"timestamp":"2026-05-21T01:19:25.214324Z","level":"info","event":"\tat org.apache.spark.sql.delta.metering.DeltaLogging.recordFrameProfile(DeltaLogging.scala:140)","logger":"airflow.task.operators.airflow.providers.docker.operators.docker.DockerOperator","filename":"docker.py","lineno":71}
{"timestamp":"2026-05-21T01:19:25.214353Z","level":"info","event":"\tat org.apache.spark.sql.delta.metering.DeltaLogging.recordFrameProfile$(DeltaLogging.scala:138)","logger":"airflow.task.operators.airflow.providers.docker.operators.docker.DockerOperator","filename":"docker.py","lineno":71}
{"timestamp":"2026-05-21T01:19:25.214406Z","level":"info","event":"\tat org.apache.spark.sql.delta.DeltaLog$.recordFrameProfile(DeltaLog.scala:595)","logger":"airflow.task.operators.airflow.providers.docker.operators.docker.DockerOperator","filename":"docker.py","lineno":71}
{"timestamp":"2026-05-21T01:19:25.214459Z","level":"info","event":"\tat org.apache.spark.sql.delta.metering.DeltaLogging.$anonfun$recordDeltaOperationInternal$1(DeltaLogging.scala:133)","logger":"airflow.task.operators.airflow.providers.docker.operators.docker.DockerOperator","filename":"docker.py","lineno":71}
{"timestamp":"2026-05-21T01:19:25.214511Z","level":"info","event":"\tat com.databricks.spark.util.DatabricksLogging.recordOperation(DatabricksLogging.scala:128)","logger":"airflow.task.operators.airflow.providers.docker.operators.docker.DockerOperator","filename":"docker.py","lineno":71}
{"timestamp":"2026-05-21T01:19:25.214561Z","level":"info","event":"\tat com.databricks.spark.util.DatabricksLogging.recordOperation$(DatabricksLogging.scala:117)","logger":"airflow.task.operators.airflow.providers.docker.operators.docker.DockerOperator","filename":"docker.py","lineno":71}
{"timestamp":"2026-05-21T01:19:25.214593Z","level":"info","event":"\tat org.apache.spark.sql.delta.DeltaLog$.recordOperation(DeltaLog.scala:595)","logger":"airflow.task.operators.airflow.providers.docker.operators.docker.DockerOperator","filename":"docker.py","lineno":71}
{"timestamp":"2026-05-21T01:19:25.214622Z","level":"info","event":"\tat org.apache.spark.sql.delta.metering.DeltaLogging.recordDeltaOperationInternal(DeltaLogging.scala:132)","logger":"airflow.task.operators.airflow.providers.docker.operators.docker.DockerOperator","filename":"docker.py","lineno":71}
{"timestamp":"2026-05-21T01:19:25.214650Z","level":"info","event":"\tat org.apache.spark.sql.delta.metering.DeltaLogging.recordDeltaOperation(DeltaLogging.scala:122)","logger":"airflow.task.operators.airflow.providers.docker.operators.docker.DockerOperator","filename":"docker.py","lineno":71}
{"timestamp":"2026-05-21T01:19:25.214678Z","level":"info","event":"\tat org.apache.spark.sql.delta.metering.DeltaLogging.recordDeltaOperation$(DeltaLogging.scala:112)","logger":"airflow.task.operators.airflow.providers.docker.operators.docker.DockerOperator","filename":"docker.py","lineno":71}
{"timestamp":"2026-05-21T01:19:25.214706Z","level":"info","event":"\tat org.apache.spark.sql.delta.DeltaLog$.recordDeltaOperation(DeltaLog.scala:595)","logger":"airflow.task.operators.airflow.providers.docker.operators.docker.DockerOperator","filename":"docker.py","lineno":71}
{"timestamp":"2026-05-21T01:19:25.214733Z","level":"info","event":"\tat org.apache.spark.sql.delta.DeltaLog$.createDeltaLog$1(DeltaLog.scala:784)","logger":"airflow.task.operators.airflow.providers.docker.operators.docker.DockerOperator","filename":"docker.py","lineno":71}
{"timestamp":"2026-05-21T01:19:25.214760Z","level":"info","event":"\tat org.apache.spark.sql.delta.DeltaLog$.$anonfun$apply$5(DeltaLog.scala:802)","logger":"airflow.task.operators.airflow.providers.docker.operators.docker.DockerOperator","filename":"docker.py","lineno":71}
{"timestamp":"2026-05-21T01:19:25.214787Z","level":"info","event":"\tat com.google.common.cache.LocalCache$LocalManualCache$1.load(LocalCache.java:4792)","logger":"airflow.task.operators.airflow.providers.docker.operators.docker.DockerOperator","filename":"docker.py","lineno":71}
{"timestamp":"2026-05-21T01:19:25.214815Z","level":"info","event":"\tat com.google.common.cache.LocalCache$LoadingValueReference.loadFuture(LocalCache.java:3599)","logger":"airflow.task.operators.airflow.providers.docker.operators.docker.DockerOperator","filename":"docker.py","lineno":71}
{"timestamp":"2026-05-21T01:19:25.214902Z","level":"info","event":"\tat com.google.common.cache.LocalCache$Segment.loadSync(LocalCache.java:2379)","logger":"airflow.task.operators.airflow.providers.docker.operators.docker.DockerOperator","filename":"docker.py","lineno":71}
{"timestamp":"2026-05-21T01:19:25.214967Z","level":"info","event":"\tat com.google.common.cache.LocalCache$Segment.lockedGetOrLoad(LocalCache.java:2342)","logger":"airflow.task.operators.airflow.providers.docker.operators.docker.DockerOperator","filename":"docker.py","lineno":71}
{"timestamp":"2026-05-21T01:19:25.215022Z","level":"info","event":"\tat com.google.common.cache.LocalCache$Segment.get(LocalCache.java:2257)","logger":"airflow.task.operators.airflow.providers.docker.operators.docker.DockerOperator","filename":"docker.py","lineno":71}
{"timestamp":"2026-05-21T01:19:25.215075Z","level":"info","event":"\tat com.google.common.cache.LocalCache.get(LocalCache.java:4000)","logger":"airflow.task.operators.airflow.providers.docker.operators.docker.DockerOperator","filename":"docker.py","lineno":71}
{"timestamp":"2026-05-21T01:19:25.215127Z","level":"info","event":"\tat com.google.common.cache.LocalCache$LocalManualCache.get(LocalCache.java:4789)","logger":"airflow.task.operators.airflow.providers.docker.operators.docker.DockerOperator","filename":"docker.py","lineno":71}
{"timestamp":"2026-05-21T01:19:25.215180Z","level":"info","event":"\tat org.apache.spark.sql.delta.DeltaLog$.getDeltaLogFromCache$1(DeltaLog.scala:801)","logger":"airflow.task.operators.airflow.providers.docker.operators.docker.DockerOperator","filename":"docker.py","lineno":71}
{"timestamp":"2026-05-21T01:19:25.215232Z","level":"info","event":"\tat org.apache.spark.sql.delta.DeltaLog$.apply(DeltaLog.scala:811)","logger":"airflow.task.operators.airflow.providers.docker.operators.docker.DockerOperator","filename":"docker.py","lineno":71}
{"timestamp":"2026-05-21T01:19:25.215285Z","level":"info","event":"\tat org.apache.spark.sql.delta.DeltaLog$.forTable(DeltaLog.scala:658)","logger":"airflow.task.operators.airflow.providers.docker.operators.docker.DockerOperator","filename":"docker.py","lineno":71}
{"timestamp":"2026-05-21T01:19:25.215336Z","level":"info","event":"\tat org.apache.spark.sql.delta.catalog.DeltaTableV2.deltaLog$lzycompute(DeltaTableV2.scala:85)","logger":"airflow.task.operators.airflow.providers.docker.operators.docker.DockerOperator","filename":"docker.py","lineno":71}
{"timestamp":"2026-05-21T01:19:25.215384Z","level":"info","event":"\tat org.apache.spark.sql.delta.catalog.DeltaTableV2.deltaLog(DeltaTableV2.scala:84)","logger":"airflow.task.operators.airflow.providers.docker.operators.docker.DockerOperator","filename":"docker.py","lineno":71}
{"timestamp":"2026-05-21T01:19:25.215436Z","level":"info","event":"\tat org.apache.spark.sql.delta.catalog.DeltaTableV2.$anonfun$snapshot$3(DeltaTableV2.scala:122)","logger":"airflow.task.operators.airflow.providers.docker.operators.docker.DockerOperator","filename":"docker.py","lineno":71}
{"timestamp":"2026-05-21T01:19:25.215489Z","level":"info","event":"\tat scala.Option.getOrElse(Option.scala:189)","logger":"airflow.task.operators.airflow.providers.docker.operators.docker.DockerOperator","filename":"docker.py","lineno":71}
{"timestamp":"2026-05-21T01:19:25.215544Z","level":"info","event":"\tat org.apache.spark.sql.delta.catalog.DeltaTableV2.snapshot$lzycompute(DeltaTableV2.scala:122)","logger":"airflow.task.operators.airflow.providers.docker.operators.docker.DockerOperator","filename":"docker.py","lineno":71}
{"timestamp":"2026-05-21T01:19:25.215604Z","level":"info","event":"\tat org.apache.spark.sql.delta.catalog.DeltaTableV2.snapshot(DeltaTableV2.scala:103)","logger":"airflow.task.operators.airflow.providers.docker.operators.docker.DockerOperator","filename":"docker.py","lineno":71}
{"timestamp":"2026-05-21T01:19:25.215660Z","level":"info","event":"\tat org.apache.spark.sql.delta.catalog.DeltaTableV2.toBaseRelation(DeltaTableV2.scala:178)","logger":"airflow.task.operators.airflow.providers.docker.operators.docker.DockerOperator","filename":"docker.py","lineno":71}
{"timestamp":"2026-05-21T01:19:25.215715Z","level":"info","event":"\tat org.apache.spark.sql.delta.sources.DeltaDataSource.$anonfun$createRelation$5(DeltaDataSource.scala:230)","logger":"airflow.task.operators.airflow.providers.docker.operators.docker.DockerOperator","filename":"docker.py","lineno":71}
{"timestamp":"2026-05-21T01:19:25.215775Z","level":"info","event":"\tat org.apache.spark.sql.delta.metering.DeltaLogging.recordFrameProfile(DeltaLogging.scala:140)","logger":"airflow.task.operators.airflow.providers.docker.operators.docker.DockerOperator","filename":"docker.py","lineno":71}
{"timestamp":"2026-05-21T01:19:25.215813Z","level":"info","event":"\tat org.apache.spark.sql.delta.metering.DeltaLogging.recordFrameProfile$(DeltaLogging.scala:138)","logger":"airflow.task.operators.airflow.providers.docker.operators.docker.DockerOperator","filename":"docker.py","lineno":71}
{"timestamp":"2026-05-21T01:19:25.215928Z","level":"info","event":"\tat org.apache.spark.sql.delta.sources.DeltaDataSource.recordFrameProfile(DeltaDataSource.scala:49)","logger":"airflow.task.operators.airflow.providers.docker.operators.docker.DockerOperator","filename":"docker.py","lineno":71}
{"timestamp":"2026-05-21T01:19:25.215992Z","level":"info","event":"\tat org.apache.spark.sql.delta.sources.DeltaDataSource.createRelation(DeltaDataSource.scala:188)","logger":"airflow.task.operators.airflow.providers.docker.operators.docker.DockerOperator","filename":"docker.py","lineno":71}
{"timestamp":"2026-05-21T01:19:25.216048Z","level":"info","event":"\tat org.apache.spark.sql.execution.datasources.DataSource.resolveRelation(DataSource.scala:346)","logger":"airflow.task.operators.airflow.providers.docker.operators.docker.DockerOperator","filename":"docker.py","lineno":71}
{"timestamp":"2026-05-21T01:19:25.216107Z","level":"info","event":"\tat org.apache.spark.sql.DataFrameReader.loadV1Source(DataFrameReader.scala:229)","logger":"airflow.task.operators.airflow.providers.docker.operators.docker.DockerOperator","filename":"docker.py","lineno":71}
{"timestamp":"2026-05-21T01:19:25.216154Z","level":"info","event":"\tat org.apache.spark.sql.DataFrameReader.$anonfun$load$2(DataFrameReader.scala:211)","logger":"airflow.task.operators.airflow.providers.docker.operators.docker.DockerOperator","filename":"docker.py","lineno":71}
{"timestamp":"2026-05-21T01:19:25.216211Z","level":"info","event":"\tat scala.Option.getOrElse(Option.scala:189)","logger":"airflow.task.operators.airflow.providers.docker.operators.docker.DockerOperator","filename":"docker.py","lineno":71}
{"timestamp":"2026-05-21T01:19:25.216265Z","level":"info","event":"\tat org.apache.spark.sql.DataFrameReader.load(DataFrameReader.scala:211)","logger":"airflow.task.operators.airflow.providers.docker.operators.docker.DockerOperator","filename":"docker.py","lineno":71}
{"timestamp":"2026-05-21T01:19:25.216324Z","level":"info","event":"\tat org.apache.spark.sql.DataFrameReader.load(DataFrameReader.scala:186)","logger":"airflow.task.operators.airflow.providers.docker.operators.docker.DockerOperator","filename":"docker.py","lineno":71}
{"timestamp":"2026-05-21T01:19:25.216374Z","level":"info","event":"\tat java.base/jdk.internal.reflect.NativeMethodAccessorImpl.invoke0(Native Method)","logger":"airflow.task.operators.airflow.providers.docker.operators.docker.DockerOperator","filename":"docker.py","lineno":71}
{"timestamp":"2026-05-21T01:19:25.216433Z","level":"info","event":"\tat java.base/jdk.internal.reflect.NativeMethodAccessorImpl.invoke(Unknown Source)","logger":"airflow.task.operators.airflow.providers.docker.operators.docker.DockerOperator","filename":"docker.py","lineno":71}
{"timestamp":"2026-05-21T01:19:25.216486Z","level":"info","event":"\tat java.base/jdk.internal.reflect.DelegatingMethodAccessorImpl.invoke(Unknown Source)","logger":"airflow.task.operators.airflow.providers.docker.operators.docker.DockerOperator","filename":"docker.py","lineno":71}
{"timestamp":"2026-05-21T01:19:25.216544Z","level":"info","event":"\tat java.base/java.lang.reflect.Method.invoke(Unknown Source)","logger":"airflow.task.operators.airflow.providers.docker.operators.docker.DockerOperator","filename":"docker.py","lineno":71}
{"timestamp":"2026-05-21T01:19:25.216600Z","level":"info","event":"\tat py4j.reflection.MethodInvoker.invoke(MethodInvoker.java:244)","logger":"airflow.task.operators.airflow.providers.docker.operators.docker.DockerOperator","filename":"docker.py","lineno":71}
{"timestamp":"2026-05-21T01:19:25.216648Z","level":"info","event":"\tat py4j.reflection.ReflectionEngine.invoke(ReflectionEngine.java:374)","logger":"airflow.task.operators.airflow.providers.docker.operators.docker.DockerOperator","filename":"docker.py","lineno":71}
{"timestamp":"2026-05-21T01:19:25.216704Z","level":"info","event":"\tat py4j.Gateway.invoke(Gateway.java:282)","logger":"airflow.task.operators.airflow.providers.docker.operators.docker.DockerOperator","filename":"docker.py","lineno":71}
{"timestamp":"2026-05-21T01:19:25.216753Z","level":"info","event":"\tat py4j.commands.AbstractCommand.invokeMethod(AbstractCommand.java:132)","logger":"airflow.task.operators.airflow.providers.docker.operators.docker.DockerOperator","filename":"docker.py","lineno":71}
{"timestamp":"2026-05-21T01:19:25.216807Z","level":"info","event":"\tat py4j.commands.CallCommand.execute(CallCommand.java:79)","logger":"airflow.task.operators.airflow.providers.docker.operators.docker.DockerOperator","filename":"docker.py","lineno":71}
{"timestamp":"2026-05-21T01:19:25.216884Z","level":"info","event":"\tat py4j.ClientServerConnection.waitForCommands(ClientServerConnection.java:182)","logger":"airflow.task.operators.airflow.providers.docker.operators.docker.DockerOperator","filename":"docker.py","lineno":71}
{"timestamp":"2026-05-21T01:19:25.216949Z","level":"info","event":"\tat py4j.ClientServerConnection.run(ClientServerConnection.java:106)","logger":"airflow.task.operators.airflow.providers.docker.operators.docker.DockerOperator","filename":"docker.py","lineno":71}
{"timestamp":"2026-05-21T01:19:25.217008Z","level":"info","event":"\tat java.base/java.lang.Thread.run(Unknown Source)","logger":"airflow.task.operators.airflow.providers.docker.operators.docker.DockerOperator","filename":"docker.py","lineno":71}
{"timestamp":"2026-05-21T01:19:25.217058Z","level":"info","event":"","logger":"airflow.task.operators.airflow.providers.docker.operators.docker.DockerOperator","filename":"docker.py","lineno":71}
{"timestamp":"2026-05-21T01:19:25.217266Z","level":"info","event":"2026-05-21 01:19:25,215 - ERROR - Error processing table sales_per_customer: An error occurred while calling o50.load.","logger":"airflow.task.operators.airflow.providers.docker.operators.docker.DockerOperator","filename":"docker.py","lineno":71}
{"timestamp":"2026-05-21T01:19:25.217348Z","level":"info","event":": java.lang.ClassCastException: class org.apache.hadoop.fs.s3a.S3AFileStatus cannot be cast to class org.apache.spark.sql.execution.datasources.FileStatusWithMetadata (org.apache.hadoop.fs.s3a.S3AFileStatus and org.apache.spark.sql.execution.datasources.FileStatusWithMetadata are in unnamed module of loader 'app')","logger":"airflow.task.operators.airflow.providers.docker.operators.docker.DockerOperator","filename":"docker.py","lineno":71}
{"timestamp":"2026-05-21T01:19:25.217406Z","level":"info","event":"\tat scala.collection.TraversableLike.$anonfun$map$1(TraversableLike.scala:286)","logger":"airflow.task.operators.airflow.providers.docker.operators.docker.DockerOperator","filename":"docker.py","lineno":71}
{"timestamp":"2026-05-21T01:19:25.217440Z","level":"info","event":"\tat scala.collection.IndexedSeqOptimized.foreach(IndexedSeqOptimized.scala:36)","logger":"airflow.task.operators.airflow.providers.docker.operators.docker.DockerOperator","filename":"docker.py","lineno":71}
{"timestamp":"2026-05-21T01:19:25.217470Z","level":"info","event":"\tat scala.collection.IndexedSeqOptimized.foreach$(IndexedSeqOptimized.scala:33)","logger":"airflow.task.operators.airflow.providers.docker.operators.docker.DockerOperator","filename":"docker.py","lineno":71}
{"timestamp":"2026-05-21T01:19:25.217507Z","level":"info","event":"\tat scala.collection.mutable.WrappedArray.foreach(WrappedArray.scala:38)","logger":"airflow.task.operators.airflow.providers.docker.operators.docker.DockerOperator","filename":"docker.py","lineno":71}
{"timestamp":"2026-05-21T01:19:25.217539Z","level":"info","event":"\tat scala.collection.TraversableLike.map(TraversableLike.scala:286)","logger":"airflow.task.operators.airflow.providers.docker.operators.docker.DockerOperator","filename":"docker.py","lineno":71}
{"timestamp":"2026-05-21T01:19:25.217571Z","level":"info","event":"\tat scala.collection.TraversableLike.map$(TraversableLike.scala:279)","logger":"airflow.task.operators.airflow.providers.docker.operators.docker.DockerOperator","filename":"docker.py","lineno":71}
{"timestamp":"2026-05-21T01:19:25.217602Z","level":"info","event":"\tat scala.collection.AbstractTraversable.map(Traversable.scala:108)","logger":"airflow.task.operators.airflow.providers.docker.operators.docker.DockerOperator","filename":"docker.py","lineno":71}
{"timestamp":"2026-05-21T01:19:25.217633Z","level":"info","event":"\tat org.apache.spark.sql.execution.FileSourceScanLike.$anonfun$setFilesNumAndSizeMetric$2(DataSourceScanExec.scala:466)","logger":"airflow.task.operators.airflow.providers.docker.operators.docker.DockerOperator","filename":"docker.py","lineno":71}
{"timestamp":"2026-05-21T01:19:25.217668Z","level":"info","event":"\tat org.apache.spark.sql.execution.FileSourceScanLike.$anonfun$setFilesNumAndSizeMetric$2$adapted(DataSourceScanExec.scala:466)","logger":"airflow.task.operators.airflow.providers.docker.operators.docker.DockerOperator","filename":"docker.py","lineno":71}
{"timestamp":"2026-05-21T01:19:25.217726Z","level":"info","event":"\tat scala.collection.immutable.List.map(List.scala:293)","logger":"airflow.task.operators.airflow.providers.docker.operators.docker.DockerOperator","filename":"docker.py","lineno":71}
{"timestamp":"2026-05-21T01:19:25.217781Z","level":"info","event":"\tat org.apache.spark.sql.execution.FileSourceScanLike.setFilesNumAndSizeMetric(DataSourceScanExec.scala:466)","logger":"airflow.task.operators.airflow.providers.docker.operators.docker.DockerOperator","filename":"docker.py","lineno":71}
{"timestamp":"2026-05-21T01:19:25.217852Z","level":"info","event":"\tat org.apache.spark.sql.execution.FileSourceScanLike.selectedPartitions(DataSourceScanExec.scala:257)","logger":"airflow.task.operators.airflow.providers.docker.operators.docker.DockerOperator","filename":"docker.py","lineno":71}
{"timestamp":"2026-05-21T01:19:25.217940Z","level":"info","event":"\tat org.apache.spark.sql.execution.FileSourceScanLike.selectedPartitions$(DataSourceScanExec.scala:251)","logger":"airflow.task.operators.airflow.providers.docker.operators.docker.DockerOperator","filename":"docker.py","lineno":71}
{"timestamp":"2026-05-21T01:19:25.217998Z","level":"info","event":"\tat org.apache.spark.sql.execution.FileSourceScanExec.selectedPartitions$lzycompute(DataSourceScanExec.scala:506)","logger":"airflow.task.operators.airflow.providers.docker.operators.docker.DockerOperator","filename":"docker.py","lineno":71}
{"timestamp":"2026-05-21T01:19:25.218044Z","level":"info","event":"\tat org.apache.spark.sql.execution.FileSourceScanExec.selectedPartitions(DataSourceScanExec.scala:506)","logger":"airflow.task.operators.airflow.providers.docker.operators.docker.DockerOperator","filename":"docker.py","lineno":71}
{"timestamp":"2026-05-21T01:19:25.218076Z","level":"info","event":"\tat org.apache.spark.sql.execution.FileSourceScanLike.dynamicallySelectedPartitions(DataSourceScanExec.scala:286)","logger":"airflow.task.operators.airflow.providers.docker.operators.docker.DockerOperator","filename":"docker.py","lineno":71}
{"timestamp":"2026-05-21T01:19:25.218127Z","level":"info","event":"\tat org.apache.spark.sql.execution.FileSourceScanLike.dynamicallySelectedPartitions$(DataSourceScanExec.scala:267)","logger":"airflow.task.operators.airflow.providers.docker.operators.docker.DockerOperator","filename":"docker.py","lineno":71}
{"timestamp":"2026-05-21T01:19:25.218181Z","level":"info","event":"\tat org.apache.spark.sql.execution.FileSourceScanExec.dynamicallySelectedPartitions$lzycompute(DataSourceScanExec.scala:506)","logger":"airflow.task.operators.airflow.providers.docker.operators.docker.DockerOperator","filename":"docker.py","lineno":71}
{"timestamp":"2026-05-21T01:19:25.218225Z","level":"info","event":"\tat org.apache.spark.sql.execution.FileSourceScanExec.dynamicallySelectedPartitions(DataSourceScanExec.scala:506)","logger":"airflow.task.operators.airflow.providers.docker.operators.docker.DockerOperator","filename":"docker.py","lineno":71}
{"timestamp":"2026-05-21T01:19:25.218259Z","level":"info","event":"\tat org.apache.spark.sql.execution.FileSourceScanExec.inputRDD$lzycompute(DataSourceScanExec.scala:553)","logger":"airflow.task.operators.airflow.providers.docker.operators.docker.DockerOperator","filename":"docker.py","lineno":71}
{"timestamp":"2026-05-21T01:19:25.218299Z","level":"info","event":"\tat org.apache.spark.sql.execution.FileSourceScanExec.inputRDD(DataSourceScanExec.scala:537)","logger":"airflow.task.operators.airflow.providers.docker.operators.docker.DockerOperator","filename":"docker.py","lineno":71}
{"timestamp":"2026-05-21T01:19:25.218333Z","level":"info","event":"\tat org.apache.spark.sql.execution.FileSourceScanExec.doExecute(DataSourceScanExec.scala:575)","logger":"airflow.task.operators.airflow.providers.docker.operators.docker.DockerOperator","filename":"docker.py","lineno":71}
{"timestamp":"2026-05-21T01:19:25.218362Z","level":"info","event":"\tat org.apache.spark.sql.execution.SparkPlan.$anonfun$execute$1(SparkPlan.scala:195)","logger":"airflow.task.operators.airflow.providers.docker.operators.docker.DockerOperator","filename":"docker.py","lineno":71}
{"timestamp":"2026-05-21T01:19:25.218394Z","level":"info","event":"\tat org.apache.spark.sql.execution.SparkPlan.$anonfun$executeQuery$1(SparkPlan.scala:246)","logger":"airflow.task.operators.airflow.providers.docker.operators.docker.DockerOperator","filename":"docker.py","lineno":71}
{"timestamp":"2026-05-21T01:19:25.218423Z","level":"info","event":"\tat org.apache.spark.rdd.RDDOperationScope$.withScope(RDDOperationScope.scala:151)","logger":"airflow.task.operators.airflow.providers.docker.operators.docker.DockerOperator","filename":"docker.py","lineno":71}
{"timestamp":"2026-05-21T01:19:25.218450Z","level":"info","event":"\tat org.apache.spark.sql.execution.SparkPlan.executeQuery(SparkPlan.scala:243)","logger":"airflow.task.operators.airflow.providers.docker.operators.docker.DockerOperator","filename":"docker.py","lineno":71}
{"timestamp":"2026-05-21T01:19:25.218477Z","level":"info","event":"\tat org.apache.spark.sql.execution.SparkPlan.execute(SparkPlan.scala:191)","logger":"airflow.task.operators.airflow.providers.docker.operators.docker.DockerOperator","filename":"docker.py","lineno":71}
{"timestamp":"2026-05-21T01:19:25.218507Z","level":"info","event":"\tat org.apache.spark.sql.execution.InputAdapter.inputRDD(WholeStageCodegenExec.scala:527)","logger":"airflow.task.operators.airflow.providers.docker.operators.docker.DockerOperator","filename":"docker.py","lineno":71}
{"timestamp":"2026-05-21T01:19:25.218535Z","level":"info","event":"\tat org.apache.spark.sql.execution.InputRDDCodegen.inputRDDs(WholeStageCodegenExec.scala:455)","logger":"airflow.task.operators.airflow.providers.docker.operators.docker.DockerOperator","filename":"docker.py","lineno":71}
{"timestamp":"2026-05-21T01:19:25.218563Z","level":"info","event":"\tat org.apache.spark.sql.execution.InputRDDCodegen.inputRDDs$(WholeStageCodegenExec.scala:454)","logger":"airflow.task.operators.airflow.providers.docker.operators.docker.DockerOperator","filename":"docker.py","lineno":71}
{"timestamp":"2026-05-21T01:19:25.218592Z","level":"info","event":"\tat org.apache.spark.sql.execution.InputAdapter.inputRDDs(WholeStageCodegenExec.scala:498)","logger":"airflow.task.operators.airflow.providers.docker.operators.docker.DockerOperator","filename":"docker.py","lineno":71}
{"timestamp":"2026-05-21T01:19:25.218619Z","level":"info","event":"\tat org.apache.spark.sql.execution.ProjectExec.inputRDDs(basicPhysicalOperators.scala:51)","logger":"airflow.task.operators.airflow.providers.docker.operators.docker.DockerOperator","filename":"docker.py","lineno":71}
{"timestamp":"2026-05-21T01:19:25.218647Z","level":"info","event":"\tat org.apache.spark.sql.execution.FilterExec.inputRDDs(basicPhysicalOperators.scala:242)","logger":"airflow.task.operators.airflow.providers.docker.operators.docker.DockerOperator","filename":"docker.py","lineno":71}
{"timestamp":"2026-05-21T01:19:25.218674Z","level":"info","event":"\tat org.apache.spark.sql.execution.ProjectExec.inputRDDs(basicPhysicalOperators.scala:51)","logger":"airflow.task.operators.airflow.providers.docker.operators.docker.DockerOperator","filename":"docker.py","lineno":71}
{"timestamp":"2026-05-21T01:19:25.218703Z","level":"info","event":"\tat org.apache.spark.sql.execution.WholeStageCodegenExec.doExecute(WholeStageCodegenExec.scala:751)","logger":"airflow.task.operators.airflow.providers.docker.operators.docker.DockerOperator","filename":"docker.py","lineno":71}
{"timestamp":"2026-05-21T01:19:25.218730Z","level":"info","event":"\tat org.apache.spark.sql.execution.SparkPlan.$anonfun$execute$1(SparkPlan.scala:195)","logger":"airflow.task.operators.airflow.providers.docker.operators.docker.DockerOperator","filename":"docker.py","lineno":71}
{"timestamp":"2026-05-21T01:19:25.218764Z","level":"info","event":"\tat org.apache.spark.sql.execution.SparkPlan.$anonfun$executeQuery$1(SparkPlan.scala:246)","logger":"airflow.task.operators.airflow.providers.docker.operators.docker.DockerOperator","filename":"docker.py","lineno":71}
{"timestamp":"2026-05-21T01:19:25.218799Z","level":"info","event":"\tat org.apache.spark.rdd.RDDOperationScope$.withScope(RDDOperationScope.scala:151)","logger":"airflow.task.operators.airflow.providers.docker.operators.docker.DockerOperator","filename":"docker.py","lineno":71}
{"timestamp":"2026-05-21T01:19:25.218848Z","level":"info","event":"\tat org.apache.spark.sql.execution.SparkPlan.executeQuery(SparkPlan.scala:243)","logger":"airflow.task.operators.airflow.providers.docker.operators.docker.DockerOperator","filename":"docker.py","lineno":71}
{"timestamp":"2026-05-21T01:19:25.218881Z","level":"info","event":"\tat org.apache.spark.sql.execution.SparkPlan.execute(SparkPlan.scala:191)","logger":"airflow.task.operators.airflow.providers.docker.operators.docker.DockerOperator","filename":"docker.py","lineno":71}
{"timestamp":"2026-05-21T01:19:25.218918Z","level":"info","event":"\tat org.apache.spark.sql.execution.SparkPlan.getByteArrayRdd(SparkPlan.scala:364)","logger":"airflow.task.operators.airflow.providers.docker.operators.docker.DockerOperator","filename":"docker.py","lineno":71}
{"timestamp":"2026-05-21T01:19:25.218947Z","level":"info","event":"\tat org.apache.spark.sql.execution.SparkPlan.executeCollect(SparkPlan.scala:445)","logger":"airflow.task.operators.airflow.providers.docker.operators.docker.DockerOperator","filename":"docker.py","lineno":71}
{"timestamp":"2026-05-21T01:19:25.218974Z","level":"info","event":"\tat org.apache.spark.sql.Dataset.collectFromPlan(Dataset.scala:4344)","logger":"airflow.task.operators.airflow.providers.docker.operators.docker.DockerOperator","filename":"docker.py","lineno":71}
{"timestamp":"2026-05-21T01:19:25.219001Z","level":"info","event":"\tat org.apache.spark.sql.Dataset.$anonfun$collect$1(Dataset.scala:3585)","logger":"airflow.task.operators.airflow.providers.docker.operators.docker.DockerOperator","filename":"docker.py","lineno":71}
{"timestamp":"2026-05-21T01:19:25.219028Z","level":"info","event":"\tat org.apache.spark.sql.Dataset.$anonfun$withAction$2(Dataset.scala:4334)","logger":"airflow.task.operators.airflow.providers.docker.operators.docker.DockerOperator","filename":"docker.py","lineno":71}
{"timestamp":"2026-05-21T01:19:25.219054Z","level":"info","event":"\tat org.apache.spark.sql.execution.QueryExecution$.withInternalError(QueryExecution.scala:546)","logger":"airflow.task.operators.airflow.providers.docker.operators.docker.DockerOperator","filename":"docker.py","lineno":71}
{"timestamp":"2026-05-21T01:19:25.219081Z","level":"info","event":"\tat org.apache.spark.sql.Dataset.$anonfun$withAction$1(Dataset.scala:4332)","logger":"airflow.task.operators.airflow.providers.docker.operators.docker.DockerOperator","filename":"docker.py","lineno":71}
{"timestamp":"2026-05-21T01:19:25.219108Z","level":"info","event":"\tat org.apache.spark.sql.execution.SQLExecution$.$anonfun$withNewExecutionId$6(SQLExecution.scala:125)","logger":"airflow.task.operators.airflow.providers.docker.operators.docker.DockerOperator","filename":"docker.py","lineno":71}
{"timestamp":"2026-05-21T01:19:25.219135Z","level":"info","event":"\tat org.apache.spark.sql.execution.SQLExecution$.withSQLConfPropagated(SQLExecution.scala:201)","logger":"airflow.task.operators.airflow.providers.docker.operators.docker.DockerOperator","filename":"docker.py","lineno":71}
{"timestamp":"2026-05-21T01:19:25.219162Z","level":"info","event":"\tat org.apache.spark.sql.execution.SQLExecution$.$anonfun$withNewExecutionId$1(SQLExecution.scala:108)","logger":"airflow.task.operators.airflow.providers.docker.operators.docker.DockerOperator","filename":"docker.py","lineno":71}
{"timestamp":"2026-05-21T01:19:25.219189Z","level":"info","event":"\tat org.apache.spark.sql.SparkSession.withActive(SparkSession.scala:900)","logger":"airflow.task.operators.airflow.providers.docker.operators.docker.DockerOperator","filename":"docker.py","lineno":71}
{"timestamp":"2026-05-21T01:19:25.219215Z","level":"info","event":"\tat org.apache.spark.sql.execution.SQLExecution$.withNewExecutionId(SQLExecution.scala:66)","logger":"airflow.task.operators.airflow.providers.docker.operators.docker.DockerOperator","filename":"docker.py","lineno":71}
{"timestamp":"2026-05-21T01:19:25.219249Z","level":"info","event":"\tat org.apache.spark.sql.Dataset.withAction(Dataset.scala:4332)","logger":"airflow.task.operators.airflow.providers.docker.operators.docker.DockerOperator","filename":"docker.py","lineno":71}
{"timestamp":"2026-05-21T01:19:25.219306Z","level":"info","event":"\tat org.apache.spark.sql.Dataset.collect(Dataset.scala:3585)","logger":"airflow.task.operators.airflow.providers.docker.operators.docker.DockerOperator","filename":"docker.py","lineno":71}
{"timestamp":"2026-05-21T01:19:25.219365Z","level":"info","event":"\tat org.apache.spark.sql.delta.Snapshot.protocolAndMetadataReconstruction(Snapshot.scala:215)","logger":"airflow.task.operators.airflow.providers.docker.operators.docker.DockerOperator","filename":"docker.py","lineno":71}
{"timestamp":"2026-05-21T01:19:25.228879Z","level":"info","event":"\tat org.apache.spark.sql.delta.Snapshot.x$1$lzycompute(Snapshot.scala:134)","logger":"airflow.task.operators.airflow.providers.docker.operators.docker.DockerOperator","filename":"docker.py","lineno":71}
{"timestamp":"2026-05-21T01:19:25.229121Z","level":"info","event":"\tat org.apache.spark.sql.delta.Snapshot.x$1(Snapshot.scala:129)","logger":"airflow.task.operators.airflow.providers.docker.operators.docker.DockerOperator","filename":"docker.py","lineno":71}
{"timestamp":"2026-05-21T01:19:25.229225Z","level":"info","event":"\tat org.apache.spark.sql.delta.Snapshot._metadata$lzycompute(Snapshot.scala:129)","logger":"airflow.task.operators.airflow.providers.docker.operators.docker.DockerOperator","filename":"docker.py","lineno":71}
{"timestamp":"2026-05-21T01:19:25.229298Z","level":"info","event":"\tat org.apache.spark.sql.delta.Snapshot._metadata(Snapshot.scala:129)","logger":"airflow.task.operators.airflow.providers.docker.operators.docker.DockerOperator","filename":"docker.py","lineno":71}
{"timestamp":"2026-05-21T01:19:25.229359Z","level":"info","event":"\tat org.apache.spark.sql.delta.Snapshot.metadata(Snapshot.scala:197)","logger":"airflow.task.operators.airflow.providers.docker.operators.docker.DockerOperator","filename":"docker.py","lineno":71}
{"timestamp":"2026-05-21T01:19:25.229425Z","level":"info","event":"\tat org.apache.spark.sql.delta.Snapshot.toString(Snapshot.scala:390)","logger":"airflow.task.operators.airflow.providers.docker.operators.docker.DockerOperator","filename":"docker.py","lineno":71}
{"timestamp":"2026-05-21T01:19:25.229483Z","level":"info","event":"\tat java.base/java.lang.String.valueOf(Unknown Source)","logger":"airflow.task.operators.airflow.providers.docker.operators.docker.DockerOperator","filename":"docker.py","lineno":71}
{"timestamp":"2026-05-21T01:19:25.229552Z","level":"info","event":"\tat java.base/java.lang.StringBuilder.append(Unknown Source)","logger":"airflow.task.operators.airflow.providers.docker.operators.docker.DockerOperator","filename":"docker.py","lineno":71}
{"timestamp":"2026-05-21T01:19:25.229609Z","level":"info","event":"\tat org.apache.spark.sql.delta.Snapshot.$anonfun$new$1(Snapshot.scala:393)","logger":"airflow.task.operators.airflow.providers.docker.operators.docker.DockerOperator","filename":"docker.py","lineno":71}
{"timestamp":"2026-05-21T01:19:25.229667Z","level":"info","event":"\tat org.apache.spark.sql.delta.Snapshot.$anonfun$logInfo$1(Snapshot.scala:370)","logger":"airflow.task.operators.airflow.providers.docker.operators.docker.DockerOperator","filename":"docker.py","lineno":71}
{"timestamp":"2026-05-21T01:19:25.229727Z","level":"info","event":"\tat org.apache.spark.internal.Logging.logInfo(Logging.scala:60)","logger":"airflow.task.operators.airflow.providers.docker.operators.docker.DockerOperator","filename":"docker.py","lineno":71}
{"timestamp":"2026-05-21T01:19:25.229764Z","level":"info","event":"\tat org.apache.spark.internal.Logging.logInfo$(Logging.scala:59)","logger":"airflow.task.operators.airflow.providers.docker.operators.docker.DockerOperator","filename":"docker.py","lineno":71}
{"timestamp":"2026-05-21T01:19:25.229796Z","level":"info","event":"\tat org.apache.spark.sql.delta.Snapshot.logInfo(Snapshot.scala:370)","logger":"airflow.task.operators.airflow.providers.docker.operators.docker.DockerOperator","filename":"docker.py","lineno":71}
{"timestamp":"2026-05-21T01:19:25.229860Z","level":"info","event":"\tat org.apache.spark.sql.delta.Snapshot.<init>(Snapshot.scala:393)","logger":"airflow.task.operators.airflow.providers.docker.operators.docker.DockerOperator","filename":"docker.py","lineno":71}
{"timestamp":"2026-05-21T01:19:25.229913Z","level":"info","event":"\tat org.apache.spark.sql.delta.SnapshotManagement.$anonfun$createSnapshot$4(SnapshotManagement.scala:356)","logger":"airflow.task.operators.airflow.providers.docker.operators.docker.DockerOperator","filename":"docker.py","lineno":71}
{"timestamp":"2026-05-21T01:19:25.229951Z","level":"info","event":"\tat org.apache.spark.sql.delta.SnapshotManagement.createSnapshotFromGivenOrEquivalentLogSegment(SnapshotManagement.scala:480)","logger":"airflow.task.operators.airflow.providers.docker.operators.docker.DockerOperator","filename":"docker.py","lineno":71}
{"timestamp":"2026-05-21T01:19:25.229988Z","level":"info","event":"\tat org.apache.spark.sql.delta.SnapshotManagement.createSnapshotFromGivenOrEquivalentLogSegment$(SnapshotManagement.scala:468)","logger":"airflow.task.operators.airflow.providers.docker.operators.docker.DockerOperator","filename":"docker.py","lineno":71}
{"timestamp":"2026-05-21T01:19:25.230030Z","level":"info","event":"\tat org.apache.spark.sql.delta.DeltaLog.createSnapshotFromGivenOrEquivalentLogSegment(DeltaLog.scala:74)","logger":"airflow.task.operators.airflow.providers.docker.operators.docker.DockerOperator","filename":"docker.py","lineno":71}
{"timestamp":"2026-05-21T01:19:25.230067Z","level":"info","event":"\tat org.apache.spark.sql.delta.SnapshotManagement.createSnapshot(SnapshotManagement.scala:349)","logger":"airflow.task.operators.airflow.providers.docker.operators.docker.DockerOperator","filename":"docker.py","lineno":71}
{"timestamp":"2026-05-21T01:19:25.230102Z","level":"info","event":"\tat org.apache.spark.sql.delta.SnapshotManagement.createSnapshot$(SnapshotManagement.scala:343)","logger":"airflow.task.operators.airflow.providers.docker.operators.docker.DockerOperator","filename":"docker.py","lineno":71}
{"timestamp":"2026-05-21T01:19:25.230133Z","level":"info","event":"\tat org.apache.spark.sql.delta.DeltaLog.createSnapshot(DeltaLog.scala:74)","logger":"airflow.task.operators.airflow.providers.docker.operators.docker.DockerOperator","filename":"docker.py","lineno":71}
{"timestamp":"2026-05-21T01:19:25.230162Z","level":"info","event":"\tat org.apache.spark.sql.delta.SnapshotManagement.$anonfun$createSnapshotAtInitInternal$1(SnapshotManagement.scala:304)","logger":"airflow.task.operators.airflow.providers.docker.operators.docker.DockerOperator","filename":"docker.py","lineno":71}
{"timestamp":"2026-05-21T01:19:25.230193Z","level":"info","event":"\tat scala.Option.map(Option.scala:230)","logger":"airflow.task.operators.airflow.providers.docker.operators.docker.DockerOperator","filename":"docker.py","lineno":71}
{"timestamp":"2026-05-21T01:19:25.230224Z","level":"info","event":"\tat org.apache.spark.sql.delta.SnapshotManagement.createSnapshotAtInitInternal(SnapshotManagement.scala:301)","logger":"airflow.task.operators.airflow.providers.docker.operators.docker.DockerOperator","filename":"docker.py","lineno":71}
{"timestamp":"2026-05-21T01:19:25.230253Z","level":"info","event":"\tat org.apache.spark.sql.delta.SnapshotManagement.createSnapshotAtInitInternal$(SnapshotManagement.scala:298)","logger":"airflow.task.operators.airflow.providers.docker.operators.docker.DockerOperator","filename":"docker.py","lineno":71}
{"timestamp":"2026-05-21T01:19:25.230283Z","level":"info","event":"\tat org.apache.spark.sql.delta.DeltaLog.createSnapshotAtInitInternal(DeltaLog.scala:74)","logger":"airflow.task.operators.airflow.providers.docker.operators.docker.DockerOperator","filename":"docker.py","lineno":71}
{"timestamp":"2026-05-21T01:19:25.230312Z","level":"info","event":"\tat org.apache.spark.sql.delta.SnapshotManagement.$anonfun$getSnapshotAtInit$1(SnapshotManagement.scala:293)","logger":"airflow.task.operators.airflow.providers.docker.operators.docker.DockerOperator","filename":"docker.py","lineno":71}
{"timestamp":"2026-05-21T01:19:25.230341Z","level":"info","event":"\tat org.apache.spark.sql.delta.metering.DeltaLogging.recordFrameProfile(DeltaLogging.scala:140)","logger":"airflow.task.operators.airflow.providers.docker.operators.docker.DockerOperator","filename":"docker.py","lineno":71}
{"timestamp":"2026-05-21T01:19:25.230368Z","level":"info","event":"\tat org.apache.spark.sql.delta.metering.DeltaLogging.recordFrameProfile$(DeltaLogging.scala:138)","logger":"airflow.task.operators.airflow.providers.docker.operators.docker.DockerOperator","filename":"docker.py","lineno":71}
{"timestamp":"2026-05-21T01:19:25.230398Z","level":"info","event":"\tat org.apache.spark.sql.delta.DeltaLog.recordFrameProfile(DeltaLog.scala:74)","logger":"airflow.task.operators.airflow.providers.docker.operators.docker.DockerOperator","filename":"docker.py","lineno":71}
{"timestamp":"2026-05-21T01:19:25.230430Z","level":"info","event":"\tat org.apache.spark.sql.delta.SnapshotManagement.getSnapshotAtInit(SnapshotManagement.scala:288)","logger":"airflow.task.operators.airflow.providers.docker.operators.docker.DockerOperator","filename":"docker.py","lineno":71}
{"timestamp":"2026-05-21T01:19:25.230458Z","level":"info","event":"\tat org.apache.spark.sql.delta.SnapshotManagement.getSnapshotAtInit$(SnapshotManagement.scala:287)","logger":"airflow.task.operators.airflow.providers.docker.operators.docker.DockerOperator","filename":"docker.py","lineno":71}
{"timestamp":"2026-05-21T01:19:25.230487Z","level":"info","event":"\tat org.apache.spark.sql.delta.DeltaLog.getSnapshotAtInit(DeltaLog.scala:74)","logger":"airflow.task.operators.airflow.providers.docker.operators.docker.DockerOperator","filename":"docker.py","lineno":71}
{"timestamp":"2026-05-21T01:19:25.230534Z","level":"info","event":"\tat org.apache.spark.sql.delta.SnapshotManagement.$init$(SnapshotManagement.scala:57)","logger":"airflow.task.operators.airflow.providers.docker.operators.docker.DockerOperator","filename":"docker.py","lineno":71}
{"timestamp":"2026-05-21T01:19:25.230569Z","level":"info","event":"\tat org.apache.spark.sql.delta.DeltaLog.<init>(DeltaLog.scala:80)","logger":"airflow.task.operators.airflow.providers.docker.operators.docker.DockerOperator","filename":"docker.py","lineno":71}
{"timestamp":"2026-05-21T01:19:25.230600Z","level":"info","event":"\tat org.apache.spark.sql.delta.DeltaLog$.$anonfun$apply$4(DeltaLog.scala:790)","logger":"airflow.task.operators.airflow.providers.docker.operators.docker.DockerOperator","filename":"docker.py","lineno":71}
{"timestamp":"2026-05-21T01:19:25.230629Z","level":"info","event":"\tat org.apache.spark.sql.catalyst.plans.logical.AnalysisHelper$.allowInvokingTransformsInAnalyzer(AnalysisHelper.scala:323)","logger":"airflow.task.operators.airflow.providers.docker.operators.docker.DockerOperator","filename":"docker.py","lineno":71}
{"timestamp":"2026-05-21T01:19:25.230657Z","level":"info","event":"\tat org.apache.spark.sql.delta.DeltaLog$.$anonfun$apply$3(DeltaLog.scala:785)","logger":"airflow.task.operators.airflow.providers.docker.operators.docker.DockerOperator","filename":"docker.py","lineno":71}
{"timestamp":"2026-05-21T01:19:25.230686Z","level":"info","event":"\tat org.apache.spark.sql.delta.metering.DeltaLogging.recordFrameProfile(DeltaLogging.scala:140)","logger":"airflow.task.operators.airflow.providers.docker.operators.docker.DockerOperator","filename":"docker.py","lineno":71}
{"timestamp":"2026-05-21T01:19:25.230715Z","level":"info","event":"\tat org.apache.spark.sql.delta.metering.DeltaLogging.recordFrameProfile$(DeltaLogging.scala:138)","logger":"airflow.task.operators.airflow.providers.docker.operators.docker.DockerOperator","filename":"docker.py","lineno":71}
{"timestamp":"2026-05-21T01:19:25.230745Z","level":"info","event":"\tat org.apache.spark.sql.delta.DeltaLog$.recordFrameProfile(DeltaLog.scala:595)","logger":"airflow.task.operators.airflow.providers.docker.operators.docker.DockerOperator","filename":"docker.py","lineno":71}
{"timestamp":"2026-05-21T01:19:25.230776Z","level":"info","event":"\tat org.apache.spark.sql.delta.metering.DeltaLogging.$anonfun$recordDeltaOperationInternal$1(DeltaLogging.scala:133)","logger":"airflow.task.operators.airflow.providers.docker.operators.docker.DockerOperator","filename":"docker.py","lineno":71}
{"timestamp":"2026-05-21T01:19:25.230805Z","level":"info","event":"\tat com.databricks.spark.util.DatabricksLogging.recordOperation(DatabricksLogging.scala:128)","logger":"airflow.task.operators.airflow.providers.docker.operators.docker.DockerOperator","filename":"docker.py","lineno":71}
{"timestamp":"2026-05-21T01:19:25.230884Z","level":"info","event":"\tat com.databricks.spark.util.DatabricksLogging.recordOperation$(DatabricksLogging.scala:117)","logger":"airflow.task.operators.airflow.providers.docker.operators.docker.DockerOperator","filename":"docker.py","lineno":71}
{"timestamp":"2026-05-21T01:19:25.230924Z","level":"info","event":"\tat org.apache.spark.sql.delta.DeltaLog$.recordOperation(DeltaLog.scala:595)","logger":"airflow.task.operators.airflow.providers.docker.operators.docker.DockerOperator","filename":"docker.py","lineno":71}
{"timestamp":"2026-05-21T01:19:25.230955Z","level":"info","event":"\tat org.apache.spark.sql.delta.metering.DeltaLogging.recordDeltaOperationInternal(DeltaLogging.scala:132)","logger":"airflow.task.operators.airflow.providers.docker.operators.docker.DockerOperator","filename":"docker.py","lineno":71}
{"timestamp":"2026-05-21T01:19:25.230985Z","level":"info","event":"\tat org.apache.spark.sql.delta.metering.DeltaLogging.recordDeltaOperation(DeltaLogging.scala:122)","logger":"airflow.task.operators.airflow.providers.docker.operators.docker.DockerOperator","filename":"docker.py","lineno":71}
{"timestamp":"2026-05-21T01:19:25.231016Z","level":"info","event":"\tat org.apache.spark.sql.delta.metering.DeltaLogging.recordDeltaOperation$(DeltaLogging.scala:112)","logger":"airflow.task.operators.airflow.providers.docker.operators.docker.DockerOperator","filename":"docker.py","lineno":71}
{"timestamp":"2026-05-21T01:19:25.231046Z","level":"info","event":"\tat org.apache.spark.sql.delta.DeltaLog$.recordDeltaOperation(DeltaLog.scala:595)","logger":"airflow.task.operators.airflow.providers.docker.operators.docker.DockerOperator","filename":"docker.py","lineno":71}
{"timestamp":"2026-05-21T01:19:25.231074Z","level":"info","event":"\tat org.apache.spark.sql.delta.DeltaLog$.createDeltaLog$1(DeltaLog.scala:784)","logger":"airflow.task.operators.airflow.providers.docker.operators.docker.DockerOperator","filename":"docker.py","lineno":71}
{"timestamp":"2026-05-21T01:19:25.231102Z","level":"info","event":"\tat org.apache.spark.sql.delta.DeltaLog$.$anonfun$apply$5(DeltaLog.scala:802)","logger":"airflow.task.operators.airflow.providers.docker.operators.docker.DockerOperator","filename":"docker.py","lineno":71}
{"timestamp":"2026-05-21T01:19:25.231129Z","level":"info","event":"\tat com.google.common.cache.LocalCache$LocalManualCache$1.load(LocalCache.java:4792)","logger":"airflow.task.operators.airflow.providers.docker.operators.docker.DockerOperator","filename":"docker.py","lineno":71}
{"timestamp":"2026-05-21T01:19:25.231161Z","level":"info","event":"\tat com.google.common.cache.LocalCache$LoadingValueReference.loadFuture(LocalCache.java:3599)","logger":"airflow.task.operators.airflow.providers.docker.operators.docker.DockerOperator","filename":"docker.py","lineno":71}
{"timestamp":"2026-05-21T01:19:25.231216Z","level":"info","event":"\tat com.google.common.cache.LocalCache$Segment.loadSync(LocalCache.java:2379)","logger":"airflow.task.operators.airflow.providers.docker.operators.docker.DockerOperator","filename":"docker.py","lineno":71}
{"timestamp":"2026-05-21T01:19:25.231264Z","level":"info","event":"\tat com.google.common.cache.LocalCache$Segment.lockedGetOrLoad(LocalCache.java:2342)","logger":"airflow.task.operators.airflow.providers.docker.operators.docker.DockerOperator","filename":"docker.py","lineno":71}
{"timestamp":"2026-05-21T01:19:25.231300Z","level":"info","event":"\tat com.google.common.cache.LocalCache$Segment.get(LocalCache.java:2257)","logger":"airflow.task.operators.airflow.providers.docker.operators.docker.DockerOperator","filename":"docker.py","lineno":71}
{"timestamp":"2026-05-21T01:19:25.231329Z","level":"info","event":"\tat com.google.common.cache.LocalCache.get(LocalCache.java:4000)","logger":"airflow.task.operators.airflow.providers.docker.operators.docker.DockerOperator","filename":"docker.py","lineno":71}
{"timestamp":"2026-05-21T01:19:25.231359Z","level":"info","event":"\tat com.google.common.cache.LocalCache$LocalManualCache.get(LocalCache.java:4789)","logger":"airflow.task.operators.airflow.providers.docker.operators.docker.DockerOperator","filename":"docker.py","lineno":71}
{"timestamp":"2026-05-21T01:19:25.231389Z","level":"info","event":"\tat org.apache.spark.sql.delta.DeltaLog$.getDeltaLogFromCache$1(DeltaLog.scala:801)","logger":"airflow.task.operators.airflow.providers.docker.operators.docker.DockerOperator","filename":"docker.py","lineno":71}
{"timestamp":"2026-05-21T01:19:25.231419Z","level":"info","event":"\tat org.apache.spark.sql.delta.DeltaLog$.apply(DeltaLog.scala:811)","logger":"airflow.task.operators.airflow.providers.docker.operators.docker.DockerOperator","filename":"docker.py","lineno":71}
{"timestamp":"2026-05-21T01:19:25.231447Z","level":"info","event":"\tat org.apache.spark.sql.delta.DeltaLog$.forTable(DeltaLog.scala:658)","logger":"airflow.task.operators.airflow.providers.docker.operators.docker.DockerOperator","filename":"docker.py","lineno":71}
{"timestamp":"2026-05-21T01:19:25.231474Z","level":"info","event":"\tat org.apache.spark.sql.delta.catalog.DeltaTableV2.deltaLog$lzycompute(DeltaTableV2.scala:85)","logger":"airflow.task.operators.airflow.providers.docker.operators.docker.DockerOperator","filename":"docker.py","lineno":71}
{"timestamp":"2026-05-21T01:19:25.231501Z","level":"info","event":"\tat org.apache.spark.sql.delta.catalog.DeltaTableV2.deltaLog(DeltaTableV2.scala:84)","logger":"airflow.task.operators.airflow.providers.docker.operators.docker.DockerOperator","filename":"docker.py","lineno":71}
{"timestamp":"2026-05-21T01:19:25.231542Z","level":"info","event":"\tat org.apache.spark.sql.delta.catalog.DeltaTableV2.$anonfun$snapshot$3(DeltaTableV2.scala:122)","logger":"airflow.task.operators.airflow.providers.docker.operators.docker.DockerOperator","filename":"docker.py","lineno":71}
{"timestamp":"2026-05-21T01:19:25.231574Z","level":"info","event":"\tat scala.Option.getOrElse(Option.scala:189)","logger":"airflow.task.operators.airflow.providers.docker.operators.docker.DockerOperator","filename":"docker.py","lineno":71}
{"timestamp":"2026-05-21T01:19:25.231603Z","level":"info","event":"\tat org.apache.spark.sql.delta.catalog.DeltaTableV2.snapshot$lzycompute(DeltaTableV2.scala:122)","logger":"airflow.task.operators.airflow.providers.docker.operators.docker.DockerOperator","filename":"docker.py","lineno":71}
{"timestamp":"2026-05-21T01:19:25.231630Z","level":"info","event":"\tat org.apache.spark.sql.delta.catalog.DeltaTableV2.snapshot(DeltaTableV2.scala:103)","logger":"airflow.task.operators.airflow.providers.docker.operators.docker.DockerOperator","filename":"docker.py","lineno":71}
{"timestamp":"2026-05-21T01:19:25.231658Z","level":"info","event":"\tat org.apache.spark.sql.delta.catalog.DeltaTableV2.toBaseRelation(DeltaTableV2.scala:178)","logger":"airflow.task.operators.airflow.providers.docker.operators.docker.DockerOperator","filename":"docker.py","lineno":71}
{"timestamp":"2026-05-21T01:19:25.231685Z","level":"info","event":"\tat org.apache.spark.sql.delta.sources.DeltaDataSource.$anonfun$createRelation$5(DeltaDataSource.scala:230)","logger":"airflow.task.operators.airflow.providers.docker.operators.docker.DockerOperator","filename":"docker.py","lineno":71}
{"timestamp":"2026-05-21T01:19:25.231712Z","level":"info","event":"\tat org.apache.spark.sql.delta.metering.DeltaLogging.recordFrameProfile(DeltaLogging.scala:140)","logger":"airflow.task.operators.airflow.providers.docker.operators.docker.DockerOperator","filename":"docker.py","lineno":71}
{"timestamp":"2026-05-21T01:19:25.231740Z","level":"info","event":"\tat org.apache.spark.sql.delta.metering.DeltaLogging.recordFrameProfile$(DeltaLogging.scala:138)","logger":"airflow.task.operators.airflow.providers.docker.operators.docker.DockerOperator","filename":"docker.py","lineno":71}
{"timestamp":"2026-05-21T01:19:25.231772Z","level":"info","event":"\tat org.apache.spark.sql.delta.sources.DeltaDataSource.recordFrameProfile(DeltaDataSource.scala:49)","logger":"airflow.task.operators.airflow.providers.docker.operators.docker.DockerOperator","filename":"docker.py","lineno":71}
{"timestamp":"2026-05-21T01:19:25.231802Z","level":"info","event":"\tat org.apache.spark.sql.delta.sources.DeltaDataSource.createRelation(DeltaDataSource.scala:188)","logger":"airflow.task.operators.airflow.providers.docker.operators.docker.DockerOperator","filename":"docker.py","lineno":71}
{"timestamp":"2026-05-21T01:19:25.231881Z","level":"info","event":"\tat org.apache.spark.sql.execution.datasources.DataSource.resolveRelation(DataSource.scala:346)","logger":"airflow.task.operators.airflow.providers.docker.operators.docker.DockerOperator","filename":"docker.py","lineno":71}
{"timestamp":"2026-05-21T01:19:25.231926Z","level":"info","event":"\tat org.apache.spark.sql.DataFrameReader.loadV1Source(DataFrameReader.scala:229)","logger":"airflow.task.operators.airflow.providers.docker.operators.docker.DockerOperator","filename":"docker.py","lineno":71}
{"timestamp":"2026-05-21T01:19:25.231958Z","level":"info","event":"\tat org.apache.spark.sql.DataFrameReader.$anonfun$load$2(DataFrameReader.scala:211)","logger":"airflow.task.operators.airflow.providers.docker.operators.docker.DockerOperator","filename":"docker.py","lineno":71}
{"timestamp":"2026-05-21T01:19:25.231987Z","level":"info","event":"\tat scala.Option.getOrElse(Option.scala:189)","logger":"airflow.task.operators.airflow.providers.docker.operators.docker.DockerOperator","filename":"docker.py","lineno":71}
{"timestamp":"2026-05-21T01:19:25.232020Z","level":"info","event":"\tat org.apache.spark.sql.DataFrameReader.load(DataFrameReader.scala:211)","logger":"airflow.task.operators.airflow.providers.docker.operators.docker.DockerOperator","filename":"docker.py","lineno":71}
{"timestamp":"2026-05-21T01:19:25.232050Z","level":"info","event":"\tat org.apache.spark.sql.DataFrameReader.load(DataFrameReader.scala:186)","logger":"airflow.task.operators.airflow.providers.docker.operators.docker.DockerOperator","filename":"docker.py","lineno":71}
{"timestamp":"2026-05-21T01:19:25.232078Z","level":"info","event":"\tat java.base/jdk.internal.reflect.NativeMethodAccessorImpl.invoke0(Native Method)","logger":"airflow.task.operators.airflow.providers.docker.operators.docker.DockerOperator","filename":"docker.py","lineno":71}
{"timestamp":"2026-05-21T01:19:25.232106Z","level":"info","event":"\tat java.base/jdk.internal.reflect.NativeMethodAccessorImpl.invoke(Unknown Source)","logger":"airflow.task.operators.airflow.providers.docker.operators.docker.DockerOperator","filename":"docker.py","lineno":71}
{"timestamp":"2026-05-21T01:19:25.232146Z","level":"info","event":"\tat java.base/jdk.internal.reflect.DelegatingMethodAccessorImpl.invoke(Unknown Source)","logger":"airflow.task.operators.airflow.providers.docker.operators.docker.DockerOperator","filename":"docker.py","lineno":71}
{"timestamp":"2026-05-21T01:19:25.232199Z","level":"info","event":"\tat java.base/java.lang.reflect.Method.invoke(Unknown Source)","logger":"airflow.task.operators.airflow.providers.docker.operators.docker.DockerOperator","filename":"docker.py","lineno":71}
{"timestamp":"2026-05-21T01:19:25.232237Z","level":"info","event":"\tat py4j.reflection.MethodInvoker.invoke(MethodInvoker.java:244)","logger":"airflow.task.operators.airflow.providers.docker.operators.docker.DockerOperator","filename":"docker.py","lineno":71}
{"timestamp":"2026-05-21T01:19:25.232268Z","level":"info","event":"\tat py4j.reflection.ReflectionEngine.invoke(ReflectionEngine.java:374)","logger":"airflow.task.operators.airflow.providers.docker.operators.docker.DockerOperator","filename":"docker.py","lineno":71}
{"timestamp":"2026-05-21T01:19:25.232297Z","level":"info","event":"\tat py4j.Gateway.invoke(Gateway.java:282)","logger":"airflow.task.operators.airflow.providers.docker.operators.docker.DockerOperator","filename":"docker.py","lineno":71}
{"timestamp":"2026-05-21T01:19:25.232326Z","level":"info","event":"\tat py4j.commands.AbstractCommand.invokeMethod(AbstractCommand.java:132)","logger":"airflow.task.operators.airflow.providers.docker.operators.docker.DockerOperator","filename":"docker.py","lineno":71}
{"timestamp":"2026-05-21T01:19:25.232354Z","level":"info","event":"\tat py4j.commands.CallCommand.execute(CallCommand.java:79)","logger":"airflow.task.operators.airflow.providers.docker.operators.docker.DockerOperator","filename":"docker.py","lineno":71}
{"timestamp":"2026-05-21T01:19:25.232382Z","level":"info","event":"\tat py4j.ClientServerConnection.waitForCommands(ClientServerConnection.java:182)","logger":"airflow.task.operators.airflow.providers.docker.operators.docker.DockerOperator","filename":"docker.py","lineno":71}
{"timestamp":"2026-05-21T01:19:25.232410Z","level":"info","event":"\tat py4j.ClientServerConnection.run(ClientServerConnection.java:106)","logger":"airflow.task.operators.airflow.providers.docker.operators.docker.DockerOperator","filename":"docker.py","lineno":71}
{"timestamp":"2026-05-21T01:19:25.232438Z","level":"info","event":"\tat java.base/java.lang.Thread.run(Unknown Source)","logger":"airflow.task.operators.airflow.providers.docker.operators.docker.DockerOperator","filename":"docker.py","lineno":71}
{"timestamp":"2026-05-21T01:19:25.232467Z","level":"info","event":"","logger":"airflow.task.operators.airflow.providers.docker.operators.docker.DockerOperator","filename":"docker.py","lineno":71}
{"timestamp":"2026-05-21T01:19:25.232902Z","level":"info","event":"2026-05-21 01:19:25,216 - ERROR - Error processing table sales_by_country: An error occurred while calling o51.load.","logger":"airflow.task.operators.airflow.providers.docker.operators.docker.DockerOperator","filename":"docker.py","lineno":71}
{"timestamp":"2026-05-21T01:19:25.232989Z","level":"info","event":": java.lang.ClassCastException: class org.apache.hadoop.fs.s3a.S3AFileStatus cannot be cast to class org.apache.spark.sql.execution.datasources.FileStatusWithMetadata (org.apache.hadoop.fs.s3a.S3AFileStatus and org.apache.spark.sql.execution.datasources.FileStatusWithMetadata are in unnamed module of loader 'app')","logger":"airflow.task.operators.airflow.providers.docker.operators.docker.DockerOperator","filename":"docker.py","lineno":71}
{"timestamp":"2026-05-21T01:19:25.233039Z","level":"info","event":"\tat scala.collection.TraversableLike.$anonfun$map$1(TraversableLike.scala:286)","logger":"airflow.task.operators.airflow.providers.docker.operators.docker.DockerOperator","filename":"docker.py","lineno":71}
{"timestamp":"2026-05-21T01:19:25.233077Z","level":"info","event":"\tat scala.collection.IndexedSeqOptimized.foreach(IndexedSeqOptimized.scala:36)","logger":"airflow.task.operators.airflow.providers.docker.operators.docker.DockerOperator","filename":"docker.py","lineno":71}
{"timestamp":"2026-05-21T01:19:25.233109Z","level":"info","event":"\tat scala.collection.IndexedSeqOptimized.foreach$(IndexedSeqOptimized.scala:33)","logger":"airflow.task.operators.airflow.providers.docker.operators.docker.DockerOperator","filename":"docker.py","lineno":71}
{"timestamp":"2026-05-21T01:19:25.233139Z","level":"info","event":"\tat scala.collection.mutable.WrappedArray.foreach(WrappedArray.scala:38)","logger":"airflow.task.operators.airflow.providers.docker.operators.docker.DockerOperator","filename":"docker.py","lineno":71}
{"timestamp":"2026-05-21T01:19:25.233171Z","level":"info","event":"\tat scala.collection.TraversableLike.map(TraversableLike.scala:286)","logger":"airflow.task.operators.airflow.providers.docker.operators.docker.DockerOperator","filename":"docker.py","lineno":71}
{"timestamp":"2026-05-21T01:19:25.233200Z","level":"info","event":"\tat scala.collection.TraversableLike.map$(TraversableLike.scala:279)","logger":"airflow.task.operators.airflow.providers.docker.operators.docker.DockerOperator","filename":"docker.py","lineno":71}
{"timestamp":"2026-05-21T01:19:25.233229Z","level":"info","event":"\tat scala.collection.AbstractTraversable.map(Traversable.scala:108)","logger":"airflow.task.operators.airflow.providers.docker.operators.docker.DockerOperator","filename":"docker.py","lineno":71}
{"timestamp":"2026-05-21T01:19:25.233258Z","level":"info","event":"\tat org.apache.spark.sql.execution.FileSourceScanLike.$anonfun$setFilesNumAndSizeMetric$2(DataSourceScanExec.scala:466)","logger":"airflow.task.operators.airflow.providers.docker.operators.docker.DockerOperator","filename":"docker.py","lineno":71}
{"timestamp":"2026-05-21T01:19:25.233290Z","level":"info","event":"\tat org.apache.spark.sql.execution.FileSourceScanLike.$anonfun$setFilesNumAndSizeMetric$2$adapted(DataSourceScanExec.scala:466)","logger":"airflow.task.operators.airflow.providers.docker.operators.docker.DockerOperator","filename":"docker.py","lineno":71}
{"timestamp":"2026-05-21T01:19:25.233319Z","level":"info","event":"\tat scala.collection.immutable.List.map(List.scala:293)","logger":"airflow.task.operators.airflow.providers.docker.operators.docker.DockerOperator","filename":"docker.py","lineno":71}
{"timestamp":"2026-05-21T01:19:25.233350Z","level":"info","event":"\tat org.apache.spark.sql.execution.FileSourceScanLike.setFilesNumAndSizeMetric(DataSourceScanExec.scala:466)","logger":"airflow.task.operators.airflow.providers.docker.operators.docker.DockerOperator","filename":"docker.py","lineno":71}
{"timestamp":"2026-05-21T01:19:25.233381Z","level":"info","event":"\tat org.apache.spark.sql.execution.FileSourceScanLike.selectedPartitions(DataSourceScanExec.scala:257)","logger":"airflow.task.operators.airflow.providers.docker.operators.docker.DockerOperator","filename":"docker.py","lineno":71}
{"timestamp":"2026-05-21T01:19:25.233411Z","level":"info","event":"\tat org.apache.spark.sql.execution.FileSourceScanLike.selectedPartitions$(DataSourceScanExec.scala:251)","logger":"airflow.task.operators.airflow.providers.docker.operators.docker.DockerOperator","filename":"docker.py","lineno":71}
{"timestamp":"2026-05-21T01:19:25.233441Z","level":"info","event":"\tat org.apache.spark.sql.execution.FileSourceScanExec.selectedPartitions$lzycompute(DataSourceScanExec.scala:506)","logger":"airflow.task.operators.airflow.providers.docker.operators.docker.DockerOperator","filename":"docker.py","lineno":71}
{"timestamp":"2026-05-21T01:19:25.233470Z","level":"info","event":"\tat org.apache.spark.sql.execution.FileSourceScanExec.selectedPartitions(DataSourceScanExec.scala:506)","logger":"airflow.task.operators.airflow.providers.docker.operators.docker.DockerOperator","filename":"docker.py","lineno":71}
{"timestamp":"2026-05-21T01:19:25.233498Z","level":"info","event":"\tat org.apache.spark.sql.execution.FileSourceScanLike.dynamicallySelectedPartitions(DataSourceScanExec.scala:286)","logger":"airflow.task.operators.airflow.providers.docker.operators.docker.DockerOperator","filename":"docker.py","lineno":71}
{"timestamp":"2026-05-21T01:19:25.233541Z","level":"info","event":"\tat org.apache.spark.sql.execution.FileSourceScanLike.dynamicallySelectedPartitions$(DataSourceScanExec.scala:267)","logger":"airflow.task.operators.airflow.providers.docker.operators.docker.DockerOperator","filename":"docker.py","lineno":71}
{"timestamp":"2026-05-21T01:19:25.233572Z","level":"info","event":"\tat org.apache.spark.sql.execution.FileSourceScanExec.dynamicallySelectedPartitions$lzycompute(DataSourceScanExec.scala:506)","logger":"airflow.task.operators.airflow.providers.docker.operators.docker.DockerOperator","filename":"docker.py","lineno":71}
{"timestamp":"2026-05-21T01:19:25.233602Z","level":"info","event":"\tat org.apache.spark.sql.execution.FileSourceScanExec.dynamicallySelectedPartitions(DataSourceScanExec.scala:506)","logger":"airflow.task.operators.airflow.providers.docker.operators.docker.DockerOperator","filename":"docker.py","lineno":71}
{"timestamp":"2026-05-21T01:19:25.233631Z","level":"info","event":"\tat org.apache.spark.sql.execution.FileSourceScanExec.inputRDD$lzycompute(DataSourceScanExec.scala:553)","logger":"airflow.task.operators.airflow.providers.docker.operators.docker.DockerOperator","filename":"docker.py","lineno":71}
{"timestamp":"2026-05-21T01:19:25.233659Z","level":"info","event":"\tat org.apache.spark.sql.execution.FileSourceScanExec.inputRDD(DataSourceScanExec.scala:537)","logger":"airflow.task.operators.airflow.providers.docker.operators.docker.DockerOperator","filename":"docker.py","lineno":71}
{"timestamp":"2026-05-21T01:19:25.233687Z","level":"info","event":"\tat org.apache.spark.sql.execution.FileSourceScanExec.doExecute(DataSourceScanExec.scala:575)","logger":"airflow.task.operators.airflow.providers.docker.operators.docker.DockerOperator","filename":"docker.py","lineno":71}
{"timestamp":"2026-05-21T01:19:25.233715Z","level":"info","event":"\tat org.apache.spark.sql.execution.SparkPlan.$anonfun$execute$1(SparkPlan.scala:195)","logger":"airflow.task.operators.airflow.providers.docker.operators.docker.DockerOperator","filename":"docker.py","lineno":71}
{"timestamp":"2026-05-21T01:19:25.233743Z","level":"info","event":"\tat org.apache.spark.sql.execution.SparkPlan.$anonfun$executeQuery$1(SparkPlan.scala:246)","logger":"airflow.task.operators.airflow.providers.docker.operators.docker.DockerOperator","filename":"docker.py","lineno":71}
{"timestamp":"2026-05-21T01:19:25.233772Z","level":"info","event":"\tat org.apache.spark.rdd.RDDOperationScope$.withScope(RDDOperationScope.scala:151)","logger":"airflow.task.operators.airflow.providers.docker.operators.docker.DockerOperator","filename":"docker.py","lineno":71}
{"timestamp":"2026-05-21T01:19:25.233803Z","level":"info","event":"\tat org.apache.spark.sql.execution.SparkPlan.executeQuery(SparkPlan.scala:243)","logger":"airflow.task.operators.airflow.providers.docker.operators.docker.DockerOperator","filename":"docker.py","lineno":71}
{"timestamp":"2026-05-21T01:19:25.233869Z","level":"info","event":"\tat org.apache.spark.sql.execution.SparkPlan.execute(SparkPlan.scala:191)","logger":"airflow.task.operators.airflow.providers.docker.operators.docker.DockerOperator","filename":"docker.py","lineno":71}
{"timestamp":"2026-05-21T01:19:25.233913Z","level":"info","event":"\tat org.apache.spark.sql.execution.InputAdapter.inputRDD(WholeStageCodegenExec.scala:527)","logger":"airflow.task.operators.airflow.providers.docker.operators.docker.DockerOperator","filename":"docker.py","lineno":71}
{"timestamp":"2026-05-21T01:19:25.233945Z","level":"info","event":"\tat org.apache.spark.sql.execution.InputRDDCodegen.inputRDDs(WholeStageCodegenExec.scala:455)","logger":"airflow.task.operators.airflow.providers.docker.operators.docker.DockerOperator","filename":"docker.py","lineno":71}
{"timestamp":"2026-05-21T01:19:25.233973Z","level":"info","event":"\tat org.apache.spark.sql.execution.InputRDDCodegen.inputRDDs$(WholeStageCodegenExec.scala:454)","logger":"airflow.task.operators.airflow.providers.docker.operators.docker.DockerOperator","filename":"docker.py","lineno":71}
{"timestamp":"2026-05-21T01:19:25.234002Z","level":"info","event":"\tat org.apache.spark.sql.execution.InputAdapter.inputRDDs(WholeStageCodegenExec.scala:498)","logger":"airflow.task.operators.airflow.providers.docker.operators.docker.DockerOperator","filename":"docker.py","lineno":71}
{"timestamp":"2026-05-21T01:19:25.234039Z","level":"info","event":"\tat org.apache.spark.sql.execution.ProjectExec.inputRDDs(basicPhysicalOperators.scala:51)","logger":"airflow.task.operators.airflow.providers.docker.operators.docker.DockerOperator","filename":"docker.py","lineno":71}
{"timestamp":"2026-05-21T01:19:25.234068Z","level":"info","event":"\tat org.apache.spark.sql.execution.FilterExec.inputRDDs(basicPhysicalOperators.scala:242)","logger":"airflow.task.operators.airflow.providers.docker.operators.docker.DockerOperator","filename":"docker.py","lineno":71}
{"timestamp":"2026-05-21T01:19:25.234096Z","level":"info","event":"\tat org.apache.spark.sql.execution.ProjectExec.inputRDDs(basicPhysicalOperators.scala:51)","logger":"airflow.task.operators.airflow.providers.docker.operators.docker.DockerOperator","filename":"docker.py","lineno":71}
{"timestamp":"2026-05-21T01:19:25.234123Z","level":"info","event":"\tat org.apache.spark.sql.execution.WholeStageCodegenExec.doExecute(WholeStageCodegenExec.scala:751)","logger":"airflow.task.operators.airflow.providers.docker.operators.docker.DockerOperator","filename":"docker.py","lineno":71}
{"timestamp":"2026-05-21T01:19:25.234151Z","level":"info","event":"\tat org.apache.spark.sql.execution.SparkPlan.$anonfun$execute$1(SparkPlan.scala:195)","logger":"airflow.task.operators.airflow.providers.docker.operators.docker.DockerOperator","filename":"docker.py","lineno":71}
{"timestamp":"2026-05-21T01:19:25.234179Z","level":"info","event":"\tat org.apache.spark.sql.execution.SparkPlan.$anonfun$executeQuery$1(SparkPlan.scala:246)","logger":"airflow.task.operators.airflow.providers.docker.operators.docker.DockerOperator","filename":"docker.py","lineno":71}
{"timestamp":"2026-05-21T01:19:25.234207Z","level":"info","event":"\tat org.apache.spark.rdd.RDDOperationScope$.withScope(RDDOperationScope.scala:151)","logger":"airflow.task.operators.airflow.providers.docker.operators.docker.DockerOperator","filename":"docker.py","lineno":71}
{"timestamp":"2026-05-21T01:19:25.234234Z","level":"info","event":"\tat org.apache.spark.sql.execution.SparkPlan.executeQuery(SparkPlan.scala:243)","logger":"airflow.task.operators.airflow.providers.docker.operators.docker.DockerOperator","filename":"docker.py","lineno":71}
{"timestamp":"2026-05-21T01:19:25.234264Z","level":"info","event":"\tat org.apache.spark.sql.execution.SparkPlan.execute(SparkPlan.scala:191)","logger":"airflow.task.operators.airflow.providers.docker.operators.docker.DockerOperator","filename":"docker.py","lineno":71}
{"timestamp":"2026-05-21T01:19:25.234292Z","level":"info","event":"\tat org.apache.spark.sql.execution.SparkPlan.getByteArrayRdd(SparkPlan.scala:364)","logger":"airflow.task.operators.airflow.providers.docker.operators.docker.DockerOperator","filename":"docker.py","lineno":71}
{"timestamp":"2026-05-21T01:19:25.234320Z","level":"info","event":"\tat org.apache.spark.sql.execution.SparkPlan.executeCollect(SparkPlan.scala:445)","logger":"airflow.task.operators.airflow.providers.docker.operators.docker.DockerOperator","filename":"docker.py","lineno":71}
{"timestamp":"2026-05-21T01:19:25.234347Z","level":"info","event":"\tat org.apache.spark.sql.Dataset.collectFromPlan(Dataset.scala:4344)","logger":"airflow.task.operators.airflow.providers.docker.operators.docker.DockerOperator","filename":"docker.py","lineno":71}
{"timestamp":"2026-05-21T01:19:25.234374Z","level":"info","event":"\tat org.apache.spark.sql.Dataset.$anonfun$collect$1(Dataset.scala:3585)","logger":"airflow.task.operators.airflow.providers.docker.operators.docker.DockerOperator","filename":"docker.py","lineno":71}
{"timestamp":"2026-05-21T01:19:25.234401Z","level":"info","event":"\tat org.apache.spark.sql.Dataset.$anonfun$withAction$2(Dataset.scala:4334)","logger":"airflow.task.operators.airflow.providers.docker.operators.docker.DockerOperator","filename":"docker.py","lineno":71}
{"timestamp":"2026-05-21T01:19:25.234427Z","level":"info","event":"\tat org.apache.spark.sql.execution.QueryExecution$.withInternalError(QueryExecution.scala:546)","logger":"airflow.task.operators.airflow.providers.docker.operators.docker.DockerOperator","filename":"docker.py","lineno":71}
{"timestamp":"2026-05-21T01:19:25.234454Z","level":"info","event":"\tat org.apache.spark.sql.Dataset.$anonfun$withAction$1(Dataset.scala:4332)","logger":"airflow.task.operators.airflow.providers.docker.operators.docker.DockerOperator","filename":"docker.py","lineno":71}
{"timestamp":"2026-05-21T01:19:25.234480Z","level":"info","event":"\tat org.apache.spark.sql.execution.SQLExecution$.$anonfun$withNewExecutionId$6(SQLExecution.scala:125)","logger":"airflow.task.operators.airflow.providers.docker.operators.docker.DockerOperator","filename":"docker.py","lineno":71}
{"timestamp":"2026-05-21T01:19:25.234507Z","level":"info","event":"\tat org.apache.spark.sql.execution.SQLExecution$.withSQLConfPropagated(SQLExecution.scala:201)","logger":"airflow.task.operators.airflow.providers.docker.operators.docker.DockerOperator","filename":"docker.py","lineno":71}
{"timestamp":"2026-05-21T01:19:25.234545Z","level":"info","event":"\tat org.apache.spark.sql.execution.SQLExecution$.$anonfun$withNewExecutionId$1(SQLExecution.scala:108)","logger":"airflow.task.operators.airflow.providers.docker.operators.docker.DockerOperator","filename":"docker.py","lineno":71}
{"timestamp":"2026-05-21T01:19:25.234600Z","level":"info","event":"\tat org.apache.spark.sql.SparkSession.withActive(SparkSession.scala:900)","logger":"airflow.task.operators.airflow.providers.docker.operators.docker.DockerOperator","filename":"docker.py","lineno":71}
{"timestamp":"2026-05-21T01:19:25.234658Z","level":"info","event":"\tat org.apache.spark.sql.execution.SQLExecution$.withNewExecutionId(SQLExecution.scala:66)","logger":"airflow.task.operators.airflow.providers.docker.operators.docker.DockerOperator","filename":"docker.py","lineno":71}
{"timestamp":"2026-05-21T01:19:25.234708Z","level":"info","event":"\tat org.apache.spark.sql.Dataset.withAction(Dataset.scala:4332)","logger":"airflow.task.operators.airflow.providers.docker.operators.docker.DockerOperator","filename":"docker.py","lineno":71}
{"timestamp":"2026-05-21T01:19:25.234752Z","level":"info","event":"\tat org.apache.spark.sql.Dataset.collect(Dataset.scala:3585)","logger":"airflow.task.operators.airflow.providers.docker.operators.docker.DockerOperator","filename":"docker.py","lineno":71}
{"timestamp":"2026-05-21T01:19:25.234785Z","level":"info","event":"\tat org.apache.spark.sql.delta.Snapshot.protocolAndMetadataReconstruction(Snapshot.scala:215)","logger":"airflow.task.operators.airflow.providers.docker.operators.docker.DockerOperator","filename":"docker.py","lineno":71}
{"timestamp":"2026-05-21T01:19:25.234814Z","level":"info","event":"\tat org.apache.spark.sql.delta.Snapshot.x$1$lzycompute(Snapshot.scala:134)","logger":"airflow.task.operators.airflow.providers.docker.operators.docker.DockerOperator","filename":"docker.py","lineno":71}
{"timestamp":"2026-05-21T01:19:25.234945Z","level":"info","event":"\tat org.apache.spark.sql.delta.Snapshot.x$1(Snapshot.scala:129)","logger":"airflow.task.operators.airflow.providers.docker.operators.docker.DockerOperator","filename":"docker.py","lineno":71}
{"timestamp":"2026-05-21T01:19:25.235003Z","level":"info","event":"\tat org.apache.spark.sql.delta.Snapshot._metadata$lzycompute(Snapshot.scala:129)","logger":"airflow.task.operators.airflow.providers.docker.operators.docker.DockerOperator","filename":"docker.py","lineno":71}
{"timestamp":"2026-05-21T01:19:25.235059Z","level":"info","event":"\tat org.apache.spark.sql.delta.Snapshot._metadata(Snapshot.scala:129)","logger":"airflow.task.operators.airflow.providers.docker.operators.docker.DockerOperator","filename":"docker.py","lineno":71}
{"timestamp":"2026-05-21T01:19:25.235098Z","level":"info","event":"\tat org.apache.spark.sql.delta.Snapshot.metadata(Snapshot.scala:197)","logger":"airflow.task.operators.airflow.providers.docker.operators.docker.DockerOperator","filename":"docker.py","lineno":71}
{"timestamp":"2026-05-21T01:19:25.235128Z","level":"info","event":"\tat org.apache.spark.sql.delta.Snapshot.toString(Snapshot.scala:390)","logger":"airflow.task.operators.airflow.providers.docker.operators.docker.DockerOperator","filename":"docker.py","lineno":71}
{"timestamp":"2026-05-21T01:19:25.235156Z","level":"info","event":"\tat java.base/java.lang.String.valueOf(Unknown Source)","logger":"airflow.task.operators.airflow.providers.docker.operators.docker.DockerOperator","filename":"docker.py","lineno":71}
{"timestamp":"2026-05-21T01:19:25.235184Z","level":"info","event":"\tat java.base/java.lang.StringBuilder.append(Unknown Source)","logger":"airflow.task.operators.airflow.providers.docker.operators.docker.DockerOperator","filename":"docker.py","lineno":71}
{"timestamp":"2026-05-21T01:19:25.235211Z","level":"info","event":"\tat org.apache.spark.sql.delta.Snapshot.$anonfun$new$1(Snapshot.scala:393)","logger":"airflow.task.operators.airflow.providers.docker.operators.docker.DockerOperator","filename":"docker.py","lineno":71}
{"timestamp":"2026-05-21T01:19:25.235238Z","level":"info","event":"\tat org.apache.spark.sql.delta.Snapshot.$anonfun$logInfo$1(Snapshot.scala:370)","logger":"airflow.task.operators.airflow.providers.docker.operators.docker.DockerOperator","filename":"docker.py","lineno":71}
{"timestamp":"2026-05-21T01:19:25.235265Z","level":"info","event":"\tat org.apache.spark.internal.Logging.logInfo(Logging.scala:60)","logger":"airflow.task.operators.airflow.providers.docker.operators.docker.DockerOperator","filename":"docker.py","lineno":71}
{"timestamp":"2026-05-21T01:19:25.235292Z","level":"info","event":"\tat org.apache.spark.internal.Logging.logInfo$(Logging.scala:59)","logger":"airflow.task.operators.airflow.providers.docker.operators.docker.DockerOperator","filename":"docker.py","lineno":71}
{"timestamp":"2026-05-21T01:19:25.235318Z","level":"info","event":"\tat org.apache.spark.sql.delta.Snapshot.logInfo(Snapshot.scala:370)","logger":"airflow.task.operators.airflow.providers.docker.operators.docker.DockerOperator","filename":"docker.py","lineno":71}
{"timestamp":"2026-05-21T01:19:25.235345Z","level":"info","event":"\tat org.apache.spark.sql.delta.Snapshot.<init>(Snapshot.scala:393)","logger":"airflow.task.operators.airflow.providers.docker.operators.docker.DockerOperator","filename":"docker.py","lineno":71}
{"timestamp":"2026-05-21T01:19:25.235400Z","level":"info","event":"\tat org.apache.spark.sql.delta.SnapshotManagement.$anonfun$createSnapshot$4(SnapshotManagement.scala:356)","logger":"airflow.task.operators.airflow.providers.docker.operators.docker.DockerOperator","filename":"docker.py","lineno":71}
{"timestamp":"2026-05-21T01:19:25.235429Z","level":"info","event":"\tat org.apache.spark.sql.delta.SnapshotManagement.createSnapshotFromGivenOrEquivalentLogSegment(SnapshotManagement.scala:480)","logger":"airflow.task.operators.airflow.providers.docker.operators.docker.DockerOperator","filename":"docker.py","lineno":71}
{"timestamp":"2026-05-21T01:19:25.235457Z","level":"info","event":"\tat org.apache.spark.sql.delta.SnapshotManagement.createSnapshotFromGivenOrEquivalentLogSegment$(SnapshotManagement.scala:468)","logger":"airflow.task.operators.airflow.providers.docker.operators.docker.DockerOperator","filename":"docker.py","lineno":71}
{"timestamp":"2026-05-21T01:19:25.235485Z","level":"info","event":"\tat org.apache.spark.sql.delta.DeltaLog.createSnapshotFromGivenOrEquivalentLogSegment(DeltaLog.scala:74)","logger":"airflow.task.operators.airflow.providers.docker.operators.docker.DockerOperator","filename":"docker.py","lineno":71}
{"timestamp":"2026-05-21T01:19:25.235521Z","level":"info","event":"\tat org.apache.spark.sql.delta.SnapshotManagement.createSnapshot(SnapshotManagement.scala:349)","logger":"airflow.task.operators.airflow.providers.docker.operators.docker.DockerOperator","filename":"docker.py","lineno":71}
{"timestamp":"2026-05-21T01:19:25.235574Z","level":"info","event":"\tat org.apache.spark.sql.delta.SnapshotManagement.createSnapshot$(SnapshotManagement.scala:343)","logger":"airflow.task.operators.airflow.providers.docker.operators.docker.DockerOperator","filename":"docker.py","lineno":71}
{"timestamp":"2026-05-21T01:19:25.235627Z","level":"info","event":"\tat org.apache.spark.sql.delta.DeltaLog.createSnapshot(DeltaLog.scala:74)","logger":"airflow.task.operators.airflow.providers.docker.operators.docker.DockerOperator","filename":"docker.py","lineno":71}
{"timestamp":"2026-05-21T01:19:25.235663Z","level":"info","event":"\tat org.apache.spark.sql.delta.SnapshotManagement.$anonfun$createSnapshotAtInitInternal$1(SnapshotManagement.scala:304)","logger":"airflow.task.operators.airflow.providers.docker.operators.docker.DockerOperator","filename":"docker.py","lineno":71}
{"timestamp":"2026-05-21T01:19:25.235694Z","level":"info","event":"\tat scala.Option.map(Option.scala:230)","logger":"airflow.task.operators.airflow.providers.docker.operators.docker.DockerOperator","filename":"docker.py","lineno":71}
{"timestamp":"2026-05-21T01:19:25.235726Z","level":"info","event":"\tat org.apache.spark.sql.delta.SnapshotManagement.createSnapshotAtInitInternal(SnapshotManagement.scala:301)","logger":"airflow.task.operators.airflow.providers.docker.operators.docker.DockerOperator","filename":"docker.py","lineno":71}
{"timestamp":"2026-05-21T01:19:25.235755Z","level":"info","event":"\tat org.apache.spark.sql.delta.SnapshotManagement.createSnapshotAtInitInternal$(SnapshotManagement.scala:298)","logger":"airflow.task.operators.airflow.providers.docker.operators.docker.DockerOperator","filename":"docker.py","lineno":71}
{"timestamp":"2026-05-21T01:19:25.235799Z","level":"info","event":"\tat org.apache.spark.sql.delta.DeltaLog.createSnapshotAtInitInternal(DeltaLog.scala:74)","logger":"airflow.task.operators.airflow.providers.docker.operators.docker.DockerOperator","filename":"docker.py","lineno":71}
{"timestamp":"2026-05-21T01:19:25.235875Z","level":"info","event":"\tat org.apache.spark.sql.delta.SnapshotManagement.$anonfun$getSnapshotAtInit$1(SnapshotManagement.scala:293)","logger":"airflow.task.operators.airflow.providers.docker.operators.docker.DockerOperator","filename":"docker.py","lineno":71}
{"timestamp":"2026-05-21T01:19:25.235934Z","level":"info","event":"\tat org.apache.spark.sql.delta.metering.DeltaLogging.recordFrameProfile(DeltaLogging.scala:140)","logger":"airflow.task.operators.airflow.providers.docker.operators.docker.DockerOperator","filename":"docker.py","lineno":71}
{"timestamp":"2026-05-21T01:19:25.235985Z","level":"info","event":"\tat org.apache.spark.sql.delta.metering.DeltaLogging.recordFrameProfile$(DeltaLogging.scala:138)","logger":"airflow.task.operators.airflow.providers.docker.operators.docker.DockerOperator","filename":"docker.py","lineno":71}
{"timestamp":"2026-05-21T01:19:25.236034Z","level":"info","event":"\tat org.apache.spark.sql.delta.DeltaLog.recordFrameProfile(DeltaLog.scala:74)","logger":"airflow.task.operators.airflow.providers.docker.operators.docker.DockerOperator","filename":"docker.py","lineno":71}
{"timestamp":"2026-05-21T01:19:25.236083Z","level":"info","event":"\tat org.apache.spark.sql.delta.SnapshotManagement.getSnapshotAtInit(SnapshotManagement.scala:288)","logger":"airflow.task.operators.airflow.providers.docker.operators.docker.DockerOperator","filename":"docker.py","lineno":71}
{"timestamp":"2026-05-21T01:19:25.236133Z","level":"info","event":"\tat org.apache.spark.sql.delta.SnapshotManagement.getSnapshotAtInit$(SnapshotManagement.scala:287)","logger":"airflow.task.operators.airflow.providers.docker.operators.docker.DockerOperator","filename":"docker.py","lineno":71}
{"timestamp":"2026-05-21T01:19:25.236182Z","level":"info","event":"\tat org.apache.spark.sql.delta.DeltaLog.getSnapshotAtInit(DeltaLog.scala:74)","logger":"airflow.task.operators.airflow.providers.docker.operators.docker.DockerOperator","filename":"docker.py","lineno":71}
{"timestamp":"2026-05-21T01:19:25.236235Z","level":"info","event":"\tat org.apache.spark.sql.delta.SnapshotManagement.$init$(SnapshotManagement.scala:57)","logger":"airflow.task.operators.airflow.providers.docker.operators.docker.DockerOperator","filename":"docker.py","lineno":71}
{"timestamp":"2026-05-21T01:19:25.236293Z","level":"info","event":"\tat org.apache.spark.sql.delta.DeltaLog.<init>(DeltaLog.scala:80)","logger":"airflow.task.operators.airflow.providers.docker.operators.docker.DockerOperator","filename":"docker.py","lineno":71}
{"timestamp":"2026-05-21T01:19:25.236351Z","level":"info","event":"\tat org.apache.spark.sql.delta.DeltaLog$.$anonfun$apply$4(DeltaLog.scala:790)","logger":"airflow.task.operators.airflow.providers.docker.operators.docker.DockerOperator","filename":"docker.py","lineno":71}
{"timestamp":"2026-05-21T01:19:25.236413Z","level":"info","event":"\tat org.apache.spark.sql.catalyst.plans.logical.AnalysisHelper$.allowInvokingTransformsInAnalyzer(AnalysisHelper.scala:323)","logger":"airflow.task.operators.airflow.providers.docker.operators.docker.DockerOperator","filename":"docker.py","lineno":71}
{"timestamp":"2026-05-21T01:19:25.236479Z","level":"info","event":"\tat org.apache.spark.sql.delta.DeltaLog$.$anonfun$apply$3(DeltaLog.scala:785)","logger":"airflow.task.operators.airflow.providers.docker.operators.docker.DockerOperator","filename":"docker.py","lineno":71}
{"timestamp":"2026-05-21T01:19:25.236561Z","level":"info","event":"\tat org.apache.spark.sql.delta.metering.DeltaLogging.recordFrameProfile(DeltaLogging.scala:140)","logger":"airflow.task.operators.airflow.providers.docker.operators.docker.DockerOperator","filename":"docker.py","lineno":71}
{"timestamp":"2026-05-21T01:19:25.236625Z","level":"info","event":"\tat org.apache.spark.sql.delta.metering.DeltaLogging.recordFrameProfile$(DeltaLogging.scala:138)","logger":"airflow.task.operators.airflow.providers.docker.operators.docker.DockerOperator","filename":"docker.py","lineno":71}
{"timestamp":"2026-05-21T01:19:25.236680Z","level":"info","event":"\tat org.apache.spark.sql.delta.DeltaLog$.recordFrameProfile(DeltaLog.scala:595)","logger":"airflow.task.operators.airflow.providers.docker.operators.docker.DockerOperator","filename":"docker.py","lineno":71}
{"timestamp":"2026-05-21T01:19:25.236738Z","level":"info","event":"\tat org.apache.spark.sql.delta.metering.DeltaLogging.$anonfun$recordDeltaOperationInternal$1(DeltaLogging.scala:133)","logger":"airflow.task.operators.airflow.providers.docker.operators.docker.DockerOperator","filename":"docker.py","lineno":71}
{"timestamp":"2026-05-21T01:19:25.236795Z","level":"info","event":"\tat com.databricks.spark.util.DatabricksLogging.recordOperation(DatabricksLogging.scala:128)","logger":"airflow.task.operators.airflow.providers.docker.operators.docker.DockerOperator","filename":"docker.py","lineno":71}
{"timestamp":"2026-05-21T01:19:25.236878Z","level":"info","event":"\tat com.databricks.spark.util.DatabricksLogging.recordOperation$(DatabricksLogging.scala:117)","logger":"airflow.task.operators.airflow.providers.docker.operators.docker.DockerOperator","filename":"docker.py","lineno":71}
{"timestamp":"2026-05-21T01:19:25.236937Z","level":"info","event":"\tat org.apache.spark.sql.delta.DeltaLog$.recordOperation(DeltaLog.scala:595)","logger":"airflow.task.operators.airflow.providers.docker.operators.docker.DockerOperator","filename":"docker.py","lineno":71}
{"timestamp":"2026-05-21T01:19:25.236990Z","level":"info","event":"\tat org.apache.spark.sql.delta.metering.DeltaLogging.recordDeltaOperationInternal(DeltaLogging.scala:132)","logger":"airflow.task.operators.airflow.providers.docker.operators.docker.DockerOperator","filename":"docker.py","lineno":71}
{"timestamp":"2026-05-21T01:19:25.237045Z","level":"info","event":"\tat org.apache.spark.sql.delta.metering.DeltaLogging.recordDeltaOperation(DeltaLogging.scala:122)","logger":"airflow.task.operators.airflow.providers.docker.operators.docker.DockerOperator","filename":"docker.py","lineno":71}
{"timestamp":"2026-05-21T01:19:25.237099Z","level":"info","event":"\tat org.apache.spark.sql.delta.metering.DeltaLogging.recordDeltaOperation$(DeltaLogging.scala:112)","logger":"airflow.task.operators.airflow.providers.docker.operators.docker.DockerOperator","filename":"docker.py","lineno":71}
{"timestamp":"2026-05-21T01:19:25.237149Z","level":"info","event":"\tat org.apache.spark.sql.delta.DeltaLog$.recordDeltaOperation(DeltaLog.scala:595)","logger":"airflow.task.operators.airflow.providers.docker.operators.docker.DockerOperator","filename":"docker.py","lineno":71}
{"timestamp":"2026-05-21T01:19:25.237199Z","level":"info","event":"\tat org.apache.spark.sql.delta.DeltaLog$.createDeltaLog$1(DeltaLog.scala:784)","logger":"airflow.task.operators.airflow.providers.docker.operators.docker.DockerOperator","filename":"docker.py","lineno":71}
{"timestamp":"2026-05-21T01:19:25.237250Z","level":"info","event":"\tat org.apache.spark.sql.delta.DeltaLog$.$anonfun$apply$5(DeltaLog.scala:802)","logger":"airflow.task.operators.airflow.providers.docker.operators.docker.DockerOperator","filename":"docker.py","lineno":71}
{"timestamp":"2026-05-21T01:19:25.237299Z","level":"info","event":"\tat com.google.common.cache.LocalCache$LocalManualCache$1.load(LocalCache.java:4792)","logger":"airflow.task.operators.airflow.providers.docker.operators.docker.DockerOperator","filename":"docker.py","lineno":71}
{"timestamp":"2026-05-21T01:19:25.237344Z","level":"info","event":"\tat com.google.common.cache.LocalCache$LoadingValueReference.loadFuture(LocalCache.java:3599)","logger":"airflow.task.operators.airflow.providers.docker.operators.docker.DockerOperator","filename":"docker.py","lineno":71}
{"timestamp":"2026-05-21T01:19:25.237387Z","level":"info","event":"\tat com.google.common.cache.LocalCache$Segment.loadSync(LocalCache.java:2379)","logger":"airflow.task.operators.airflow.providers.docker.operators.docker.DockerOperator","filename":"docker.py","lineno":71}
{"timestamp":"2026-05-21T01:19:25.237434Z","level":"info","event":"\tat com.google.common.cache.LocalCache$Segment.lockedGetOrLoad(LocalCache.java:2342)","logger":"airflow.task.operators.airflow.providers.docker.operators.docker.DockerOperator","filename":"docker.py","lineno":71}
{"timestamp":"2026-05-21T01:19:25.237484Z","level":"info","event":"\tat com.google.common.cache.LocalCache$Segment.get(LocalCache.java:2257)","logger":"airflow.task.operators.airflow.providers.docker.operators.docker.DockerOperator","filename":"docker.py","lineno":71}
{"timestamp":"2026-05-21T01:19:25.237560Z","level":"info","event":"\tat com.google.common.cache.LocalCache.get(LocalCache.java:4000)","logger":"airflow.task.operators.airflow.providers.docker.operators.docker.DockerOperator","filename":"docker.py","lineno":71}
{"timestamp":"2026-05-21T01:19:25.237620Z","level":"info","event":"\tat com.google.common.cache.LocalCache$LocalManualCache.get(LocalCache.java:4789)","logger":"airflow.task.operators.airflow.providers.docker.operators.docker.DockerOperator","filename":"docker.py","lineno":71}
{"timestamp":"2026-05-21T01:19:25.237668Z","level":"info","event":"\tat org.apache.spark.sql.delta.DeltaLog$.getDeltaLogFromCache$1(DeltaLog.scala:801)","logger":"airflow.task.operators.airflow.providers.docker.operators.docker.DockerOperator","filename":"docker.py","lineno":71}
{"timestamp":"2026-05-21T01:19:25.237702Z","level":"info","event":"\tat org.apache.spark.sql.delta.DeltaLog$.apply(DeltaLog.scala:811)","logger":"airflow.task.operators.airflow.providers.docker.operators.docker.DockerOperator","filename":"docker.py","lineno":71}
{"timestamp":"2026-05-21T01:19:25.237734Z","level":"info","event":"\tat org.apache.spark.sql.delta.DeltaLog$.forTable(DeltaLog.scala:658)","logger":"airflow.task.operators.airflow.providers.docker.operators.docker.DockerOperator","filename":"docker.py","lineno":71}
{"timestamp":"2026-05-21T01:19:25.237765Z","level":"info","event":"\tat org.apache.spark.sql.delta.catalog.DeltaTableV2.deltaLog$lzycompute(DeltaTableV2.scala:85)","logger":"airflow.task.operators.airflow.providers.docker.operators.docker.DockerOperator","filename":"docker.py","lineno":71}
{"timestamp":"2026-05-21T01:19:25.237796Z","level":"info","event":"\tat org.apache.spark.sql.delta.catalog.DeltaTableV2.deltaLog(DeltaTableV2.scala:84)","logger":"airflow.task.operators.airflow.providers.docker.operators.docker.DockerOperator","filename":"docker.py","lineno":71}
{"timestamp":"2026-05-21T01:19:25.237878Z","level":"info","event":"\tat org.apache.spark.sql.delta.catalog.DeltaTableV2.$anonfun$snapshot$3(DeltaTableV2.scala:122)","logger":"airflow.task.operators.airflow.providers.docker.operators.docker.DockerOperator","filename":"docker.py","lineno":71}
{"timestamp":"2026-05-21T01:19:25.237939Z","level":"info","event":"\tat scala.Option.getOrElse(Option.scala:189)","logger":"airflow.task.operators.airflow.providers.docker.operators.docker.DockerOperator","filename":"docker.py","lineno":71}
{"timestamp":"2026-05-21T01:19:25.237975Z","level":"info","event":"\tat org.apache.spark.sql.delta.catalog.DeltaTableV2.snapshot$lzycompute(DeltaTableV2.scala:122)","logger":"airflow.task.operators.airflow.providers.docker.operators.docker.DockerOperator","filename":"docker.py","lineno":71}
{"timestamp":"2026-05-21T01:19:25.238008Z","level":"info","event":"\tat org.apache.spark.sql.delta.catalog.DeltaTableV2.snapshot(DeltaTableV2.scala:103)","logger":"airflow.task.operators.airflow.providers.docker.operators.docker.DockerOperator","filename":"docker.py","lineno":71}
{"timestamp":"2026-05-21T01:19:25.238045Z","level":"info","event":"\tat org.apache.spark.sql.delta.catalog.DeltaTableV2.toBaseRelation(DeltaTableV2.scala:178)","logger":"airflow.task.operators.airflow.providers.docker.operators.docker.DockerOperator","filename":"docker.py","lineno":71}
{"timestamp":"2026-05-21T01:19:25.238074Z","level":"info","event":"\tat org.apache.spark.sql.delta.sources.DeltaDataSource.$anonfun$createRelation$5(DeltaDataSource.scala:230)","logger":"airflow.task.operators.airflow.providers.docker.operators.docker.DockerOperator","filename":"docker.py","lineno":71}
{"timestamp":"2026-05-21T01:19:25.238103Z","level":"info","event":"\tat org.apache.spark.sql.delta.metering.DeltaLogging.recordFrameProfile(DeltaLogging.scala:140)","logger":"airflow.task.operators.airflow.providers.docker.operators.docker.DockerOperator","filename":"docker.py","lineno":71}
{"timestamp":"2026-05-21T01:19:25.238130Z","level":"info","event":"\tat org.apache.spark.sql.delta.metering.DeltaLogging.recordFrameProfile$(DeltaLogging.scala:138)","logger":"airflow.task.operators.airflow.providers.docker.operators.docker.DockerOperator","filename":"docker.py","lineno":71}
{"timestamp":"2026-05-21T01:19:25.238159Z","level":"info","event":"\tat org.apache.spark.sql.delta.sources.DeltaDataSource.recordFrameProfile(DeltaDataSource.scala:49)","logger":"airflow.task.operators.airflow.providers.docker.operators.docker.DockerOperator","filename":"docker.py","lineno":71}
{"timestamp":"2026-05-21T01:19:25.238187Z","level":"info","event":"\tat org.apache.spark.sql.delta.sources.DeltaDataSource.createRelation(DeltaDataSource.scala:188)","logger":"airflow.task.operators.airflow.providers.docker.operators.docker.DockerOperator","filename":"docker.py","lineno":71}
{"timestamp":"2026-05-21T01:19:25.238218Z","level":"info","event":"\tat org.apache.spark.sql.execution.datasources.DataSource.resolveRelation(DataSource.scala:346)","logger":"airflow.task.operators.airflow.providers.docker.operators.docker.DockerOperator","filename":"docker.py","lineno":71}
{"timestamp":"2026-05-21T01:19:25.238248Z","level":"info","event":"\tat org.apache.spark.sql.DataFrameReader.loadV1Source(DataFrameReader.scala:229)","logger":"airflow.task.operators.airflow.providers.docker.operators.docker.DockerOperator","filename":"docker.py","lineno":71}
{"timestamp":"2026-05-21T01:19:25.238275Z","level":"info","event":"\tat org.apache.spark.sql.DataFrameReader.$anonfun$load$2(DataFrameReader.scala:211)","logger":"airflow.task.operators.airflow.providers.docker.operators.docker.DockerOperator","filename":"docker.py","lineno":71}
{"timestamp":"2026-05-21T01:19:25.238303Z","level":"info","event":"\tat scala.Option.getOrElse(Option.scala:189)","logger":"airflow.task.operators.airflow.providers.docker.operators.docker.DockerOperator","filename":"docker.py","lineno":71}
{"timestamp":"2026-05-21T01:19:25.238330Z","level":"info","event":"\tat org.apache.spark.sql.DataFrameReader.load(DataFrameReader.scala:211)","logger":"airflow.task.operators.airflow.providers.docker.operators.docker.DockerOperator","filename":"docker.py","lineno":71}
{"timestamp":"2026-05-21T01:19:25.238371Z","level":"info","event":"\tat org.apache.spark.sql.DataFrameReader.load(DataFrameReader.scala:186)","logger":"airflow.task.operators.airflow.providers.docker.operators.docker.DockerOperator","filename":"docker.py","lineno":71}
{"timestamp":"2026-05-21T01:19:25.238427Z","level":"info","event":"\tat java.base/jdk.internal.reflect.NativeMethodAccessorImpl.invoke0(Native Method)","logger":"airflow.task.operators.airflow.providers.docker.operators.docker.DockerOperator","filename":"docker.py","lineno":71}
{"timestamp":"2026-05-21T01:19:25.238463Z","level":"info","event":"\tat java.base/jdk.internal.reflect.NativeMethodAccessorImpl.invoke(Unknown Source)","logger":"airflow.task.operators.airflow.providers.docker.operators.docker.DockerOperator","filename":"docker.py","lineno":71}
{"timestamp":"2026-05-21T01:19:25.238493Z","level":"info","event":"\tat java.base/jdk.internal.reflect.DelegatingMethodAccessorImpl.invoke(Unknown Source)","logger":"airflow.task.operators.airflow.providers.docker.operators.docker.DockerOperator","filename":"docker.py","lineno":71}
{"timestamp":"2026-05-21T01:19:25.238530Z","level":"info","event":"\tat java.base/java.lang.reflect.Method.invoke(Unknown Source)","logger":"airflow.task.operators.airflow.providers.docker.operators.docker.DockerOperator","filename":"docker.py","lineno":71}
{"timestamp":"2026-05-21T01:19:25.238561Z","level":"info","event":"\tat py4j.reflection.MethodInvoker.invoke(MethodInvoker.java:244)","logger":"airflow.task.operators.airflow.providers.docker.operators.docker.DockerOperator","filename":"docker.py","lineno":71}
{"timestamp":"2026-05-21T01:19:25.238591Z","level":"info","event":"\tat py4j.reflection.ReflectionEngine.invoke(ReflectionEngine.java:374)","logger":"airflow.task.operators.airflow.providers.docker.operators.docker.DockerOperator","filename":"docker.py","lineno":71}
{"timestamp":"2026-05-21T01:19:25.238620Z","level":"info","event":"\tat py4j.Gateway.invoke(Gateway.java:282)","logger":"airflow.task.operators.airflow.providers.docker.operators.docker.DockerOperator","filename":"docker.py","lineno":71}
{"timestamp":"2026-05-21T01:19:25.238647Z","level":"info","event":"\tat py4j.commands.AbstractCommand.invokeMethod(AbstractCommand.java:132)","logger":"airflow.task.operators.airflow.providers.docker.operators.docker.DockerOperator","filename":"docker.py","lineno":71}
{"timestamp":"2026-05-21T01:19:25.238675Z","level":"info","event":"\tat py4j.commands.CallCommand.execute(CallCommand.java:79)","logger":"airflow.task.operators.airflow.providers.docker.operators.docker.DockerOperator","filename":"docker.py","lineno":71}
{"timestamp":"2026-05-21T01:19:25.238702Z","level":"info","event":"\tat py4j.ClientServerConnection.waitForCommands(ClientServerConnection.java:182)","logger":"airflow.task.operators.airflow.providers.docker.operators.docker.DockerOperator","filename":"docker.py","lineno":71}
{"timestamp":"2026-05-21T01:19:25.238729Z","level":"info","event":"\tat py4j.ClientServerConnection.run(ClientServerConnection.java:106)","logger":"airflow.task.operators.airflow.providers.docker.operators.docker.DockerOperator","filename":"docker.py","lineno":71}
{"timestamp":"2026-05-21T01:19:25.238757Z","level":"info","event":"\tat java.base/java.lang.Thread.run(Unknown Source)","logger":"airflow.task.operators.airflow.providers.docker.operators.docker.DockerOperator","filename":"docker.py","lineno":71}
{"timestamp":"2026-05-21T01:19:25.238784Z","level":"info","event":"","logger":"airflow.task.operators.airflow.providers.docker.operators.docker.DockerOperator","filename":"docker.py","lineno":71}
{"timestamp":"2026-05-21T01:19:25.239267Z","level":"info","event":"2026-05-21 01:19:25,216 - ERROR - Error processing table quantity_sales_per_ship_method: An error occurred while calling o56.load.","logger":"airflow.task.operators.airflow.providers.docker.operators.docker.DockerOperator","filename":"docker.py","lineno":71}
{"timestamp":"2026-05-21T01:19:25.239390Z","level":"info","event":": java.lang.ClassCastException: class org.apache.hadoop.fs.s3a.S3AFileStatus cannot be cast to class org.apache.spark.sql.execution.datasources.FileStatusWithMetadata (org.apache.hadoop.fs.s3a.S3AFileStatus and org.apache.spark.sql.execution.datasources.FileStatusWithMetadata are in unnamed module of loader 'app')","logger":"airflow.task.operators.airflow.providers.docker.operators.docker.DockerOperator","filename":"docker.py","lineno":71}
{"timestamp":"2026-05-21T01:19:25.239452Z","level":"info","event":"\tat scala.collection.TraversableLike.$anonfun$map$1(TraversableLike.scala:286)","logger":"airflow.task.operators.airflow.providers.docker.operators.docker.DockerOperator","filename":"docker.py","lineno":71}
{"timestamp":"2026-05-21T01:19:25.239503Z","level":"info","event":"\tat scala.collection.IndexedSeqOptimized.foreach(IndexedSeqOptimized.scala:36)","logger":"airflow.task.operators.airflow.providers.docker.operators.docker.DockerOperator","filename":"docker.py","lineno":71}
{"timestamp":"2026-05-21T01:19:25.239567Z","level":"info","event":"\tat scala.collection.IndexedSeqOptimized.foreach$(IndexedSeqOptimized.scala:33)","logger":"airflow.task.operators.airflow.providers.docker.operators.docker.DockerOperator","filename":"docker.py","lineno":71}
{"timestamp":"2026-05-21T01:19:25.239625Z","level":"info","event":"\tat scala.collection.mutable.WrappedArray.foreach(WrappedArray.scala:38)","logger":"airflow.task.operators.airflow.providers.docker.operators.docker.DockerOperator","filename":"docker.py","lineno":71}
{"timestamp":"2026-05-21T01:19:25.239680Z","level":"info","event":"\tat scala.collection.TraversableLike.map(TraversableLike.scala:286)","logger":"airflow.task.operators.airflow.providers.docker.operators.docker.DockerOperator","filename":"docker.py","lineno":71}
{"timestamp":"2026-05-21T01:19:25.239722Z","level":"info","event":"\tat scala.collection.TraversableLike.map$(TraversableLike.scala:279)","logger":"airflow.task.operators.airflow.providers.docker.operators.docker.DockerOperator","filename":"docker.py","lineno":71}
{"timestamp":"2026-05-21T01:19:25.239778Z","level":"info","event":"\tat scala.collection.AbstractTraversable.map(Traversable.scala:108)","logger":"airflow.task.operators.airflow.providers.docker.operators.docker.DockerOperator","filename":"docker.py","lineno":71}
{"timestamp":"2026-05-21T01:19:25.239859Z","level":"info","event":"\tat org.apache.spark.sql.execution.FileSourceScanLike.$anonfun$setFilesNumAndSizeMetric$2(DataSourceScanExec.scala:466)","logger":"airflow.task.operators.airflow.providers.docker.operators.docker.DockerOperator","filename":"docker.py","lineno":71}
{"timestamp":"2026-05-21T01:19:25.239920Z","level":"info","event":"\tat org.apache.spark.sql.execution.FileSourceScanLike.$anonfun$setFilesNumAndSizeMetric$2$adapted(DataSourceScanExec.scala:466)","logger":"airflow.task.operators.airflow.providers.docker.operators.docker.DockerOperator","filename":"docker.py","lineno":71}
{"timestamp":"2026-05-21T01:19:25.239977Z","level":"info","event":"\tat scala.collection.immutable.List.map(List.scala:293)","logger":"airflow.task.operators.airflow.providers.docker.operators.docker.DockerOperator","filename":"docker.py","lineno":71}
{"timestamp":"2026-05-21T01:19:25.240038Z","level":"info","event":"\tat org.apache.spark.sql.execution.FileSourceScanLike.setFilesNumAndSizeMetric(DataSourceScanExec.scala:466)","logger":"airflow.task.operators.airflow.providers.docker.operators.docker.DockerOperator","filename":"docker.py","lineno":71}
{"timestamp":"2026-05-21T01:19:25.240092Z","level":"info","event":"\tat org.apache.spark.sql.execution.FileSourceScanLike.selectedPartitions(DataSourceScanExec.scala:257)","logger":"airflow.task.operators.airflow.providers.docker.operators.docker.DockerOperator","filename":"docker.py","lineno":71}
{"timestamp":"2026-05-21T01:19:25.240145Z","level":"info","event":"\tat org.apache.spark.sql.execution.FileSourceScanLike.selectedPartitions$(DataSourceScanExec.scala:251)","logger":"airflow.task.operators.airflow.providers.docker.operators.docker.DockerOperator","filename":"docker.py","lineno":71}
{"timestamp":"2026-05-21T01:19:25.240233Z","level":"info","event":"\tat org.apache.spark.sql.execution.FileSourceScanExec.selectedPartitions$lzycompute(DataSourceScanExec.scala:506)","logger":"airflow.task.operators.airflow.providers.docker.operators.docker.DockerOperator","filename":"docker.py","lineno":71}
{"timestamp":"2026-05-21T01:19:25.240282Z","level":"info","event":"\tat org.apache.spark.sql.execution.FileSourceScanExec.selectedPartitions(DataSourceScanExec.scala:506)","logger":"airflow.task.operators.airflow.providers.docker.operators.docker.DockerOperator","filename":"docker.py","lineno":71}
{"timestamp":"2026-05-21T01:19:25.240339Z","level":"info","event":"\tat org.apache.spark.sql.execution.FileSourceScanLike.dynamicallySelectedPartitions(DataSourceScanExec.scala:286)","logger":"airflow.task.operators.airflow.providers.docker.operators.docker.DockerOperator","filename":"docker.py","lineno":71}
{"timestamp":"2026-05-21T01:19:25.240390Z","level":"info","event":"\tat org.apache.spark.sql.execution.FileSourceScanLike.dynamicallySelectedPartitions$(DataSourceScanExec.scala:267)","logger":"airflow.task.operators.airflow.providers.docker.operators.docker.DockerOperator","filename":"docker.py","lineno":71}
{"timestamp":"2026-05-21T01:19:25.240444Z","level":"info","event":"\tat org.apache.spark.sql.execution.FileSourceScanExec.dynamicallySelectedPartitions$lzycompute(DataSourceScanExec.scala:506)","logger":"airflow.task.operators.airflow.providers.docker.operators.docker.DockerOperator","filename":"docker.py","lineno":71}
{"timestamp":"2026-05-21T01:19:25.240500Z","level":"info","event":"\tat org.apache.spark.sql.execution.FileSourceScanExec.dynamicallySelectedPartitions(DataSourceScanExec.scala:506)","logger":"airflow.task.operators.airflow.providers.docker.operators.docker.DockerOperator","filename":"docker.py","lineno":71}
{"timestamp":"2026-05-21T01:19:25.240545Z","level":"info","event":"\tat org.apache.spark.sql.execution.FileSourceScanExec.inputRDD$lzycompute(DataSourceScanExec.scala:553)","logger":"airflow.task.operators.airflow.providers.docker.operators.docker.DockerOperator","filename":"docker.py","lineno":71}
{"timestamp":"2026-05-21T01:19:25.240582Z","level":"info","event":"\tat org.apache.spark.sql.execution.FileSourceScanExec.inputRDD(DataSourceScanExec.scala:537)","logger":"airflow.task.operators.airflow.providers.docker.operators.docker.DockerOperator","filename":"docker.py","lineno":71}
{"timestamp":"2026-05-21T01:19:25.240614Z","level":"info","event":"\tat org.apache.spark.sql.execution.FileSourceScanExec.doExecute(DataSourceScanExec.scala:575)","logger":"airflow.task.operators.airflow.providers.docker.operators.docker.DockerOperator","filename":"docker.py","lineno":71}
{"timestamp":"2026-05-21T01:19:25.240646Z","level":"info","event":"\tat org.apache.spark.sql.execution.SparkPlan.$anonfun$execute$1(SparkPlan.scala:195)","logger":"airflow.task.operators.airflow.providers.docker.operators.docker.DockerOperator","filename":"docker.py","lineno":71}
{"timestamp":"2026-05-21T01:19:25.240675Z","level":"info","event":"\tat org.apache.spark.sql.execution.SparkPlan.$anonfun$executeQuery$1(SparkPlan.scala:246)","logger":"airflow.task.operators.airflow.providers.docker.operators.docker.DockerOperator","filename":"docker.py","lineno":71}
{"timestamp":"2026-05-21T01:19:25.240703Z","level":"info","event":"\tat org.apache.spark.rdd.RDDOperationScope$.withScope(RDDOperationScope.scala:151)","logger":"airflow.task.operators.airflow.providers.docker.operators.docker.DockerOperator","filename":"docker.py","lineno":71}
{"timestamp":"2026-05-21T01:19:25.240731Z","level":"info","event":"\tat org.apache.spark.sql.execution.SparkPlan.executeQuery(SparkPlan.scala:243)","logger":"airflow.task.operators.airflow.providers.docker.operators.docker.DockerOperator","filename":"docker.py","lineno":71}
{"timestamp":"2026-05-21T01:19:25.240758Z","level":"info","event":"\tat org.apache.spark.sql.execution.SparkPlan.execute(SparkPlan.scala:191)","logger":"airflow.task.operators.airflow.providers.docker.operators.docker.DockerOperator","filename":"docker.py","lineno":71}
{"timestamp":"2026-05-21T01:19:25.240786Z","level":"info","event":"\tat org.apache.spark.sql.execution.InputAdapter.inputRDD(WholeStageCodegenExec.scala:527)","logger":"airflow.task.operators.airflow.providers.docker.operators.docker.DockerOperator","filename":"docker.py","lineno":71}
{"timestamp":"2026-05-21T01:19:25.240813Z","level":"info","event":"\tat org.apache.spark.sql.execution.InputRDDCodegen.inputRDDs(WholeStageCodegenExec.scala:455)","logger":"airflow.task.operators.airflow.providers.docker.operators.docker.DockerOperator","filename":"docker.py","lineno":71}
{"timestamp":"2026-05-21T01:19:25.240956Z","level":"info","event":"\tat org.apache.spark.sql.execution.InputRDDCodegen.inputRDDs$(WholeStageCodegenExec.scala:454)","logger":"airflow.task.operators.airflow.providers.docker.operators.docker.DockerOperator","filename":"docker.py","lineno":71}
{"timestamp":"2026-05-21T01:19:25.241003Z","level":"info","event":"\tat org.apache.spark.sql.execution.InputAdapter.inputRDDs(WholeStageCodegenExec.scala:498)","logger":"airflow.task.operators.airflow.providers.docker.operators.docker.DockerOperator","filename":"docker.py","lineno":71}
{"timestamp":"2026-05-21T01:19:25.241049Z","level":"info","event":"\tat org.apache.spark.sql.execution.ProjectExec.inputRDDs(basicPhysicalOperators.scala:51)","logger":"airflow.task.operators.airflow.providers.docker.operators.docker.DockerOperator","filename":"docker.py","lineno":71}
{"timestamp":"2026-05-21T01:19:25.241104Z","level":"info","event":"\tat org.apache.spark.sql.execution.FilterExec.inputRDDs(basicPhysicalOperators.scala:242)","logger":"airflow.task.operators.airflow.providers.docker.operators.docker.DockerOperator","filename":"docker.py","lineno":71}
{"timestamp":"2026-05-21T01:19:25.241158Z","level":"info","event":"\tat org.apache.spark.sql.execution.ProjectExec.inputRDDs(basicPhysicalOperators.scala:51)","logger":"airflow.task.operators.airflow.providers.docker.operators.docker.DockerOperator","filename":"docker.py","lineno":71}
{"timestamp":"2026-05-21T01:19:25.241210Z","level":"info","event":"\tat org.apache.spark.sql.execution.WholeStageCodegenExec.doExecute(WholeStageCodegenExec.scala:751)","logger":"airflow.task.operators.airflow.providers.docker.operators.docker.DockerOperator","filename":"docker.py","lineno":71}
{"timestamp":"2026-05-21T01:19:25.241267Z","level":"info","event":"\tat org.apache.spark.sql.execution.SparkPlan.$anonfun$execute$1(SparkPlan.scala:195)","logger":"airflow.task.operators.airflow.providers.docker.operators.docker.DockerOperator","filename":"docker.py","lineno":71}
{"timestamp":"2026-05-21T01:19:25.241312Z","level":"info","event":"\tat org.apache.spark.sql.execution.SparkPlan.$anonfun$executeQuery$1(SparkPlan.scala:246)","logger":"airflow.task.operators.airflow.providers.docker.operators.docker.DockerOperator","filename":"docker.py","lineno":71}
{"timestamp":"2026-05-21T01:19:25.241344Z","level":"info","event":"\tat org.apache.spark.rdd.RDDOperationScope$.withScope(RDDOperationScope.scala:151)","logger":"airflow.task.operators.airflow.providers.docker.operators.docker.DockerOperator","filename":"docker.py","lineno":71}
{"timestamp":"2026-05-21T01:19:25.241374Z","level":"info","event":"\tat org.apache.spark.sql.execution.SparkPlan.executeQuery(SparkPlan.scala:243)","logger":"airflow.task.operators.airflow.providers.docker.operators.docker.DockerOperator","filename":"docker.py","lineno":71}
{"timestamp":"2026-05-21T01:19:25.241404Z","level":"info","event":"\tat org.apache.spark.sql.execution.SparkPlan.execute(SparkPlan.scala:191)","logger":"airflow.task.operators.airflow.providers.docker.operators.docker.DockerOperator","filename":"docker.py","lineno":71}
{"timestamp":"2026-05-21T01:19:25.241433Z","level":"info","event":"\tat org.apache.spark.sql.execution.SparkPlan.getByteArrayRdd(SparkPlan.scala:364)","logger":"airflow.task.operators.airflow.providers.docker.operators.docker.DockerOperator","filename":"docker.py","lineno":71}
{"timestamp":"2026-05-21T01:19:25.241470Z","level":"info","event":"\tat org.apache.spark.sql.execution.SparkPlan.executeCollect(SparkPlan.scala:445)","logger":"airflow.task.operators.airflow.providers.docker.operators.docker.DockerOperator","filename":"docker.py","lineno":71}
{"timestamp":"2026-05-21T01:19:25.241524Z","level":"info","event":"\tat org.apache.spark.sql.Dataset.collectFromPlan(Dataset.scala:4344)","logger":"airflow.task.operators.airflow.providers.docker.operators.docker.DockerOperator","filename":"docker.py","lineno":71}
{"timestamp":"2026-05-21T01:19:25.241575Z","level":"info","event":"\tat org.apache.spark.sql.Dataset.$anonfun$collect$1(Dataset.scala:3585)","logger":"airflow.task.operators.airflow.providers.docker.operators.docker.DockerOperator","filename":"docker.py","lineno":71}
{"timestamp":"2026-05-21T01:19:25.241629Z","level":"info","event":"\tat org.apache.spark.sql.Dataset.$anonfun$withAction$2(Dataset.scala:4334)","logger":"airflow.task.operators.airflow.providers.docker.operators.docker.DockerOperator","filename":"docker.py","lineno":71}
{"timestamp":"2026-05-21T01:19:25.241672Z","level":"info","event":"\tat org.apache.spark.sql.execution.QueryExecution$.withInternalError(QueryExecution.scala:546)","logger":"airflow.task.operators.airflow.providers.docker.operators.docker.DockerOperator","filename":"docker.py","lineno":71}
{"timestamp":"2026-05-21T01:19:25.241703Z","level":"info","event":"\tat org.apache.spark.sql.Dataset.$anonfun$withAction$1(Dataset.scala:4332)","logger":"airflow.task.operators.airflow.providers.docker.operators.docker.DockerOperator","filename":"docker.py","lineno":71}
{"timestamp":"2026-05-21T01:19:25.241732Z","level":"info","event":"\tat org.apache.spark.sql.execution.SQLExecution$.$anonfun$withNewExecutionId$6(SQLExecution.scala:125)","logger":"airflow.task.operators.airflow.providers.docker.operators.docker.DockerOperator","filename":"docker.py","lineno":71}
{"timestamp":"2026-05-21T01:19:25.241776Z","level":"info","event":"\tat org.apache.spark.sql.execution.SQLExecution$.withSQLConfPropagated(SQLExecution.scala:201)","logger":"airflow.task.operators.airflow.providers.docker.operators.docker.DockerOperator","filename":"docker.py","lineno":71}
{"timestamp":"2026-05-21T01:19:25.241850Z","level":"info","event":"\tat org.apache.spark.sql.execution.SQLExecution$.$anonfun$withNewExecutionId$1(SQLExecution.scala:108)","logger":"airflow.task.operators.airflow.providers.docker.operators.docker.DockerOperator","filename":"docker.py","lineno":71}
{"timestamp":"2026-05-21T01:19:25.241907Z","level":"info","event":"\tat org.apache.spark.sql.SparkSession.withActive(SparkSession.scala:900)","logger":"airflow.task.operators.airflow.providers.docker.operators.docker.DockerOperator","filename":"docker.py","lineno":71}
{"timestamp":"2026-05-21T01:19:25.241946Z","level":"info","event":"\tat org.apache.spark.sql.execution.SQLExecution$.withNewExecutionId(SQLExecution.scala:66)","logger":"airflow.task.operators.airflow.providers.docker.operators.docker.DockerOperator","filename":"docker.py","lineno":71}
{"timestamp":"2026-05-21T01:19:25.241976Z","level":"info","event":"\tat org.apache.spark.sql.Dataset.withAction(Dataset.scala:4332)","logger":"airflow.task.operators.airflow.providers.docker.operators.docker.DockerOperator","filename":"docker.py","lineno":71}
{"timestamp":"2026-05-21T01:19:25.242005Z","level":"info","event":"\tat org.apache.spark.sql.Dataset.collect(Dataset.scala:3585)","logger":"airflow.task.operators.airflow.providers.docker.operators.docker.DockerOperator","filename":"docker.py","lineno":71}
{"timestamp":"2026-05-21T01:19:25.242044Z","level":"info","event":"\tat org.apache.spark.sql.delta.Snapshot.protocolAndMetadataReconstruction(Snapshot.scala:215)","logger":"airflow.task.operators.airflow.providers.docker.operators.docker.DockerOperator","filename":"docker.py","lineno":71}
{"timestamp":"2026-05-21T01:19:25.242075Z","level":"info","event":"\tat org.apache.spark.sql.delta.Snapshot.x$1$lzycompute(Snapshot.scala:134)","logger":"airflow.task.operators.airflow.providers.docker.operators.docker.DockerOperator","filename":"docker.py","lineno":71}
{"timestamp":"2026-05-21T01:19:25.242108Z","level":"info","event":"\tat org.apache.spark.sql.delta.Snapshot.x$1(Snapshot.scala:129)","logger":"airflow.task.operators.airflow.providers.docker.operators.docker.DockerOperator","filename":"docker.py","lineno":71}
{"timestamp":"2026-05-21T01:19:25.242163Z","level":"info","event":"\tat org.apache.spark.sql.delta.Snapshot._metadata$lzycompute(Snapshot.scala:129)","logger":"airflow.task.operators.airflow.providers.docker.operators.docker.DockerOperator","filename":"docker.py","lineno":71}
{"timestamp":"2026-05-21T01:19:25.242213Z","level":"info","event":"\tat org.apache.spark.sql.delta.Snapshot._metadata(Snapshot.scala:129)","logger":"airflow.task.operators.airflow.providers.docker.operators.docker.DockerOperator","filename":"docker.py","lineno":71}
{"timestamp":"2026-05-21T01:19:25.242268Z","level":"info","event":"\tat org.apache.spark.sql.delta.Snapshot.metadata(Snapshot.scala:197)","logger":"airflow.task.operators.airflow.providers.docker.operators.docker.DockerOperator","filename":"docker.py","lineno":71}
{"timestamp":"2026-05-21T01:19:25.242320Z","level":"info","event":"\tat org.apache.spark.sql.delta.Snapshot.toString(Snapshot.scala:390)","logger":"airflow.task.operators.airflow.providers.docker.operators.docker.DockerOperator","filename":"docker.py","lineno":71}
{"timestamp":"2026-05-21T01:19:25.242370Z","level":"info","event":"\tat java.base/java.lang.String.valueOf(Unknown Source)","logger":"airflow.task.operators.airflow.providers.docker.operators.docker.DockerOperator","filename":"docker.py","lineno":71}
{"timestamp":"2026-05-21T01:19:25.242422Z","level":"info","event":"\tat java.base/java.lang.StringBuilder.append(Unknown Source)","logger":"airflow.task.operators.airflow.providers.docker.operators.docker.DockerOperator","filename":"docker.py","lineno":71}
{"timestamp":"2026-05-21T01:19:25.242463Z","level":"info","event":"\tat org.apache.spark.sql.delta.Snapshot.$anonfun$new$1(Snapshot.scala:393)","logger":"airflow.task.operators.airflow.providers.docker.operators.docker.DockerOperator","filename":"docker.py","lineno":71}
{"timestamp":"2026-05-21T01:19:25.242493Z","level":"info","event":"\tat org.apache.spark.sql.delta.Snapshot.$anonfun$logInfo$1(Snapshot.scala:370)","logger":"airflow.task.operators.airflow.providers.docker.operators.docker.DockerOperator","filename":"docker.py","lineno":71}
{"timestamp":"2026-05-21T01:19:25.242525Z","level":"info","event":"\tat org.apache.spark.internal.Logging.logInfo(Logging.scala:60)","logger":"airflow.task.operators.airflow.providers.docker.operators.docker.DockerOperator","filename":"docker.py","lineno":71}
{"timestamp":"2026-05-21T01:19:25.242554Z","level":"info","event":"\tat org.apache.spark.internal.Logging.logInfo$(Logging.scala:59)","logger":"airflow.task.operators.airflow.providers.docker.operators.docker.DockerOperator","filename":"docker.py","lineno":71}
{"timestamp":"2026-05-21T01:19:25.242629Z","level":"info","event":"\tat org.apache.spark.sql.delta.Snapshot.logInfo(Snapshot.scala:370)","logger":"airflow.task.operators.airflow.providers.docker.operators.docker.DockerOperator","filename":"docker.py","lineno":71}
{"timestamp":"2026-05-21T01:19:25.242679Z","level":"info","event":"\tat org.apache.spark.sql.delta.Snapshot.<init>(Snapshot.scala:393)","logger":"airflow.task.operators.airflow.providers.docker.operators.docker.DockerOperator","filename":"docker.py","lineno":71}
{"timestamp":"2026-05-21T01:19:25.242715Z","level":"info","event":"\tat org.apache.spark.sql.delta.SnapshotManagement.$anonfun$createSnapshot$4(SnapshotManagement.scala:356)","logger":"airflow.task.operators.airflow.providers.docker.operators.docker.DockerOperator","filename":"docker.py","lineno":71}
{"timestamp":"2026-05-21T01:19:25.242750Z","level":"info","event":"\tat org.apache.spark.sql.delta.SnapshotManagement.createSnapshotFromGivenOrEquivalentLogSegment(SnapshotManagement.scala:480)","logger":"airflow.task.operators.airflow.providers.docker.operators.docker.DockerOperator","filename":"docker.py","lineno":71}
{"timestamp":"2026-05-21T01:19:25.242781Z","level":"info","event":"\tat org.apache.spark.sql.delta.SnapshotManagement.createSnapshotFromGivenOrEquivalentLogSegment$(SnapshotManagement.scala:468)","logger":"airflow.task.operators.airflow.providers.docker.operators.docker.DockerOperator","filename":"docker.py","lineno":71}
{"timestamp":"2026-05-21T01:19:25.242814Z","level":"info","event":"\tat org.apache.spark.sql.delta.DeltaLog.createSnapshotFromGivenOrEquivalentLogSegment(DeltaLog.scala:74)","logger":"airflow.task.operators.airflow.providers.docker.operators.docker.DockerOperator","filename":"docker.py","lineno":71}
{"timestamp":"2026-05-21T01:19:25.242885Z","level":"info","event":"\tat org.apache.spark.sql.delta.SnapshotManagement.createSnapshot(SnapshotManagement.scala:349)","logger":"airflow.task.operators.airflow.providers.docker.operators.docker.DockerOperator","filename":"docker.py","lineno":71}
{"timestamp":"2026-05-21T01:19:25.242941Z","level":"info","event":"\tat org.apache.spark.sql.delta.SnapshotManagement.createSnapshot$(SnapshotManagement.scala:343)","logger":"airflow.task.operators.airflow.providers.docker.operators.docker.DockerOperator","filename":"docker.py","lineno":71}
{"timestamp":"2026-05-21T01:19:25.242994Z","level":"info","event":"\tat org.apache.spark.sql.delta.DeltaLog.createSnapshot(DeltaLog.scala:74)","logger":"airflow.task.operators.airflow.providers.docker.operators.docker.DockerOperator","filename":"docker.py","lineno":71}
{"timestamp":"2026-05-21T01:19:25.243048Z","level":"info","event":"\tat org.apache.spark.sql.delta.SnapshotManagement.$anonfun$createSnapshotAtInitInternal$1(SnapshotManagement.scala:304)","logger":"airflow.task.operators.airflow.providers.docker.operators.docker.DockerOperator","filename":"docker.py","lineno":71}
{"timestamp":"2026-05-21T01:19:25.243104Z","level":"info","event":"\tat scala.Option.map(Option.scala:230)","logger":"airflow.task.operators.airflow.providers.docker.operators.docker.DockerOperator","filename":"docker.py","lineno":71}
{"timestamp":"2026-05-21T01:19:25.243156Z","level":"info","event":"\tat org.apache.spark.sql.delta.SnapshotManagement.createSnapshotAtInitInternal(SnapshotManagement.scala:301)","logger":"airflow.task.operators.airflow.providers.docker.operators.docker.DockerOperator","filename":"docker.py","lineno":71}
{"timestamp":"2026-05-21T01:19:25.243208Z","level":"info","event":"\tat org.apache.spark.sql.delta.SnapshotManagement.createSnapshotAtInitInternal$(SnapshotManagement.scala:298)","logger":"airflow.task.operators.airflow.providers.docker.operators.docker.DockerOperator","filename":"docker.py","lineno":71}
{"timestamp":"2026-05-21T01:19:25.243257Z","level":"info","event":"\tat org.apache.spark.sql.delta.DeltaLog.createSnapshotAtInitInternal(DeltaLog.scala:74)","logger":"airflow.task.operators.airflow.providers.docker.operators.docker.DockerOperator","filename":"docker.py","lineno":71}
{"timestamp":"2026-05-21T01:19:25.243316Z","level":"info","event":"\tat org.apache.spark.sql.delta.SnapshotManagement.$anonfun$getSnapshotAtInit$1(SnapshotManagement.scala:293)","logger":"airflow.task.operators.airflow.providers.docker.operators.docker.DockerOperator","filename":"docker.py","lineno":71}
{"timestamp":"2026-05-21T01:19:25.243373Z","level":"info","event":"\tat org.apache.spark.sql.delta.metering.DeltaLogging.recordFrameProfile(DeltaLogging.scala:140)","logger":"airflow.task.operators.airflow.providers.docker.operators.docker.DockerOperator","filename":"docker.py","lineno":71}
{"timestamp":"2026-05-21T01:19:25.243427Z","level":"info","event":"\tat org.apache.spark.sql.delta.metering.DeltaLogging.recordFrameProfile$(DeltaLogging.scala:138)","logger":"airflow.task.operators.airflow.providers.docker.operators.docker.DockerOperator","filename":"docker.py","lineno":71}
{"timestamp":"2026-05-21T01:19:25.243475Z","level":"info","event":"\tat org.apache.spark.sql.delta.DeltaLog.recordFrameProfile(DeltaLog.scala:74)","logger":"airflow.task.operators.airflow.providers.docker.operators.docker.DockerOperator","filename":"docker.py","lineno":71}
{"timestamp":"2026-05-21T01:19:25.243514Z","level":"info","event":"\tat org.apache.spark.sql.delta.SnapshotManagement.getSnapshotAtInit(SnapshotManagement.scala:288)","logger":"airflow.task.operators.airflow.providers.docker.operators.docker.DockerOperator","filename":"docker.py","lineno":71}
{"timestamp":"2026-05-21T01:19:25.243567Z","level":"info","event":"\tat org.apache.spark.sql.delta.SnapshotManagement.getSnapshotAtInit$(SnapshotManagement.scala:287)","logger":"airflow.task.operators.airflow.providers.docker.operators.docker.DockerOperator","filename":"docker.py","lineno":71}
{"timestamp":"2026-05-21T01:19:25.243598Z","level":"info","event":"\tat org.apache.spark.sql.delta.DeltaLog.getSnapshotAtInit(DeltaLog.scala:74)","logger":"airflow.task.operators.airflow.providers.docker.operators.docker.DockerOperator","filename":"docker.py","lineno":71}
{"timestamp":"2026-05-21T01:19:25.243627Z","level":"info","event":"\tat org.apache.spark.sql.delta.SnapshotManagement.$init$(SnapshotManagement.scala:57)","logger":"airflow.task.operators.airflow.providers.docker.operators.docker.DockerOperator","filename":"docker.py","lineno":71}
{"timestamp":"2026-05-21T01:19:25.243655Z","level":"info","event":"\tat org.apache.spark.sql.delta.DeltaLog.<init>(DeltaLog.scala:80)","logger":"airflow.task.operators.airflow.providers.docker.operators.docker.DockerOperator","filename":"docker.py","lineno":71}
{"timestamp":"2026-05-21T01:19:25.243683Z","level":"info","event":"\tat org.apache.spark.sql.delta.DeltaLog$.$anonfun$apply$4(DeltaLog.scala:790)","logger":"airflow.task.operators.airflow.providers.docker.operators.docker.DockerOperator","filename":"docker.py","lineno":71}
{"timestamp":"2026-05-21T01:19:25.243718Z","level":"info","event":"\tat org.apache.spark.sql.catalyst.plans.logical.AnalysisHelper$.allowInvokingTransformsInAnalyzer(AnalysisHelper.scala:323)","logger":"airflow.task.operators.airflow.providers.docker.operators.docker.DockerOperator","filename":"docker.py","lineno":71}
{"timestamp":"2026-05-21T01:19:25.243770Z","level":"info","event":"\tat org.apache.spark.sql.delta.DeltaLog$.$anonfun$apply$3(DeltaLog.scala:785)","logger":"airflow.task.operators.airflow.providers.docker.operators.docker.DockerOperator","filename":"docker.py","lineno":71}
{"timestamp":"2026-05-21T01:19:25.243818Z","level":"info","event":"\tat org.apache.spark.sql.delta.metering.DeltaLogging.recordFrameProfile(DeltaLogging.scala:140)","logger":"airflow.task.operators.airflow.providers.docker.operators.docker.DockerOperator","filename":"docker.py","lineno":71}
{"timestamp":"2026-05-21T01:19:25.243894Z","level":"info","event":"\tat org.apache.spark.sql.delta.metering.DeltaLogging.recordFrameProfile$(DeltaLogging.scala:138)","logger":"airflow.task.operators.airflow.providers.docker.operators.docker.DockerOperator","filename":"docker.py","lineno":71}
{"timestamp":"2026-05-21T01:19:25.243937Z","level":"info","event":"\tat org.apache.spark.sql.delta.DeltaLog$.recordFrameProfile(DeltaLog.scala:595)","logger":"airflow.task.operators.airflow.providers.docker.operators.docker.DockerOperator","filename":"docker.py","lineno":71}
{"timestamp":"2026-05-21T01:19:25.243967Z","level":"info","event":"\tat org.apache.spark.sql.delta.metering.DeltaLogging.$anonfun$recordDeltaOperationInternal$1(DeltaLogging.scala:133)","logger":"airflow.task.operators.airflow.providers.docker.operators.docker.DockerOperator","filename":"docker.py","lineno":71}
{"timestamp":"2026-05-21T01:19:25.243996Z","level":"info","event":"\tat com.databricks.spark.util.DatabricksLogging.recordOperation(DatabricksLogging.scala:128)","logger":"airflow.task.operators.airflow.providers.docker.operators.docker.DockerOperator","filename":"docker.py","lineno":71}
{"timestamp":"2026-05-21T01:19:25.244037Z","level":"info","event":"\tat com.databricks.spark.util.DatabricksLogging.recordOperation$(DatabricksLogging.scala:117)","logger":"airflow.task.operators.airflow.providers.docker.operators.docker.DockerOperator","filename":"docker.py","lineno":71}
{"timestamp":"2026-05-21T01:19:25.244067Z","level":"info","event":"\tat org.apache.spark.sql.delta.DeltaLog$.recordOperation(DeltaLog.scala:595)","logger":"airflow.task.operators.airflow.providers.docker.operators.docker.DockerOperator","filename":"docker.py","lineno":71}
{"timestamp":"2026-05-21T01:19:25.244095Z","level":"info","event":"\tat org.apache.spark.sql.delta.metering.DeltaLogging.recordDeltaOperationInternal(DeltaLogging.scala:132)","logger":"airflow.task.operators.airflow.providers.docker.operators.docker.DockerOperator","filename":"docker.py","lineno":71}
{"timestamp":"2026-05-21T01:19:25.244123Z","level":"info","event":"\tat org.apache.spark.sql.delta.metering.DeltaLogging.recordDeltaOperation(DeltaLogging.scala:122)","logger":"airflow.task.operators.airflow.providers.docker.operators.docker.DockerOperator","filename":"docker.py","lineno":71}
{"timestamp":"2026-05-21T01:19:25.244151Z","level":"info","event":"\tat org.apache.spark.sql.delta.metering.DeltaLogging.recordDeltaOperation$(DeltaLogging.scala:112)","logger":"airflow.task.operators.airflow.providers.docker.operators.docker.DockerOperator","filename":"docker.py","lineno":71}
{"timestamp":"2026-05-21T01:19:25.244178Z","level":"info","event":"\tat org.apache.spark.sql.delta.DeltaLog$.recordDeltaOperation(DeltaLog.scala:595)","logger":"airflow.task.operators.airflow.providers.docker.operators.docker.DockerOperator","filename":"docker.py","lineno":71}
{"timestamp":"2026-05-21T01:19:25.244205Z","level":"info","event":"\tat org.apache.spark.sql.delta.DeltaLog$.createDeltaLog$1(DeltaLog.scala:784)","logger":"airflow.task.operators.airflow.providers.docker.operators.docker.DockerOperator","filename":"docker.py","lineno":71}
{"timestamp":"2026-05-21T01:19:25.244232Z","level":"info","event":"\tat org.apache.spark.sql.delta.DeltaLog$.$anonfun$apply$5(DeltaLog.scala:802)","logger":"airflow.task.operators.airflow.providers.docker.operators.docker.DockerOperator","filename":"docker.py","lineno":71}
{"timestamp":"2026-05-21T01:19:25.244260Z","level":"info","event":"\tat com.google.common.cache.LocalCache$LocalManualCache$1.load(LocalCache.java:4792)","logger":"airflow.task.operators.airflow.providers.docker.operators.docker.DockerOperator","filename":"docker.py","lineno":71}
{"timestamp":"2026-05-21T01:19:25.244286Z","level":"info","event":"\tat com.google.common.cache.LocalCache$LoadingValueReference.loadFuture(LocalCache.java:3599)","logger":"airflow.task.operators.airflow.providers.docker.operators.docker.DockerOperator","filename":"docker.py","lineno":71}
{"timestamp":"2026-05-21T01:19:25.244314Z","level":"info","event":"\tat com.google.common.cache.LocalCache$Segment.loadSync(LocalCache.java:2379)","logger":"airflow.task.operators.airflow.providers.docker.operators.docker.DockerOperator","filename":"docker.py","lineno":71}
{"timestamp":"2026-05-21T01:19:25.244343Z","level":"info","event":"\tat com.google.common.cache.LocalCache$Segment.lockedGetOrLoad(LocalCache.java:2342)","logger":"airflow.task.operators.airflow.providers.docker.operators.docker.DockerOperator","filename":"docker.py","lineno":71}
{"timestamp":"2026-05-21T01:19:25.244371Z","level":"info","event":"\tat com.google.common.cache.LocalCache$Segment.get(LocalCache.java:2257)","logger":"airflow.task.operators.airflow.providers.docker.operators.docker.DockerOperator","filename":"docker.py","lineno":71}
{"timestamp":"2026-05-21T01:19:25.244399Z","level":"info","event":"\tat com.google.common.cache.LocalCache.get(LocalCache.java:4000)","logger":"airflow.task.operators.airflow.providers.docker.operators.docker.DockerOperator","filename":"docker.py","lineno":71}
{"timestamp":"2026-05-21T01:19:25.244427Z","level":"info","event":"\tat com.google.common.cache.LocalCache$LocalManualCache.get(LocalCache.java:4789)","logger":"airflow.task.operators.airflow.providers.docker.operators.docker.DockerOperator","filename":"docker.py","lineno":71}
{"timestamp":"2026-05-21T01:19:25.244454Z","level":"info","event":"\tat org.apache.spark.sql.delta.DeltaLog$.getDeltaLogFromCache$1(DeltaLog.scala:801)","logger":"airflow.task.operators.airflow.providers.docker.operators.docker.DockerOperator","filename":"docker.py","lineno":71}
{"timestamp":"2026-05-21T01:19:25.244481Z","level":"info","event":"\tat org.apache.spark.sql.delta.DeltaLog$.apply(DeltaLog.scala:811)","logger":"airflow.task.operators.airflow.providers.docker.operators.docker.DockerOperator","filename":"docker.py","lineno":71}
{"timestamp":"2026-05-21T01:19:25.244508Z","level":"info","event":"\tat org.apache.spark.sql.delta.DeltaLog$.forTable(DeltaLog.scala:658)","logger":"airflow.task.operators.airflow.providers.docker.operators.docker.DockerOperator","filename":"docker.py","lineno":71}
{"timestamp":"2026-05-21T01:19:25.244539Z","level":"info","event":"\tat org.apache.spark.sql.delta.catalog.DeltaTableV2.deltaLog$lzycompute(DeltaTableV2.scala:85)","logger":"airflow.task.operators.airflow.providers.docker.operators.docker.DockerOperator","filename":"docker.py","lineno":71}
{"timestamp":"2026-05-21T01:19:25.244570Z","level":"info","event":"\tat org.apache.spark.sql.delta.catalog.DeltaTableV2.deltaLog(DeltaTableV2.scala:84)","logger":"airflow.task.operators.airflow.providers.docker.operators.docker.DockerOperator","filename":"docker.py","lineno":71}
{"timestamp":"2026-05-21T01:19:25.244598Z","level":"info","event":"\tat org.apache.spark.sql.delta.catalog.DeltaTableV2.$anonfun$snapshot$3(DeltaTableV2.scala:122)","logger":"airflow.task.operators.airflow.providers.docker.operators.docker.DockerOperator","filename":"docker.py","lineno":71}
{"timestamp":"2026-05-21T01:19:25.244626Z","level":"info","event":"\tat scala.Option.getOrElse(Option.scala:189)","logger":"airflow.task.operators.airflow.providers.docker.operators.docker.DockerOperator","filename":"docker.py","lineno":71}
{"timestamp":"2026-05-21T01:19:25.244654Z","level":"info","event":"\tat org.apache.spark.sql.delta.catalog.DeltaTableV2.snapshot$lzycompute(DeltaTableV2.scala:122)","logger":"airflow.task.operators.airflow.providers.docker.operators.docker.DockerOperator","filename":"docker.py","lineno":71}
{"timestamp":"2026-05-21T01:19:25.244681Z","level":"info","event":"\tat org.apache.spark.sql.delta.catalog.DeltaTableV2.snapshot(DeltaTableV2.scala:103)","logger":"airflow.task.operators.airflow.providers.docker.operators.docker.DockerOperator","filename":"docker.py","lineno":71}
{"timestamp":"2026-05-21T01:19:25.244708Z","level":"info","event":"\tat org.apache.spark.sql.delta.catalog.DeltaTableV2.toBaseRelation(DeltaTableV2.scala:178)","logger":"airflow.task.operators.airflow.providers.docker.operators.docker.DockerOperator","filename":"docker.py","lineno":71}
{"timestamp":"2026-05-21T01:19:25.244734Z","level":"info","event":"\tat org.apache.spark.sql.delta.sources.DeltaDataSource.$anonfun$createRelation$5(DeltaDataSource.scala:230)","logger":"airflow.task.operators.airflow.providers.docker.operators.docker.DockerOperator","filename":"docker.py","lineno":71}
{"timestamp":"2026-05-21T01:19:25.244761Z","level":"info","event":"\tat org.apache.spark.sql.delta.metering.DeltaLogging.recordFrameProfile(DeltaLogging.scala:140)","logger":"airflow.task.operators.airflow.providers.docker.operators.docker.DockerOperator","filename":"docker.py","lineno":71}
{"timestamp":"2026-05-21T01:19:25.244787Z","level":"info","event":"\tat org.apache.spark.sql.delta.metering.DeltaLogging.recordFrameProfile$(DeltaLogging.scala:138)","logger":"airflow.task.operators.airflow.providers.docker.operators.docker.DockerOperator","filename":"docker.py","lineno":71}
{"timestamp":"2026-05-21T01:19:25.244815Z","level":"info","event":"\tat org.apache.spark.sql.delta.sources.DeltaDataSource.recordFrameProfile(DeltaDataSource.scala:49)","logger":"airflow.task.operators.airflow.providers.docker.operators.docker.DockerOperator","filename":"docker.py","lineno":71}
{"timestamp":"2026-05-21T01:19:25.244893Z","level":"info","event":"\tat org.apache.spark.sql.delta.sources.DeltaDataSource.createRelation(DeltaDataSource.scala:188)","logger":"airflow.task.operators.airflow.providers.docker.operators.docker.DockerOperator","filename":"docker.py","lineno":71}
{"timestamp":"2026-05-21T01:19:25.244936Z","level":"info","event":"\tat org.apache.spark.sql.execution.datasources.DataSource.resolveRelation(DataSource.scala:346)","logger":"airflow.task.operators.airflow.providers.docker.operators.docker.DockerOperator","filename":"docker.py","lineno":71}
{"timestamp":"2026-05-21T01:19:25.244966Z","level":"info","event":"\tat org.apache.spark.sql.DataFrameReader.loadV1Source(DataFrameReader.scala:229)","logger":"airflow.task.operators.airflow.providers.docker.operators.docker.DockerOperator","filename":"docker.py","lineno":71}
{"timestamp":"2026-05-21T01:19:25.244994Z","level":"info","event":"\tat org.apache.spark.sql.DataFrameReader.$anonfun$load$2(DataFrameReader.scala:211)","logger":"airflow.task.operators.airflow.providers.docker.operators.docker.DockerOperator","filename":"docker.py","lineno":71}
{"timestamp":"2026-05-21T01:19:25.245033Z","level":"info","event":"\tat scala.Option.getOrElse(Option.scala:189)","logger":"airflow.task.operators.airflow.providers.docker.operators.docker.DockerOperator","filename":"docker.py","lineno":71}
{"timestamp":"2026-05-21T01:19:25.245062Z","level":"info","event":"\tat org.apache.spark.sql.DataFrameReader.load(DataFrameReader.scala:211)","logger":"airflow.task.operators.airflow.providers.docker.operators.docker.DockerOperator","filename":"docker.py","lineno":71}
{"timestamp":"2026-05-21T01:19:25.245089Z","level":"info","event":"\tat org.apache.spark.sql.DataFrameReader.load(DataFrameReader.scala:186)","logger":"airflow.task.operators.airflow.providers.docker.operators.docker.DockerOperator","filename":"docker.py","lineno":71}
{"timestamp":"2026-05-21T01:19:25.245117Z","level":"info","event":"\tat java.base/jdk.internal.reflect.NativeMethodAccessorImpl.invoke0(Native Method)","logger":"airflow.task.operators.airflow.providers.docker.operators.docker.DockerOperator","filename":"docker.py","lineno":71}
{"timestamp":"2026-05-21T01:19:25.245147Z","level":"info","event":"\tat java.base/jdk.internal.reflect.NativeMethodAccessorImpl.invoke(Unknown Source)","logger":"airflow.task.operators.airflow.providers.docker.operators.docker.DockerOperator","filename":"docker.py","lineno":71}
{"timestamp":"2026-05-21T01:19:25.245175Z","level":"info","event":"\tat java.base/jdk.internal.reflect.DelegatingMethodAccessorImpl.invoke(Unknown Source)","logger":"airflow.task.operators.airflow.providers.docker.operators.docker.DockerOperator","filename":"docker.py","lineno":71}
{"timestamp":"2026-05-21T01:19:25.245203Z","level":"info","event":"\tat java.base/java.lang.reflect.Method.invoke(Unknown Source)","logger":"airflow.task.operators.airflow.providers.docker.operators.docker.DockerOperator","filename":"docker.py","lineno":71}
{"timestamp":"2026-05-21T01:19:25.245231Z","level":"info","event":"\tat py4j.reflection.MethodInvoker.invoke(MethodInvoker.java:244)","logger":"airflow.task.operators.airflow.providers.docker.operators.docker.DockerOperator","filename":"docker.py","lineno":71}
{"timestamp":"2026-05-21T01:19:25.245260Z","level":"info","event":"\tat py4j.reflection.ReflectionEngine.invoke(ReflectionEngine.java:374)","logger":"airflow.task.operators.airflow.providers.docker.operators.docker.DockerOperator","filename":"docker.py","lineno":71}
{"timestamp":"2026-05-21T01:19:25.245287Z","level":"info","event":"\tat py4j.Gateway.invoke(Gateway.java:282)","logger":"airflow.task.operators.airflow.providers.docker.operators.docker.DockerOperator","filename":"docker.py","lineno":71}
{"timestamp":"2026-05-21T01:19:25.245315Z","level":"info","event":"\tat py4j.commands.AbstractCommand.invokeMethod(AbstractCommand.java:132)","logger":"airflow.task.operators.airflow.providers.docker.operators.docker.DockerOperator","filename":"docker.py","lineno":71}
{"timestamp":"2026-05-21T01:19:25.245342Z","level":"info","event":"\tat py4j.commands.CallCommand.execute(CallCommand.java:79)","logger":"airflow.task.operators.airflow.providers.docker.operators.docker.DockerOperator","filename":"docker.py","lineno":71}
{"timestamp":"2026-05-21T01:19:25.245370Z","level":"info","event":"\tat py4j.ClientServerConnection.waitForCommands(ClientServerConnection.java:182)","logger":"airflow.task.operators.airflow.providers.docker.operators.docker.DockerOperator","filename":"docker.py","lineno":71}
{"timestamp":"2026-05-21T01:19:25.245396Z","level":"info","event":"\tat py4j.ClientServerConnection.run(ClientServerConnection.java:106)","logger":"airflow.task.operators.airflow.providers.docker.operators.docker.DockerOperator","filename":"docker.py","lineno":71}
{"timestamp":"2026-05-21T01:19:25.245423Z","level":"info","event":"\tat java.base/java.lang.Thread.run(Unknown Source)","logger":"airflow.task.operators.airflow.providers.docker.operators.docker.DockerOperator","filename":"docker.py","lineno":71}
{"timestamp":"2026-05-21T01:19:25.245450Z","level":"info","event":"","logger":"airflow.task.operators.airflow.providers.docker.operators.docker.DockerOperator","filename":"docker.py","lineno":71}
{"timestamp":"2026-05-21T01:19:25.245583Z","level":"info","event":"2026-05-21 01:19:25,217 - ERROR - Error processing table quantity_sales_per_product: An error occurred while calling o53.load.","logger":"airflow.task.operators.airflow.providers.docker.operators.docker.DockerOperator","filename":"docker.py","lineno":71}
{"timestamp":"2026-05-21T01:19:25.245629Z","level":"info","event":": java.lang.ClassCastException: class org.apache.hadoop.fs.s3a.S3AFileStatus cannot be cast to class org.apache.spark.sql.execution.datasources.FileStatusWithMetadata (org.apache.hadoop.fs.s3a.S3AFileStatus and org.apache.spark.sql.execution.datasources.FileStatusWithMetadata are in unnamed module of loader 'app')","logger":"airflow.task.operators.airflow.providers.docker.operators.docker.DockerOperator","filename":"docker.py","lineno":71}
{"timestamp":"2026-05-21T01:19:25.245664Z","level":"info","event":"\tat scala.collection.TraversableLike.$anonfun$map$1(TraversableLike.scala:286)","logger":"airflow.task.operators.airflow.providers.docker.operators.docker.DockerOperator","filename":"docker.py","lineno":71}
{"timestamp":"2026-05-21T01:19:25.245693Z","level":"info","event":"\tat scala.collection.IndexedSeqOptimized.foreach(IndexedSeqOptimized.scala:36)","logger":"airflow.task.operators.airflow.providers.docker.operators.docker.DockerOperator","filename":"docker.py","lineno":71}
{"timestamp":"2026-05-21T01:19:25.245722Z","level":"info","event":"\tat scala.collection.IndexedSeqOptimized.foreach$(IndexedSeqOptimized.scala:33)","logger":"airflow.task.operators.airflow.providers.docker.operators.docker.DockerOperator","filename":"docker.py","lineno":71}
{"timestamp":"2026-05-21T01:19:25.245751Z","level":"info","event":"\tat scala.collection.mutable.WrappedArray.foreach(WrappedArray.scala:38)","logger":"airflow.task.operators.airflow.providers.docker.operators.docker.DockerOperator","filename":"docker.py","lineno":71}
{"timestamp":"2026-05-21T01:19:25.245780Z","level":"info","event":"\tat scala.collection.TraversableLike.map(TraversableLike.scala:286)","logger":"airflow.task.operators.airflow.providers.docker.operators.docker.DockerOperator","filename":"docker.py","lineno":71}
{"timestamp":"2026-05-21T01:19:25.245809Z","level":"info","event":"\tat scala.collection.TraversableLike.map$(TraversableLike.scala:279)","logger":"airflow.task.operators.airflow.providers.docker.operators.docker.DockerOperator","filename":"docker.py","lineno":71}
{"timestamp":"2026-05-21T01:19:25.245884Z","level":"info","event":"\tat scala.collection.AbstractTraversable.map(Traversable.scala:108)","logger":"airflow.task.operators.airflow.providers.docker.operators.docker.DockerOperator","filename":"docker.py","lineno":71}
{"timestamp":"2026-05-21T01:19:25.245927Z","level":"info","event":"\tat org.apache.spark.sql.execution.FileSourceScanLike.$anonfun$setFilesNumAndSizeMetric$2(DataSourceScanExec.scala:466)","logger":"airflow.task.operators.airflow.providers.docker.operators.docker.DockerOperator","filename":"docker.py","lineno":71}
{"timestamp":"2026-05-21T01:19:25.245959Z","level":"info","event":"\tat org.apache.spark.sql.execution.FileSourceScanLike.$anonfun$setFilesNumAndSizeMetric$2$adapted(DataSourceScanExec.scala:466)","logger":"airflow.task.operators.airflow.providers.docker.operators.docker.DockerOperator","filename":"docker.py","lineno":71}
{"timestamp":"2026-05-21T01:19:25.245988Z","level":"info","event":"\tat scala.collection.immutable.List.map(List.scala:293)","logger":"airflow.task.operators.airflow.providers.docker.operators.docker.DockerOperator","filename":"docker.py","lineno":71}
{"timestamp":"2026-05-21T01:19:25.246029Z","level":"info","event":"\tat org.apache.spark.sql.execution.FileSourceScanLike.setFilesNumAndSizeMetric(DataSourceScanExec.scala:466)","logger":"airflow.task.operators.airflow.providers.docker.operators.docker.DockerOperator","filename":"docker.py","lineno":71}
{"timestamp":"2026-05-21T01:19:25.246060Z","level":"info","event":"\tat org.apache.spark.sql.execution.FileSourceScanLike.selectedPartitions(DataSourceScanExec.scala:257)","logger":"airflow.task.operators.airflow.providers.docker.operators.docker.DockerOperator","filename":"docker.py","lineno":71}
{"timestamp":"2026-05-21T01:19:25.246124Z","level":"info","event":"\tat org.apache.spark.sql.execution.FileSourceScanLike.selectedPartitions$(DataSourceScanExec.scala:251)","logger":"airflow.task.operators.airflow.providers.docker.operators.docker.DockerOperator","filename":"docker.py","lineno":71}
{"timestamp":"2026-05-21T01:19:25.246179Z","level":"info","event":"\tat org.apache.spark.sql.execution.FileSourceScanExec.selectedPartitions$lzycompute(DataSourceScanExec.scala:506)","logger":"airflow.task.operators.airflow.providers.docker.operators.docker.DockerOperator","filename":"docker.py","lineno":71}
{"timestamp":"2026-05-21T01:19:25.246230Z","level":"info","event":"\tat org.apache.spark.sql.execution.FileSourceScanExec.selectedPartitions(DataSourceScanExec.scala:506)","logger":"airflow.task.operators.airflow.providers.docker.operators.docker.DockerOperator","filename":"docker.py","lineno":71}
{"timestamp":"2026-05-21T01:19:25.246262Z","level":"info","event":"\tat org.apache.spark.sql.execution.FileSourceScanLike.dynamicallySelectedPartitions(DataSourceScanExec.scala:286)","logger":"airflow.task.operators.airflow.providers.docker.operators.docker.DockerOperator","filename":"docker.py","lineno":71}
{"timestamp":"2026-05-21T01:19:25.246291Z","level":"info","event":"\tat org.apache.spark.sql.execution.FileSourceScanLike.dynamicallySelectedPartitions$(DataSourceScanExec.scala:267)","logger":"airflow.task.operators.airflow.providers.docker.operators.docker.DockerOperator","filename":"docker.py","lineno":71}
{"timestamp":"2026-05-21T01:19:25.246319Z","level":"info","event":"\tat org.apache.spark.sql.execution.FileSourceScanExec.dynamicallySelectedPartitions$lzycompute(DataSourceScanExec.scala:506)","logger":"airflow.task.operators.airflow.providers.docker.operators.docker.DockerOperator","filename":"docker.py","lineno":71}
{"timestamp":"2026-05-21T01:19:25.246347Z","level":"info","event":"\tat org.apache.spark.sql.execution.FileSourceScanExec.dynamicallySelectedPartitions(DataSourceScanExec.scala:506)","logger":"airflow.task.operators.airflow.providers.docker.operators.docker.DockerOperator","filename":"docker.py","lineno":71}
{"timestamp":"2026-05-21T01:19:25.246374Z","level":"info","event":"\tat org.apache.spark.sql.execution.FileSourceScanExec.inputRDD$lzycompute(DataSourceScanExec.scala:553)","logger":"airflow.task.operators.airflow.providers.docker.operators.docker.DockerOperator","filename":"docker.py","lineno":71}
{"timestamp":"2026-05-21T01:19:25.246401Z","level":"info","event":"\tat org.apache.spark.sql.execution.FileSourceScanExec.inputRDD(DataSourceScanExec.scala:537)","logger":"airflow.task.operators.airflow.providers.docker.operators.docker.DockerOperator","filename":"docker.py","lineno":71}
{"timestamp":"2026-05-21T01:19:25.246428Z","level":"info","event":"\tat org.apache.spark.sql.execution.FileSourceScanExec.doExecute(DataSourceScanExec.scala:575)","logger":"airflow.task.operators.airflow.providers.docker.operators.docker.DockerOperator","filename":"docker.py","lineno":71}
{"timestamp":"2026-05-21T01:19:25.246455Z","level":"info","event":"\tat org.apache.spark.sql.execution.SparkPlan.$anonfun$execute$1(SparkPlan.scala:195)","logger":"airflow.task.operators.airflow.providers.docker.operators.docker.DockerOperator","filename":"docker.py","lineno":71}
{"timestamp":"2026-05-21T01:19:25.246483Z","level":"info","event":"\tat org.apache.spark.sql.execution.SparkPlan.$anonfun$executeQuery$1(SparkPlan.scala:246)","logger":"airflow.task.operators.airflow.providers.docker.operators.docker.DockerOperator","filename":"docker.py","lineno":71}
{"timestamp":"2026-05-21T01:19:25.246511Z","level":"info","event":"\tat org.apache.spark.rdd.RDDOperationScope$.withScope(RDDOperationScope.scala:151)","logger":"airflow.task.operators.airflow.providers.docker.operators.docker.DockerOperator","filename":"docker.py","lineno":71}
{"timestamp":"2026-05-21T01:19:25.246546Z","level":"info","event":"\tat org.apache.spark.sql.execution.SparkPlan.executeQuery(SparkPlan.scala:243)","logger":"airflow.task.operators.airflow.providers.docker.operators.docker.DockerOperator","filename":"docker.py","lineno":71}
{"timestamp":"2026-05-21T01:19:25.246575Z","level":"info","event":"\tat org.apache.spark.sql.execution.SparkPlan.execute(SparkPlan.scala:191)","logger":"airflow.task.operators.airflow.providers.docker.operators.docker.DockerOperator","filename":"docker.py","lineno":71}
{"timestamp":"2026-05-21T01:19:25.246602Z","level":"info","event":"\tat org.apache.spark.sql.execution.InputAdapter.inputRDD(WholeStageCodegenExec.scala:527)","logger":"airflow.task.operators.airflow.providers.docker.operators.docker.DockerOperator","filename":"docker.py","lineno":71}
{"timestamp":"2026-05-21T01:19:25.246629Z","level":"info","event":"\tat org.apache.spark.sql.execution.InputRDDCodegen.inputRDDs(WholeStageCodegenExec.scala:455)","logger":"airflow.task.operators.airflow.providers.docker.operators.docker.DockerOperator","filename":"docker.py","lineno":71}
{"timestamp":"2026-05-21T01:19:25.246656Z","level":"info","event":"\tat org.apache.spark.sql.execution.InputRDDCodegen.inputRDDs$(WholeStageCodegenExec.scala:454)","logger":"airflow.task.operators.airflow.providers.docker.operators.docker.DockerOperator","filename":"docker.py","lineno":71}
{"timestamp":"2026-05-21T01:19:25.246683Z","level":"info","event":"\tat org.apache.spark.sql.execution.InputAdapter.inputRDDs(WholeStageCodegenExec.scala:498)","logger":"airflow.task.operators.airflow.providers.docker.operators.docker.DockerOperator","filename":"docker.py","lineno":71}
{"timestamp":"2026-05-21T01:19:25.246710Z","level":"info","event":"\tat org.apache.spark.sql.execution.ProjectExec.inputRDDs(basicPhysicalOperators.scala:51)","logger":"airflow.task.operators.airflow.providers.docker.operators.docker.DockerOperator","filename":"docker.py","lineno":71}
{"timestamp":"2026-05-21T01:19:25.246737Z","level":"info","event":"\tat org.apache.spark.sql.execution.FilterExec.inputRDDs(basicPhysicalOperators.scala:242)","logger":"airflow.task.operators.airflow.providers.docker.operators.docker.DockerOperator","filename":"docker.py","lineno":71}
{"timestamp":"2026-05-21T01:19:25.246765Z","level":"info","event":"\tat org.apache.spark.sql.execution.ProjectExec.inputRDDs(basicPhysicalOperators.scala:51)","logger":"airflow.task.operators.airflow.providers.docker.operators.docker.DockerOperator","filename":"docker.py","lineno":71}
{"timestamp":"2026-05-21T01:19:25.246792Z","level":"info","event":"\tat org.apache.spark.sql.execution.WholeStageCodegenExec.doExecute(WholeStageCodegenExec.scala:751)","logger":"airflow.task.operators.airflow.providers.docker.operators.docker.DockerOperator","filename":"docker.py","lineno":71}
{"timestamp":"2026-05-21T01:19:25.246818Z","level":"info","event":"\tat org.apache.spark.sql.execution.SparkPlan.$anonfun$execute$1(SparkPlan.scala:195)","logger":"airflow.task.operators.airflow.providers.docker.operators.docker.DockerOperator","filename":"docker.py","lineno":71}
{"timestamp":"2026-05-21T01:19:25.246895Z","level":"info","event":"\tat org.apache.spark.sql.execution.SparkPlan.$anonfun$executeQuery$1(SparkPlan.scala:246)","logger":"airflow.task.operators.airflow.providers.docker.operators.docker.DockerOperator","filename":"docker.py","lineno":71}
{"timestamp":"2026-05-21T01:19:25.246932Z","level":"info","event":"\tat org.apache.spark.rdd.RDDOperationScope$.withScope(RDDOperationScope.scala:151)","logger":"airflow.task.operators.airflow.providers.docker.operators.docker.DockerOperator","filename":"docker.py","lineno":71}
{"timestamp":"2026-05-21T01:19:25.246962Z","level":"info","event":"\tat org.apache.spark.sql.execution.SparkPlan.executeQuery(SparkPlan.scala:243)","logger":"airflow.task.operators.airflow.providers.docker.operators.docker.DockerOperator","filename":"docker.py","lineno":71}
{"timestamp":"2026-05-21T01:19:25.246992Z","level":"info","event":"\tat org.apache.spark.sql.execution.SparkPlan.execute(SparkPlan.scala:191)","logger":"airflow.task.operators.airflow.providers.docker.operators.docker.DockerOperator","filename":"docker.py","lineno":71}
{"timestamp":"2026-05-21T01:19:25.247031Z","level":"info","event":"\tat org.apache.spark.sql.execution.SparkPlan.getByteArrayRdd(SparkPlan.scala:364)","logger":"airflow.task.operators.airflow.providers.docker.operators.docker.DockerOperator","filename":"docker.py","lineno":71}
{"timestamp":"2026-05-21T01:19:25.247064Z","level":"info","event":"\tat org.apache.spark.sql.execution.SparkPlan.executeCollect(SparkPlan.scala:445)","logger":"airflow.task.operators.airflow.providers.docker.operators.docker.DockerOperator","filename":"docker.py","lineno":71}
{"timestamp":"2026-05-21T01:19:25.247106Z","level":"info","event":"\tat org.apache.spark.sql.Dataset.collectFromPlan(Dataset.scala:4344)","logger":"airflow.task.operators.airflow.providers.docker.operators.docker.DockerOperator","filename":"docker.py","lineno":71}
{"timestamp":"2026-05-21T01:19:25.256928Z","level":"info","event":"\tat org.apache.spark.sql.Dataset.$anonfun$collect$1(Dataset.scala:3585)","logger":"airflow.task.operators.airflow.providers.docker.operators.docker.DockerOperator","filename":"docker.py","lineno":71}
{"timestamp":"2026-05-21T01:19:25.257185Z","level":"info","event":"\tat org.apache.spark.sql.Dataset.$anonfun$withAction$2(Dataset.scala:4334)","logger":"airflow.task.operators.airflow.providers.docker.operators.docker.DockerOperator","filename":"docker.py","lineno":71}
{"timestamp":"2026-05-21T01:19:25.257287Z","level":"info","event":"\tat org.apache.spark.sql.execution.QueryExecution$.withInternalError(QueryExecution.scala:546)","logger":"airflow.task.operators.airflow.providers.docker.operators.docker.DockerOperator","filename":"docker.py","lineno":71}
{"timestamp":"2026-05-21T01:19:25.257354Z","level":"info","event":"\tat org.apache.spark.sql.Dataset.$anonfun$withAction$1(Dataset.scala:4332)","logger":"airflow.task.operators.airflow.providers.docker.operators.docker.DockerOperator","filename":"docker.py","lineno":71}
{"timestamp":"2026-05-21T01:19:25.257422Z","level":"info","event":"\tat org.apache.spark.sql.execution.SQLExecution$.$anonfun$withNewExecutionId$6(SQLExecution.scala:125)","logger":"airflow.task.operators.airflow.providers.docker.operators.docker.DockerOperator","filename":"docker.py","lineno":71}
{"timestamp":"2026-05-21T01:19:25.257525Z","level":"info","event":"\tat org.apache.spark.sql.execution.SQLExecution$.withSQLConfPropagated(SQLExecution.scala:201)","logger":"airflow.task.operators.airflow.providers.docker.operators.docker.DockerOperator","filename":"docker.py","lineno":71}
{"timestamp":"2026-05-21T01:19:25.257606Z","level":"info","event":"\tat org.apache.spark.sql.execution.SQLExecution$.$anonfun$withNewExecutionId$1(SQLExecution.scala:108)","logger":"airflow.task.operators.airflow.providers.docker.operators.docker.DockerOperator","filename":"docker.py","lineno":71}
{"timestamp":"2026-05-21T01:19:25.257672Z","level":"info","event":"\tat org.apache.spark.sql.SparkSession.withActive(SparkSession.scala:900)","logger":"airflow.task.operators.airflow.providers.docker.operators.docker.DockerOperator","filename":"docker.py","lineno":71}
{"timestamp":"2026-05-21T01:19:25.257736Z","level":"info","event":"\tat org.apache.spark.sql.execution.SQLExecution$.withNewExecutionId(SQLExecution.scala:66)","logger":"airflow.task.operators.airflow.providers.docker.operators.docker.DockerOperator","filename":"docker.py","lineno":71}
{"timestamp":"2026-05-21T01:19:25.257804Z","level":"info","event":"\tat org.apache.spark.sql.Dataset.withAction(Dataset.scala:4332)","logger":"airflow.task.operators.airflow.providers.docker.operators.docker.DockerOperator","filename":"docker.py","lineno":71}
{"timestamp":"2026-05-21T01:19:25.257893Z","level":"info","event":"\tat org.apache.spark.sql.Dataset.collect(Dataset.scala:3585)","logger":"airflow.task.operators.airflow.providers.docker.operators.docker.DockerOperator","filename":"docker.py","lineno":71}
{"timestamp":"2026-05-21T01:19:25.257958Z","level":"info","event":"\tat org.apache.spark.sql.delta.Snapshot.protocolAndMetadataReconstruction(Snapshot.scala:215)","logger":"airflow.task.operators.airflow.providers.docker.operators.docker.DockerOperator","filename":"docker.py","lineno":71}
{"timestamp":"2026-05-21T01:19:25.258021Z","level":"info","event":"\tat org.apache.spark.sql.delta.Snapshot.x$1$lzycompute(Snapshot.scala:134)","logger":"airflow.task.operators.airflow.providers.docker.operators.docker.DockerOperator","filename":"docker.py","lineno":71}
{"timestamp":"2026-05-21T01:19:25.258085Z","level":"info","event":"\tat org.apache.spark.sql.delta.Snapshot.x$1(Snapshot.scala:129)","logger":"airflow.task.operators.airflow.providers.docker.operators.docker.DockerOperator","filename":"docker.py","lineno":71}
{"timestamp":"2026-05-21T01:19:25.258153Z","level":"info","event":"\tat org.apache.spark.sql.delta.Snapshot._metadata$lzycompute(Snapshot.scala:129)","logger":"airflow.task.operators.airflow.providers.docker.operators.docker.DockerOperator","filename":"docker.py","lineno":71}
{"timestamp":"2026-05-21T01:19:25.258214Z","level":"info","event":"\tat org.apache.spark.sql.delta.Snapshot._metadata(Snapshot.scala:129)","logger":"airflow.task.operators.airflow.providers.docker.operators.docker.DockerOperator","filename":"docker.py","lineno":71}
{"timestamp":"2026-05-21T01:19:25.258279Z","level":"info","event":"\tat org.apache.spark.sql.delta.Snapshot.metadata(Snapshot.scala:197)","logger":"airflow.task.operators.airflow.providers.docker.operators.docker.DockerOperator","filename":"docker.py","lineno":71}
{"timestamp":"2026-05-21T01:19:25.258363Z","level":"info","event":"\tat org.apache.spark.sql.delta.Snapshot.toString(Snapshot.scala:390)","logger":"airflow.task.operators.airflow.providers.docker.operators.docker.DockerOperator","filename":"docker.py","lineno":71}
{"timestamp":"2026-05-21T01:19:25.258428Z","level":"info","event":"\tat java.base/java.lang.String.valueOf(Unknown Source)","logger":"airflow.task.operators.airflow.providers.docker.operators.docker.DockerOperator","filename":"docker.py","lineno":71}
{"timestamp":"2026-05-21T01:19:25.258493Z","level":"info","event":"\tat java.base/java.lang.StringBuilder.append(Unknown Source)","logger":"airflow.task.operators.airflow.providers.docker.operators.docker.DockerOperator","filename":"docker.py","lineno":71}
{"timestamp":"2026-05-21T01:19:25.258580Z","level":"info","event":"\tat org.apache.spark.sql.delta.Snapshot.$anonfun$new$1(Snapshot.scala:393)","logger":"airflow.task.operators.airflow.providers.docker.operators.docker.DockerOperator","filename":"docker.py","lineno":71}
{"timestamp":"2026-05-21T01:19:25.258645Z","level":"info","event":"\tat org.apache.spark.sql.delta.Snapshot.$anonfun$logInfo$1(Snapshot.scala:370)","logger":"airflow.task.operators.airflow.providers.docker.operators.docker.DockerOperator","filename":"docker.py","lineno":71}
{"timestamp":"2026-05-21T01:19:25.258713Z","level":"info","event":"\tat org.apache.spark.internal.Logging.logInfo(Logging.scala:60)","logger":"airflow.task.operators.airflow.providers.docker.operators.docker.DockerOperator","filename":"docker.py","lineno":71}
{"timestamp":"2026-05-21T01:19:25.258782Z","level":"info","event":"\tat org.apache.spark.internal.Logging.logInfo$(Logging.scala:59)","logger":"airflow.task.operators.airflow.providers.docker.operators.docker.DockerOperator","filename":"docker.py","lineno":71}
{"timestamp":"2026-05-21T01:19:25.258875Z","level":"info","event":"\tat org.apache.spark.sql.delta.Snapshot.logInfo(Snapshot.scala:370)","logger":"airflow.task.operators.airflow.providers.docker.operators.docker.DockerOperator","filename":"docker.py","lineno":71}
{"timestamp":"2026-05-21T01:19:25.258940Z","level":"info","event":"\tat org.apache.spark.sql.delta.Snapshot.<init>(Snapshot.scala:393)","logger":"airflow.task.operators.airflow.providers.docker.operators.docker.DockerOperator","filename":"docker.py","lineno":71}
{"timestamp":"2026-05-21T01:19:25.259008Z","level":"info","event":"\tat org.apache.spark.sql.delta.SnapshotManagement.$anonfun$createSnapshot$4(SnapshotManagement.scala:356)","logger":"airflow.task.operators.airflow.providers.docker.operators.docker.DockerOperator","filename":"docker.py","lineno":71}
{"timestamp":"2026-05-21T01:19:25.259079Z","level":"info","event":"\tat org.apache.spark.sql.delta.SnapshotManagement.createSnapshotFromGivenOrEquivalentLogSegment(SnapshotManagement.scala:480)","logger":"airflow.task.operators.airflow.providers.docker.operators.docker.DockerOperator","filename":"docker.py","lineno":71}
{"timestamp":"2026-05-21T01:19:25.259142Z","level":"info","event":"\tat org.apache.spark.sql.delta.SnapshotManagement.createSnapshotFromGivenOrEquivalentLogSegment$(SnapshotManagement.scala:468)","logger":"airflow.task.operators.airflow.providers.docker.operators.docker.DockerOperator","filename":"docker.py","lineno":71}
{"timestamp":"2026-05-21T01:19:25.259199Z","level":"info","event":"\tat org.apache.spark.sql.delta.DeltaLog.createSnapshotFromGivenOrEquivalentLogSegment(DeltaLog.scala:74)","logger":"airflow.task.operators.airflow.providers.docker.operators.docker.DockerOperator","filename":"docker.py","lineno":71}
{"timestamp":"2026-05-21T01:19:25.259262Z","level":"info","event":"\tat org.apache.spark.sql.delta.SnapshotManagement.createSnapshot(SnapshotManagement.scala:349)","logger":"airflow.task.operators.airflow.providers.docker.operators.docker.DockerOperator","filename":"docker.py","lineno":71}
{"timestamp":"2026-05-21T01:19:25.259324Z","level":"info","event":"\tat org.apache.spark.sql.delta.SnapshotManagement.createSnapshot$(SnapshotManagement.scala:343)","logger":"airflow.task.operators.airflow.providers.docker.operators.docker.DockerOperator","filename":"docker.py","lineno":71}
{"timestamp":"2026-05-21T01:19:25.259380Z","level":"info","event":"\tat org.apache.spark.sql.delta.DeltaLog.createSnapshot(DeltaLog.scala:74)","logger":"airflow.task.operators.airflow.providers.docker.operators.docker.DockerOperator","filename":"docker.py","lineno":71}
{"timestamp":"2026-05-21T01:19:25.259433Z","level":"info","event":"\tat org.apache.spark.sql.delta.SnapshotManagement.$anonfun$createSnapshotAtInitInternal$1(SnapshotManagement.scala:304)","logger":"airflow.task.operators.airflow.providers.docker.operators.docker.DockerOperator","filename":"docker.py","lineno":71}
{"timestamp":"2026-05-21T01:19:25.259492Z","level":"info","event":"\tat scala.Option.map(Option.scala:230)","logger":"airflow.task.operators.airflow.providers.docker.operators.docker.DockerOperator","filename":"docker.py","lineno":71}
{"timestamp":"2026-05-21T01:19:25.259564Z","level":"info","event":"\tat org.apache.spark.sql.delta.SnapshotManagement.createSnapshotAtInitInternal(SnapshotManagement.scala:301)","logger":"airflow.task.operators.airflow.providers.docker.operators.docker.DockerOperator","filename":"docker.py","lineno":71}
{"timestamp":"2026-05-21T01:19:25.259610Z","level":"info","event":"\tat org.apache.spark.sql.delta.SnapshotManagement.createSnapshotAtInitInternal$(SnapshotManagement.scala:298)","logger":"airflow.task.operators.airflow.providers.docker.operators.docker.DockerOperator","filename":"docker.py","lineno":71}
{"timestamp":"2026-05-21T01:19:25.259660Z","level":"info","event":"\tat org.apache.spark.sql.delta.DeltaLog.createSnapshotAtInitInternal(DeltaLog.scala:74)","logger":"airflow.task.operators.airflow.providers.docker.operators.docker.DockerOperator","filename":"docker.py","lineno":71}
{"timestamp":"2026-05-21T01:19:25.259718Z","level":"info","event":"\tat org.apache.spark.sql.delta.SnapshotManagement.$anonfun$getSnapshotAtInit$1(SnapshotManagement.scala:293)","logger":"airflow.task.operators.airflow.providers.docker.operators.docker.DockerOperator","filename":"docker.py","lineno":71}
{"timestamp":"2026-05-21T01:19:25.259818Z","level":"info","event":"\tat org.apache.spark.sql.delta.metering.DeltaLogging.recordFrameProfile(DeltaLogging.scala:140)","logger":"airflow.task.operators.airflow.providers.docker.operators.docker.DockerOperator","filename":"docker.py","lineno":71}
{"timestamp":"2026-05-21T01:19:25.259917Z","level":"info","event":"\tat org.apache.spark.sql.delta.metering.DeltaLogging.recordFrameProfile$(DeltaLogging.scala:138)","logger":"airflow.task.operators.airflow.providers.docker.operators.docker.DockerOperator","filename":"docker.py","lineno":71}
{"timestamp":"2026-05-21T01:19:25.259963Z","level":"info","event":"\tat org.apache.spark.sql.delta.DeltaLog.recordFrameProfile(DeltaLog.scala:74)","logger":"airflow.task.operators.airflow.providers.docker.operators.docker.DockerOperator","filename":"docker.py","lineno":71}
{"timestamp":"2026-05-21T01:19:25.260002Z","level":"info","event":"\tat org.apache.spark.sql.delta.SnapshotManagement.getSnapshotAtInit(SnapshotManagement.scala:288)","logger":"airflow.task.operators.airflow.providers.docker.operators.docker.DockerOperator","filename":"docker.py","lineno":71}
{"timestamp":"2026-05-21T01:19:25.260037Z","level":"info","event":"\tat org.apache.spark.sql.delta.SnapshotManagement.getSnapshotAtInit$(SnapshotManagement.scala:287)","logger":"airflow.task.operators.airflow.providers.docker.operators.docker.DockerOperator","filename":"docker.py","lineno":71}
{"timestamp":"2026-05-21T01:19:25.260074Z","level":"info","event":"\tat org.apache.spark.sql.delta.DeltaLog.getSnapshotAtInit(DeltaLog.scala:74)","logger":"airflow.task.operators.airflow.providers.docker.operators.docker.DockerOperator","filename":"docker.py","lineno":71}
{"timestamp":"2026-05-21T01:19:25.260109Z","level":"info","event":"\tat org.apache.spark.sql.delta.SnapshotManagement.$init$(SnapshotManagement.scala:57)","logger":"airflow.task.operators.airflow.providers.docker.operators.docker.DockerOperator","filename":"docker.py","lineno":71}
{"timestamp":"2026-05-21T01:19:25.260139Z","level":"info","event":"\tat org.apache.spark.sql.delta.DeltaLog.<init>(DeltaLog.scala:80)","logger":"airflow.task.operators.airflow.providers.docker.operators.docker.DockerOperator","filename":"docker.py","lineno":71}
{"timestamp":"2026-05-21T01:19:25.260169Z","level":"info","event":"\tat org.apache.spark.sql.delta.DeltaLog$.$anonfun$apply$4(DeltaLog.scala:790)","logger":"airflow.task.operators.airflow.providers.docker.operators.docker.DockerOperator","filename":"docker.py","lineno":71}
{"timestamp":"2026-05-21T01:19:25.260214Z","level":"info","event":"\tat org.apache.spark.sql.catalyst.plans.logical.AnalysisHelper$.allowInvokingTransformsInAnalyzer(AnalysisHelper.scala:323)","logger":"airflow.task.operators.airflow.providers.docker.operators.docker.DockerOperator","filename":"docker.py","lineno":71}
{"timestamp":"2026-05-21T01:19:25.260267Z","level":"info","event":"\tat org.apache.spark.sql.delta.DeltaLog$.$anonfun$apply$3(DeltaLog.scala:785)","logger":"airflow.task.operators.airflow.providers.docker.operators.docker.DockerOperator","filename":"docker.py","lineno":71}
{"timestamp":"2026-05-21T01:19:25.260317Z","level":"info","event":"\tat org.apache.spark.sql.delta.metering.DeltaLogging.recordFrameProfile(DeltaLogging.scala:140)","logger":"airflow.task.operators.airflow.providers.docker.operators.docker.DockerOperator","filename":"docker.py","lineno":71}
{"timestamp":"2026-05-21T01:19:25.260455Z","level":"info","event":"\tat org.apache.spark.sql.delta.metering.DeltaLogging.recordFrameProfile$(DeltaLogging.scala:138)","logger":"airflow.task.operators.airflow.providers.docker.operators.docker.DockerOperator","filename":"docker.py","lineno":71}
{"timestamp":"2026-05-21T01:19:25.260544Z","level":"info","event":"\tat org.apache.spark.sql.delta.DeltaLog$.recordFrameProfile(DeltaLog.scala:595)","logger":"airflow.task.operators.airflow.providers.docker.operators.docker.DockerOperator","filename":"docker.py","lineno":71}
{"timestamp":"2026-05-21T01:19:25.260608Z","level":"info","event":"\tat org.apache.spark.sql.delta.metering.DeltaLogging.$anonfun$recordDeltaOperationInternal$1(DeltaLogging.scala:133)","logger":"airflow.task.operators.airflow.providers.docker.operators.docker.DockerOperator","filename":"docker.py","lineno":71}
{"timestamp":"2026-05-21T01:19:25.260668Z","level":"info","event":"\tat com.databricks.spark.util.DatabricksLogging.recordOperation(DatabricksLogging.scala:128)","logger":"airflow.task.operators.airflow.providers.docker.operators.docker.DockerOperator","filename":"docker.py","lineno":71}
{"timestamp":"2026-05-21T01:19:25.260727Z","level":"info","event":"\tat com.databricks.spark.util.DatabricksLogging.recordOperation$(DatabricksLogging.scala:117)","logger":"airflow.task.operators.airflow.providers.docker.operators.docker.DockerOperator","filename":"docker.py","lineno":71}
{"timestamp":"2026-05-21T01:19:25.260809Z","level":"info","event":"\tat org.apache.spark.sql.delta.DeltaLog$.recordOperation(DeltaLog.scala:595)","logger":"airflow.task.operators.airflow.providers.docker.operators.docker.DockerOperator","filename":"docker.py","lineno":71}
{"timestamp":"2026-05-21T01:19:25.260905Z","level":"info","event":"\tat org.apache.spark.sql.delta.metering.DeltaLogging.recordDeltaOperationInternal(DeltaLogging.scala:132)","logger":"airflow.task.operators.airflow.providers.docker.operators.docker.DockerOperator","filename":"docker.py","lineno":71}
{"timestamp":"2026-05-21T01:19:25.260959Z","level":"info","event":"\tat org.apache.spark.sql.delta.metering.DeltaLogging.recordDeltaOperation(DeltaLogging.scala:122)","logger":"airflow.task.operators.airflow.providers.docker.operators.docker.DockerOperator","filename":"docker.py","lineno":71}
{"timestamp":"2026-05-21T01:19:25.261008Z","level":"info","event":"\tat org.apache.spark.sql.delta.metering.DeltaLogging.recordDeltaOperation$(DeltaLogging.scala:112)","logger":"airflow.task.operators.airflow.providers.docker.operators.docker.DockerOperator","filename":"docker.py","lineno":71}
{"timestamp":"2026-05-21T01:19:25.261065Z","level":"info","event":"\tat org.apache.spark.sql.delta.DeltaLog$.recordDeltaOperation(DeltaLog.scala:595)","logger":"airflow.task.operators.airflow.providers.docker.operators.docker.DockerOperator","filename":"docker.py","lineno":71}
{"timestamp":"2026-05-21T01:19:25.261120Z","level":"info","event":"\tat org.apache.spark.sql.delta.DeltaLog$.createDeltaLog$1(DeltaLog.scala:784)","logger":"airflow.task.operators.airflow.providers.docker.operators.docker.DockerOperator","filename":"docker.py","lineno":71}
{"timestamp":"2026-05-21T01:19:25.261172Z","level":"info","event":"\tat org.apache.spark.sql.delta.DeltaLog$.$anonfun$apply$5(DeltaLog.scala:802)","logger":"airflow.task.operators.airflow.providers.docker.operators.docker.DockerOperator","filename":"docker.py","lineno":71}
{"timestamp":"2026-05-21T01:19:25.261221Z","level":"info","event":"\tat com.google.common.cache.LocalCache$LocalManualCache$1.load(LocalCache.java:4792)","logger":"airflow.task.operators.airflow.providers.docker.operators.docker.DockerOperator","filename":"docker.py","lineno":71}
{"timestamp":"2026-05-21T01:19:25.261270Z","level":"info","event":"\tat com.google.common.cache.LocalCache$LoadingValueReference.loadFuture(LocalCache.java:3599)","logger":"airflow.task.operators.airflow.providers.docker.operators.docker.DockerOperator","filename":"docker.py","lineno":71}
{"timestamp":"2026-05-21T01:19:25.261315Z","level":"info","event":"\tat com.google.common.cache.LocalCache$Segment.loadSync(LocalCache.java:2379)","logger":"airflow.task.operators.airflow.providers.docker.operators.docker.DockerOperator","filename":"docker.py","lineno":71}
{"timestamp":"2026-05-21T01:19:25.261360Z","level":"info","event":"\tat com.google.common.cache.LocalCache$Segment.lockedGetOrLoad(LocalCache.java:2342)","logger":"airflow.task.operators.airflow.providers.docker.operators.docker.DockerOperator","filename":"docker.py","lineno":71}
{"timestamp":"2026-05-21T01:19:25.261409Z","level":"info","event":"\tat com.google.common.cache.LocalCache$Segment.get(LocalCache.java:2257)","logger":"airflow.task.operators.airflow.providers.docker.operators.docker.DockerOperator","filename":"docker.py","lineno":71}
{"timestamp":"2026-05-21T01:19:25.261458Z","level":"info","event":"\tat com.google.common.cache.LocalCache.get(LocalCache.java:4000)","logger":"airflow.task.operators.airflow.providers.docker.operators.docker.DockerOperator","filename":"docker.py","lineno":71}
{"timestamp":"2026-05-21T01:19:25.261527Z","level":"info","event":"\tat com.google.common.cache.LocalCache$LocalManualCache.get(LocalCache.java:4789)","logger":"airflow.task.operators.airflow.providers.docker.operators.docker.DockerOperator","filename":"docker.py","lineno":71}
{"timestamp":"2026-05-21T01:19:25.261586Z","level":"info","event":"\tat org.apache.spark.sql.delta.DeltaLog$.getDeltaLogFromCache$1(DeltaLog.scala:801)","logger":"airflow.task.operators.airflow.providers.docker.operators.docker.DockerOperator","filename":"docker.py","lineno":71}
{"timestamp":"2026-05-21T01:19:25.261643Z","level":"info","event":"\tat org.apache.spark.sql.delta.DeltaLog$.apply(DeltaLog.scala:811)","logger":"airflow.task.operators.airflow.providers.docker.operators.docker.DockerOperator","filename":"docker.py","lineno":71}
{"timestamp":"2026-05-21T01:19:25.261718Z","level":"info","event":"\tat org.apache.spark.sql.delta.DeltaLog$.forTable(DeltaLog.scala:658)","logger":"airflow.task.operators.airflow.providers.docker.operators.docker.DockerOperator","filename":"docker.py","lineno":71}
{"timestamp":"2026-05-21T01:19:25.261783Z","level":"info","event":"\tat org.apache.spark.sql.delta.catalog.DeltaTableV2.deltaLog$lzycompute(DeltaTableV2.scala:85)","logger":"airflow.task.operators.airflow.providers.docker.operators.docker.DockerOperator","filename":"docker.py","lineno":71}
{"timestamp":"2026-05-21T01:19:25.261859Z","level":"info","event":"\tat org.apache.spark.sql.delta.catalog.DeltaTableV2.deltaLog(DeltaTableV2.scala:84)","logger":"airflow.task.operators.airflow.providers.docker.operators.docker.DockerOperator","filename":"docker.py","lineno":71}
{"timestamp":"2026-05-21T01:19:25.261920Z","level":"info","event":"\tat org.apache.spark.sql.delta.catalog.DeltaTableV2.$anonfun$snapshot$3(DeltaTableV2.scala:122)","logger":"airflow.task.operators.airflow.providers.docker.operators.docker.DockerOperator","filename":"docker.py","lineno":71}
{"timestamp":"2026-05-21T01:19:25.261977Z","level":"info","event":"\tat scala.Option.getOrElse(Option.scala:189)","logger":"airflow.task.operators.airflow.providers.docker.operators.docker.DockerOperator","filename":"docker.py","lineno":71}
{"timestamp":"2026-05-21T01:19:25.262038Z","level":"info","event":"\tat org.apache.spark.sql.delta.catalog.DeltaTableV2.snapshot$lzycompute(DeltaTableV2.scala:122)","logger":"airflow.task.operators.airflow.providers.docker.operators.docker.DockerOperator","filename":"docker.py","lineno":71}
{"timestamp":"2026-05-21T01:19:25.262097Z","level":"info","event":"\tat org.apache.spark.sql.delta.catalog.DeltaTableV2.snapshot(DeltaTableV2.scala:103)","logger":"airflow.task.operators.airflow.providers.docker.operators.docker.DockerOperator","filename":"docker.py","lineno":71}
{"timestamp":"2026-05-21T01:19:25.262157Z","level":"info","event":"\tat org.apache.spark.sql.delta.catalog.DeltaTableV2.toBaseRelation(DeltaTableV2.scala:178)","logger":"airflow.task.operators.airflow.providers.docker.operators.docker.DockerOperator","filename":"docker.py","lineno":71}
{"timestamp":"2026-05-21T01:19:25.262211Z","level":"info","event":"\tat org.apache.spark.sql.delta.sources.DeltaDataSource.$anonfun$createRelation$5(DeltaDataSource.scala:230)","logger":"airflow.task.operators.airflow.providers.docker.operators.docker.DockerOperator","filename":"docker.py","lineno":71}
{"timestamp":"2026-05-21T01:19:25.262261Z","level":"info","event":"\tat org.apache.spark.sql.delta.metering.DeltaLogging.recordFrameProfile(DeltaLogging.scala:140)","logger":"airflow.task.operators.airflow.providers.docker.operators.docker.DockerOperator","filename":"docker.py","lineno":71}
{"timestamp":"2026-05-21T01:19:25.262307Z","level":"info","event":"\tat org.apache.spark.sql.delta.metering.DeltaLogging.recordFrameProfile$(DeltaLogging.scala:138)","logger":"airflow.task.operators.airflow.providers.docker.operators.docker.DockerOperator","filename":"docker.py","lineno":71}
{"timestamp":"2026-05-21T01:19:25.262357Z","level":"info","event":"\tat org.apache.spark.sql.delta.sources.DeltaDataSource.recordFrameProfile(DeltaDataSource.scala:49)","logger":"airflow.task.operators.airflow.providers.docker.operators.docker.DockerOperator","filename":"docker.py","lineno":71}
{"timestamp":"2026-05-21T01:19:25.262405Z","level":"info","event":"\tat org.apache.spark.sql.delta.sources.DeltaDataSource.createRelation(DeltaDataSource.scala:188)","logger":"airflow.task.operators.airflow.providers.docker.operators.docker.DockerOperator","filename":"docker.py","lineno":71}
{"timestamp":"2026-05-21T01:19:25.262454Z","level":"info","event":"\tat org.apache.spark.sql.execution.datasources.DataSource.resolveRelation(DataSource.scala:346)","logger":"airflow.task.operators.airflow.providers.docker.operators.docker.DockerOperator","filename":"docker.py","lineno":71}
{"timestamp":"2026-05-21T01:19:25.262507Z","level":"info","event":"\tat org.apache.spark.sql.DataFrameReader.loadV1Source(DataFrameReader.scala:229)","logger":"airflow.task.operators.airflow.providers.docker.operators.docker.DockerOperator","filename":"docker.py","lineno":71}
{"timestamp":"2026-05-21T01:19:25.262545Z","level":"info","event":"\tat org.apache.spark.sql.DataFrameReader.$anonfun$load$2(DataFrameReader.scala:211)","logger":"airflow.task.operators.airflow.providers.docker.operators.docker.DockerOperator","filename":"docker.py","lineno":71}
{"timestamp":"2026-05-21T01:19:25.262576Z","level":"info","event":"\tat scala.Option.getOrElse(Option.scala:189)","logger":"airflow.task.operators.airflow.providers.docker.operators.docker.DockerOperator","filename":"docker.py","lineno":71}
{"timestamp":"2026-05-21T01:19:25.262605Z","level":"info","event":"\tat org.apache.spark.sql.DataFrameReader.load(DataFrameReader.scala:211)","logger":"airflow.task.operators.airflow.providers.docker.operators.docker.DockerOperator","filename":"docker.py","lineno":71}
{"timestamp":"2026-05-21T01:19:25.262633Z","level":"info","event":"\tat org.apache.spark.sql.DataFrameReader.load(DataFrameReader.scala:186)","logger":"airflow.task.operators.airflow.providers.docker.operators.docker.DockerOperator","filename":"docker.py","lineno":71}
{"timestamp":"2026-05-21T01:19:25.262663Z","level":"info","event":"\tat java.base/jdk.internal.reflect.NativeMethodAccessorImpl.invoke0(Native Method)","logger":"airflow.task.operators.airflow.providers.docker.operators.docker.DockerOperator","filename":"docker.py","lineno":71}
{"timestamp":"2026-05-21T01:19:25.262693Z","level":"info","event":"\tat java.base/jdk.internal.reflect.NativeMethodAccessorImpl.invoke(Unknown Source)","logger":"airflow.task.operators.airflow.providers.docker.operators.docker.DockerOperator","filename":"docker.py","lineno":71}
{"timestamp":"2026-05-21T01:19:25.262724Z","level":"info","event":"\tat java.base/jdk.internal.reflect.DelegatingMethodAccessorImpl.invoke(Unknown Source)","logger":"airflow.task.operators.airflow.providers.docker.operators.docker.DockerOperator","filename":"docker.py","lineno":71}
{"timestamp":"2026-05-21T01:19:25.262754Z","level":"info","event":"\tat java.base/java.lang.reflect.Method.invoke(Unknown Source)","logger":"airflow.task.operators.airflow.providers.docker.operators.docker.DockerOperator","filename":"docker.py","lineno":71}
{"timestamp":"2026-05-21T01:19:25.262783Z","level":"info","event":"\tat py4j.reflection.MethodInvoker.invoke(MethodInvoker.java:244)","logger":"airflow.task.operators.airflow.providers.docker.operators.docker.DockerOperator","filename":"docker.py","lineno":71}
{"timestamp":"2026-05-21T01:19:25.262812Z","level":"info","event":"\tat py4j.reflection.ReflectionEngine.invoke(ReflectionEngine.java:374)","logger":"airflow.task.operators.airflow.providers.docker.operators.docker.DockerOperator","filename":"docker.py","lineno":71}
{"timestamp":"2026-05-21T01:19:25.262903Z","level":"info","event":"\tat py4j.Gateway.invoke(Gateway.java:282)","logger":"airflow.task.operators.airflow.providers.docker.operators.docker.DockerOperator","filename":"docker.py","lineno":71}
{"timestamp":"2026-05-21T01:19:25.262957Z","level":"info","event":"\tat py4j.commands.AbstractCommand.invokeMethod(AbstractCommand.java:132)","logger":"airflow.task.operators.airflow.providers.docker.operators.docker.DockerOperator","filename":"docker.py","lineno":71}
{"timestamp":"2026-05-21T01:19:25.262992Z","level":"info","event":"\tat py4j.commands.CallCommand.execute(CallCommand.java:79)","logger":"airflow.task.operators.airflow.providers.docker.operators.docker.DockerOperator","filename":"docker.py","lineno":71}
{"timestamp":"2026-05-21T01:19:25.263028Z","level":"info","event":"\tat py4j.ClientServerConnection.waitForCommands(ClientServerConnection.java:182)","logger":"airflow.task.operators.airflow.providers.docker.operators.docker.DockerOperator","filename":"docker.py","lineno":71}
{"timestamp":"2026-05-21T01:19:25.263058Z","level":"info","event":"\tat py4j.ClientServerConnection.run(ClientServerConnection.java:106)","logger":"airflow.task.operators.airflow.providers.docker.operators.docker.DockerOperator","filename":"docker.py","lineno":71}
{"timestamp":"2026-05-21T01:19:25.263086Z","level":"info","event":"\tat java.base/java.lang.Thread.run(Unknown Source)","logger":"airflow.task.operators.airflow.providers.docker.operators.docker.DockerOperator","filename":"docker.py","lineno":71}
{"timestamp":"2026-05-21T01:19:25.263114Z","level":"info","event":"","logger":"airflow.task.operators.airflow.providers.docker.operators.docker.DockerOperator","filename":"docker.py","lineno":71}
{"timestamp":"2026-05-21T01:19:25.263268Z","level":"info","event":"2026-05-21 01:19:25,219 - ERROR - Error processing table sales_per_city_country: An error occurred while calling o52.load.","logger":"airflow.task.operators.airflow.providers.docker.operators.docker.DockerOperator","filename":"docker.py","lineno":71}
{"timestamp":"2026-05-21T01:19:25.263313Z","level":"info","event":": java.lang.ClassCastException: class org.apache.hadoop.fs.s3a.S3AFileStatus cannot be cast to class org.apache.spark.sql.execution.datasources.FileStatusWithMetadata (org.apache.hadoop.fs.s3a.S3AFileStatus and org.apache.spark.sql.execution.datasources.FileStatusWithMetadata are in unnamed module of loader 'app')","logger":"airflow.task.operators.airflow.providers.docker.operators.docker.DockerOperator","filename":"docker.py","lineno":71}
{"timestamp":"2026-05-21T01:19:25.263347Z","level":"info","event":"\tat scala.collection.TraversableLike.$anonfun$map$1(TraversableLike.scala:286)","logger":"airflow.task.operators.airflow.providers.docker.operators.docker.DockerOperator","filename":"docker.py","lineno":71}
{"timestamp":"2026-05-21T01:19:25.263377Z","level":"info","event":"\tat scala.collection.IndexedSeqOptimized.foreach(IndexedSeqOptimized.scala:36)","logger":"airflow.task.operators.airflow.providers.docker.operators.docker.DockerOperator","filename":"docker.py","lineno":71}
{"timestamp":"2026-05-21T01:19:25.263407Z","level":"info","event":"\tat scala.collection.IndexedSeqOptimized.foreach$(IndexedSeqOptimized.scala:33)","logger":"airflow.task.operators.airflow.providers.docker.operators.docker.DockerOperator","filename":"docker.py","lineno":71}
{"timestamp":"2026-05-21T01:19:25.263443Z","level":"info","event":"\tat scala.collection.mutable.WrappedArray.foreach(WrappedArray.scala:38)","logger":"airflow.task.operators.airflow.providers.docker.operators.docker.DockerOperator","filename":"docker.py","lineno":71}
{"timestamp":"2026-05-21T01:19:25.263474Z","level":"info","event":"\tat scala.collection.TraversableLike.map(TraversableLike.scala:286)","logger":"airflow.task.operators.airflow.providers.docker.operators.docker.DockerOperator","filename":"docker.py","lineno":71}
{"timestamp":"2026-05-21T01:19:25.263517Z","level":"info","event":"\tat scala.collection.TraversableLike.map$(TraversableLike.scala:279)","logger":"airflow.task.operators.airflow.providers.docker.operators.docker.DockerOperator","filename":"docker.py","lineno":71}
{"timestamp":"2026-05-21T01:19:25.263570Z","level":"info","event":"\tat scala.collection.AbstractTraversable.map(Traversable.scala:108)","logger":"airflow.task.operators.airflow.providers.docker.operators.docker.DockerOperator","filename":"docker.py","lineno":71}
{"timestamp":"2026-05-21T01:19:25.263601Z","level":"info","event":"\tat org.apache.spark.sql.execution.FileSourceScanLike.$anonfun$setFilesNumAndSizeMetric$2(DataSourceScanExec.scala:466)","logger":"airflow.task.operators.airflow.providers.docker.operators.docker.DockerOperator","filename":"docker.py","lineno":71}
{"timestamp":"2026-05-21T01:19:25.263632Z","level":"info","event":"\tat org.apache.spark.sql.execution.FileSourceScanLike.$anonfun$setFilesNumAndSizeMetric$2$adapted(DataSourceScanExec.scala:466)","logger":"airflow.task.operators.airflow.providers.docker.operators.docker.DockerOperator","filename":"docker.py","lineno":71}
{"timestamp":"2026-05-21T01:19:25.263661Z","level":"info","event":"\tat scala.collection.immutable.List.map(List.scala:293)","logger":"airflow.task.operators.airflow.providers.docker.operators.docker.DockerOperator","filename":"docker.py","lineno":71}
{"timestamp":"2026-05-21T01:19:25.263690Z","level":"info","event":"\tat org.apache.spark.sql.execution.FileSourceScanLike.setFilesNumAndSizeMetric(DataSourceScanExec.scala:466)","logger":"airflow.task.operators.airflow.providers.docker.operators.docker.DockerOperator","filename":"docker.py","lineno":71}
{"timestamp":"2026-05-21T01:19:25.263719Z","level":"info","event":"\tat org.apache.spark.sql.execution.FileSourceScanLike.selectedPartitions(DataSourceScanExec.scala:257)","logger":"airflow.task.operators.airflow.providers.docker.operators.docker.DockerOperator","filename":"docker.py","lineno":71}
{"timestamp":"2026-05-21T01:19:25.263746Z","level":"info","event":"\tat org.apache.spark.sql.execution.FileSourceScanLike.selectedPartitions$(DataSourceScanExec.scala:251)","logger":"airflow.task.operators.airflow.providers.docker.operators.docker.DockerOperator","filename":"docker.py","lineno":71}
{"timestamp":"2026-05-21T01:19:25.263773Z","level":"info","event":"\tat org.apache.spark.sql.execution.FileSourceScanExec.selectedPartitions$lzycompute(DataSourceScanExec.scala:506)","logger":"airflow.task.operators.airflow.providers.docker.operators.docker.DockerOperator","filename":"docker.py","lineno":71}
{"timestamp":"2026-05-21T01:19:25.263800Z","level":"info","event":"\tat org.apache.spark.sql.execution.FileSourceScanExec.selectedPartitions(DataSourceScanExec.scala:506)","logger":"airflow.task.operators.airflow.providers.docker.operators.docker.DockerOperator","filename":"docker.py","lineno":71}
{"timestamp":"2026-05-21T01:19:25.263922Z","level":"info","event":"\tat org.apache.spark.sql.execution.FileSourceScanLike.dynamicallySelectedPartitions(DataSourceScanExec.scala:286)","logger":"airflow.task.operators.airflow.providers.docker.operators.docker.DockerOperator","filename":"docker.py","lineno":71}
{"timestamp":"2026-05-21T01:19:25.263989Z","level":"info","event":"\tat org.apache.spark.sql.execution.FileSourceScanLike.dynamicallySelectedPartitions$(DataSourceScanExec.scala:267)","logger":"airflow.task.operators.airflow.providers.docker.operators.docker.DockerOperator","filename":"docker.py","lineno":71}
{"timestamp":"2026-05-21T01:19:25.264035Z","level":"info","event":"\tat org.apache.spark.sql.execution.FileSourceScanExec.dynamicallySelectedPartitions$lzycompute(DataSourceScanExec.scala:506)","logger":"airflow.task.operators.airflow.providers.docker.operators.docker.DockerOperator","filename":"docker.py","lineno":71}
{"timestamp":"2026-05-21T01:19:25.264069Z","level":"info","event":"\tat org.apache.spark.sql.execution.FileSourceScanExec.dynamicallySelectedPartitions(DataSourceScanExec.scala:506)","logger":"airflow.task.operators.airflow.providers.docker.operators.docker.DockerOperator","filename":"docker.py","lineno":71}
{"timestamp":"2026-05-21T01:19:25.264099Z","level":"info","event":"\tat org.apache.spark.sql.execution.FileSourceScanExec.inputRDD$lzycompute(DataSourceScanExec.scala:553)","logger":"airflow.task.operators.airflow.providers.docker.operators.docker.DockerOperator","filename":"docker.py","lineno":71}
{"timestamp":"2026-05-21T01:19:25.264128Z","level":"info","event":"\tat org.apache.spark.sql.execution.FileSourceScanExec.inputRDD(DataSourceScanExec.scala:537)","logger":"airflow.task.operators.airflow.providers.docker.operators.docker.DockerOperator","filename":"docker.py","lineno":71}
{"timestamp":"2026-05-21T01:19:25.264157Z","level":"info","event":"\tat org.apache.spark.sql.execution.FileSourceScanExec.doExecute(DataSourceScanExec.scala:575)","logger":"airflow.task.operators.airflow.providers.docker.operators.docker.DockerOperator","filename":"docker.py","lineno":71}
{"timestamp":"2026-05-21T01:19:25.264187Z","level":"info","event":"\tat org.apache.spark.sql.execution.SparkPlan.$anonfun$execute$1(SparkPlan.scala:195)","logger":"airflow.task.operators.airflow.providers.docker.operators.docker.DockerOperator","filename":"docker.py","lineno":71}
{"timestamp":"2026-05-21T01:19:25.264216Z","level":"info","event":"\tat org.apache.spark.sql.execution.SparkPlan.$anonfun$executeQuery$1(SparkPlan.scala:246)","logger":"airflow.task.operators.airflow.providers.docker.operators.docker.DockerOperator","filename":"docker.py","lineno":71}
{"timestamp":"2026-05-21T01:19:25.264244Z","level":"info","event":"\tat org.apache.spark.rdd.RDDOperationScope$.withScope(RDDOperationScope.scala:151)","logger":"airflow.task.operators.airflow.providers.docker.operators.docker.DockerOperator","filename":"docker.py","lineno":71}
{"timestamp":"2026-05-21T01:19:25.264272Z","level":"info","event":"\tat org.apache.spark.sql.execution.SparkPlan.executeQuery(SparkPlan.scala:243)","logger":"airflow.task.operators.airflow.providers.docker.operators.docker.DockerOperator","filename":"docker.py","lineno":71}
{"timestamp":"2026-05-21T01:19:25.264301Z","level":"info","event":"\tat org.apache.spark.sql.execution.SparkPlan.execute(SparkPlan.scala:191)","logger":"airflow.task.operators.airflow.providers.docker.operators.docker.DockerOperator","filename":"docker.py","lineno":71}
{"timestamp":"2026-05-21T01:19:25.264329Z","level":"info","event":"\tat org.apache.spark.sql.execution.InputAdapter.inputRDD(WholeStageCodegenExec.scala:527)","logger":"airflow.task.operators.airflow.providers.docker.operators.docker.DockerOperator","filename":"docker.py","lineno":71}
{"timestamp":"2026-05-21T01:19:25.264363Z","level":"info","event":"\tat org.apache.spark.sql.execution.InputRDDCodegen.inputRDDs(WholeStageCodegenExec.scala:455)","logger":"airflow.task.operators.airflow.providers.docker.operators.docker.DockerOperator","filename":"docker.py","lineno":71}
{"timestamp":"2026-05-21T01:19:25.264417Z","level":"info","event":"\tat org.apache.spark.sql.execution.InputRDDCodegen.inputRDDs$(WholeStageCodegenExec.scala:454)","logger":"airflow.task.operators.airflow.providers.docker.operators.docker.DockerOperator","filename":"docker.py","lineno":71}
{"timestamp":"2026-05-21T01:19:25.264470Z","level":"info","event":"\tat org.apache.spark.sql.execution.InputAdapter.inputRDDs(WholeStageCodegenExec.scala:498)","logger":"airflow.task.operators.airflow.providers.docker.operators.docker.DockerOperator","filename":"docker.py","lineno":71}
{"timestamp":"2026-05-21T01:19:25.264509Z","level":"info","event":"\tat org.apache.spark.sql.execution.ProjectExec.inputRDDs(basicPhysicalOperators.scala:51)","logger":"airflow.task.operators.airflow.providers.docker.operators.docker.DockerOperator","filename":"docker.py","lineno":71}
{"timestamp":"2026-05-21T01:19:25.264541Z","level":"info","event":"\tat org.apache.spark.sql.execution.FilterExec.inputRDDs(basicPhysicalOperators.scala:242)","logger":"airflow.task.operators.airflow.providers.docker.operators.docker.DockerOperator","filename":"docker.py","lineno":71}
{"timestamp":"2026-05-21T01:19:25.264569Z","level":"info","event":"\tat org.apache.spark.sql.execution.ProjectExec.inputRDDs(basicPhysicalOperators.scala:51)","logger":"airflow.task.operators.airflow.providers.docker.operators.docker.DockerOperator","filename":"docker.py","lineno":71}
{"timestamp":"2026-05-21T01:19:25.264597Z","level":"info","event":"\tat org.apache.spark.sql.execution.WholeStageCodegenExec.doExecute(WholeStageCodegenExec.scala:751)","logger":"airflow.task.operators.airflow.providers.docker.operators.docker.DockerOperator","filename":"docker.py","lineno":71}
{"timestamp":"2026-05-21T01:19:25.264626Z","level":"info","event":"\tat org.apache.spark.sql.execution.SparkPlan.$anonfun$execute$1(SparkPlan.scala:195)","logger":"airflow.task.operators.airflow.providers.docker.operators.docker.DockerOperator","filename":"docker.py","lineno":71}
{"timestamp":"2026-05-21T01:19:25.264655Z","level":"info","event":"\tat org.apache.spark.sql.execution.SparkPlan.$anonfun$executeQuery$1(SparkPlan.scala:246)","logger":"airflow.task.operators.airflow.providers.docker.operators.docker.DockerOperator","filename":"docker.py","lineno":71}
{"timestamp":"2026-05-21T01:19:25.264682Z","level":"info","event":"\tat org.apache.spark.rdd.RDDOperationScope$.withScope(RDDOperationScope.scala:151)","logger":"airflow.task.operators.airflow.providers.docker.operators.docker.DockerOperator","filename":"docker.py","lineno":71}
{"timestamp":"2026-05-21T01:19:25.264709Z","level":"info","event":"\tat org.apache.spark.sql.execution.SparkPlan.executeQuery(SparkPlan.scala:243)","logger":"airflow.task.operators.airflow.providers.docker.operators.docker.DockerOperator","filename":"docker.py","lineno":71}
{"timestamp":"2026-05-21T01:19:25.264736Z","level":"info","event":"\tat org.apache.spark.sql.execution.SparkPlan.execute(SparkPlan.scala:191)","logger":"airflow.task.operators.airflow.providers.docker.operators.docker.DockerOperator","filename":"docker.py","lineno":71}
{"timestamp":"2026-05-21T01:19:25.264764Z","level":"info","event":"\tat org.apache.spark.sql.execution.SparkPlan.getByteArrayRdd(SparkPlan.scala:364)","logger":"airflow.task.operators.airflow.providers.docker.operators.docker.DockerOperator","filename":"docker.py","lineno":71}
{"timestamp":"2026-05-21T01:19:25.264791Z","level":"info","event":"\tat org.apache.spark.sql.execution.SparkPlan.executeCollect(SparkPlan.scala:445)","logger":"airflow.task.operators.airflow.providers.docker.operators.docker.DockerOperator","filename":"docker.py","lineno":71}
{"timestamp":"2026-05-21T01:19:25.264819Z","level":"info","event":"\tat org.apache.spark.sql.Dataset.collectFromPlan(Dataset.scala:4344)","logger":"airflow.task.operators.airflow.providers.docker.operators.docker.DockerOperator","filename":"docker.py","lineno":71}
{"timestamp":"2026-05-21T01:19:25.264892Z","level":"info","event":"\tat org.apache.spark.sql.Dataset.$anonfun$collect$1(Dataset.scala:3585)","logger":"airflow.task.operators.airflow.providers.docker.operators.docker.DockerOperator","filename":"docker.py","lineno":71}
{"timestamp":"2026-05-21T01:19:25.264935Z","level":"info","event":"\tat org.apache.spark.sql.Dataset.$anonfun$withAction$2(Dataset.scala:4334)","logger":"airflow.task.operators.airflow.providers.docker.operators.docker.DockerOperator","filename":"docker.py","lineno":71}
{"timestamp":"2026-05-21T01:19:25.264966Z","level":"info","event":"\tat org.apache.spark.sql.execution.QueryExecution$.withInternalError(QueryExecution.scala:546)","logger":"airflow.task.operators.airflow.providers.docker.operators.docker.DockerOperator","filename":"docker.py","lineno":71}
{"timestamp":"2026-05-21T01:19:25.265000Z","level":"info","event":"\tat org.apache.spark.sql.Dataset.$anonfun$withAction$1(Dataset.scala:4332)","logger":"airflow.task.operators.airflow.providers.docker.operators.docker.DockerOperator","filename":"docker.py","lineno":71}
{"timestamp":"2026-05-21T01:19:25.265032Z","level":"info","event":"\tat org.apache.spark.sql.execution.SQLExecution$.$anonfun$withNewExecutionId$6(SQLExecution.scala:125)","logger":"airflow.task.operators.airflow.providers.docker.operators.docker.DockerOperator","filename":"docker.py","lineno":71}
{"timestamp":"2026-05-21T01:19:25.265059Z","level":"info","event":"\tat org.apache.spark.sql.execution.SQLExecution$.withSQLConfPropagated(SQLExecution.scala:201)","logger":"airflow.task.operators.airflow.providers.docker.operators.docker.DockerOperator","filename":"docker.py","lineno":71}
{"timestamp":"2026-05-21T01:19:25.265088Z","level":"info","event":"\tat org.apache.spark.sql.execution.SQLExecution$.$anonfun$withNewExecutionId$1(SQLExecution.scala:108)","logger":"airflow.task.operators.airflow.providers.docker.operators.docker.DockerOperator","filename":"docker.py","lineno":71}
{"timestamp":"2026-05-21T01:19:25.265117Z","level":"info","event":"\tat org.apache.spark.sql.SparkSession.withActive(SparkSession.scala:900)","logger":"airflow.task.operators.airflow.providers.docker.operators.docker.DockerOperator","filename":"docker.py","lineno":71}
{"timestamp":"2026-05-21T01:19:25.265146Z","level":"info","event":"\tat org.apache.spark.sql.execution.SQLExecution$.withNewExecutionId(SQLExecution.scala:66)","logger":"airflow.task.operators.airflow.providers.docker.operators.docker.DockerOperator","filename":"docker.py","lineno":71}
{"timestamp":"2026-05-21T01:19:25.265175Z","level":"info","event":"\tat org.apache.spark.sql.Dataset.withAction(Dataset.scala:4332)","logger":"airflow.task.operators.airflow.providers.docker.operators.docker.DockerOperator","filename":"docker.py","lineno":71}
{"timestamp":"2026-05-21T01:19:25.265204Z","level":"info","event":"\tat org.apache.spark.sql.Dataset.collect(Dataset.scala:3585)","logger":"airflow.task.operators.airflow.providers.docker.operators.docker.DockerOperator","filename":"docker.py","lineno":71}
{"timestamp":"2026-05-21T01:19:25.265231Z","level":"info","event":"\tat org.apache.spark.sql.delta.Snapshot.protocolAndMetadataReconstruction(Snapshot.scala:215)","logger":"airflow.task.operators.airflow.providers.docker.operators.docker.DockerOperator","filename":"docker.py","lineno":71}
{"timestamp":"2026-05-21T01:19:25.265259Z","level":"info","event":"\tat org.apache.spark.sql.delta.Snapshot.x$1$lzycompute(Snapshot.scala:134)","logger":"airflow.task.operators.airflow.providers.docker.operators.docker.DockerOperator","filename":"docker.py","lineno":71}
{"timestamp":"2026-05-21T01:19:25.265287Z","level":"info","event":"\tat org.apache.spark.sql.delta.Snapshot.x$1(Snapshot.scala:129)","logger":"airflow.task.operators.airflow.providers.docker.operators.docker.DockerOperator","filename":"docker.py","lineno":71}
{"timestamp":"2026-05-21T01:19:25.265314Z","level":"info","event":"\tat org.apache.spark.sql.delta.Snapshot._metadata$lzycompute(Snapshot.scala:129)","logger":"airflow.task.operators.airflow.providers.docker.operators.docker.DockerOperator","filename":"docker.py","lineno":71}
{"timestamp":"2026-05-21T01:19:25.265345Z","level":"info","event":"\tat org.apache.spark.sql.delta.Snapshot._metadata(Snapshot.scala:129)","logger":"airflow.task.operators.airflow.providers.docker.operators.docker.DockerOperator","filename":"docker.py","lineno":71}
{"timestamp":"2026-05-21T01:19:25.265374Z","level":"info","event":"\tat org.apache.spark.sql.delta.Snapshot.metadata(Snapshot.scala:197)","logger":"airflow.task.operators.airflow.providers.docker.operators.docker.DockerOperator","filename":"docker.py","lineno":71}
{"timestamp":"2026-05-21T01:19:25.265401Z","level":"info","event":"\tat org.apache.spark.sql.delta.Snapshot.toString(Snapshot.scala:390)","logger":"airflow.task.operators.airflow.providers.docker.operators.docker.DockerOperator","filename":"docker.py","lineno":71}
{"timestamp":"2026-05-21T01:19:25.265429Z","level":"info","event":"\tat java.base/java.lang.String.valueOf(Unknown Source)","logger":"airflow.task.operators.airflow.providers.docker.operators.docker.DockerOperator","filename":"docker.py","lineno":71}
{"timestamp":"2026-05-21T01:19:25.265459Z","level":"info","event":"\tat java.base/java.lang.StringBuilder.append(Unknown Source)","logger":"airflow.task.operators.airflow.providers.docker.operators.docker.DockerOperator","filename":"docker.py","lineno":71}
{"timestamp":"2026-05-21T01:19:25.265487Z","level":"info","event":"\tat org.apache.spark.sql.delta.Snapshot.$anonfun$new$1(Snapshot.scala:393)","logger":"airflow.task.operators.airflow.providers.docker.operators.docker.DockerOperator","filename":"docker.py","lineno":71}
{"timestamp":"2026-05-21T01:19:25.265529Z","level":"info","event":"\tat org.apache.spark.sql.delta.Snapshot.$anonfun$logInfo$1(Snapshot.scala:370)","logger":"airflow.task.operators.airflow.providers.docker.operators.docker.DockerOperator","filename":"docker.py","lineno":71}
{"timestamp":"2026-05-21T01:19:25.265584Z","level":"info","event":"\tat org.apache.spark.internal.Logging.logInfo(Logging.scala:60)","logger":"airflow.task.operators.airflow.providers.docker.operators.docker.DockerOperator","filename":"docker.py","lineno":71}
{"timestamp":"2026-05-21T01:19:25.265639Z","level":"info","event":"\tat org.apache.spark.internal.Logging.logInfo$(Logging.scala:59)","logger":"airflow.task.operators.airflow.providers.docker.operators.docker.DockerOperator","filename":"docker.py","lineno":71}
{"timestamp":"2026-05-21T01:19:25.265696Z","level":"info","event":"\tat org.apache.spark.sql.delta.Snapshot.logInfo(Snapshot.scala:370)","logger":"airflow.task.operators.airflow.providers.docker.operators.docker.DockerOperator","filename":"docker.py","lineno":71}
{"timestamp":"2026-05-21T01:19:25.265733Z","level":"info","event":"\tat org.apache.spark.sql.delta.Snapshot.<init>(Snapshot.scala:393)","logger":"airflow.task.operators.airflow.providers.docker.operators.docker.DockerOperator","filename":"docker.py","lineno":71}
{"timestamp":"2026-05-21T01:19:25.265763Z","level":"info","event":"\tat org.apache.spark.sql.delta.SnapshotManagement.$anonfun$createSnapshot$4(SnapshotManagement.scala:356)","logger":"airflow.task.operators.airflow.providers.docker.operators.docker.DockerOperator","filename":"docker.py","lineno":71}
{"timestamp":"2026-05-21T01:19:25.265794Z","level":"info","event":"\tat org.apache.spark.sql.delta.SnapshotManagement.createSnapshotFromGivenOrEquivalentLogSegment(SnapshotManagement.scala:480)","logger":"airflow.task.operators.airflow.providers.docker.operators.docker.DockerOperator","filename":"docker.py","lineno":71}
{"timestamp":"2026-05-21T01:19:25.265851Z","level":"info","event":"\tat org.apache.spark.sql.delta.SnapshotManagement.createSnapshotFromGivenOrEquivalentLogSegment$(SnapshotManagement.scala:468)","logger":"airflow.task.operators.airflow.providers.docker.operators.docker.DockerOperator","filename":"docker.py","lineno":71}
{"timestamp":"2026-05-21T01:19:25.265912Z","level":"info","event":"\tat org.apache.spark.sql.delta.DeltaLog.createSnapshotFromGivenOrEquivalentLogSegment(DeltaLog.scala:74)","logger":"airflow.task.operators.airflow.providers.docker.operators.docker.DockerOperator","filename":"docker.py","lineno":71}
{"timestamp":"2026-05-21T01:19:25.265969Z","level":"info","event":"\tat org.apache.spark.sql.delta.SnapshotManagement.createSnapshot(SnapshotManagement.scala:349)","logger":"airflow.task.operators.airflow.providers.docker.operators.docker.DockerOperator","filename":"docker.py","lineno":71}
{"timestamp":"2026-05-21T01:19:25.266039Z","level":"info","event":"\tat org.apache.spark.sql.delta.SnapshotManagement.createSnapshot$(SnapshotManagement.scala:343)","logger":"airflow.task.operators.airflow.providers.docker.operators.docker.DockerOperator","filename":"docker.py","lineno":71}
{"timestamp":"2026-05-21T01:19:25.266095Z","level":"info","event":"\tat org.apache.spark.sql.delta.DeltaLog.createSnapshot(DeltaLog.scala:74)","logger":"airflow.task.operators.airflow.providers.docker.operators.docker.DockerOperator","filename":"docker.py","lineno":71}
{"timestamp":"2026-05-21T01:19:25.266150Z","level":"info","event":"\tat org.apache.spark.sql.delta.SnapshotManagement.$anonfun$createSnapshotAtInitInternal$1(SnapshotManagement.scala:304)","logger":"airflow.task.operators.airflow.providers.docker.operators.docker.DockerOperator","filename":"docker.py","lineno":71}
{"timestamp":"2026-05-21T01:19:25.266202Z","level":"info","event":"\tat scala.Option.map(Option.scala:230)","logger":"airflow.task.operators.airflow.providers.docker.operators.docker.DockerOperator","filename":"docker.py","lineno":71}
{"timestamp":"2026-05-21T01:19:25.266253Z","level":"info","event":"\tat org.apache.spark.sql.delta.SnapshotManagement.createSnapshotAtInitInternal(SnapshotManagement.scala:301)","logger":"airflow.task.operators.airflow.providers.docker.operators.docker.DockerOperator","filename":"docker.py","lineno":71}
{"timestamp":"2026-05-21T01:19:25.266305Z","level":"info","event":"\tat org.apache.spark.sql.delta.SnapshotManagement.createSnapshotAtInitInternal$(SnapshotManagement.scala:298)","logger":"airflow.task.operators.airflow.providers.docker.operators.docker.DockerOperator","filename":"docker.py","lineno":71}
{"timestamp":"2026-05-21T01:19:25.266362Z","level":"info","event":"\tat org.apache.spark.sql.delta.DeltaLog.createSnapshotAtInitInternal(DeltaLog.scala:74)","logger":"airflow.task.operators.airflow.providers.docker.operators.docker.DockerOperator","filename":"docker.py","lineno":71}
{"timestamp":"2026-05-21T01:19:25.266420Z","level":"info","event":"\tat org.apache.spark.sql.delta.SnapshotManagement.$anonfun$getSnapshotAtInit$1(SnapshotManagement.scala:293)","logger":"airflow.task.operators.airflow.providers.docker.operators.docker.DockerOperator","filename":"docker.py","lineno":71}
{"timestamp":"2026-05-21T01:19:25.266480Z","level":"info","event":"\tat org.apache.spark.sql.delta.metering.DeltaLogging.recordFrameProfile(DeltaLogging.scala:140)","logger":"airflow.task.operators.airflow.providers.docker.operators.docker.DockerOperator","filename":"docker.py","lineno":71}
{"timestamp":"2026-05-21T01:19:25.266544Z","level":"info","event":"\tat org.apache.spark.sql.delta.metering.DeltaLogging.recordFrameProfile$(DeltaLogging.scala:138)","logger":"airflow.task.operators.airflow.providers.docker.operators.docker.DockerOperator","filename":"docker.py","lineno":71}
{"timestamp":"2026-05-21T01:19:25.266610Z","level":"info","event":"\tat org.apache.spark.sql.delta.DeltaLog.recordFrameProfile(DeltaLog.scala:74)","logger":"airflow.task.operators.airflow.providers.docker.operators.docker.DockerOperator","filename":"docker.py","lineno":71}
{"timestamp":"2026-05-21T01:19:25.266674Z","level":"info","event":"\tat org.apache.spark.sql.delta.SnapshotManagement.getSnapshotAtInit(SnapshotManagement.scala:288)","logger":"airflow.task.operators.airflow.providers.docker.operators.docker.DockerOperator","filename":"docker.py","lineno":71}
{"timestamp":"2026-05-21T01:19:25.266741Z","level":"info","event":"\tat org.apache.spark.sql.delta.SnapshotManagement.getSnapshotAtInit$(SnapshotManagement.scala:287)","logger":"airflow.task.operators.airflow.providers.docker.operators.docker.DockerOperator","filename":"docker.py","lineno":71}
{"timestamp":"2026-05-21T01:19:25.266795Z","level":"info","event":"\tat org.apache.spark.sql.delta.DeltaLog.getSnapshotAtInit(DeltaLog.scala:74)","logger":"airflow.task.operators.airflow.providers.docker.operators.docker.DockerOperator","filename":"docker.py","lineno":71}
{"timestamp":"2026-05-21T01:19:25.266872Z","level":"info","event":"\tat org.apache.spark.sql.delta.SnapshotManagement.$init$(SnapshotManagement.scala:57)","logger":"airflow.task.operators.airflow.providers.docker.operators.docker.DockerOperator","filename":"docker.py","lineno":71}
{"timestamp":"2026-05-21T01:19:25.266930Z","level":"info","event":"\tat org.apache.spark.sql.delta.DeltaLog.<init>(DeltaLog.scala:80)","logger":"airflow.task.operators.airflow.providers.docker.operators.docker.DockerOperator","filename":"docker.py","lineno":71}
{"timestamp":"2026-05-21T01:19:25.266984Z","level":"info","event":"\tat org.apache.spark.sql.delta.DeltaLog$.$anonfun$apply$4(DeltaLog.scala:790)","logger":"airflow.task.operators.airflow.providers.docker.operators.docker.DockerOperator","filename":"docker.py","lineno":71}
{"timestamp":"2026-05-21T01:19:25.267043Z","level":"info","event":"\tat org.apache.spark.sql.catalyst.plans.logical.AnalysisHelper$.allowInvokingTransformsInAnalyzer(AnalysisHelper.scala:323)","logger":"airflow.task.operators.airflow.providers.docker.operators.docker.DockerOperator","filename":"docker.py","lineno":71}
{"timestamp":"2026-05-21T01:19:25.267090Z","level":"info","event":"\tat org.apache.spark.sql.delta.DeltaLog$.$anonfun$apply$3(DeltaLog.scala:785)","logger":"airflow.task.operators.airflow.providers.docker.operators.docker.DockerOperator","filename":"docker.py","lineno":71}
{"timestamp":"2026-05-21T01:19:25.267134Z","level":"info","event":"\tat org.apache.spark.sql.delta.metering.DeltaLogging.recordFrameProfile(DeltaLogging.scala:140)","logger":"airflow.task.operators.airflow.providers.docker.operators.docker.DockerOperator","filename":"docker.py","lineno":71}
{"timestamp":"2026-05-21T01:19:25.267178Z","level":"info","event":"\tat org.apache.spark.sql.delta.metering.DeltaLogging.recordFrameProfile$(DeltaLogging.scala:138)","logger":"airflow.task.operators.airflow.providers.docker.operators.docker.DockerOperator","filename":"docker.py","lineno":71}
{"timestamp":"2026-05-21T01:19:25.267223Z","level":"info","event":"\tat org.apache.spark.sql.delta.DeltaLog$.recordFrameProfile(DeltaLog.scala:595)","logger":"airflow.task.operators.airflow.providers.docker.operators.docker.DockerOperator","filename":"docker.py","lineno":71}
{"timestamp":"2026-05-21T01:19:25.267271Z","level":"info","event":"\tat org.apache.spark.sql.delta.metering.DeltaLogging.$anonfun$recordDeltaOperationInternal$1(DeltaLogging.scala:133)","logger":"airflow.task.operators.airflow.providers.docker.operators.docker.DockerOperator","filename":"docker.py","lineno":71}
{"timestamp":"2026-05-21T01:19:25.267320Z","level":"info","event":"\tat com.databricks.spark.util.DatabricksLogging.recordOperation(DatabricksLogging.scala:128)","logger":"airflow.task.operators.airflow.providers.docker.operators.docker.DockerOperator","filename":"docker.py","lineno":71}
{"timestamp":"2026-05-21T01:19:25.267370Z","level":"info","event":"\tat com.databricks.spark.util.DatabricksLogging.recordOperation$(DatabricksLogging.scala:117)","logger":"airflow.task.operators.airflow.providers.docker.operators.docker.DockerOperator","filename":"docker.py","lineno":71}
{"timestamp":"2026-05-21T01:19:25.267424Z","level":"info","event":"\tat org.apache.spark.sql.delta.DeltaLog$.recordOperation(DeltaLog.scala:595)","logger":"airflow.task.operators.airflow.providers.docker.operators.docker.DockerOperator","filename":"docker.py","lineno":71}
{"timestamp":"2026-05-21T01:19:25.267477Z","level":"info","event":"\tat org.apache.spark.sql.delta.metering.DeltaLogging.recordDeltaOperationInternal(DeltaLogging.scala:132)","logger":"airflow.task.operators.airflow.providers.docker.operators.docker.DockerOperator","filename":"docker.py","lineno":71}
{"timestamp":"2026-05-21T01:19:25.267527Z","level":"info","event":"\tat org.apache.spark.sql.delta.metering.DeltaLogging.recordDeltaOperation(DeltaLogging.scala:122)","logger":"airflow.task.operators.airflow.providers.docker.operators.docker.DockerOperator","filename":"docker.py","lineno":71}
{"timestamp":"2026-05-21T01:19:25.267580Z","level":"info","event":"\tat org.apache.spark.sql.delta.metering.DeltaLogging.recordDeltaOperation$(DeltaLogging.scala:112)","logger":"airflow.task.operators.airflow.providers.docker.operators.docker.DockerOperator","filename":"docker.py","lineno":71}
{"timestamp":"2026-05-21T01:19:25.267624Z","level":"info","event":"\tat org.apache.spark.sql.delta.DeltaLog$.recordDeltaOperation(DeltaLog.scala:595)","logger":"airflow.task.operators.airflow.providers.docker.operators.docker.DockerOperator","filename":"docker.py","lineno":71}
{"timestamp":"2026-05-21T01:19:25.267671Z","level":"info","event":"\tat org.apache.spark.sql.delta.DeltaLog$.createDeltaLog$1(DeltaLog.scala:784)","logger":"airflow.task.operators.airflow.providers.docker.operators.docker.DockerOperator","filename":"docker.py","lineno":71}
{"timestamp":"2026-05-21T01:19:25.267718Z","level":"info","event":"\tat org.apache.spark.sql.delta.DeltaLog$.$anonfun$apply$5(DeltaLog.scala:802)","logger":"airflow.task.operators.airflow.providers.docker.operators.docker.DockerOperator","filename":"docker.py","lineno":71}
{"timestamp":"2026-05-21T01:19:25.267765Z","level":"info","event":"\tat com.google.common.cache.LocalCache$LocalManualCache$1.load(LocalCache.java:4792)","logger":"airflow.task.operators.airflow.providers.docker.operators.docker.DockerOperator","filename":"docker.py","lineno":71}
{"timestamp":"2026-05-21T01:19:25.267813Z","level":"info","event":"\tat com.google.common.cache.LocalCache$LoadingValueReference.loadFuture(LocalCache.java:3599)","logger":"airflow.task.operators.airflow.providers.docker.operators.docker.DockerOperator","filename":"docker.py","lineno":71}
{"timestamp":"2026-05-21T01:19:25.267896Z","level":"info","event":"\tat com.google.common.cache.LocalCache$Segment.loadSync(LocalCache.java:2379)","logger":"airflow.task.operators.airflow.providers.docker.operators.docker.DockerOperator","filename":"docker.py","lineno":71}
{"timestamp":"2026-05-21T01:19:25.267952Z","level":"info","event":"\tat com.google.common.cache.LocalCache$Segment.lockedGetOrLoad(LocalCache.java:2342)","logger":"airflow.task.operators.airflow.providers.docker.operators.docker.DockerOperator","filename":"docker.py","lineno":71}
{"timestamp":"2026-05-21T01:19:25.268013Z","level":"info","event":"\tat com.google.common.cache.LocalCache$Segment.get(LocalCache.java:2257)","logger":"airflow.task.operators.airflow.providers.docker.operators.docker.DockerOperator","filename":"docker.py","lineno":71}
{"timestamp":"2026-05-21T01:19:25.268066Z","level":"info","event":"\tat com.google.common.cache.LocalCache.get(LocalCache.java:4000)","logger":"airflow.task.operators.airflow.providers.docker.operators.docker.DockerOperator","filename":"docker.py","lineno":71}
{"timestamp":"2026-05-21T01:19:25.268117Z","level":"info","event":"\tat com.google.common.cache.LocalCache$LocalManualCache.get(LocalCache.java:4789)","logger":"airflow.task.operators.airflow.providers.docker.operators.docker.DockerOperator","filename":"docker.py","lineno":71}
{"timestamp":"2026-05-21T01:19:25.268168Z","level":"info","event":"\tat org.apache.spark.sql.delta.DeltaLog$.getDeltaLogFromCache$1(DeltaLog.scala:801)","logger":"airflow.task.operators.airflow.providers.docker.operators.docker.DockerOperator","filename":"docker.py","lineno":71}
{"timestamp":"2026-05-21T01:19:25.268214Z","level":"info","event":"\tat org.apache.spark.sql.delta.DeltaLog$.apply(DeltaLog.scala:811)","logger":"airflow.task.operators.airflow.providers.docker.operators.docker.DockerOperator","filename":"docker.py","lineno":71}
{"timestamp":"2026-05-21T01:19:25.268263Z","level":"info","event":"\tat org.apache.spark.sql.delta.DeltaLog$.forTable(DeltaLog.scala:658)","logger":"airflow.task.operators.airflow.providers.docker.operators.docker.DockerOperator","filename":"docker.py","lineno":71}
{"timestamp":"2026-05-21T01:19:25.268314Z","level":"info","event":"\tat org.apache.spark.sql.delta.catalog.DeltaTableV2.deltaLog$lzycompute(DeltaTableV2.scala:85)","logger":"airflow.task.operators.airflow.providers.docker.operators.docker.DockerOperator","filename":"docker.py","lineno":71}
{"timestamp":"2026-05-21T01:19:25.268365Z","level":"info","event":"\tat org.apache.spark.sql.delta.catalog.DeltaTableV2.deltaLog(DeltaTableV2.scala:84)","logger":"airflow.task.operators.airflow.providers.docker.operators.docker.DockerOperator","filename":"docker.py","lineno":71}
{"timestamp":"2026-05-21T01:19:25.268415Z","level":"info","event":"\tat org.apache.spark.sql.delta.catalog.DeltaTableV2.$anonfun$snapshot$3(DeltaTableV2.scala:122)","logger":"airflow.task.operators.airflow.providers.docker.operators.docker.DockerOperator","filename":"docker.py","lineno":71}
{"timestamp":"2026-05-21T01:19:25.268466Z","level":"info","event":"\tat scala.Option.getOrElse(Option.scala:189)","logger":"airflow.task.operators.airflow.providers.docker.operators.docker.DockerOperator","filename":"docker.py","lineno":71}
{"timestamp":"2026-05-21T01:19:25.268528Z","level":"info","event":"\tat org.apache.spark.sql.delta.catalog.DeltaTableV2.snapshot$lzycompute(DeltaTableV2.scala:122)","logger":"airflow.task.operators.airflow.providers.docker.operators.docker.DockerOperator","filename":"docker.py","lineno":71}
{"timestamp":"2026-05-21T01:19:25.268583Z","level":"info","event":"\tat org.apache.spark.sql.delta.catalog.DeltaTableV2.snapshot(DeltaTableV2.scala:103)","logger":"airflow.task.operators.airflow.providers.docker.operators.docker.DockerOperator","filename":"docker.py","lineno":71}
{"timestamp":"2026-05-21T01:19:25.268617Z","level":"info","event":"\tat org.apache.spark.sql.delta.catalog.DeltaTableV2.toBaseRelation(DeltaTableV2.scala:178)","logger":"airflow.task.operators.airflow.providers.docker.operators.docker.DockerOperator","filename":"docker.py","lineno":71}
{"timestamp":"2026-05-21T01:19:25.268649Z","level":"info","event":"\tat org.apache.spark.sql.delta.sources.DeltaDataSource.$anonfun$createRelation$5(DeltaDataSource.scala:230)","logger":"airflow.task.operators.airflow.providers.docker.operators.docker.DockerOperator","filename":"docker.py","lineno":71}
{"timestamp":"2026-05-21T01:19:25.268680Z","level":"info","event":"\tat org.apache.spark.sql.delta.metering.DeltaLogging.recordFrameProfile(DeltaLogging.scala:140)","logger":"airflow.task.operators.airflow.providers.docker.operators.docker.DockerOperator","filename":"docker.py","lineno":71}
{"timestamp":"2026-05-21T01:19:25.268709Z","level":"info","event":"\tat org.apache.spark.sql.delta.metering.DeltaLogging.recordFrameProfile$(DeltaLogging.scala:138)","logger":"airflow.task.operators.airflow.providers.docker.operators.docker.DockerOperator","filename":"docker.py","lineno":71}
{"timestamp":"2026-05-21T01:19:25.268739Z","level":"info","event":"\tat org.apache.spark.sql.delta.sources.DeltaDataSource.recordFrameProfile(DeltaDataSource.scala:49)","logger":"airflow.task.operators.airflow.providers.docker.operators.docker.DockerOperator","filename":"docker.py","lineno":71}
{"timestamp":"2026-05-21T01:19:25.268768Z","level":"info","event":"\tat org.apache.spark.sql.delta.sources.DeltaDataSource.createRelation(DeltaDataSource.scala:188)","logger":"airflow.task.operators.airflow.providers.docker.operators.docker.DockerOperator","filename":"docker.py","lineno":71}
{"timestamp":"2026-05-21T01:19:25.268797Z","level":"info","event":"\tat org.apache.spark.sql.execution.datasources.DataSource.resolveRelation(DataSource.scala:346)","logger":"airflow.task.operators.airflow.providers.docker.operators.docker.DockerOperator","filename":"docker.py","lineno":71}
{"timestamp":"2026-05-21T01:19:25.268857Z","level":"info","event":"\tat org.apache.spark.sql.DataFrameReader.loadV1Source(DataFrameReader.scala:229)","logger":"airflow.task.operators.airflow.providers.docker.operators.docker.DockerOperator","filename":"docker.py","lineno":71}
{"timestamp":"2026-05-21T01:19:25.268905Z","level":"info","event":"\tat org.apache.spark.sql.DataFrameReader.$anonfun$load$2(DataFrameReader.scala:211)","logger":"airflow.task.operators.airflow.providers.docker.operators.docker.DockerOperator","filename":"docker.py","lineno":71}
{"timestamp":"2026-05-21T01:19:25.268940Z","level":"info","event":"\tat scala.Option.getOrElse(Option.scala:189)","logger":"airflow.task.operators.airflow.providers.docker.operators.docker.DockerOperator","filename":"docker.py","lineno":71}
{"timestamp":"2026-05-21T01:19:25.268971Z","level":"info","event":"\tat org.apache.spark.sql.DataFrameReader.load(DataFrameReader.scala:211)","logger":"airflow.task.operators.airflow.providers.docker.operators.docker.DockerOperator","filename":"docker.py","lineno":71}
{"timestamp":"2026-05-21T01:19:25.269013Z","level":"info","event":"\tat org.apache.spark.sql.DataFrameReader.load(DataFrameReader.scala:186)","logger":"airflow.task.operators.airflow.providers.docker.operators.docker.DockerOperator","filename":"docker.py","lineno":71}
{"timestamp":"2026-05-21T01:19:25.269049Z","level":"info","event":"\tat java.base/jdk.internal.reflect.NativeMethodAccessorImpl.invoke0(Native Method)","logger":"airflow.task.operators.airflow.providers.docker.operators.docker.DockerOperator","filename":"docker.py","lineno":71}
{"timestamp":"2026-05-21T01:19:25.269087Z","level":"info","event":"\tat java.base/jdk.internal.reflect.NativeMethodAccessorImpl.invoke(Unknown Source)","logger":"airflow.task.operators.airflow.providers.docker.operators.docker.DockerOperator","filename":"docker.py","lineno":71}
{"timestamp":"2026-05-21T01:19:25.269122Z","level":"info","event":"\tat java.base/jdk.internal.reflect.DelegatingMethodAccessorImpl.invoke(Unknown Source)","logger":"airflow.task.operators.airflow.providers.docker.operators.docker.DockerOperator","filename":"docker.py","lineno":71}
{"timestamp":"2026-05-21T01:19:25.269176Z","level":"info","event":"\tat java.base/java.lang.reflect.Method.invoke(Unknown Source)","logger":"airflow.task.operators.airflow.providers.docker.operators.docker.DockerOperator","filename":"docker.py","lineno":71}
{"timestamp":"2026-05-21T01:19:25.269229Z","level":"info","event":"\tat py4j.reflection.MethodInvoker.invoke(MethodInvoker.java:244)","logger":"airflow.task.operators.airflow.providers.docker.operators.docker.DockerOperator","filename":"docker.py","lineno":71}
{"timestamp":"2026-05-21T01:19:25.269282Z","level":"info","event":"\tat py4j.reflection.ReflectionEngine.invoke(ReflectionEngine.java:374)","logger":"airflow.task.operators.airflow.providers.docker.operators.docker.DockerOperator","filename":"docker.py","lineno":71}
{"timestamp":"2026-05-21T01:19:25.269330Z","level":"info","event":"\tat py4j.Gateway.invoke(Gateway.java:282)","logger":"airflow.task.operators.airflow.providers.docker.operators.docker.DockerOperator","filename":"docker.py","lineno":71}
{"timestamp":"2026-05-21T01:19:25.269377Z","level":"info","event":"\tat py4j.commands.AbstractCommand.invokeMethod(AbstractCommand.java:132)","logger":"airflow.task.operators.airflow.providers.docker.operators.docker.DockerOperator","filename":"docker.py","lineno":71}
{"timestamp":"2026-05-21T01:19:25.269424Z","level":"info","event":"\tat py4j.commands.CallCommand.execute(CallCommand.java:79)","logger":"airflow.task.operators.airflow.providers.docker.operators.docker.DockerOperator","filename":"docker.py","lineno":71}
{"timestamp":"2026-05-21T01:19:25.269475Z","level":"info","event":"\tat py4j.ClientServerConnection.waitForCommands(ClientServerConnection.java:182)","logger":"airflow.task.operators.airflow.providers.docker.operators.docker.DockerOperator","filename":"docker.py","lineno":71}
{"timestamp":"2026-05-21T01:19:25.269530Z","level":"info","event":"\tat py4j.ClientServerConnection.run(ClientServerConnection.java:106)","logger":"airflow.task.operators.airflow.providers.docker.operators.docker.DockerOperator","filename":"docker.py","lineno":71}
{"timestamp":"2026-05-21T01:19:25.269577Z","level":"info","event":"\tat java.base/java.lang.Thread.run(Unknown Source)","logger":"airflow.task.operators.airflow.providers.docker.operators.docker.DockerOperator","filename":"docker.py","lineno":71}
{"timestamp":"2026-05-21T01:19:25.269623Z","level":"info","event":"","logger":"airflow.task.operators.airflow.providers.docker.operators.docker.DockerOperator","filename":"docker.py","lineno":71}
{"timestamp":"2026-05-21T01:19:25.269761Z","level":"info","event":"2026-05-21 01:19:25,219 - INFO - Closing down clientserver connection","logger":"airflow.task.operators.airflow.providers.docker.operators.docker.DockerOperator","filename":"docker.py","lineno":71}
{"timestamp":"2026-05-21T01:19:25.270070Z","level":"info","event":"2026-05-21 01:19:25,219 - INFO - Closing down clientserver connection","logger":"airflow.task.operators.airflow.providers.docker.operators.docker.DockerOperator","filename":"docker.py","lineno":71}
{"timestamp":"2026-05-21T01:19:25.270196Z","level":"info","event":"2026-05-21 01:19:25,220 - INFO - Closing down clientserver connection","logger":"airflow.task.operators.airflow.providers.docker.operators.docker.DockerOperator","filename":"docker.py","lineno":71}
{"timestamp":"2026-05-21T01:19:25.270287Z","level":"info","event":"2026-05-21 01:19:25,220 - INFO - Closing down clientserver connection","logger":"airflow.task.operators.airflow.providers.docker.operators.docker.DockerOperator","filename":"docker.py","lineno":71}
{"timestamp":"2026-05-21T01:19:25.270347Z","level":"info","event":"2026-05-21 01:19:25,221 - INFO - Closing down clientserver connection","logger":"airflow.task.operators.airflow.providers.docker.operators.docker.DockerOperator","filename":"docker.py","lineno":71}
{"timestamp":"2026-05-21T01:19:25.270399Z","level":"info","event":"2026-05-21 01:19:25,221 - INFO - Closing down clientserver connection","logger":"airflow.task.operators.airflow.providers.docker.operators.docker.DockerOperator","filename":"docker.py","lineno":71}
{"timestamp":"2026-05-21T01:19:25.270448Z","level":"info","event":"2026-05-21 01:19:25,222 - INFO - Closing down clientserver connection","logger":"airflow.task.operators.airflow.providers.docker.operators.docker.DockerOperator","filename":"docker.py","lineno":71}
{"timestamp":"2026-05-21T01:19:25.270529Z","level":"info","event":"2026-05-21 01:19:25,222 - INFO - Incremental agregation to gold layer completed!","logger":"airflow.task.operators.airflow.providers.docker.operators.docker.DockerOperator","filename":"docker.py","lineno":71}
{"timestamp":"2026-05-21T01:19:25.270694Z","level":"info","event":"26/05/21 01:19:25 INFO SparkContext: SparkContext is stopping with exitCode 0.","logger":"airflow.task.operators.airflow.providers.docker.operators.docker.DockerOperator","filename":"docker.py","lineno":71}
{"timestamp":"2026-05-21T01:19:25.270835Z","level":"info","event":"26/05/21 01:19:25 INFO SparkUI: Stopped Spark web UI at http://fa9853462739:4040","logger":"airflow.task.operators.airflow.providers.docker.operators.docker.DockerOperator","filename":"docker.py","lineno":71}
{"timestamp":"2026-05-21T01:19:25.270934Z","level":"info","event":"26/05/21 01:19:25 INFO StandaloneSchedulerBackend: Shutting down all executors","logger":"airflow.task.operators.airflow.providers.docker.operators.docker.DockerOperator","filename":"docker.py","lineno":71}
{"timestamp":"2026-05-21T01:19:25.271035Z","level":"info","event":"26/05/21 01:19:25 INFO StandaloneSchedulerBackend$StandaloneDriverEndpoint: Asking each executor to shut down","logger":"airflow.task.operators.airflow.providers.docker.operators.docker.DockerOperator","filename":"docker.py","lineno":71}
{"timestamp":"2026-05-21T01:19:25.306231Z","level":"info","event":"26/05/21 01:19:25 INFO MapOutputTrackerMasterEndpoint: MapOutputTrackerMasterEndpoint stopped!","logger":"airflow.task.operators.airflow.providers.docker.operators.docker.DockerOperator","filename":"docker.py","lineno":71}
{"timestamp":"2026-05-21T01:19:25.332216Z","level":"info","event":"26/05/21 01:19:25 INFO MemoryStore: MemoryStore cleared","logger":"airflow.task.operators.airflow.providers.docker.operators.docker.DockerOperator","filename":"docker.py","lineno":71}
{"timestamp":"2026-05-21T01:19:25.336866Z","level":"info","event":"26/05/21 01:19:25 INFO BlockManager: BlockManager stopped","logger":"airflow.task.operators.airflow.providers.docker.operators.docker.DockerOperator","filename":"docker.py","lineno":71}
{"timestamp":"2026-05-21T01:19:25.358143Z","level":"info","event":"26/05/21 01:19:25 INFO BlockManagerMaster: BlockManagerMaster stopped","logger":"airflow.task.operators.airflow.providers.docker.operators.docker.DockerOperator","filename":"docker.py","lineno":71}
{"timestamp":"2026-05-21T01:19:25.362359Z","level":"info","event":"26/05/21 01:19:25 INFO OutputCommitCoordinator$OutputCommitCoordinatorEndpoint: OutputCommitCoordinator stopped!","logger":"airflow.task.operators.airflow.providers.docker.operators.docker.DockerOperator","filename":"docker.py","lineno":71}
{"timestamp":"2026-05-21T01:19:25.380346Z","level":"info","event":"26/05/21 01:19:25 INFO SparkContext: Successfully stopped SparkContext","logger":"airflow.task.operators.airflow.providers.docker.operators.docker.DockerOperator","filename":"docker.py","lineno":71}
{"timestamp":"2026-05-21T01:19:25.500380Z","level":"info","event":"26/05/21 01:19:25 INFO ShutdownHookManager: Shutdown hook called","logger":"airflow.task.operators.airflow.providers.docker.operators.docker.DockerOperator","filename":"docker.py","lineno":71}
{"timestamp":"2026-05-21T01:19:25.501268Z","level":"info","event":"26/05/21 01:19:25 INFO ShutdownHookManager: Deleting directory /tmp/spark-92ac59fa-b2e6-477b-ba5b-4493f719e0a6","logger":"airflow.task.operators.airflow.providers.docker.operators.docker.DockerOperator","filename":"docker.py","lineno":71}
{"timestamp":"2026-05-21T01:19:25.506617Z","level":"info","event":"26/05/21 01:19:25 INFO ShutdownHookManager: Deleting directory /tmp/spark-5c12ee1a-c8ba-4dd0-9eeb-d5a2bab26de5/pyspark-94212efc-6330-4c8c-9c15-5fce8be0e911","logger":"airflow.task.operators.airflow.providers.docker.operators.docker.DockerOperator","filename":"docker.py","lineno":71}
{"timestamp":"2026-05-21T01:19:25.511687Z","level":"info","event":"26/05/21 01:19:25 INFO ShutdownHookManager: Deleting directory /tmp/spark-5c12ee1a-c8ba-4dd0-9eeb-d5a2bab26de5","logger":"airflow.task.operators.airflow.providers.docker.operators.docker.DockerOperator","filename":"docker.py","lineno":71}
{"timestamp":"2026-05-21T01:19:25.520547Z","level":"info","event":"26/05/21 01:19:25 INFO MetricsSystemImpl: Stopping s3a-file-system metrics system...","logger":"airflow.task.operators.airflow.providers.docker.operators.docker.DockerOperator","filename":"docker.py","lineno":71}
{"timestamp":"2026-05-21T01:19:25.520909Z","level":"info","event":"26/05/21 01:19:25 INFO MetricsSystemImpl: s3a-file-system metrics system stopped.","logger":"airflow.task.operators.airflow.providers.docker.operators.docker.DockerOperator","filename":"docker.py","lineno":71}
{"timestamp":"2026-05-21T01:19:25.521385Z","level":"info","event":"26/05/21 01:19:25 INFO MetricsSystemImpl: s3a-file-system metrics system shutdown complete.","logger":"airflow.task.operators.airflow.providers.docker.operators.docker.DockerOperator","filename":"docker.py","lineno":71}
{"timestamp":"2026-05-21T01:19:25.869035Z","level":"info","event":"Pushing xcom","ti":"RuntimeTaskInstance(id=UUID('019e481d-566a-7698-8ac5-cbe1c5efd677'), task_id='aggregation_gold', dag_id='ELT_minIO', run_id='manual__2026-05-21T01:19:02.724155+00:00', try_number=1, dag_version_id=UUID('019e476d-c69c-75be-a20e-ff24b9955f37'), map_index=-1, hostname='bf5a50b6a169', context_carrier={'traceparent': '00-7c69bac3596b5a1817ae39694e5428ea-a44f0b28e0852d8e-01'}, task=<Task(DockerOperator): aggregation_gold>, bundle_instance=LocalDagBundle(name=dags-folder), max_tries=0, start_date=datetime.datetime(2026, 5, 21, 1, 19, 3, 923395, tzinfo=datetime.timezone.utc), end_date=None, state=<TaskInstanceState.RUNNING: 'running'>, is_mapped=False, rendered_map_index=None, sentry_integration='')","logger":"task","filename":"task_runner.py","lineno":1724}
