{"timestamp":"2026-05-19T23:44:38.899918Z","level":"info","event":"DAG bundles loaded: dags-folder","logger":"airflow.dag_processing.bundles.manager.DagBundlesManager","filename":"manager.py","lineno":209}
{"timestamp":"2026-05-19T23:44:38.902028Z","level":"info","event":"Filling up the DagBag from /opt/airflow/dags/dag_elt.py","logger":"airflow.dag_processing.dagbag.BundleDagBag","filename":"dagbag.py","lineno":469}
{"timestamp":"2026-05-19T23:44:39.421299Z","level":"info","event":"Starting docker container from image rodrigofbms/project-pyspark-minio-superset","logger":"airflow.task.operators.airflow.providers.docker.operators.docker.DockerOperator","filename":"docker.py","lineno":367}
{"timestamp":"2026-05-19T23:44:44.279010Z","level":"info","event":"2026-05-19 23:44:44,277 - INFO - Starting incremental extract from Postgres adventureworks to MinIO landing...","logger":"airflow.task.operators.airflow.providers.docker.operators.docker.DockerOperator","filename":"docker.py","lineno":71}
{"timestamp":"2026-05-19T23:44:44.530116Z","level":"info","event":"26/05/19 23:44:44 INFO SparkContext: Running Spark version 3.5.0","logger":"airflow.task.operators.airflow.providers.docker.operators.docker.DockerOperator","filename":"docker.py","lineno":71}
{"timestamp":"2026-05-19T23:44:44.532872Z","level":"info","event":"26/05/19 23:44:44 INFO SparkContext: OS info Linux, 6.8.0-1054-gcp, amd64","logger":"airflow.task.operators.airflow.providers.docker.operators.docker.DockerOperator","filename":"docker.py","lineno":71}
{"timestamp":"2026-05-19T23:44:44.533184Z","level":"info","event":"26/05/19 23:44:44 INFO SparkContext: Java version 11.0.20.1","logger":"airflow.task.operators.airflow.providers.docker.operators.docker.DockerOperator","filename":"docker.py","lineno":71}
{"timestamp":"2026-05-19T23:44:44.606515Z","level":"info","event":"26/05/19 23:44:44 WARN NativeCodeLoader: Unable to load native-hadoop library for your platform... using builtin-java classes where applicable","logger":"airflow.task.operators.airflow.providers.docker.operators.docker.DockerOperator","filename":"docker.py","lineno":71}
{"timestamp":"2026-05-19T23:44:44.740916Z","level":"info","event":"26/05/19 23:44:44 INFO ResourceUtils: ==============================================================","logger":"airflow.task.operators.airflow.providers.docker.operators.docker.DockerOperator","filename":"docker.py","lineno":71}
{"timestamp":"2026-05-19T23:44:44.741209Z","level":"info","event":"26/05/19 23:44:44 INFO ResourceUtils: No custom resources configured for spark.driver.","logger":"airflow.task.operators.airflow.providers.docker.operators.docker.DockerOperator","filename":"docker.py","lineno":71}
{"timestamp":"2026-05-19T23:44:44.741607Z","level":"info","event":"26/05/19 23:44:44 INFO ResourceUtils: ==============================================================","logger":"airflow.task.operators.airflow.providers.docker.operators.docker.DockerOperator","filename":"docker.py","lineno":71}
{"timestamp":"2026-05-19T23:44:44.741750Z","level":"info","event":"26/05/19 23:44:44 INFO SparkContext: Submitted application: Incremental extract from postgres to minIO landing Parallel","logger":"airflow.task.operators.airflow.providers.docker.operators.docker.DockerOperator","filename":"docker.py","lineno":71}
{"timestamp":"2026-05-19T23:44:44.858826Z","level":"info","event":"26/05/19 23:44:44 INFO ResourceProfile: Default ResourceProfile created, executor resources: Map(memory -> name: memory, amount: 1024, script: , vendor: , offHeap -> name: offHeap, amount: 0, script: , vendor: ), task resources: Map(cpus -> name: cpus, amount: 1.0)","logger":"airflow.task.operators.airflow.providers.docker.operators.docker.DockerOperator","filename":"docker.py","lineno":71}
{"timestamp":"2026-05-19T23:44:44.871645Z","level":"info","event":"26/05/19 23:44:44 INFO ResourceProfile: Limiting resource is cpu","logger":"airflow.task.operators.airflow.providers.docker.operators.docker.DockerOperator","filename":"docker.py","lineno":71}
{"timestamp":"2026-05-19T23:44:44.872121Z","level":"info","event":"26/05/19 23:44:44 INFO ResourceProfileManager: Added ResourceProfile id: 0","logger":"airflow.task.operators.airflow.providers.docker.operators.docker.DockerOperator","filename":"docker.py","lineno":71}
{"timestamp":"2026-05-19T23:44:45.136091Z","level":"info","event":"26/05/19 23:44:45 INFO SecurityManager: Changing view acls to: root","logger":"airflow.task.operators.airflow.providers.docker.operators.docker.DockerOperator","filename":"docker.py","lineno":71}
{"timestamp":"2026-05-19T23:44:45.136547Z","level":"info","event":"26/05/19 23:44:45 INFO SecurityManager: Changing modify acls to: root","logger":"airflow.task.operators.airflow.providers.docker.operators.docker.DockerOperator","filename":"docker.py","lineno":71}
{"timestamp":"2026-05-19T23:44:45.137571Z","level":"info","event":"26/05/19 23:44:45 INFO SecurityManager: Changing view acls groups to:","logger":"airflow.task.operators.airflow.providers.docker.operators.docker.DockerOperator","filename":"docker.py","lineno":71}
{"timestamp":"2026-05-19T23:44:45.137975Z","level":"info","event":"26/05/19 23:44:45 INFO SecurityManager: Changing modify acls groups to:","logger":"airflow.task.operators.airflow.providers.docker.operators.docker.DockerOperator","filename":"docker.py","lineno":71}
{"timestamp":"2026-05-19T23:44:45.138243Z","level":"info","event":"26/05/19 23:44:45 INFO SecurityManager: SecurityManager: authentication disabled; ui acls disabled; users with view permissions: root; groups with view permissions: EMPTY; users with modify permissions: root; groups with modify permissions: EMPTY","logger":"airflow.task.operators.airflow.providers.docker.operators.docker.DockerOperator","filename":"docker.py","lineno":71}
{"timestamp":"2026-05-19T23:44:45.424996Z","level":"info","event":"26/05/19 23:44:45 INFO Utils: Successfully started service 'sparkDriver' on port 44359.","logger":"airflow.task.operators.airflow.providers.docker.operators.docker.DockerOperator","filename":"docker.py","lineno":71}
{"timestamp":"2026-05-19T23:44:45.594820Z","level":"info","event":"26/05/19 23:44:45 INFO SparkEnv: Registering MapOutputTracker","logger":"airflow.task.operators.airflow.providers.docker.operators.docker.DockerOperator","filename":"docker.py","lineno":71}
{"timestamp":"2026-05-19T23:44:45.723798Z","level":"info","event":"26/05/19 23:44:45 INFO SparkEnv: Registering BlockManagerMaster","logger":"airflow.task.operators.airflow.providers.docker.operators.docker.DockerOperator","filename":"docker.py","lineno":71}
{"timestamp":"2026-05-19T23:44:45.751963Z","level":"info","event":"26/05/19 23:44:45 INFO BlockManagerMasterEndpoint: Using org.apache.spark.storage.DefaultTopologyMapper for getting topology information","logger":"airflow.task.operators.airflow.providers.docker.operators.docker.DockerOperator","filename":"docker.py","lineno":71}
{"timestamp":"2026-05-19T23:44:45.752649Z","level":"info","event":"26/05/19 23:44:45 INFO BlockManagerMasterEndpoint: BlockManagerMasterEndpoint up","logger":"airflow.task.operators.airflow.providers.docker.operators.docker.DockerOperator","filename":"docker.py","lineno":71}
{"timestamp":"2026-05-19T23:44:45.763097Z","level":"info","event":"26/05/19 23:44:45 INFO SparkEnv: Registering BlockManagerMasterHeartbeat","logger":"airflow.task.operators.airflow.providers.docker.operators.docker.DockerOperator","filename":"docker.py","lineno":71}
{"timestamp":"2026-05-19T23:44:45.919169Z","level":"info","event":"26/05/19 23:44:45 INFO DiskBlockManager: Created local directory at /tmp/blockmgr-fc5536a5-c0be-4b3c-8d33-5b70a35570c0","logger":"airflow.task.operators.airflow.providers.docker.operators.docker.DockerOperator","filename":"docker.py","lineno":71}
{"timestamp":"2026-05-19T23:44:46.058542Z","level":"info","event":"26/05/19 23:44:46 INFO MemoryStore: MemoryStore started with capacity 434.4 MiB","logger":"airflow.task.operators.airflow.providers.docker.operators.docker.DockerOperator","filename":"docker.py","lineno":71}
{"timestamp":"2026-05-19T23:44:46.079514Z","level":"info","event":"26/05/19 23:44:46 INFO SparkEnv: Registering OutputCommitCoordinator","logger":"airflow.task.operators.airflow.providers.docker.operators.docker.DockerOperator","filename":"docker.py","lineno":71}
{"timestamp":"2026-05-19T23:44:46.374202Z","level":"info","event":"26/05/19 23:44:46 INFO JettyUtils: Start Jetty 0.0.0.0:4040 for SparkUI","logger":"airflow.task.operators.airflow.providers.docker.operators.docker.DockerOperator","filename":"docker.py","lineno":71}
{"timestamp":"2026-05-19T23:44:46.457214Z","level":"info","event":"26/05/19 23:44:46 INFO Utils: Successfully started service 'SparkUI' on port 4040.","logger":"airflow.task.operators.airflow.providers.docker.operators.docker.DockerOperator","filename":"docker.py","lineno":71}
{"timestamp":"2026-05-19T23:44:46.699595Z","level":"info","event":"26/05/19 23:44:46 INFO StandaloneAppClient$ClientEndpoint: Connecting to master spark://spark-master:7077...","logger":"airflow.task.operators.airflow.providers.docker.operators.docker.DockerOperator","filename":"docker.py","lineno":71}
{"timestamp":"2026-05-19T23:44:46.758101Z","level":"info","event":"26/05/19 23:44:46 INFO TransportClientFactory: Successfully created connection to spark-master/172.20.0.19:7077 after 33 ms (0 ms spent in bootstraps)","logger":"airflow.task.operators.airflow.providers.docker.operators.docker.DockerOperator","filename":"docker.py","lineno":71}
{"timestamp":"2026-05-19T23:44:46.915253Z","level":"info","event":"26/05/19 23:44:46 INFO StandaloneSchedulerBackend: Connected to Spark cluster with app ID app-20260519234446-0003","logger":"airflow.task.operators.airflow.providers.docker.operators.docker.DockerOperator","filename":"docker.py","lineno":71}
{"timestamp":"2026-05-19T23:44:46.918743Z","level":"info","event":"26/05/19 23:44:46 INFO StandaloneAppClient$ClientEndpoint: Executor added: app-20260519234446-0003/0 on worker-20260519190133-172.20.0.20-38627 (172.20.0.20:38627) with 8 core(s)","logger":"airflow.task.operators.airflow.providers.docker.operators.docker.DockerOperator","filename":"docker.py","lineno":71}
{"timestamp":"2026-05-19T23:44:46.921590Z","level":"info","event":"26/05/19 23:44:46 INFO StandaloneSchedulerBackend: Granted executor ID app-20260519234446-0003/0 on hostPort 172.20.0.20:38627 with 8 core(s), 1024.0 MiB RAM","logger":"airflow.task.operators.airflow.providers.docker.operators.docker.DockerOperator","filename":"docker.py","lineno":71}
{"timestamp":"2026-05-19T23:44:46.922117Z","level":"info","event":"26/05/19 23:44:46 INFO StandaloneAppClient$ClientEndpoint: Executor added: app-20260519234446-0003/1 on worker-20260519190133-172.20.0.21-42257 (172.20.0.21:42257) with 8 core(s)","logger":"airflow.task.operators.airflow.providers.docker.operators.docker.DockerOperator","filename":"docker.py","lineno":71}
{"timestamp":"2026-05-19T23:44:46.922534Z","level":"info","event":"26/05/19 23:44:46 INFO StandaloneSchedulerBackend: Granted executor ID app-20260519234446-0003/1 on hostPort 172.20.0.21:42257 with 8 core(s), 1024.0 MiB RAM","logger":"airflow.task.operators.airflow.providers.docker.operators.docker.DockerOperator","filename":"docker.py","lineno":71}
{"timestamp":"2026-05-19T23:44:46.931489Z","level":"info","event":"26/05/19 23:44:46 INFO Utils: Successfully started service 'org.apache.spark.network.netty.NettyBlockTransferService' on port 42607.","logger":"airflow.task.operators.airflow.providers.docker.operators.docker.DockerOperator","filename":"docker.py","lineno":71}
{"timestamp":"2026-05-19T23:44:46.931708Z","level":"info","event":"26/05/19 23:44:46 INFO NettyBlockTransferService: Server created on f54cba5831b5:42607","logger":"airflow.task.operators.airflow.providers.docker.operators.docker.DockerOperator","filename":"docker.py","lineno":71}
{"timestamp":"2026-05-19T23:44:46.936294Z","level":"info","event":"26/05/19 23:44:46 INFO BlockManager: Using org.apache.spark.storage.RandomBlockReplicationPolicy for block replication policy","logger":"airflow.task.operators.airflow.providers.docker.operators.docker.DockerOperator","filename":"docker.py","lineno":71}
{"timestamp":"2026-05-19T23:44:46.958500Z","level":"info","event":"26/05/19 23:44:46 INFO BlockManagerMaster: Registering BlockManager BlockManagerId(driver, f54cba5831b5, 42607, None)","logger":"airflow.task.operators.airflow.providers.docker.operators.docker.DockerOperator","filename":"docker.py","lineno":71}
{"timestamp":"2026-05-19T23:44:46.965138Z","level":"info","event":"26/05/19 23:44:46 INFO StandaloneAppClient$ClientEndpoint: Executor updated: app-20260519234446-0003/0 is now RUNNING","logger":"airflow.task.operators.airflow.providers.docker.operators.docker.DockerOperator","filename":"docker.py","lineno":71}
{"timestamp":"2026-05-19T23:44:46.966087Z","level":"info","event":"26/05/19 23:44:46 INFO BlockManagerMasterEndpoint: Registering block manager f54cba5831b5:42607 with 434.4 MiB RAM, BlockManagerId(driver, f54cba5831b5, 42607, None)","logger":"airflow.task.operators.airflow.providers.docker.operators.docker.DockerOperator","filename":"docker.py","lineno":71}
{"timestamp":"2026-05-19T23:44:46.966760Z","level":"info","event":"26/05/19 23:44:46 INFO StandaloneAppClient$ClientEndpoint: Executor updated: app-20260519234446-0003/1 is now RUNNING","logger":"airflow.task.operators.airflow.providers.docker.operators.docker.DockerOperator","filename":"docker.py","lineno":71}
{"timestamp":"2026-05-19T23:44:46.969997Z","level":"info","event":"26/05/19 23:44:46 INFO BlockManagerMaster: Registered BlockManager BlockManagerId(driver, f54cba5831b5, 42607, None)","logger":"airflow.task.operators.airflow.providers.docker.operators.docker.DockerOperator","filename":"docker.py","lineno":71}
{"timestamp":"2026-05-19T23:44:46.971475Z","level":"info","event":"26/05/19 23:44:46 INFO BlockManager: Initialized BlockManager: BlockManagerId(driver, f54cba5831b5, 42607, None)","logger":"airflow.task.operators.airflow.providers.docker.operators.docker.DockerOperator","filename":"docker.py","lineno":71}
{"timestamp":"2026-05-19T23:44:47.273475Z","level":"info","event":"26/05/19 23:44:47 INFO StandaloneSchedulerBackend: SchedulerBackend is ready for scheduling beginning after reached minRegisteredResourcesRatio: 0.0","logger":"airflow.task.operators.airflow.providers.docker.operators.docker.DockerOperator","filename":"docker.py","lineno":71}
{"timestamp":"2026-05-19T23:44:48.443477Z","level":"info","event":"26/05/19 23:44:48 WARN SparkSession: Cannot use io.delta.sql.DeltaSparkSessionExtension to configure session extensions.","logger":"airflow.task.operators.airflow.providers.docker.operators.docker.DockerOperator","filename":"docker.py","lineno":71}
{"timestamp":"2026-05-19T23:44:48.443723Z","level":"info","event":"java.lang.NoClassDefFoundError: scala/collection/IterableOnce","logger":"airflow.task.operators.airflow.providers.docker.operators.docker.DockerOperator","filename":"docker.py","lineno":71}
{"timestamp":"2026-05-19T23:44:48.443814Z","level":"info","event":"\tat java.base/java.lang.Class.getDeclaredConstructors0(Native Method)","logger":"airflow.task.operators.airflow.providers.docker.operators.docker.DockerOperator","filename":"docker.py","lineno":71}
{"timestamp":"2026-05-19T23:44:48.443891Z","level":"info","event":"\tat java.base/java.lang.Class.privateGetDeclaredConstructors(Unknown Source)","logger":"airflow.task.operators.airflow.providers.docker.operators.docker.DockerOperator","filename":"docker.py","lineno":71}
{"timestamp":"2026-05-19T23:44:48.448205Z","level":"info","event":"\tat java.base/java.lang.Class.getConstructors(Unknown Source)","logger":"airflow.task.operators.airflow.providers.docker.operators.docker.DockerOperator","filename":"docker.py","lineno":71}
{"timestamp":"2026-05-19T23:44:48.448321Z","level":"info","event":"\tat org.apache.spark.sql.catalyst.analysis.FunctionRegistryBase$.build(FunctionRegistry.scala:123)","logger":"airflow.task.operators.airflow.providers.docker.operators.docker.DockerOperator","filename":"docker.py","lineno":71}
{"timestamp":"2026-05-19T23:44:48.448402Z","level":"info","event":"\tat org.apache.spark.sql.delta.DeltaTableValueFunctions$.getTableValueFunctionInjection(DeltaTableValueFunctions.scala:58)","logger":"airflow.task.operators.airflow.providers.docker.operators.docker.DockerOperator","filename":"docker.py","lineno":71}
{"timestamp":"2026-05-19T23:44:48.448467Z","level":"info","event":"\tat io.delta.sql.DeltaSparkSessionExtension.$anonfun$apply$16(DeltaSparkSessionExtension.scala:174)","logger":"airflow.task.operators.airflow.providers.docker.operators.docker.DockerOperator","filename":"docker.py","lineno":71}
{"timestamp":"2026-05-19T23:44:48.448534Z","level":"info","event":"\tat io.delta.sql.DeltaSparkSessionExtension.$anonfun$apply$16$adapted(DeltaSparkSessionExtension.scala:172)","logger":"airflow.task.operators.airflow.providers.docker.operators.docker.DockerOperator","filename":"docker.py","lineno":71}
{"timestamp":"2026-05-19T23:44:48.448609Z","level":"info","event":"\tat scala.collection.immutable.List.foreach(List.scala:431)","logger":"airflow.task.operators.airflow.providers.docker.operators.docker.DockerOperator","filename":"docker.py","lineno":71}
{"timestamp":"2026-05-19T23:44:48.448686Z","level":"info","event":"\tat io.delta.sql.DeltaSparkSessionExtension.apply(DeltaSparkSessionExtension.scala:172)","logger":"airflow.task.operators.airflow.providers.docker.operators.docker.DockerOperator","filename":"docker.py","lineno":71}
{"timestamp":"2026-05-19T23:44:48.448763Z","level":"info","event":"\tat io.delta.sql.DeltaSparkSessionExtension.apply(DeltaSparkSessionExtension.scala:82)","logger":"airflow.task.operators.airflow.providers.docker.operators.docker.DockerOperator","filename":"docker.py","lineno":71}
{"timestamp":"2026-05-19T23:44:48.448839Z","level":"info","event":"\tat org.apache.spark.sql.SparkSession$.$anonfun$applyExtensions$2(SparkSession.scala:1370)","logger":"airflow.task.operators.airflow.providers.docker.operators.docker.DockerOperator","filename":"docker.py","lineno":71}
{"timestamp":"2026-05-19T23:44:48.448928Z","level":"info","event":"\tat org.apache.spark.sql.SparkSession$.$anonfun$applyExtensions$2$adapted(SparkSession.scala:1365)","logger":"airflow.task.operators.airflow.providers.docker.operators.docker.DockerOperator","filename":"docker.py","lineno":71}
{"timestamp":"2026-05-19T23:44:48.449020Z","level":"info","event":"\tat scala.collection.mutable.ResizableArray.foreach(ResizableArray.scala:62)","logger":"airflow.task.operators.airflow.providers.docker.operators.docker.DockerOperator","filename":"docker.py","lineno":71}
{"timestamp":"2026-05-19T23:44:48.449080Z","level":"info","event":"\tat scala.collection.mutable.ResizableArray.foreach$(ResizableArray.scala:55)","logger":"airflow.task.operators.airflow.providers.docker.operators.docker.DockerOperator","filename":"docker.py","lineno":71}
{"timestamp":"2026-05-19T23:44:48.449137Z","level":"info","event":"\tat scala.collection.mutable.ArrayBuffer.foreach(ArrayBuffer.scala:49)","logger":"airflow.task.operators.airflow.providers.docker.operators.docker.DockerOperator","filename":"docker.py","lineno":71}
{"timestamp":"2026-05-19T23:44:48.449195Z","level":"info","event":"\tat org.apache.spark.sql.SparkSession$.org$apache$spark$sql$SparkSession$$applyExtensions(SparkSession.scala:1365)","logger":"airflow.task.operators.airflow.providers.docker.operators.docker.DockerOperator","filename":"docker.py","lineno":71}
{"timestamp":"2026-05-19T23:44:48.449249Z","level":"info","event":"\tat org.apache.spark.sql.SparkSession.<init>(SparkSession.scala:105)","logger":"airflow.task.operators.airflow.providers.docker.operators.docker.DockerOperator","filename":"docker.py","lineno":71}
{"timestamp":"2026-05-19T23:44:48.449305Z","level":"info","event":"\tat java.base/jdk.internal.reflect.NativeConstructorAccessorImpl.newInstance0(Native Method)","logger":"airflow.task.operators.airflow.providers.docker.operators.docker.DockerOperator","filename":"docker.py","lineno":71}
{"timestamp":"2026-05-19T23:44:48.449359Z","level":"info","event":"\tat java.base/jdk.internal.reflect.NativeConstructorAccessorImpl.newInstance(Unknown Source)","logger":"airflow.task.operators.airflow.providers.docker.operators.docker.DockerOperator","filename":"docker.py","lineno":71}
{"timestamp":"2026-05-19T23:44:48.449428Z","level":"info","event":"\tat java.base/jdk.internal.reflect.DelegatingConstructorAccessorImpl.newInstance(Unknown Source)","logger":"airflow.task.operators.airflow.providers.docker.operators.docker.DockerOperator","filename":"docker.py","lineno":71}
{"timestamp":"2026-05-19T23:44:48.449481Z","level":"info","event":"\tat java.base/java.lang.reflect.Constructor.newInstance(Unknown Source)","logger":"airflow.task.operators.airflow.providers.docker.operators.docker.DockerOperator","filename":"docker.py","lineno":71}
{"timestamp":"2026-05-19T23:44:48.449535Z","level":"info","event":"\tat py4j.reflection.MethodInvoker.invoke(MethodInvoker.java:247)","logger":"airflow.task.operators.airflow.providers.docker.operators.docker.DockerOperator","filename":"docker.py","lineno":71}
{"timestamp":"2026-05-19T23:44:48.449587Z","level":"info","event":"\tat py4j.reflection.ReflectionEngine.invoke(ReflectionEngine.java:374)","logger":"airflow.task.operators.airflow.providers.docker.operators.docker.DockerOperator","filename":"docker.py","lineno":71}
{"timestamp":"2026-05-19T23:44:48.449639Z","level":"info","event":"\tat py4j.Gateway.invoke(Gateway.java:238)","logger":"airflow.task.operators.airflow.providers.docker.operators.docker.DockerOperator","filename":"docker.py","lineno":71}
{"timestamp":"2026-05-19T23:44:48.449692Z","level":"info","event":"\tat py4j.commands.ConstructorCommand.invokeConstructor(ConstructorCommand.java:80)","logger":"airflow.task.operators.airflow.providers.docker.operators.docker.DockerOperator","filename":"docker.py","lineno":71}
{"timestamp":"2026-05-19T23:44:48.449742Z","level":"info","event":"\tat py4j.commands.ConstructorCommand.execute(ConstructorCommand.java:69)","logger":"airflow.task.operators.airflow.providers.docker.operators.docker.DockerOperator","filename":"docker.py","lineno":71}
{"timestamp":"2026-05-19T23:44:48.449786Z","level":"info","event":"\tat py4j.ClientServerConnection.waitForCommands(ClientServerConnection.java:182)","logger":"airflow.task.operators.airflow.providers.docker.operators.docker.DockerOperator","filename":"docker.py","lineno":71}
{"timestamp":"2026-05-19T23:44:48.449835Z","level":"info","event":"\tat py4j.ClientServerConnection.run(ClientServerConnection.java:106)","logger":"airflow.task.operators.airflow.providers.docker.operators.docker.DockerOperator","filename":"docker.py","lineno":71}
{"timestamp":"2026-05-19T23:44:48.449892Z","level":"info","event":"\tat java.base/java.lang.Thread.run(Unknown Source)","logger":"airflow.task.operators.airflow.providers.docker.operators.docker.DockerOperator","filename":"docker.py","lineno":71}
{"timestamp":"2026-05-19T23:44:48.450036Z","level":"info","event":"Caused by: java.lang.ClassNotFoundException: scala.collection.IterableOnce","logger":"airflow.task.operators.airflow.providers.docker.operators.docker.DockerOperator","filename":"docker.py","lineno":71}
{"timestamp":"2026-05-19T23:44:48.450098Z","level":"info","event":"\tat java.base/jdk.internal.loader.BuiltinClassLoader.loadClass(Unknown Source)","logger":"airflow.task.operators.airflow.providers.docker.operators.docker.DockerOperator","filename":"docker.py","lineno":71}
{"timestamp":"2026-05-19T23:44:48.450147Z","level":"info","event":"\tat java.base/jdk.internal.loader.ClassLoaders$AppClassLoader.loadClass(Unknown Source)","logger":"airflow.task.operators.airflow.providers.docker.operators.docker.DockerOperator","filename":"docker.py","lineno":71}
{"timestamp":"2026-05-19T23:44:48.450195Z","level":"info","event":"\tat java.base/java.lang.ClassLoader.loadClass(Unknown Source)","logger":"airflow.task.operators.airflow.providers.docker.operators.docker.DockerOperator","filename":"docker.py","lineno":71}
{"timestamp":"2026-05-19T23:44:48.450247Z","level":"info","event":"\t... 29 more","logger":"airflow.task.operators.airflow.providers.docker.operators.docker.DockerOperator","filename":"docker.py","lineno":71}
{"timestamp":"2026-05-19T23:44:48.887311Z","level":"info","event":"26/05/19 23:44:48 INFO SharedState: Setting hive.metastore.warehouse.dir ('null') to the value of spark.sql.warehouse.dir.","logger":"airflow.task.operators.airflow.providers.docker.operators.docker.DockerOperator","filename":"docker.py","lineno":71}
{"timestamp":"2026-05-19T23:44:48.931591Z","level":"info","event":"26/05/19 23:44:48 INFO SharedState: Warehouse path is 'file:/app/spark-warehouse'.","logger":"airflow.task.operators.airflow.providers.docker.operators.docker.DockerOperator","filename":"docker.py","lineno":71}
{"timestamp":"2026-05-19T23:44:52.071137Z","level":"info","event":"26/05/19 23:44:52 INFO StandaloneSchedulerBackend$StandaloneDriverEndpoint: Registered executor NettyRpcEndpointRef(spark-client://Executor) (172.20.0.21:56432) with ID 1,  ResourceProfileId 0","logger":"airflow.task.operators.airflow.providers.docker.operators.docker.DockerOperator","filename":"docker.py","lineno":71}
{"timestamp":"2026-05-19T23:44:52.243777Z","level":"info","event":"26/05/19 23:44:52 INFO StandaloneSchedulerBackend$StandaloneDriverEndpoint: Registered executor NettyRpcEndpointRef(spark-client://Executor) (172.20.0.20:53712) with ID 0,  ResourceProfileId 0","logger":"airflow.task.operators.airflow.providers.docker.operators.docker.DockerOperator","filename":"docker.py","lineno":71}
{"timestamp":"2026-05-19T23:44:52.398648Z","level":"info","event":"26/05/19 23:44:52 INFO BlockManagerMasterEndpoint: Registering block manager 172.20.0.21:35989 with 434.4 MiB RAM, BlockManagerId(1, 172.20.0.21, 35989, None)","logger":"airflow.task.operators.airflow.providers.docker.operators.docker.DockerOperator","filename":"docker.py","lineno":71}
{"timestamp":"2026-05-19T23:44:52.437526Z","level":"info","event":"26/05/19 23:44:52 INFO BlockManagerMasterEndpoint: Registering block manager 172.20.0.20:45753 with 434.4 MiB RAM, BlockManagerId(0, 172.20.0.20, 45753, None)","logger":"airflow.task.operators.airflow.providers.docker.operators.docker.DockerOperator","filename":"docker.py","lineno":71}
{"timestamp":"2026-05-19T23:44:53.013236Z","level":"info","event":"2026-05-19 23:44:53,007 - ERROR - Error processing table sales.countryregioncurrency: An error occurred while calling o44.read.","logger":"airflow.task.operators.airflow.providers.docker.operators.docker.DockerOperator","filename":"docker.py","lineno":71}
{"timestamp":"2026-05-19T23:44:53.013430Z","level":"info","event":": java.lang.NoClassDefFoundError: scala/collection/SeqOps","logger":"airflow.task.operators.airflow.providers.docker.operators.docker.DockerOperator","filename":"docker.py","lineno":71}
{"timestamp":"2026-05-19T23:44:53.013517Z","level":"info","event":"\tat io.delta.sql.parser.DeltaSqlParser.<init>(DeltaSqlParser.scala:77)","logger":"airflow.task.operators.airflow.providers.docker.operators.docker.DockerOperator","filename":"docker.py","lineno":71}
{"timestamp":"2026-05-19T23:44:53.013568Z","level":"info","event":"\tat io.delta.sql.DeltaSparkSessionExtension.$anonfun$apply$1(DeltaSparkSessionExtension.scala:85)","logger":"airflow.task.operators.airflow.providers.docker.operators.docker.DockerOperator","filename":"docker.py","lineno":71}
{"timestamp":"2026-05-19T23:44:53.013618Z","level":"info","event":"\tat org.apache.spark.sql.SparkSessionExtensions.$anonfun$buildParser$1(SparkSessionExtensions.scala:308)","logger":"airflow.task.operators.airflow.providers.docker.operators.docker.DockerOperator","filename":"docker.py","lineno":71}
{"timestamp":"2026-05-19T23:44:53.013665Z","level":"info","event":"\tat scala.collection.IndexedSeqOptimized.foldLeft(IndexedSeqOptimized.scala:60)","logger":"airflow.task.operators.airflow.providers.docker.operators.docker.DockerOperator","filename":"docker.py","lineno":71}
{"timestamp":"2026-05-19T23:44:53.013712Z","level":"info","event":"\tat scala.collection.IndexedSeqOptimized.foldLeft$(IndexedSeqOptimized.scala:68)","logger":"airflow.task.operators.airflow.providers.docker.operators.docker.DockerOperator","filename":"docker.py","lineno":71}
{"timestamp":"2026-05-19T23:44:53.013757Z","level":"info","event":"\tat scala.collection.mutable.ArrayBuffer.foldLeft(ArrayBuffer.scala:49)","logger":"airflow.task.operators.airflow.providers.docker.operators.docker.DockerOperator","filename":"docker.py","lineno":71}
{"timestamp":"2026-05-19T23:44:53.013801Z","level":"info","event":"\tat org.apache.spark.sql.SparkSessionExtensions.buildParser(SparkSessionExtensions.scala:307)","logger":"airflow.task.operators.airflow.providers.docker.operators.docker.DockerOperator","filename":"docker.py","lineno":71}
{"timestamp":"2026-05-19T23:44:53.013844Z","level":"info","event":"\tat org.apache.spark.sql.internal.BaseSessionStateBuilder.sqlParser$lzycompute(BaseSessionStateBuilder.scala:138)","logger":"airflow.task.operators.airflow.providers.docker.operators.docker.DockerOperator","filename":"docker.py","lineno":71}
{"timestamp":"2026-05-19T23:44:53.013889Z","level":"info","event":"\tat org.apache.spark.sql.internal.BaseSessionStateBuilder.sqlParser(BaseSessionStateBuilder.scala:137)","logger":"airflow.task.operators.airflow.providers.docker.operators.docker.DockerOperator","filename":"docker.py","lineno":71}
{"timestamp":"2026-05-19T23:44:53.013988Z","level":"info","event":"\tat org.apache.spark.sql.internal.BaseSessionStateBuilder.build(BaseSessionStateBuilder.scala:373)","logger":"airflow.task.operators.airflow.providers.docker.operators.docker.DockerOperator","filename":"docker.py","lineno":71}
{"timestamp":"2026-05-19T23:44:53.014053Z","level":"info","event":"\tat org.apache.spark.sql.SparkSession$.org$apache$spark$sql$SparkSession$$instantiateSessionState(SparkSession.scala:1319)","logger":"airflow.task.operators.airflow.providers.docker.operators.docker.DockerOperator","filename":"docker.py","lineno":71}
{"timestamp":"2026-05-19T23:44:53.014113Z","level":"info","event":"\tat org.apache.spark.sql.SparkSession.$anonfun$sessionState$2(SparkSession.scala:162)","logger":"airflow.task.operators.airflow.providers.docker.operators.docker.DockerOperator","filename":"docker.py","lineno":71}
{"timestamp":"2026-05-19T23:44:53.014170Z","level":"info","event":"\tat scala.Option.getOrElse(Option.scala:189)","logger":"airflow.task.operators.airflow.providers.docker.operators.docker.DockerOperator","filename":"docker.py","lineno":71}
{"timestamp":"2026-05-19T23:44:53.014226Z","level":"info","event":"\tat org.apache.spark.sql.SparkSession.sessionState$lzycompute(SparkSession.scala:160)","logger":"airflow.task.operators.airflow.providers.docker.operators.docker.DockerOperator","filename":"docker.py","lineno":71}
{"timestamp":"2026-05-19T23:44:53.014282Z","level":"info","event":"\tat org.apache.spark.sql.SparkSession.sessionState(SparkSession.scala:157)","logger":"airflow.task.operators.airflow.providers.docker.operators.docker.DockerOperator","filename":"docker.py","lineno":71}
{"timestamp":"2026-05-19T23:44:53.014343Z","level":"info","event":"\tat org.apache.spark.sql.DataFrameReader.<init>(DataFrameReader.scala:699)","logger":"airflow.task.operators.airflow.providers.docker.operators.docker.DockerOperator","filename":"docker.py","lineno":71}
{"timestamp":"2026-05-19T23:44:53.014406Z","level":"info","event":"\tat org.apache.spark.sql.SparkSession.read(SparkSession.scala:783)","logger":"airflow.task.operators.airflow.providers.docker.operators.docker.DockerOperator","filename":"docker.py","lineno":71}
{"timestamp":"2026-05-19T23:44:53.014474Z","level":"info","event":"\tat java.base/jdk.internal.reflect.NativeMethodAccessorImpl.invoke0(Native Method)","logger":"airflow.task.operators.airflow.providers.docker.operators.docker.DockerOperator","filename":"docker.py","lineno":71}
{"timestamp":"2026-05-19T23:44:53.014530Z","level":"info","event":"\tat java.base/jdk.internal.reflect.NativeMethodAccessorImpl.invoke(Unknown Source)","logger":"airflow.task.operators.airflow.providers.docker.operators.docker.DockerOperator","filename":"docker.py","lineno":71}
{"timestamp":"2026-05-19T23:44:53.014583Z","level":"info","event":"\tat java.base/jdk.internal.reflect.DelegatingMethodAccessorImpl.invoke(Unknown Source)","logger":"airflow.task.operators.airflow.providers.docker.operators.docker.DockerOperator","filename":"docker.py","lineno":71}
{"timestamp":"2026-05-19T23:44:53.014642Z","level":"info","event":"\tat java.base/java.lang.reflect.Method.invoke(Unknown Source)","logger":"airflow.task.operators.airflow.providers.docker.operators.docker.DockerOperator","filename":"docker.py","lineno":71}
{"timestamp":"2026-05-19T23:44:53.014698Z","level":"info","event":"\tat py4j.reflection.MethodInvoker.invoke(MethodInvoker.java:244)","logger":"airflow.task.operators.airflow.providers.docker.operators.docker.DockerOperator","filename":"docker.py","lineno":71}
{"timestamp":"2026-05-19T23:44:53.014757Z","level":"info","event":"\tat py4j.reflection.ReflectionEngine.invoke(ReflectionEngine.java:374)","logger":"airflow.task.operators.airflow.providers.docker.operators.docker.DockerOperator","filename":"docker.py","lineno":71}
{"timestamp":"2026-05-19T23:44:53.014818Z","level":"info","event":"\tat py4j.Gateway.invoke(Gateway.java:282)","logger":"airflow.task.operators.airflow.providers.docker.operators.docker.DockerOperator","filename":"docker.py","lineno":71}
{"timestamp":"2026-05-19T23:44:53.014876Z","level":"info","event":"\tat py4j.commands.AbstractCommand.invokeMethod(AbstractCommand.java:132)","logger":"airflow.task.operators.airflow.providers.docker.operators.docker.DockerOperator","filename":"docker.py","lineno":71}
{"timestamp":"2026-05-19T23:44:53.014965Z","level":"info","event":"\tat py4j.commands.CallCommand.execute(CallCommand.java:79)","logger":"airflow.task.operators.airflow.providers.docker.operators.docker.DockerOperator","filename":"docker.py","lineno":71}
{"timestamp":"2026-05-19T23:44:53.015033Z","level":"info","event":"\tat py4j.ClientServerConnection.waitForCommands(ClientServerConnection.java:182)","logger":"airflow.task.operators.airflow.providers.docker.operators.docker.DockerOperator","filename":"docker.py","lineno":71}
{"timestamp":"2026-05-19T23:44:53.015094Z","level":"info","event":"\tat py4j.ClientServerConnection.run(ClientServerConnection.java:106)","logger":"airflow.task.operators.airflow.providers.docker.operators.docker.DockerOperator","filename":"docker.py","lineno":71}
{"timestamp":"2026-05-19T23:44:53.015152Z","level":"info","event":"\tat java.base/java.lang.Thread.run(Unknown Source)","logger":"airflow.task.operators.airflow.providers.docker.operators.docker.DockerOperator","filename":"docker.py","lineno":71}
{"timestamp":"2026-05-19T23:44:53.015210Z","level":"info","event":"Caused by: java.lang.ClassNotFoundException: scala.collection.SeqOps","logger":"airflow.task.operators.airflow.providers.docker.operators.docker.DockerOperator","filename":"docker.py","lineno":71}
{"timestamp":"2026-05-19T23:44:53.015271Z","level":"info","event":"\tat java.base/jdk.internal.loader.BuiltinClassLoader.loadClass(Unknown Source)","logger":"airflow.task.operators.airflow.providers.docker.operators.docker.DockerOperator","filename":"docker.py","lineno":71}
{"timestamp":"2026-05-19T23:44:53.015329Z","level":"info","event":"\tat java.base/jdk.internal.loader.ClassLoaders$AppClassLoader.loadClass(Unknown Source)","logger":"airflow.task.operators.airflow.providers.docker.operators.docker.DockerOperator","filename":"docker.py","lineno":71}
{"timestamp":"2026-05-19T23:44:53.015376Z","level":"info","event":"\tat java.base/java.lang.ClassLoader.loadClass(Unknown Source)","logger":"airflow.task.operators.airflow.providers.docker.operators.docker.DockerOperator","filename":"docker.py","lineno":71}
{"timestamp":"2026-05-19T23:44:53.015424Z","level":"info","event":"\t... 29 more","logger":"airflow.task.operators.airflow.providers.docker.operators.docker.DockerOperator","filename":"docker.py","lineno":71}
{"timestamp":"2026-05-19T23:44:53.015481Z","level":"info","event":"","logger":"airflow.task.operators.airflow.providers.docker.operators.docker.DockerOperator","filename":"docker.py","lineno":71}
{"timestamp":"2026-05-19T23:44:53.033103Z","level":"info","event":"2026-05-19 23:44:53,029 - ERROR - Error processing table sales.salesorderdetail: An error occurred while calling o44.read.","logger":"airflow.task.operators.airflow.providers.docker.operators.docker.DockerOperator","filename":"docker.py","lineno":71}
{"timestamp":"2026-05-19T23:44:53.033350Z","level":"info","event":": java.lang.NoClassDefFoundError: scala/collection/SeqOps","logger":"airflow.task.operators.airflow.providers.docker.operators.docker.DockerOperator","filename":"docker.py","lineno":71}
{"timestamp":"2026-05-19T23:44:53.033456Z","level":"info","event":"\tat io.delta.sql.parser.DeltaSqlParser.<init>(DeltaSqlParser.scala:77)","logger":"airflow.task.operators.airflow.providers.docker.operators.docker.DockerOperator","filename":"docker.py","lineno":71}
{"timestamp":"2026-05-19T23:44:53.033520Z","level":"info","event":"\tat io.delta.sql.DeltaSparkSessionExtension.$anonfun$apply$1(DeltaSparkSessionExtension.scala:85)","logger":"airflow.task.operators.airflow.providers.docker.operators.docker.DockerOperator","filename":"docker.py","lineno":71}
{"timestamp":"2026-05-19T23:44:53.033571Z","level":"info","event":"\tat org.apache.spark.sql.SparkSessionExtensions.$anonfun$buildParser$1(SparkSessionExtensions.scala:308)","logger":"airflow.task.operators.airflow.providers.docker.operators.docker.DockerOperator","filename":"docker.py","lineno":71}
{"timestamp":"2026-05-19T23:44:53.033617Z","level":"info","event":"\tat scala.collection.IndexedSeqOptimized.foldLeft(IndexedSeqOptimized.scala:60)","logger":"airflow.task.operators.airflow.providers.docker.operators.docker.DockerOperator","filename":"docker.py","lineno":71}
{"timestamp":"2026-05-19T23:44:53.033670Z","level":"info","event":"\tat scala.collection.IndexedSeqOptimized.foldLeft$(IndexedSeqOptimized.scala:68)","logger":"airflow.task.operators.airflow.providers.docker.operators.docker.DockerOperator","filename":"docker.py","lineno":71}
{"timestamp":"2026-05-19T23:44:53.033731Z","level":"info","event":"\tat scala.collection.mutable.ArrayBuffer.foldLeft(ArrayBuffer.scala:49)","logger":"airflow.task.operators.airflow.providers.docker.operators.docker.DockerOperator","filename":"docker.py","lineno":71}
{"timestamp":"2026-05-19T23:44:53.033816Z","level":"info","event":"\tat org.apache.spark.sql.SparkSessionExtensions.buildParser(SparkSessionExtensions.scala:307)","logger":"airflow.task.operators.airflow.providers.docker.operators.docker.DockerOperator","filename":"docker.py","lineno":71}
{"timestamp":"2026-05-19T23:44:53.033878Z","level":"info","event":"\tat org.apache.spark.sql.internal.BaseSessionStateBuilder.sqlParser$lzycompute(BaseSessionStateBuilder.scala:138)","logger":"airflow.task.operators.airflow.providers.docker.operators.docker.DockerOperator","filename":"docker.py","lineno":71}
{"timestamp":"2026-05-19T23:44:53.033965Z","level":"info","event":"\tat org.apache.spark.sql.internal.BaseSessionStateBuilder.sqlParser(BaseSessionStateBuilder.scala:137)","logger":"airflow.task.operators.airflow.providers.docker.operators.docker.DockerOperator","filename":"docker.py","lineno":71}
{"timestamp":"2026-05-19T23:44:53.034031Z","level":"info","event":"\tat org.apache.spark.sql.internal.BaseSessionStateBuilder.build(BaseSessionStateBuilder.scala:373)","logger":"airflow.task.operators.airflow.providers.docker.operators.docker.DockerOperator","filename":"docker.py","lineno":71}
{"timestamp":"2026-05-19T23:44:53.034083Z","level":"info","event":"\tat org.apache.spark.sql.SparkSession$.org$apache$spark$sql$SparkSession$$instantiateSessionState(SparkSession.scala:1319)","logger":"airflow.task.operators.airflow.providers.docker.operators.docker.DockerOperator","filename":"docker.py","lineno":71}
{"timestamp":"2026-05-19T23:44:53.034140Z","level":"info","event":"\tat org.apache.spark.sql.SparkSession.$anonfun$sessionState$2(SparkSession.scala:162)","logger":"airflow.task.operators.airflow.providers.docker.operators.docker.DockerOperator","filename":"docker.py","lineno":71}
{"timestamp":"2026-05-19T23:44:53.034198Z","level":"info","event":"\tat scala.Option.getOrElse(Option.scala:189)","logger":"airflow.task.operators.airflow.providers.docker.operators.docker.DockerOperator","filename":"docker.py","lineno":71}
{"timestamp":"2026-05-19T23:44:53.034256Z","level":"info","event":"\tat org.apache.spark.sql.SparkSession.sessionState$lzycompute(SparkSession.scala:160)","logger":"airflow.task.operators.airflow.providers.docker.operators.docker.DockerOperator","filename":"docker.py","lineno":71}
{"timestamp":"2026-05-19T23:44:53.034316Z","level":"info","event":"\tat org.apache.spark.sql.SparkSession.sessionState(SparkSession.scala:157)","logger":"airflow.task.operators.airflow.providers.docker.operators.docker.DockerOperator","filename":"docker.py","lineno":71}
{"timestamp":"2026-05-19T23:44:53.034374Z","level":"info","event":"\tat org.apache.spark.sql.DataFrameReader.<init>(DataFrameReader.scala:699)","logger":"airflow.task.operators.airflow.providers.docker.operators.docker.DockerOperator","filename":"docker.py","lineno":71}
{"timestamp":"2026-05-19T23:44:53.034423Z","level":"info","event":"\tat org.apache.spark.sql.SparkSession.read(SparkSession.scala:783)","logger":"airflow.task.operators.airflow.providers.docker.operators.docker.DockerOperator","filename":"docker.py","lineno":71}
{"timestamp":"2026-05-19T23:44:53.034477Z","level":"info","event":"\tat java.base/jdk.internal.reflect.NativeMethodAccessorImpl.invoke0(Native Method)","logger":"airflow.task.operators.airflow.providers.docker.operators.docker.DockerOperator","filename":"docker.py","lineno":71}
{"timestamp":"2026-05-19T23:44:53.034521Z","level":"info","event":"\tat java.base/jdk.internal.reflect.NativeMethodAccessorImpl.invoke(Unknown Source)","logger":"airflow.task.operators.airflow.providers.docker.operators.docker.DockerOperator","filename":"docker.py","lineno":71}
{"timestamp":"2026-05-19T23:44:53.034563Z","level":"info","event":"\tat java.base/jdk.internal.reflect.DelegatingMethodAccessorImpl.invoke(Unknown Source)","logger":"airflow.task.operators.airflow.providers.docker.operators.docker.DockerOperator","filename":"docker.py","lineno":71}
{"timestamp":"2026-05-19T23:44:53.034605Z","level":"info","event":"\tat java.base/java.lang.reflect.Method.invoke(Unknown Source)","logger":"airflow.task.operators.airflow.providers.docker.operators.docker.DockerOperator","filename":"docker.py","lineno":71}
{"timestamp":"2026-05-19T23:44:53.034650Z","level":"info","event":"\tat py4j.reflection.MethodInvoker.invoke(MethodInvoker.java:244)","logger":"airflow.task.operators.airflow.providers.docker.operators.docker.DockerOperator","filename":"docker.py","lineno":71}
{"timestamp":"2026-05-19T23:44:53.034708Z","level":"info","event":"\tat py4j.reflection.ReflectionEngine.invoke(ReflectionEngine.java:374)","logger":"airflow.task.operators.airflow.providers.docker.operators.docker.DockerOperator","filename":"docker.py","lineno":71}
{"timestamp":"2026-05-19T23:44:53.034776Z","level":"info","event":"\tat py4j.Gateway.invoke(Gateway.java:282)","logger":"airflow.task.operators.airflow.providers.docker.operators.docker.DockerOperator","filename":"docker.py","lineno":71}
{"timestamp":"2026-05-19T23:44:53.034832Z","level":"info","event":"\tat py4j.commands.AbstractCommand.invokeMethod(AbstractCommand.java:132)","logger":"airflow.task.operators.airflow.providers.docker.operators.docker.DockerOperator","filename":"docker.py","lineno":71}
{"timestamp":"2026-05-19T23:44:53.034886Z","level":"info","event":"\tat py4j.commands.CallCommand.execute(CallCommand.java:79)","logger":"airflow.task.operators.airflow.providers.docker.operators.docker.DockerOperator","filename":"docker.py","lineno":71}
{"timestamp":"2026-05-19T23:44:53.034976Z","level":"info","event":"\tat py4j.ClientServerConnection.waitForCommands(ClientServerConnection.java:182)","logger":"airflow.task.operators.airflow.providers.docker.operators.docker.DockerOperator","filename":"docker.py","lineno":71}
{"timestamp":"2026-05-19T23:44:53.035030Z","level":"info","event":"\tat py4j.ClientServerConnection.run(ClientServerConnection.java:106)","logger":"airflow.task.operators.airflow.providers.docker.operators.docker.DockerOperator","filename":"docker.py","lineno":71}
{"timestamp":"2026-05-19T23:44:53.035086Z","level":"info","event":"\tat java.base/java.lang.Thread.run(Unknown Source)","logger":"airflow.task.operators.airflow.providers.docker.operators.docker.DockerOperator","filename":"docker.py","lineno":71}
{"timestamp":"2026-05-19T23:44:53.035134Z","level":"info","event":"Caused by: java.lang.ClassNotFoundException: scala.collection.SeqOps","logger":"airflow.task.operators.airflow.providers.docker.operators.docker.DockerOperator","filename":"docker.py","lineno":71}
{"timestamp":"2026-05-19T23:44:53.035185Z","level":"info","event":"\tat java.base/jdk.internal.loader.BuiltinClassLoader.loadClass(Unknown Source)","logger":"airflow.task.operators.airflow.providers.docker.operators.docker.DockerOperator","filename":"docker.py","lineno":71}
{"timestamp":"2026-05-19T23:44:53.035231Z","level":"info","event":"\tat java.base/jdk.internal.loader.ClassLoaders$AppClassLoader.loadClass(Unknown Source)","logger":"airflow.task.operators.airflow.providers.docker.operators.docker.DockerOperator","filename":"docker.py","lineno":71}
{"timestamp":"2026-05-19T23:44:53.035282Z","level":"info","event":"\tat java.base/java.lang.ClassLoader.loadClass(Unknown Source)","logger":"airflow.task.operators.airflow.providers.docker.operators.docker.DockerOperator","filename":"docker.py","lineno":71}
{"timestamp":"2026-05-19T23:44:53.035347Z","level":"info","event":"\t... 29 more","logger":"airflow.task.operators.airflow.providers.docker.operators.docker.DockerOperator","filename":"docker.py","lineno":71}
{"timestamp":"2026-05-19T23:44:53.035403Z","level":"info","event":"","logger":"airflow.task.operators.airflow.providers.docker.operators.docker.DockerOperator","filename":"docker.py","lineno":71}
{"timestamp":"2026-05-19T23:44:53.035461Z","level":"info","event":"2026-05-19 23:44:53,031 - ERROR - Error processing table sales.salesorderheader: An error occurred while calling o44.read.","logger":"airflow.task.operators.airflow.providers.docker.operators.docker.DockerOperator","filename":"docker.py","lineno":71}
{"timestamp":"2026-05-19T23:44:53.035513Z","level":"info","event":": java.lang.NoClassDefFoundError: scala/collection/SeqOps","logger":"airflow.task.operators.airflow.providers.docker.operators.docker.DockerOperator","filename":"docker.py","lineno":71}
{"timestamp":"2026-05-19T23:44:53.035558Z","level":"info","event":"\tat io.delta.sql.parser.DeltaSqlParser.<init>(DeltaSqlParser.scala:77)","logger":"airflow.task.operators.airflow.providers.docker.operators.docker.DockerOperator","filename":"docker.py","lineno":71}
{"timestamp":"2026-05-19T23:44:53.038040Z","level":"info","event":"\tat io.delta.sql.DeltaSparkSessionExtension.$anonfun$apply$1(DeltaSparkSessionExtension.scala:85)","logger":"airflow.task.operators.airflow.providers.docker.operators.docker.DockerOperator","filename":"docker.py","lineno":71}
{"timestamp":"2026-05-19T23:44:53.038169Z","level":"info","event":"\tat org.apache.spark.sql.SparkSessionExtensions.$anonfun$buildParser$1(SparkSessionExtensions.scala:308)","logger":"airflow.task.operators.airflow.providers.docker.operators.docker.DockerOperator","filename":"docker.py","lineno":71}
{"timestamp":"2026-05-19T23:44:53.038240Z","level":"info","event":"\tat scala.collection.IndexedSeqOptimized.foldLeft(IndexedSeqOptimized.scala:60)","logger":"airflow.task.operators.airflow.providers.docker.operators.docker.DockerOperator","filename":"docker.py","lineno":71}
{"timestamp":"2026-05-19T23:44:53.038307Z","level":"info","event":"\tat scala.collection.IndexedSeqOptimized.foldLeft$(IndexedSeqOptimized.scala:68)","logger":"airflow.task.operators.airflow.providers.docker.operators.docker.DockerOperator","filename":"docker.py","lineno":71}
{"timestamp":"2026-05-19T23:44:53.038371Z","level":"info","event":"\tat scala.collection.mutable.ArrayBuffer.foldLeft(ArrayBuffer.scala:49)","logger":"airflow.task.operators.airflow.providers.docker.operators.docker.DockerOperator","filename":"docker.py","lineno":71}
{"timestamp":"2026-05-19T23:44:53.038457Z","level":"info","event":"\tat org.apache.spark.sql.SparkSessionExtensions.buildParser(SparkSessionExtensions.scala:307)","logger":"airflow.task.operators.airflow.providers.docker.operators.docker.DockerOperator","filename":"docker.py","lineno":71}
{"timestamp":"2026-05-19T23:44:53.038527Z","level":"info","event":"\tat org.apache.spark.sql.internal.BaseSessionStateBuilder.sqlParser$lzycompute(BaseSessionStateBuilder.scala:138)","logger":"airflow.task.operators.airflow.providers.docker.operators.docker.DockerOperator","filename":"docker.py","lineno":71}
{"timestamp":"2026-05-19T23:44:53.038590Z","level":"info","event":"\tat org.apache.spark.sql.internal.BaseSessionStateBuilder.sqlParser(BaseSessionStateBuilder.scala:137)","logger":"airflow.task.operators.airflow.providers.docker.operators.docker.DockerOperator","filename":"docker.py","lineno":71}
{"timestamp":"2026-05-19T23:44:53.038650Z","level":"info","event":"\tat org.apache.spark.sql.internal.BaseSessionStateBuilder.build(BaseSessionStateBuilder.scala:373)","logger":"airflow.task.operators.airflow.providers.docker.operators.docker.DockerOperator","filename":"docker.py","lineno":71}
{"timestamp":"2026-05-19T23:44:53.038711Z","level":"info","event":"\tat org.apache.spark.sql.SparkSession$.org$apache$spark$sql$SparkSession$$instantiateSessionState(SparkSession.scala:1319)","logger":"airflow.task.operators.airflow.providers.docker.operators.docker.DockerOperator","filename":"docker.py","lineno":71}
{"timestamp":"2026-05-19T23:44:53.038773Z","level":"info","event":"\tat org.apache.spark.sql.SparkSession.$anonfun$sessionState$2(SparkSession.scala:162)","logger":"airflow.task.operators.airflow.providers.docker.operators.docker.DockerOperator","filename":"docker.py","lineno":71}
{"timestamp":"2026-05-19T23:44:53.038836Z","level":"info","event":"\tat scala.Option.getOrElse(Option.scala:189)","logger":"airflow.task.operators.airflow.providers.docker.operators.docker.DockerOperator","filename":"docker.py","lineno":71}
{"timestamp":"2026-05-19T23:44:53.038931Z","level":"info","event":"\tat org.apache.spark.sql.SparkSession.sessionState$lzycompute(SparkSession.scala:160)","logger":"airflow.task.operators.airflow.providers.docker.operators.docker.DockerOperator","filename":"docker.py","lineno":71}
{"timestamp":"2026-05-19T23:44:53.038995Z","level":"info","event":"\tat org.apache.spark.sql.SparkSession.sessionState(SparkSession.scala:157)","logger":"airflow.task.operators.airflow.providers.docker.operators.docker.DockerOperator","filename":"docker.py","lineno":71}
{"timestamp":"2026-05-19T23:44:53.039046Z","level":"info","event":"\tat org.apache.spark.sql.DataFrameReader.<init>(DataFrameReader.scala:699)","logger":"airflow.task.operators.airflow.providers.docker.operators.docker.DockerOperator","filename":"docker.py","lineno":71}
{"timestamp":"2026-05-19T23:44:53.039098Z","level":"info","event":"\tat org.apache.spark.sql.SparkSession.read(SparkSession.scala:783)","logger":"airflow.task.operators.airflow.providers.docker.operators.docker.DockerOperator","filename":"docker.py","lineno":71}
{"timestamp":"2026-05-19T23:44:53.039148Z","level":"info","event":"\tat java.base/jdk.internal.reflect.NativeMethodAccessorImpl.invoke0(Native Method)","logger":"airflow.task.operators.airflow.providers.docker.operators.docker.DockerOperator","filename":"docker.py","lineno":71}
{"timestamp":"2026-05-19T23:44:53.039202Z","level":"info","event":"\tat java.base/jdk.internal.reflect.NativeMethodAccessorImpl.invoke(Unknown Source)","logger":"airflow.task.operators.airflow.providers.docker.operators.docker.DockerOperator","filename":"docker.py","lineno":71}
{"timestamp":"2026-05-19T23:44:53.039259Z","level":"info","event":"\tat java.base/jdk.internal.reflect.DelegatingMethodAccessorImpl.invoke(Unknown Source)","logger":"airflow.task.operators.airflow.providers.docker.operators.docker.DockerOperator","filename":"docker.py","lineno":71}
{"timestamp":"2026-05-19T23:44:53.039321Z","level":"info","event":"\tat java.base/java.lang.reflect.Method.invoke(Unknown Source)","logger":"airflow.task.operators.airflow.providers.docker.operators.docker.DockerOperator","filename":"docker.py","lineno":71}
{"timestamp":"2026-05-19T23:44:53.039386Z","level":"info","event":"\tat py4j.reflection.MethodInvoker.invoke(MethodInvoker.java:244)","logger":"airflow.task.operators.airflow.providers.docker.operators.docker.DockerOperator","filename":"docker.py","lineno":71}
{"timestamp":"2026-05-19T23:44:53.039465Z","level":"info","event":"\tat py4j.reflection.ReflectionEngine.invoke(ReflectionEngine.java:374)","logger":"airflow.task.operators.airflow.providers.docker.operators.docker.DockerOperator","filename":"docker.py","lineno":71}
{"timestamp":"2026-05-19T23:44:53.039526Z","level":"info","event":"\tat py4j.Gateway.invoke(Gateway.java:282)","logger":"airflow.task.operators.airflow.providers.docker.operators.docker.DockerOperator","filename":"docker.py","lineno":71}
{"timestamp":"2026-05-19T23:44:53.039583Z","level":"info","event":"\tat py4j.commands.AbstractCommand.invokeMethod(AbstractCommand.java:132)","logger":"airflow.task.operators.airflow.providers.docker.operators.docker.DockerOperator","filename":"docker.py","lineno":71}
{"timestamp":"2026-05-19T23:44:53.039651Z","level":"info","event":"\tat py4j.commands.CallCommand.execute(CallCommand.java:79)","logger":"airflow.task.operators.airflow.providers.docker.operators.docker.DockerOperator","filename":"docker.py","lineno":71}
{"timestamp":"2026-05-19T23:44:53.039723Z","level":"info","event":"\tat py4j.ClientServerConnection.waitForCommands(ClientServerConnection.java:182)","logger":"airflow.task.operators.airflow.providers.docker.operators.docker.DockerOperator","filename":"docker.py","lineno":71}
{"timestamp":"2026-05-19T23:44:53.039781Z","level":"info","event":"\tat py4j.ClientServerConnection.run(ClientServerConnection.java:106)","logger":"airflow.task.operators.airflow.providers.docker.operators.docker.DockerOperator","filename":"docker.py","lineno":71}
{"timestamp":"2026-05-19T23:44:53.039841Z","level":"info","event":"\tat java.base/java.lang.Thread.run(Unknown Source)","logger":"airflow.task.operators.airflow.providers.docker.operators.docker.DockerOperator","filename":"docker.py","lineno":71}
{"timestamp":"2026-05-19T23:44:53.039936Z","level":"info","event":"Caused by: java.lang.ClassNotFoundException: scala.collection.SeqOps","logger":"airflow.task.operators.airflow.providers.docker.operators.docker.DockerOperator","filename":"docker.py","lineno":71}
{"timestamp":"2026-05-19T23:44:53.040011Z","level":"info","event":"\tat java.base/jdk.internal.loader.BuiltinClassLoader.loadClass(Unknown Source)","logger":"airflow.task.operators.airflow.providers.docker.operators.docker.DockerOperator","filename":"docker.py","lineno":71}
{"timestamp":"2026-05-19T23:44:53.040077Z","level":"info","event":"\tat java.base/jdk.internal.loader.ClassLoaders$AppClassLoader.loadClass(Unknown Source)","logger":"airflow.task.operators.airflow.providers.docker.operators.docker.DockerOperator","filename":"docker.py","lineno":71}
{"timestamp":"2026-05-19T23:44:53.040145Z","level":"info","event":"\tat java.base/java.lang.ClassLoader.loadClass(Unknown Source)","logger":"airflow.task.operators.airflow.providers.docker.operators.docker.DockerOperator","filename":"docker.py","lineno":71}
{"timestamp":"2026-05-19T23:44:53.040206Z","level":"info","event":"\t... 29 more","logger":"airflow.task.operators.airflow.providers.docker.operators.docker.DockerOperator","filename":"docker.py","lineno":71}
{"timestamp":"2026-05-19T23:44:53.040272Z","level":"info","event":"","logger":"airflow.task.operators.airflow.providers.docker.operators.docker.DockerOperator","filename":"docker.py","lineno":71}
{"timestamp":"2026-05-19T23:44:53.061829Z","level":"info","event":"2026-05-19 23:44:53,059 - ERROR - Error processing table sales.personcreditcard: An error occurred while calling o44.read.","logger":"airflow.task.operators.airflow.providers.docker.operators.docker.DockerOperator","filename":"docker.py","lineno":71}
{"timestamp":"2026-05-19T23:44:53.062093Z","level":"info","event":": java.lang.NoClassDefFoundError: scala/collection/SeqOps","logger":"airflow.task.operators.airflow.providers.docker.operators.docker.DockerOperator","filename":"docker.py","lineno":71}
{"timestamp":"2026-05-19T23:44:53.062175Z","level":"info","event":"\tat io.delta.sql.parser.DeltaSqlParser.<init>(DeltaSqlParser.scala:77)","logger":"airflow.task.operators.airflow.providers.docker.operators.docker.DockerOperator","filename":"docker.py","lineno":71}
{"timestamp":"2026-05-19T23:44:53.062251Z","level":"info","event":"\tat io.delta.sql.DeltaSparkSessionExtension.$anonfun$apply$1(DeltaSparkSessionExtension.scala:85)","logger":"airflow.task.operators.airflow.providers.docker.operators.docker.DockerOperator","filename":"docker.py","lineno":71}
{"timestamp":"2026-05-19T23:44:53.062321Z","level":"info","event":"\tat org.apache.spark.sql.SparkSessionExtensions.$anonfun$buildParser$1(SparkSessionExtensions.scala:308)","logger":"airflow.task.operators.airflow.providers.docker.operators.docker.DockerOperator","filename":"docker.py","lineno":71}
{"timestamp":"2026-05-19T23:44:53.062386Z","level":"info","event":"\tat scala.collection.IndexedSeqOptimized.foldLeft(IndexedSeqOptimized.scala:60)","logger":"airflow.task.operators.airflow.providers.docker.operators.docker.DockerOperator","filename":"docker.py","lineno":71}
{"timestamp":"2026-05-19T23:44:53.062464Z","level":"info","event":"\tat scala.collection.IndexedSeqOptimized.foldLeft$(IndexedSeqOptimized.scala:68)","logger":"airflow.task.operators.airflow.providers.docker.operators.docker.DockerOperator","filename":"docker.py","lineno":71}
{"timestamp":"2026-05-19T23:44:53.062528Z","level":"info","event":"\tat scala.collection.mutable.ArrayBuffer.foldLeft(ArrayBuffer.scala:49)","logger":"airflow.task.operators.airflow.providers.docker.operators.docker.DockerOperator","filename":"docker.py","lineno":71}
{"timestamp":"2026-05-19T23:44:53.062591Z","level":"info","event":"\tat org.apache.spark.sql.SparkSessionExtensions.buildParser(SparkSessionExtensions.scala:307)","logger":"airflow.task.operators.airflow.providers.docker.operators.docker.DockerOperator","filename":"docker.py","lineno":71}
{"timestamp":"2026-05-19T23:44:53.062656Z","level":"info","event":"\tat org.apache.spark.sql.internal.BaseSessionStateBuilder.sqlParser$lzycompute(BaseSessionStateBuilder.scala:138)","logger":"airflow.task.operators.airflow.providers.docker.operators.docker.DockerOperator","filename":"docker.py","lineno":71}
{"timestamp":"2026-05-19T23:44:53.062729Z","level":"info","event":"\tat org.apache.spark.sql.internal.BaseSessionStateBuilder.sqlParser(BaseSessionStateBuilder.scala:137)","logger":"airflow.task.operators.airflow.providers.docker.operators.docker.DockerOperator","filename":"docker.py","lineno":71}
{"timestamp":"2026-05-19T23:44:53.062789Z","level":"info","event":"\tat org.apache.spark.sql.internal.BaseSessionStateBuilder.build(BaseSessionStateBuilder.scala:373)","logger":"airflow.task.operators.airflow.providers.docker.operators.docker.DockerOperator","filename":"docker.py","lineno":71}
{"timestamp":"2026-05-19T23:44:53.062839Z","level":"info","event":"\tat org.apache.spark.sql.SparkSession$.org$apache$spark$sql$SparkSession$$instantiateSessionState(SparkSession.scala:1319)","logger":"airflow.task.operators.airflow.providers.docker.operators.docker.DockerOperator","filename":"docker.py","lineno":71}
{"timestamp":"2026-05-19T23:44:53.062915Z","level":"info","event":"\tat org.apache.spark.sql.SparkSession.$anonfun$sessionState$2(SparkSession.scala:162)","logger":"airflow.task.operators.airflow.providers.docker.operators.docker.DockerOperator","filename":"docker.py","lineno":71}
{"timestamp":"2026-05-19T23:44:53.062982Z","level":"info","event":"\tat scala.Option.getOrElse(Option.scala:189)","logger":"airflow.task.operators.airflow.providers.docker.operators.docker.DockerOperator","filename":"docker.py","lineno":71}
{"timestamp":"2026-05-19T23:44:53.063034Z","level":"info","event":"\tat org.apache.spark.sql.SparkSession.sessionState$lzycompute(SparkSession.scala:160)","logger":"airflow.task.operators.airflow.providers.docker.operators.docker.DockerOperator","filename":"docker.py","lineno":71}
{"timestamp":"2026-05-19T23:44:53.063084Z","level":"info","event":"\tat org.apache.spark.sql.SparkSession.sessionState(SparkSession.scala:157)","logger":"airflow.task.operators.airflow.providers.docker.operators.docker.DockerOperator","filename":"docker.py","lineno":71}
{"timestamp":"2026-05-19T23:44:53.063133Z","level":"info","event":"\tat org.apache.spark.sql.DataFrameReader.<init>(DataFrameReader.scala:699)","logger":"airflow.task.operators.airflow.providers.docker.operators.docker.DockerOperator","filename":"docker.py","lineno":71}
{"timestamp":"2026-05-19T23:44:53.063186Z","level":"info","event":"\tat org.apache.spark.sql.SparkSession.read(SparkSession.scala:783)","logger":"airflow.task.operators.airflow.providers.docker.operators.docker.DockerOperator","filename":"docker.py","lineno":71}
{"timestamp":"2026-05-19T23:44:53.063236Z","level":"info","event":"\tat java.base/jdk.internal.reflect.NativeMethodAccessorImpl.invoke0(Native Method)","logger":"airflow.task.operators.airflow.providers.docker.operators.docker.DockerOperator","filename":"docker.py","lineno":71}
{"timestamp":"2026-05-19T23:44:53.063292Z","level":"info","event":"\tat java.base/jdk.internal.reflect.NativeMethodAccessorImpl.invoke(Unknown Source)","logger":"airflow.task.operators.airflow.providers.docker.operators.docker.DockerOperator","filename":"docker.py","lineno":71}
{"timestamp":"2026-05-19T23:44:53.063345Z","level":"info","event":"\tat java.base/jdk.internal.reflect.DelegatingMethodAccessorImpl.invoke(Unknown Source)","logger":"airflow.task.operators.airflow.providers.docker.operators.docker.DockerOperator","filename":"docker.py","lineno":71}
{"timestamp":"2026-05-19T23:44:53.063397Z","level":"info","event":"\tat java.base/java.lang.reflect.Method.invoke(Unknown Source)","logger":"airflow.task.operators.airflow.providers.docker.operators.docker.DockerOperator","filename":"docker.py","lineno":71}
{"timestamp":"2026-05-19T23:44:53.063468Z","level":"info","event":"\tat py4j.reflection.MethodInvoker.invoke(MethodInvoker.java:244)","logger":"airflow.task.operators.airflow.providers.docker.operators.docker.DockerOperator","filename":"docker.py","lineno":71}
{"timestamp":"2026-05-19T23:44:53.063597Z","level":"info","event":"\tat py4j.reflection.ReflectionEngine.invoke(ReflectionEngine.java:374)","logger":"airflow.task.operators.airflow.providers.docker.operators.docker.DockerOperator","filename":"docker.py","lineno":71}
{"timestamp":"2026-05-19T23:44:53.063671Z","level":"info","event":"\tat py4j.Gateway.invoke(Gateway.java:282)","logger":"airflow.task.operators.airflow.providers.docker.operators.docker.DockerOperator","filename":"docker.py","lineno":71}
{"timestamp":"2026-05-19T23:44:53.063741Z","level":"info","event":"\tat py4j.commands.AbstractCommand.invokeMethod(AbstractCommand.java:132)","logger":"airflow.task.operators.airflow.providers.docker.operators.docker.DockerOperator","filename":"docker.py","lineno":71}
{"timestamp":"2026-05-19T23:44:53.063798Z","level":"info","event":"\tat py4j.commands.CallCommand.execute(CallCommand.java:79)","logger":"airflow.task.operators.airflow.providers.docker.operators.docker.DockerOperator","filename":"docker.py","lineno":71}
{"timestamp":"2026-05-19T23:44:53.063858Z","level":"info","event":"\tat py4j.ClientServerConnection.waitForCommands(ClientServerConnection.java:182)","logger":"airflow.task.operators.airflow.providers.docker.operators.docker.DockerOperator","filename":"docker.py","lineno":71}
{"timestamp":"2026-05-19T23:44:53.064013Z","level":"info","event":"\tat py4j.ClientServerConnection.run(ClientServerConnection.java:106)","logger":"airflow.task.operators.airflow.providers.docker.operators.docker.DockerOperator","filename":"docker.py","lineno":71}
{"timestamp":"2026-05-19T23:44:53.064090Z","level":"info","event":"\tat java.base/java.lang.Thread.run(Unknown Source)","logger":"airflow.task.operators.airflow.providers.docker.operators.docker.DockerOperator","filename":"docker.py","lineno":71}
{"timestamp":"2026-05-19T23:44:53.064147Z","level":"info","event":"Caused by: java.lang.ClassNotFoundException: scala.collection.SeqOps","logger":"airflow.task.operators.airflow.providers.docker.operators.docker.DockerOperator","filename":"docker.py","lineno":71}
{"timestamp":"2026-05-19T23:44:53.064203Z","level":"info","event":"\tat java.base/jdk.internal.loader.BuiltinClassLoader.loadClass(Unknown Source)","logger":"airflow.task.operators.airflow.providers.docker.operators.docker.DockerOperator","filename":"docker.py","lineno":71}
{"timestamp":"2026-05-19T23:44:53.064266Z","level":"info","event":"\tat java.base/jdk.internal.loader.ClassLoaders$AppClassLoader.loadClass(Unknown Source)","logger":"airflow.task.operators.airflow.providers.docker.operators.docker.DockerOperator","filename":"docker.py","lineno":71}
{"timestamp":"2026-05-19T23:44:53.064323Z","level":"info","event":"\tat java.base/java.lang.ClassLoader.loadClass(Unknown Source)","logger":"airflow.task.operators.airflow.providers.docker.operators.docker.DockerOperator","filename":"docker.py","lineno":71}
{"timestamp":"2026-05-19T23:44:53.064379Z","level":"info","event":"\t... 29 more","logger":"airflow.task.operators.airflow.providers.docker.operators.docker.DockerOperator","filename":"docker.py","lineno":71}
{"timestamp":"2026-05-19T23:44:53.064448Z","level":"info","event":"","logger":"airflow.task.operators.airflow.providers.docker.operators.docker.DockerOperator","filename":"docker.py","lineno":71}
{"timestamp":"2026-05-19T23:44:53.068550Z","level":"info","event":"2026-05-19 23:44:53,067 - ERROR - Error processing table sales.customer: An error occurred while calling o44.read.","logger":"airflow.task.operators.airflow.providers.docker.operators.docker.DockerOperator","filename":"docker.py","lineno":71}
{"timestamp":"2026-05-19T23:44:53.069516Z","level":"info","event":": java.lang.NoClassDefFoundError: scala/collection/SeqOps","logger":"airflow.task.operators.airflow.providers.docker.operators.docker.DockerOperator","filename":"docker.py","lineno":71}
{"timestamp":"2026-05-19T23:44:53.069594Z","level":"info","event":"\tat io.delta.sql.parser.DeltaSqlParser.<init>(DeltaSqlParser.scala:77)","logger":"airflow.task.operators.airflow.providers.docker.operators.docker.DockerOperator","filename":"docker.py","lineno":71}
{"timestamp":"2026-05-19T23:44:53.069658Z","level":"info","event":"\tat io.delta.sql.DeltaSparkSessionExtension.$anonfun$apply$1(DeltaSparkSessionExtension.scala:85)","logger":"airflow.task.operators.airflow.providers.docker.operators.docker.DockerOperator","filename":"docker.py","lineno":71}
{"timestamp":"2026-05-19T23:44:53.069715Z","level":"info","event":"\tat org.apache.spark.sql.SparkSessionExtensions.$anonfun$buildParser$1(SparkSessionExtensions.scala:308)","logger":"airflow.task.operators.airflow.providers.docker.operators.docker.DockerOperator","filename":"docker.py","lineno":71}
{"timestamp":"2026-05-19T23:44:53.069769Z","level":"info","event":"\tat scala.collection.IndexedSeqOptimized.foldLeft(IndexedSeqOptimized.scala:60)","logger":"airflow.task.operators.airflow.providers.docker.operators.docker.DockerOperator","filename":"docker.py","lineno":71}
{"timestamp":"2026-05-19T23:44:53.069831Z","level":"info","event":"\tat scala.collection.IndexedSeqOptimized.foldLeft$(IndexedSeqOptimized.scala:68)","logger":"airflow.task.operators.airflow.providers.docker.operators.docker.DockerOperator","filename":"docker.py","lineno":71}
{"timestamp":"2026-05-19T23:44:53.069911Z","level":"info","event":"\tat scala.collection.mutable.ArrayBuffer.foldLeft(ArrayBuffer.scala:49)","logger":"airflow.task.operators.airflow.providers.docker.operators.docker.DockerOperator","filename":"docker.py","lineno":71}
{"timestamp":"2026-05-19T23:44:53.069990Z","level":"info","event":"\tat org.apache.spark.sql.SparkSessionExtensions.buildParser(SparkSessionExtensions.scala:307)","logger":"airflow.task.operators.airflow.providers.docker.operators.docker.DockerOperator","filename":"docker.py","lineno":71}
{"timestamp":"2026-05-19T23:44:53.070095Z","level":"info","event":"\tat org.apache.spark.sql.internal.BaseSessionStateBuilder.sqlParser$lzycompute(BaseSessionStateBuilder.scala:138)","logger":"airflow.task.operators.airflow.providers.docker.operators.docker.DockerOperator","filename":"docker.py","lineno":71}
{"timestamp":"2026-05-19T23:44:53.070168Z","level":"info","event":"\tat org.apache.spark.sql.internal.BaseSessionStateBuilder.sqlParser(BaseSessionStateBuilder.scala:137)","logger":"airflow.task.operators.airflow.providers.docker.operators.docker.DockerOperator","filename":"docker.py","lineno":71}
{"timestamp":"2026-05-19T23:44:53.070237Z","level":"info","event":"\tat org.apache.spark.sql.internal.BaseSessionStateBuilder.build(BaseSessionStateBuilder.scala:373)","logger":"airflow.task.operators.airflow.providers.docker.operators.docker.DockerOperator","filename":"docker.py","lineno":71}
{"timestamp":"2026-05-19T23:44:53.070292Z","level":"info","event":"\tat org.apache.spark.sql.SparkSession$.org$apache$spark$sql$SparkSession$$instantiateSessionState(SparkSession.scala:1319)","logger":"airflow.task.operators.airflow.providers.docker.operators.docker.DockerOperator","filename":"docker.py","lineno":71}
{"timestamp":"2026-05-19T23:44:53.070341Z","level":"info","event":"\tat org.apache.spark.sql.SparkSession.$anonfun$sessionState$2(SparkSession.scala:162)","logger":"airflow.task.operators.airflow.providers.docker.operators.docker.DockerOperator","filename":"docker.py","lineno":71}
{"timestamp":"2026-05-19T23:44:53.070393Z","level":"info","event":"\tat scala.Option.getOrElse(Option.scala:189)","logger":"airflow.task.operators.airflow.providers.docker.operators.docker.DockerOperator","filename":"docker.py","lineno":71}
{"timestamp":"2026-05-19T23:44:53.070469Z","level":"info","event":"\tat org.apache.spark.sql.SparkSession.sessionState$lzycompute(SparkSession.scala:160)","logger":"airflow.task.operators.airflow.providers.docker.operators.docker.DockerOperator","filename":"docker.py","lineno":71}
{"timestamp":"2026-05-19T23:44:53.070523Z","level":"info","event":"\tat org.apache.spark.sql.SparkSession.sessionState(SparkSession.scala:157)","logger":"airflow.task.operators.airflow.providers.docker.operators.docker.DockerOperator","filename":"docker.py","lineno":71}
{"timestamp":"2026-05-19T23:44:53.070574Z","level":"info","event":"\tat org.apache.spark.sql.DataFrameReader.<init>(DataFrameReader.scala:699)","logger":"airflow.task.operators.airflow.providers.docker.operators.docker.DockerOperator","filename":"docker.py","lineno":71}
{"timestamp":"2026-05-19T23:44:53.070625Z","level":"info","event":"\tat org.apache.spark.sql.SparkSession.read(SparkSession.scala:783)","logger":"airflow.task.operators.airflow.providers.docker.operators.docker.DockerOperator","filename":"docker.py","lineno":71}
{"timestamp":"2026-05-19T23:44:53.070681Z","level":"info","event":"\tat java.base/jdk.internal.reflect.NativeMethodAccessorImpl.invoke0(Native Method)","logger":"airflow.task.operators.airflow.providers.docker.operators.docker.DockerOperator","filename":"docker.py","lineno":71}
{"timestamp":"2026-05-19T23:44:53.070734Z","level":"info","event":"\tat java.base/jdk.internal.reflect.NativeMethodAccessorImpl.invoke(Unknown Source)","logger":"airflow.task.operators.airflow.providers.docker.operators.docker.DockerOperator","filename":"docker.py","lineno":71}
{"timestamp":"2026-05-19T23:44:53.073015Z","level":"info","event":"\tat java.base/jdk.internal.reflect.DelegatingMethodAccessorImpl.invoke(Unknown Source)","logger":"airflow.task.operators.airflow.providers.docker.operators.docker.DockerOperator","filename":"docker.py","lineno":71}
{"timestamp":"2026-05-19T23:44:53.073135Z","level":"info","event":"\tat java.base/java.lang.reflect.Method.invoke(Unknown Source)","logger":"airflow.task.operators.airflow.providers.docker.operators.docker.DockerOperator","filename":"docker.py","lineno":71}
{"timestamp":"2026-05-19T23:44:53.073203Z","level":"info","event":"\tat py4j.reflection.MethodInvoker.invoke(MethodInvoker.java:244)","logger":"airflow.task.operators.airflow.providers.docker.operators.docker.DockerOperator","filename":"docker.py","lineno":71}
{"timestamp":"2026-05-19T23:44:53.073269Z","level":"info","event":"\tat py4j.reflection.ReflectionEngine.invoke(ReflectionEngine.java:374)","logger":"airflow.task.operators.airflow.providers.docker.operators.docker.DockerOperator","filename":"docker.py","lineno":71}
{"timestamp":"2026-05-19T23:44:53.073326Z","level":"info","event":"\tat py4j.Gateway.invoke(Gateway.java:282)","logger":"airflow.task.operators.airflow.providers.docker.operators.docker.DockerOperator","filename":"docker.py","lineno":71}
{"timestamp":"2026-05-19T23:44:53.073382Z","level":"info","event":"\tat py4j.commands.AbstractCommand.invokeMethod(AbstractCommand.java:132)","logger":"airflow.task.operators.airflow.providers.docker.operators.docker.DockerOperator","filename":"docker.py","lineno":71}
{"timestamp":"2026-05-19T23:44:53.073443Z","level":"info","event":"\tat py4j.commands.CallCommand.execute(CallCommand.java:79)","logger":"airflow.task.operators.airflow.providers.docker.operators.docker.DockerOperator","filename":"docker.py","lineno":71}
{"timestamp":"2026-05-19T23:44:53.073501Z","level":"info","event":"\tat py4j.ClientServerConnection.waitForCommands(ClientServerConnection.java:182)","logger":"airflow.task.operators.airflow.providers.docker.operators.docker.DockerOperator","filename":"docker.py","lineno":71}
{"timestamp":"2026-05-19T23:44:53.073560Z","level":"info","event":"\tat py4j.ClientServerConnection.run(ClientServerConnection.java:106)","logger":"airflow.task.operators.airflow.providers.docker.operators.docker.DockerOperator","filename":"docker.py","lineno":71}
{"timestamp":"2026-05-19T23:44:53.073621Z","level":"info","event":"\tat java.base/java.lang.Thread.run(Unknown Source)","logger":"airflow.task.operators.airflow.providers.docker.operators.docker.DockerOperator","filename":"docker.py","lineno":71}
{"timestamp":"2026-05-19T23:44:53.073680Z","level":"info","event":"Caused by: java.lang.ClassNotFoundException: scala.collection.SeqOps","logger":"airflow.task.operators.airflow.providers.docker.operators.docker.DockerOperator","filename":"docker.py","lineno":71}
{"timestamp":"2026-05-19T23:44:53.073734Z","level":"info","event":"\tat java.base/jdk.internal.loader.BuiltinClassLoader.loadClass(Unknown Source)","logger":"airflow.task.operators.airflow.providers.docker.operators.docker.DockerOperator","filename":"docker.py","lineno":71}
{"timestamp":"2026-05-19T23:44:53.073791Z","level":"info","event":"\tat java.base/jdk.internal.loader.ClassLoaders$AppClassLoader.loadClass(Unknown Source)","logger":"airflow.task.operators.airflow.providers.docker.operators.docker.DockerOperator","filename":"docker.py","lineno":71}
{"timestamp":"2026-05-19T23:44:53.073845Z","level":"info","event":"\tat java.base/java.lang.ClassLoader.loadClass(Unknown Source)","logger":"airflow.task.operators.airflow.providers.docker.operators.docker.DockerOperator","filename":"docker.py","lineno":71}
{"timestamp":"2026-05-19T23:44:53.073936Z","level":"info","event":"\t... 29 more","logger":"airflow.task.operators.airflow.providers.docker.operators.docker.DockerOperator","filename":"docker.py","lineno":71}
{"timestamp":"2026-05-19T23:44:53.073996Z","level":"info","event":"","logger":"airflow.task.operators.airflow.providers.docker.operators.docker.DockerOperator","filename":"docker.py","lineno":71}
{"timestamp":"2026-05-19T23:44:53.087435Z","level":"info","event":"2026-05-19 23:44:53,085 - ERROR - Error processing table sales.currency: An error occurred while calling o44.read.","logger":"airflow.task.operators.airflow.providers.docker.operators.docker.DockerOperator","filename":"docker.py","lineno":71}
{"timestamp":"2026-05-19T23:44:53.087622Z","level":"info","event":": java.lang.NoClassDefFoundError: scala/collection/SeqOps","logger":"airflow.task.operators.airflow.providers.docker.operators.docker.DockerOperator","filename":"docker.py","lineno":71}
{"timestamp":"2026-05-19T23:44:53.087700Z","level":"info","event":"\tat io.delta.sql.parser.DeltaSqlParser.<init>(DeltaSqlParser.scala:77)","logger":"airflow.task.operators.airflow.providers.docker.operators.docker.DockerOperator","filename":"docker.py","lineno":71}
{"timestamp":"2026-05-19T23:44:53.087764Z","level":"info","event":"\tat io.delta.sql.DeltaSparkSessionExtension.$anonfun$apply$1(DeltaSparkSessionExtension.scala:85)","logger":"airflow.task.operators.airflow.providers.docker.operators.docker.DockerOperator","filename":"docker.py","lineno":71}
{"timestamp":"2026-05-19T23:44:53.087821Z","level":"info","event":"\tat org.apache.spark.sql.SparkSessionExtensions.$anonfun$buildParser$1(SparkSessionExtensions.scala:308)","logger":"airflow.task.operators.airflow.providers.docker.operators.docker.DockerOperator","filename":"docker.py","lineno":71}
{"timestamp":"2026-05-19T23:44:53.087871Z","level":"info","event":"\tat scala.collection.IndexedSeqOptimized.foldLeft(IndexedSeqOptimized.scala:60)","logger":"airflow.task.operators.airflow.providers.docker.operators.docker.DockerOperator","filename":"docker.py","lineno":71}
{"timestamp":"2026-05-19T23:44:53.087966Z","level":"info","event":"\tat scala.collection.IndexedSeqOptimized.foldLeft$(IndexedSeqOptimized.scala:68)","logger":"airflow.task.operators.airflow.providers.docker.operators.docker.DockerOperator","filename":"docker.py","lineno":71}
{"timestamp":"2026-05-19T23:44:53.088027Z","level":"info","event":"\tat scala.collection.mutable.ArrayBuffer.foldLeft(ArrayBuffer.scala:49)","logger":"airflow.task.operators.airflow.providers.docker.operators.docker.DockerOperator","filename":"docker.py","lineno":71}
{"timestamp":"2026-05-19T23:44:53.088085Z","level":"info","event":"\tat org.apache.spark.sql.SparkSessionExtensions.buildParser(SparkSessionExtensions.scala:307)","logger":"airflow.task.operators.airflow.providers.docker.operators.docker.DockerOperator","filename":"docker.py","lineno":71}
{"timestamp":"2026-05-19T23:44:53.088141Z","level":"info","event":"\tat org.apache.spark.sql.internal.BaseSessionStateBuilder.sqlParser$lzycompute(BaseSessionStateBuilder.scala:138)","logger":"airflow.task.operators.airflow.providers.docker.operators.docker.DockerOperator","filename":"docker.py","lineno":71}
{"timestamp":"2026-05-19T23:44:53.088195Z","level":"info","event":"\tat org.apache.spark.sql.internal.BaseSessionStateBuilder.sqlParser(BaseSessionStateBuilder.scala:137)","logger":"airflow.task.operators.airflow.providers.docker.operators.docker.DockerOperator","filename":"docker.py","lineno":71}
{"timestamp":"2026-05-19T23:44:53.088251Z","level":"info","event":"\tat org.apache.spark.sql.internal.BaseSessionStateBuilder.build(BaseSessionStateBuilder.scala:373)","logger":"airflow.task.operators.airflow.providers.docker.operators.docker.DockerOperator","filename":"docker.py","lineno":71}
{"timestamp":"2026-05-19T23:44:53.088312Z","level":"info","event":"\tat org.apache.spark.sql.SparkSession$.org$apache$spark$sql$SparkSession$$instantiateSessionState(SparkSession.scala:1319)","logger":"airflow.task.operators.airflow.providers.docker.operators.docker.DockerOperator","filename":"docker.py","lineno":71}
{"timestamp":"2026-05-19T23:44:53.088371Z","level":"info","event":"\tat org.apache.spark.sql.SparkSession.$anonfun$sessionState$2(SparkSession.scala:162)","logger":"airflow.task.operators.airflow.providers.docker.operators.docker.DockerOperator","filename":"docker.py","lineno":71}
{"timestamp":"2026-05-19T23:44:53.088435Z","level":"info","event":"\tat scala.Option.getOrElse(Option.scala:189)","logger":"airflow.task.operators.airflow.providers.docker.operators.docker.DockerOperator","filename":"docker.py","lineno":71}
{"timestamp":"2026-05-19T23:44:53.088493Z","level":"info","event":"\tat org.apache.spark.sql.SparkSession.sessionState$lzycompute(SparkSession.scala:160)","logger":"airflow.task.operators.airflow.providers.docker.operators.docker.DockerOperator","filename":"docker.py","lineno":71}
{"timestamp":"2026-05-19T23:44:53.088550Z","level":"info","event":"\tat org.apache.spark.sql.SparkSession.sessionState(SparkSession.scala:157)","logger":"airflow.task.operators.airflow.providers.docker.operators.docker.DockerOperator","filename":"docker.py","lineno":71}
{"timestamp":"2026-05-19T23:44:53.088604Z","level":"info","event":"\tat org.apache.spark.sql.DataFrameReader.<init>(DataFrameReader.scala:699)","logger":"airflow.task.operators.airflow.providers.docker.operators.docker.DockerOperator","filename":"docker.py","lineno":71}
{"timestamp":"2026-05-19T23:44:53.088665Z","level":"info","event":"\tat org.apache.spark.sql.SparkSession.read(SparkSession.scala:783)","logger":"airflow.task.operators.airflow.providers.docker.operators.docker.DockerOperator","filename":"docker.py","lineno":71}
{"timestamp":"2026-05-19T23:44:53.088724Z","level":"info","event":"\tat java.base/jdk.internal.reflect.NativeMethodAccessorImpl.invoke0(Native Method)","logger":"airflow.task.operators.airflow.providers.docker.operators.docker.DockerOperator","filename":"docker.py","lineno":71}
{"timestamp":"2026-05-19T23:44:53.088781Z","level":"info","event":"\tat java.base/jdk.internal.reflect.NativeMethodAccessorImpl.invoke(Unknown Source)","logger":"airflow.task.operators.airflow.providers.docker.operators.docker.DockerOperator","filename":"docker.py","lineno":71}
{"timestamp":"2026-05-19T23:44:53.088839Z","level":"info","event":"\tat java.base/jdk.internal.reflect.DelegatingMethodAccessorImpl.invoke(Unknown Source)","logger":"airflow.task.operators.airflow.providers.docker.operators.docker.DockerOperator","filename":"docker.py","lineno":71}
{"timestamp":"2026-05-19T23:44:53.088918Z","level":"info","event":"\tat java.base/java.lang.reflect.Method.invoke(Unknown Source)","logger":"airflow.task.operators.airflow.providers.docker.operators.docker.DockerOperator","filename":"docker.py","lineno":71}
{"timestamp":"2026-05-19T23:44:53.088984Z","level":"info","event":"\tat py4j.reflection.MethodInvoker.invoke(MethodInvoker.java:244)","logger":"airflow.task.operators.airflow.providers.docker.operators.docker.DockerOperator","filename":"docker.py","lineno":71}
{"timestamp":"2026-05-19T23:44:53.089043Z","level":"info","event":"\tat py4j.reflection.ReflectionEngine.invoke(ReflectionEngine.java:374)","logger":"airflow.task.operators.airflow.providers.docker.operators.docker.DockerOperator","filename":"docker.py","lineno":71}
{"timestamp":"2026-05-19T23:44:53.089098Z","level":"info","event":"\tat py4j.Gateway.invoke(Gateway.java:282)","logger":"airflow.task.operators.airflow.providers.docker.operators.docker.DockerOperator","filename":"docker.py","lineno":71}
{"timestamp":"2026-05-19T23:44:53.089154Z","level":"info","event":"\tat py4j.commands.AbstractCommand.invokeMethod(AbstractCommand.java:132)","logger":"airflow.task.operators.airflow.providers.docker.operators.docker.DockerOperator","filename":"docker.py","lineno":71}
{"timestamp":"2026-05-19T23:44:53.089209Z","level":"info","event":"\tat py4j.commands.CallCommand.execute(CallCommand.java:79)","logger":"airflow.task.operators.airflow.providers.docker.operators.docker.DockerOperator","filename":"docker.py","lineno":71}
{"timestamp":"2026-05-19T23:44:53.089272Z","level":"info","event":"\tat py4j.ClientServerConnection.waitForCommands(ClientServerConnection.java:182)","logger":"airflow.task.operators.airflow.providers.docker.operators.docker.DockerOperator","filename":"docker.py","lineno":71}
{"timestamp":"2026-05-19T23:44:53.089327Z","level":"info","event":"\tat py4j.ClientServerConnection.run(ClientServerConnection.java:106)","logger":"airflow.task.operators.airflow.providers.docker.operators.docker.DockerOperator","filename":"docker.py","lineno":71}
{"timestamp":"2026-05-19T23:44:53.089382Z","level":"info","event":"\tat java.base/java.lang.Thread.run(Unknown Source)","logger":"airflow.task.operators.airflow.providers.docker.operators.docker.DockerOperator","filename":"docker.py","lineno":71}
{"timestamp":"2026-05-19T23:44:53.089440Z","level":"info","event":"Caused by: java.lang.ClassNotFoundException: scala.collection.SeqOps","logger":"airflow.task.operators.airflow.providers.docker.operators.docker.DockerOperator","filename":"docker.py","lineno":71}
{"timestamp":"2026-05-19T23:44:53.089497Z","level":"info","event":"\tat java.base/jdk.internal.loader.BuiltinClassLoader.loadClass(Unknown Source)","logger":"airflow.task.operators.airflow.providers.docker.operators.docker.DockerOperator","filename":"docker.py","lineno":71}
{"timestamp":"2026-05-19T23:44:53.089967Z","level":"info","event":"\tat java.base/jdk.internal.loader.ClassLoaders$AppClassLoader.loadClass(Unknown Source)","logger":"airflow.task.operators.airflow.providers.docker.operators.docker.DockerOperator","filename":"docker.py","lineno":71}
{"timestamp":"2026-05-19T23:44:53.090033Z","level":"info","event":"\tat java.base/java.lang.ClassLoader.loadClass(Unknown Source)","logger":"airflow.task.operators.airflow.providers.docker.operators.docker.DockerOperator","filename":"docker.py","lineno":71}
{"timestamp":"2026-05-19T23:44:53.090096Z","level":"info","event":"\t... 29 more","logger":"airflow.task.operators.airflow.providers.docker.operators.docker.DockerOperator","filename":"docker.py","lineno":71}
{"timestamp":"2026-05-19T23:44:53.090152Z","level":"info","event":"","logger":"airflow.task.operators.airflow.providers.docker.operators.docker.DockerOperator","filename":"docker.py","lineno":71}
{"timestamp":"2026-05-19T23:44:53.115170Z","level":"info","event":"2026-05-19 23:44:53,114 - ERROR - Error processing table sales.currencyrate: An error occurred while calling o44.read.","logger":"airflow.task.operators.airflow.providers.docker.operators.docker.DockerOperator","filename":"docker.py","lineno":71}
{"timestamp":"2026-05-19T23:44:53.115483Z","level":"info","event":": java.lang.NoClassDefFoundError: scala/collection/SeqOps","logger":"airflow.task.operators.airflow.providers.docker.operators.docker.DockerOperator","filename":"docker.py","lineno":71}
{"timestamp":"2026-05-19T23:44:53.115607Z","level":"info","event":"\tat io.delta.sql.parser.DeltaSqlParser.<init>(DeltaSqlParser.scala:77)","logger":"airflow.task.operators.airflow.providers.docker.operators.docker.DockerOperator","filename":"docker.py","lineno":71}
{"timestamp":"2026-05-19T23:44:53.115688Z","level":"info","event":"\tat io.delta.sql.DeltaSparkSessionExtension.$anonfun$apply$1(DeltaSparkSessionExtension.scala:85)","logger":"airflow.task.operators.airflow.providers.docker.operators.docker.DockerOperator","filename":"docker.py","lineno":71}
{"timestamp":"2026-05-19T23:44:53.115749Z","level":"info","event":"\tat org.apache.spark.sql.SparkSessionExtensions.$anonfun$buildParser$1(SparkSessionExtensions.scala:308)","logger":"airflow.task.operators.airflow.providers.docker.operators.docker.DockerOperator","filename":"docker.py","lineno":71}
{"timestamp":"2026-05-19T23:44:53.115814Z","level":"info","event":"\tat scala.collection.IndexedSeqOptimized.foldLeft(IndexedSeqOptimized.scala:60)","logger":"airflow.task.operators.airflow.providers.docker.operators.docker.DockerOperator","filename":"docker.py","lineno":71}
{"timestamp":"2026-05-19T23:44:53.115881Z","level":"info","event":"\tat scala.collection.IndexedSeqOptimized.foldLeft$(IndexedSeqOptimized.scala:68)","logger":"airflow.task.operators.airflow.providers.docker.operators.docker.DockerOperator","filename":"docker.py","lineno":71}
{"timestamp":"2026-05-19T23:44:53.115976Z","level":"info","event":"\tat scala.collection.mutable.ArrayBuffer.foldLeft(ArrayBuffer.scala:49)","logger":"airflow.task.operators.airflow.providers.docker.operators.docker.DockerOperator","filename":"docker.py","lineno":71}
{"timestamp":"2026-05-19T23:44:53.116044Z","level":"info","event":"\tat org.apache.spark.sql.SparkSessionExtensions.buildParser(SparkSessionExtensions.scala:307)","logger":"airflow.task.operators.airflow.providers.docker.operators.docker.DockerOperator","filename":"docker.py","lineno":71}
{"timestamp":"2026-05-19T23:44:53.116114Z","level":"info","event":"\tat org.apache.spark.sql.internal.BaseSessionStateBuilder.sqlParser$lzycompute(BaseSessionStateBuilder.scala:138)","logger":"airflow.task.operators.airflow.providers.docker.operators.docker.DockerOperator","filename":"docker.py","lineno":71}
{"timestamp":"2026-05-19T23:44:53.116180Z","level":"info","event":"\tat org.apache.spark.sql.internal.BaseSessionStateBuilder.sqlParser(BaseSessionStateBuilder.scala:137)","logger":"airflow.task.operators.airflow.providers.docker.operators.docker.DockerOperator","filename":"docker.py","lineno":71}
{"timestamp":"2026-05-19T23:44:53.116247Z","level":"info","event":"\tat org.apache.spark.sql.internal.BaseSessionStateBuilder.build(BaseSessionStateBuilder.scala:373)","logger":"airflow.task.operators.airflow.providers.docker.operators.docker.DockerOperator","filename":"docker.py","lineno":71}
{"timestamp":"2026-05-19T23:44:53.116316Z","level":"info","event":"\tat org.apache.spark.sql.SparkSession$.org$apache$spark$sql$SparkSession$$instantiateSessionState(SparkSession.scala:1319)","logger":"airflow.task.operators.airflow.providers.docker.operators.docker.DockerOperator","filename":"docker.py","lineno":71}
{"timestamp":"2026-05-19T23:44:53.116410Z","level":"info","event":"\tat org.apache.spark.sql.SparkSession.$anonfun$sessionState$2(SparkSession.scala:162)","logger":"airflow.task.operators.airflow.providers.docker.operators.docker.DockerOperator","filename":"docker.py","lineno":71}
{"timestamp":"2026-05-19T23:44:53.116487Z","level":"info","event":"\tat scala.Option.getOrElse(Option.scala:189)","logger":"airflow.task.operators.airflow.providers.docker.operators.docker.DockerOperator","filename":"docker.py","lineno":71}
{"timestamp":"2026-05-19T23:44:53.116550Z","level":"info","event":"\tat org.apache.spark.sql.SparkSession.sessionState$lzycompute(SparkSession.scala:160)","logger":"airflow.task.operators.airflow.providers.docker.operators.docker.DockerOperator","filename":"docker.py","lineno":71}
{"timestamp":"2026-05-19T23:44:53.116608Z","level":"info","event":"\tat org.apache.spark.sql.SparkSession.sessionState(SparkSession.scala:157)","logger":"airflow.task.operators.airflow.providers.docker.operators.docker.DockerOperator","filename":"docker.py","lineno":71}
{"timestamp":"2026-05-19T23:44:53.116669Z","level":"info","event":"\tat org.apache.spark.sql.DataFrameReader.<init>(DataFrameReader.scala:699)","logger":"airflow.task.operators.airflow.providers.docker.operators.docker.DockerOperator","filename":"docker.py","lineno":71}
{"timestamp":"2026-05-19T23:44:53.116731Z","level":"info","event":"\tat org.apache.spark.sql.SparkSession.read(SparkSession.scala:783)","logger":"airflow.task.operators.airflow.providers.docker.operators.docker.DockerOperator","filename":"docker.py","lineno":71}
{"timestamp":"2026-05-19T23:44:53.116788Z","level":"info","event":"\tat java.base/jdk.internal.reflect.NativeMethodAccessorImpl.invoke0(Native Method)","logger":"airflow.task.operators.airflow.providers.docker.operators.docker.DockerOperator","filename":"docker.py","lineno":71}
{"timestamp":"2026-05-19T23:44:53.116857Z","level":"info","event":"\tat java.base/jdk.internal.reflect.NativeMethodAccessorImpl.invoke(Unknown Source)","logger":"airflow.task.operators.airflow.providers.docker.operators.docker.DockerOperator","filename":"docker.py","lineno":71}
{"timestamp":"2026-05-19T23:44:53.116956Z","level":"info","event":"\tat java.base/jdk.internal.reflect.DelegatingMethodAccessorImpl.invoke(Unknown Source)","logger":"airflow.task.operators.airflow.providers.docker.operators.docker.DockerOperator","filename":"docker.py","lineno":71}
{"timestamp":"2026-05-19T23:44:53.117030Z","level":"info","event":"\tat java.base/java.lang.reflect.Method.invoke(Unknown Source)","logger":"airflow.task.operators.airflow.providers.docker.operators.docker.DockerOperator","filename":"docker.py","lineno":71}
{"timestamp":"2026-05-19T23:44:53.117101Z","level":"info","event":"\tat py4j.reflection.MethodInvoker.invoke(MethodInvoker.java:244)","logger":"airflow.task.operators.airflow.providers.docker.operators.docker.DockerOperator","filename":"docker.py","lineno":71}
{"timestamp":"2026-05-19T23:44:53.117165Z","level":"info","event":"\tat py4j.reflection.ReflectionEngine.invoke(ReflectionEngine.java:374)","logger":"airflow.task.operators.airflow.providers.docker.operators.docker.DockerOperator","filename":"docker.py","lineno":71}
{"timestamp":"2026-05-19T23:44:53.117227Z","level":"info","event":"\tat py4j.Gateway.invoke(Gateway.java:282)","logger":"airflow.task.operators.airflow.providers.docker.operators.docker.DockerOperator","filename":"docker.py","lineno":71}
{"timestamp":"2026-05-19T23:44:53.117288Z","level":"info","event":"\tat py4j.commands.AbstractCommand.invokeMethod(AbstractCommand.java:132)","logger":"airflow.task.operators.airflow.providers.docker.operators.docker.DockerOperator","filename":"docker.py","lineno":71}
{"timestamp":"2026-05-19T23:44:53.117356Z","level":"info","event":"\tat py4j.commands.CallCommand.execute(CallCommand.java:79)","logger":"airflow.task.operators.airflow.providers.docker.operators.docker.DockerOperator","filename":"docker.py","lineno":71}
{"timestamp":"2026-05-19T23:44:53.117416Z","level":"info","event":"\tat py4j.ClientServerConnection.waitForCommands(ClientServerConnection.java:182)","logger":"airflow.task.operators.airflow.providers.docker.operators.docker.DockerOperator","filename":"docker.py","lineno":71}
{"timestamp":"2026-05-19T23:44:53.117466Z","level":"info","event":"\tat py4j.ClientServerConnection.run(ClientServerConnection.java:106)","logger":"airflow.task.operators.airflow.providers.docker.operators.docker.DockerOperator","filename":"docker.py","lineno":71}
{"timestamp":"2026-05-19T23:44:53.117517Z","level":"info","event":"\tat java.base/java.lang.Thread.run(Unknown Source)","logger":"airflow.task.operators.airflow.providers.docker.operators.docker.DockerOperator","filename":"docker.py","lineno":71}
{"timestamp":"2026-05-19T23:44:53.117564Z","level":"info","event":"Caused by: java.lang.ClassNotFoundException: scala.collection.SeqOps","logger":"airflow.task.operators.airflow.providers.docker.operators.docker.DockerOperator","filename":"docker.py","lineno":71}
{"timestamp":"2026-05-19T23:44:53.117612Z","level":"info","event":"\tat java.base/jdk.internal.loader.BuiltinClassLoader.loadClass(Unknown Source)","logger":"airflow.task.operators.airflow.providers.docker.operators.docker.DockerOperator","filename":"docker.py","lineno":71}
{"timestamp":"2026-05-19T23:44:53.117660Z","level":"info","event":"\tat java.base/jdk.internal.loader.ClassLoaders$AppClassLoader.loadClass(Unknown Source)","logger":"airflow.task.operators.airflow.providers.docker.operators.docker.DockerOperator","filename":"docker.py","lineno":71}
{"timestamp":"2026-05-19T23:44:53.117704Z","level":"info","event":"\tat java.base/java.lang.ClassLoader.loadClass(Unknown Source)","logger":"airflow.task.operators.airflow.providers.docker.operators.docker.DockerOperator","filename":"docker.py","lineno":71}
{"timestamp":"2026-05-19T23:44:53.117746Z","level":"info","event":"\t... 29 more","logger":"airflow.task.operators.airflow.providers.docker.operators.docker.DockerOperator","filename":"docker.py","lineno":71}
{"timestamp":"2026-05-19T23:44:53.117787Z","level":"info","event":"","logger":"airflow.task.operators.airflow.providers.docker.operators.docker.DockerOperator","filename":"docker.py","lineno":71}
{"timestamp":"2026-05-19T23:44:53.139048Z","level":"info","event":"2026-05-19 23:44:53,136 - ERROR - Error processing table sales.creditcard: An error occurred while calling o44.read.","logger":"airflow.task.operators.airflow.providers.docker.operators.docker.DockerOperator","filename":"docker.py","lineno":71}
{"timestamp":"2026-05-19T23:44:53.139305Z","level":"info","event":": java.lang.NoClassDefFoundError: scala/collection/SeqOps","logger":"airflow.task.operators.airflow.providers.docker.operators.docker.DockerOperator","filename":"docker.py","lineno":71}
{"timestamp":"2026-05-19T23:44:53.139426Z","level":"info","event":"\tat io.delta.sql.parser.DeltaSqlParser.<init>(DeltaSqlParser.scala:77)","logger":"airflow.task.operators.airflow.providers.docker.operators.docker.DockerOperator","filename":"docker.py","lineno":71}
{"timestamp":"2026-05-19T23:44:53.139513Z","level":"info","event":"\tat io.delta.sql.DeltaSparkSessionExtension.$anonfun$apply$1(DeltaSparkSessionExtension.scala:85)","logger":"airflow.task.operators.airflow.providers.docker.operators.docker.DockerOperator","filename":"docker.py","lineno":71}
{"timestamp":"2026-05-19T23:44:53.139594Z","level":"info","event":"\tat org.apache.spark.sql.SparkSessionExtensions.$anonfun$buildParser$1(SparkSessionExtensions.scala:308)","logger":"airflow.task.operators.airflow.providers.docker.operators.docker.DockerOperator","filename":"docker.py","lineno":71}
{"timestamp":"2026-05-19T23:44:53.139666Z","level":"info","event":"\tat scala.collection.IndexedSeqOptimized.foldLeft(IndexedSeqOptimized.scala:60)","logger":"airflow.task.operators.airflow.providers.docker.operators.docker.DockerOperator","filename":"docker.py","lineno":71}
{"timestamp":"2026-05-19T23:44:53.139733Z","level":"info","event":"\tat scala.collection.IndexedSeqOptimized.foldLeft$(IndexedSeqOptimized.scala:68)","logger":"airflow.task.operators.airflow.providers.docker.operators.docker.DockerOperator","filename":"docker.py","lineno":71}
{"timestamp":"2026-05-19T23:44:53.139812Z","level":"info","event":"\tat scala.collection.mutable.ArrayBuffer.foldLeft(ArrayBuffer.scala:49)","logger":"airflow.task.operators.airflow.providers.docker.operators.docker.DockerOperator","filename":"docker.py","lineno":71}
{"timestamp":"2026-05-19T23:44:53.139885Z","level":"info","event":"\tat org.apache.spark.sql.SparkSessionExtensions.buildParser(SparkSessionExtensions.scala:307)","logger":"airflow.task.operators.airflow.providers.docker.operators.docker.DockerOperator","filename":"docker.py","lineno":71}
{"timestamp":"2026-05-19T23:44:53.143112Z","level":"info","event":"\tat org.apache.spark.sql.internal.BaseSessionStateBuilder.sqlParser$lzycompute(BaseSessionStateBuilder.scala:138)","logger":"airflow.task.operators.airflow.providers.docker.operators.docker.DockerOperator","filename":"docker.py","lineno":71}
{"timestamp":"2026-05-19T23:44:53.143228Z","level":"info","event":"\tat org.apache.spark.sql.internal.BaseSessionStateBuilder.sqlParser(BaseSessionStateBuilder.scala:137)","logger":"airflow.task.operators.airflow.providers.docker.operators.docker.DockerOperator","filename":"docker.py","lineno":71}
{"timestamp":"2026-05-19T23:44:53.143312Z","level":"info","event":"\tat org.apache.spark.sql.internal.BaseSessionStateBuilder.build(BaseSessionStateBuilder.scala:373)","logger":"airflow.task.operators.airflow.providers.docker.operators.docker.DockerOperator","filename":"docker.py","lineno":71}
{"timestamp":"2026-05-19T23:44:53.143385Z","level":"info","event":"\tat org.apache.spark.sql.SparkSession$.org$apache$spark$sql$SparkSession$$instantiateSessionState(SparkSession.scala:1319)","logger":"airflow.task.operators.airflow.providers.docker.operators.docker.DockerOperator","filename":"docker.py","lineno":71}
{"timestamp":"2026-05-19T23:44:53.143462Z","level":"info","event":"\tat org.apache.spark.sql.SparkSession.$anonfun$sessionState$2(SparkSession.scala:162)","logger":"airflow.task.operators.airflow.providers.docker.operators.docker.DockerOperator","filename":"docker.py","lineno":71}
{"timestamp":"2026-05-19T23:44:53.143538Z","level":"info","event":"\tat scala.Option.getOrElse(Option.scala:189)","logger":"airflow.task.operators.airflow.providers.docker.operators.docker.DockerOperator","filename":"docker.py","lineno":71}
{"timestamp":"2026-05-19T23:44:53.143613Z","level":"info","event":"\tat org.apache.spark.sql.SparkSession.sessionState$lzycompute(SparkSession.scala:160)","logger":"airflow.task.operators.airflow.providers.docker.operators.docker.DockerOperator","filename":"docker.py","lineno":71}
{"timestamp":"2026-05-19T23:44:53.143686Z","level":"info","event":"\tat org.apache.spark.sql.SparkSession.sessionState(SparkSession.scala:157)","logger":"airflow.task.operators.airflow.providers.docker.operators.docker.DockerOperator","filename":"docker.py","lineno":71}
{"timestamp":"2026-05-19T23:44:53.143755Z","level":"info","event":"\tat org.apache.spark.sql.DataFrameReader.<init>(DataFrameReader.scala:699)","logger":"airflow.task.operators.airflow.providers.docker.operators.docker.DockerOperator","filename":"docker.py","lineno":71}
{"timestamp":"2026-05-19T23:44:53.143821Z","level":"info","event":"\tat org.apache.spark.sql.SparkSession.read(SparkSession.scala:783)","logger":"airflow.task.operators.airflow.providers.docker.operators.docker.DockerOperator","filename":"docker.py","lineno":71}
{"timestamp":"2026-05-19T23:44:53.143883Z","level":"info","event":"\tat java.base/jdk.internal.reflect.NativeMethodAccessorImpl.invoke0(Native Method)","logger":"airflow.task.operators.airflow.providers.docker.operators.docker.DockerOperator","filename":"docker.py","lineno":71}
{"timestamp":"2026-05-19T23:44:53.143991Z","level":"info","event":"\tat java.base/jdk.internal.reflect.NativeMethodAccessorImpl.invoke(Unknown Source)","logger":"airflow.task.operators.airflow.providers.docker.operators.docker.DockerOperator","filename":"docker.py","lineno":71}
{"timestamp":"2026-05-19T23:44:53.144071Z","level":"info","event":"\tat java.base/jdk.internal.reflect.DelegatingMethodAccessorImpl.invoke(Unknown Source)","logger":"airflow.task.operators.airflow.providers.docker.operators.docker.DockerOperator","filename":"docker.py","lineno":71}
{"timestamp":"2026-05-19T23:44:53.144146Z","level":"info","event":"\tat java.base/java.lang.reflect.Method.invoke(Unknown Source)","logger":"airflow.task.operators.airflow.providers.docker.operators.docker.DockerOperator","filename":"docker.py","lineno":71}
{"timestamp":"2026-05-19T23:44:53.144218Z","level":"info","event":"\tat py4j.reflection.MethodInvoker.invoke(MethodInvoker.java:244)","logger":"airflow.task.operators.airflow.providers.docker.operators.docker.DockerOperator","filename":"docker.py","lineno":71}
{"timestamp":"2026-05-19T23:44:53.144285Z","level":"info","event":"\tat py4j.reflection.ReflectionEngine.invoke(ReflectionEngine.java:374)","logger":"airflow.task.operators.airflow.providers.docker.operators.docker.DockerOperator","filename":"docker.py","lineno":71}
{"timestamp":"2026-05-19T23:44:53.144350Z","level":"info","event":"\tat py4j.Gateway.invoke(Gateway.java:282)","logger":"airflow.task.operators.airflow.providers.docker.operators.docker.DockerOperator","filename":"docker.py","lineno":71}
{"timestamp":"2026-05-19T23:44:53.144418Z","level":"info","event":"\tat py4j.commands.AbstractCommand.invokeMethod(AbstractCommand.java:132)","logger":"airflow.task.operators.airflow.providers.docker.operators.docker.DockerOperator","filename":"docker.py","lineno":71}
{"timestamp":"2026-05-19T23:44:53.144517Z","level":"info","event":"\tat py4j.commands.CallCommand.execute(CallCommand.java:79)","logger":"airflow.task.operators.airflow.providers.docker.operators.docker.DockerOperator","filename":"docker.py","lineno":71}
{"timestamp":"2026-05-19T23:44:53.144593Z","level":"info","event":"\tat py4j.ClientServerConnection.waitForCommands(ClientServerConnection.java:182)","logger":"airflow.task.operators.airflow.providers.docker.operators.docker.DockerOperator","filename":"docker.py","lineno":71}
{"timestamp":"2026-05-19T23:44:53.144660Z","level":"info","event":"\tat py4j.ClientServerConnection.run(ClientServerConnection.java:106)","logger":"airflow.task.operators.airflow.providers.docker.operators.docker.DockerOperator","filename":"docker.py","lineno":71}
{"timestamp":"2026-05-19T23:44:53.144723Z","level":"info","event":"\tat java.base/java.lang.Thread.run(Unknown Source)","logger":"airflow.task.operators.airflow.providers.docker.operators.docker.DockerOperator","filename":"docker.py","lineno":71}
{"timestamp":"2026-05-19T23:44:53.144789Z","level":"info","event":"Caused by: java.lang.ClassNotFoundException: scala.collection.SeqOps","logger":"airflow.task.operators.airflow.providers.docker.operators.docker.DockerOperator","filename":"docker.py","lineno":71}
{"timestamp":"2026-05-19T23:44:53.144865Z","level":"info","event":"\tat java.base/jdk.internal.loader.BuiltinClassLoader.loadClass(Unknown Source)","logger":"airflow.task.operators.airflow.providers.docker.operators.docker.DockerOperator","filename":"docker.py","lineno":71}
{"timestamp":"2026-05-19T23:44:53.147728Z","level":"info","event":"\tat java.base/jdk.internal.loader.ClassLoaders$AppClassLoader.loadClass(Unknown Source)","logger":"airflow.task.operators.airflow.providers.docker.operators.docker.DockerOperator","filename":"docker.py","lineno":71}
{"timestamp":"2026-05-19T23:44:53.147833Z","level":"info","event":"\tat java.base/java.lang.ClassLoader.loadClass(Unknown Source)","logger":"airflow.task.operators.airflow.providers.docker.operators.docker.DockerOperator","filename":"docker.py","lineno":71}
{"timestamp":"2026-05-19T23:44:53.147932Z","level":"info","event":"\t... 29 more","logger":"airflow.task.operators.airflow.providers.docker.operators.docker.DockerOperator","filename":"docker.py","lineno":71}
{"timestamp":"2026-05-19T23:44:53.148007Z","level":"info","event":"","logger":"airflow.task.operators.airflow.providers.docker.operators.docker.DockerOperator","filename":"docker.py","lineno":71}
{"timestamp":"2026-05-19T23:44:53.346389Z","level":"info","event":"2026-05-19 23:44:53,345 - ERROR - Error processing table sales.salespersonquotahistory: An error occurred while calling o44.read.","logger":"airflow.task.operators.airflow.providers.docker.operators.docker.DockerOperator","filename":"docker.py","lineno":71}
{"timestamp":"2026-05-19T23:44:53.346617Z","level":"info","event":": java.lang.NoClassDefFoundError: scala/collection/SeqOps","logger":"airflow.task.operators.airflow.providers.docker.operators.docker.DockerOperator","filename":"docker.py","lineno":71}
{"timestamp":"2026-05-19T23:44:53.346731Z","level":"info","event":"\tat io.delta.sql.parser.DeltaSqlParser.<init>(DeltaSqlParser.scala:77)","logger":"airflow.task.operators.airflow.providers.docker.operators.docker.DockerOperator","filename":"docker.py","lineno":71}
{"timestamp":"2026-05-19T23:44:53.346801Z","level":"info","event":"\tat io.delta.sql.DeltaSparkSessionExtension.$anonfun$apply$1(DeltaSparkSessionExtension.scala:85)","logger":"airflow.task.operators.airflow.providers.docker.operators.docker.DockerOperator","filename":"docker.py","lineno":71}
{"timestamp":"2026-05-19T23:44:53.346856Z","level":"info","event":"\tat org.apache.spark.sql.SparkSessionExtensions.$anonfun$buildParser$1(SparkSessionExtensions.scala:308)","logger":"airflow.task.operators.airflow.providers.docker.operators.docker.DockerOperator","filename":"docker.py","lineno":71}
{"timestamp":"2026-05-19T23:44:53.346943Z","level":"info","event":"\tat scala.collection.IndexedSeqOptimized.foldLeft(IndexedSeqOptimized.scala:60)","logger":"airflow.task.operators.airflow.providers.docker.operators.docker.DockerOperator","filename":"docker.py","lineno":71}
{"timestamp":"2026-05-19T23:44:53.347007Z","level":"info","event":"\tat scala.collection.IndexedSeqOptimized.foldLeft$(IndexedSeqOptimized.scala:68)","logger":"airflow.task.operators.airflow.providers.docker.operators.docker.DockerOperator","filename":"docker.py","lineno":71}
{"timestamp":"2026-05-19T23:44:53.347055Z","level":"info","event":"\tat scala.collection.mutable.ArrayBuffer.foldLeft(ArrayBuffer.scala:49)","logger":"airflow.task.operators.airflow.providers.docker.operators.docker.DockerOperator","filename":"docker.py","lineno":71}
{"timestamp":"2026-05-19T23:44:53.347099Z","level":"info","event":"\tat org.apache.spark.sql.SparkSessionExtensions.buildParser(SparkSessionExtensions.scala:307)","logger":"airflow.task.operators.airflow.providers.docker.operators.docker.DockerOperator","filename":"docker.py","lineno":71}
{"timestamp":"2026-05-19T23:44:53.347153Z","level":"info","event":"\tat org.apache.spark.sql.internal.BaseSessionStateBuilder.sqlParser$lzycompute(BaseSessionStateBuilder.scala:138)","logger":"airflow.task.operators.airflow.providers.docker.operators.docker.DockerOperator","filename":"docker.py","lineno":71}
{"timestamp":"2026-05-19T23:44:53.347204Z","level":"info","event":"\tat org.apache.spark.sql.internal.BaseSessionStateBuilder.sqlParser(BaseSessionStateBuilder.scala:137)","logger":"airflow.task.operators.airflow.providers.docker.operators.docker.DockerOperator","filename":"docker.py","lineno":71}
{"timestamp":"2026-05-19T23:44:53.347346Z","level":"info","event":"\tat org.apache.spark.sql.internal.BaseSessionStateBuilder.build(BaseSessionStateBuilder.scala:373)","logger":"airflow.task.operators.airflow.providers.docker.operators.docker.DockerOperator","filename":"docker.py","lineno":71}
{"timestamp":"2026-05-19T23:44:53.347421Z","level":"info","event":"\tat org.apache.spark.sql.SparkSession$.org$apache$spark$sql$SparkSession$$instantiateSessionState(SparkSession.scala:1319)","logger":"airflow.task.operators.airflow.providers.docker.operators.docker.DockerOperator","filename":"docker.py","lineno":71}
{"timestamp":"2026-05-19T23:44:53.347511Z","level":"info","event":"\tat org.apache.spark.sql.SparkSession.$anonfun$sessionState$2(SparkSession.scala:162)","logger":"airflow.task.operators.airflow.providers.docker.operators.docker.DockerOperator","filename":"docker.py","lineno":71}
{"timestamp":"2026-05-19T23:44:53.347579Z","level":"info","event":"\tat scala.Option.getOrElse(Option.scala:189)","logger":"airflow.task.operators.airflow.providers.docker.operators.docker.DockerOperator","filename":"docker.py","lineno":71}
{"timestamp":"2026-05-19T23:44:53.347632Z","level":"info","event":"\tat org.apache.spark.sql.SparkSession.sessionState$lzycompute(SparkSession.scala:160)","logger":"airflow.task.operators.airflow.providers.docker.operators.docker.DockerOperator","filename":"docker.py","lineno":71}
{"timestamp":"2026-05-19T23:44:53.347690Z","level":"info","event":"\tat org.apache.spark.sql.SparkSession.sessionState(SparkSession.scala:157)","logger":"airflow.task.operators.airflow.providers.docker.operators.docker.DockerOperator","filename":"docker.py","lineno":71}
{"timestamp":"2026-05-19T23:44:53.347744Z","level":"info","event":"\tat org.apache.spark.sql.DataFrameReader.<init>(DataFrameReader.scala:699)","logger":"airflow.task.operators.airflow.providers.docker.operators.docker.DockerOperator","filename":"docker.py","lineno":71}
{"timestamp":"2026-05-19T23:44:53.347802Z","level":"info","event":"\tat org.apache.spark.sql.SparkSession.read(SparkSession.scala:783)","logger":"airflow.task.operators.airflow.providers.docker.operators.docker.DockerOperator","filename":"docker.py","lineno":71}
{"timestamp":"2026-05-19T23:44:53.347858Z","level":"info","event":"\tat java.base/jdk.internal.reflect.NativeMethodAccessorImpl.invoke0(Native Method)","logger":"airflow.task.operators.airflow.providers.docker.operators.docker.DockerOperator","filename":"docker.py","lineno":71}
{"timestamp":"2026-05-19T23:44:53.347947Z","level":"info","event":"\tat java.base/jdk.internal.reflect.NativeMethodAccessorImpl.invoke(Unknown Source)","logger":"airflow.task.operators.airflow.providers.docker.operators.docker.DockerOperator","filename":"docker.py","lineno":71}
{"timestamp":"2026-05-19T23:44:53.348017Z","level":"info","event":"\tat java.base/jdk.internal.reflect.DelegatingMethodAccessorImpl.invoke(Unknown Source)","logger":"airflow.task.operators.airflow.providers.docker.operators.docker.DockerOperator","filename":"docker.py","lineno":71}
{"timestamp":"2026-05-19T23:44:53.348073Z","level":"info","event":"\tat java.base/java.lang.reflect.Method.invoke(Unknown Source)","logger":"airflow.task.operators.airflow.providers.docker.operators.docker.DockerOperator","filename":"docker.py","lineno":71}
{"timestamp":"2026-05-19T23:44:53.348132Z","level":"info","event":"\tat py4j.reflection.MethodInvoker.invoke(MethodInvoker.java:244)","logger":"airflow.task.operators.airflow.providers.docker.operators.docker.DockerOperator","filename":"docker.py","lineno":71}
{"timestamp":"2026-05-19T23:44:53.348188Z","level":"info","event":"\tat py4j.reflection.ReflectionEngine.invoke(ReflectionEngine.java:374)","logger":"airflow.task.operators.airflow.providers.docker.operators.docker.DockerOperator","filename":"docker.py","lineno":71}
{"timestamp":"2026-05-19T23:44:53.348242Z","level":"info","event":"\tat py4j.Gateway.invoke(Gateway.java:282)","logger":"airflow.task.operators.airflow.providers.docker.operators.docker.DockerOperator","filename":"docker.py","lineno":71}
{"timestamp":"2026-05-19T23:44:53.348298Z","level":"info","event":"\tat py4j.commands.AbstractCommand.invokeMethod(AbstractCommand.java:132)","logger":"airflow.task.operators.airflow.providers.docker.operators.docker.DockerOperator","filename":"docker.py","lineno":71}
{"timestamp":"2026-05-19T23:44:53.348930Z","level":"info","event":"\tat py4j.commands.CallCommand.execute(CallCommand.java:79)","logger":"airflow.task.operators.airflow.providers.docker.operators.docker.DockerOperator","filename":"docker.py","lineno":71}
{"timestamp":"2026-05-19T23:44:53.349033Z","level":"info","event":"\tat py4j.ClientServerConnection.waitForCommands(ClientServerConnection.java:182)","logger":"airflow.task.operators.airflow.providers.docker.operators.docker.DockerOperator","filename":"docker.py","lineno":71}
{"timestamp":"2026-05-19T23:44:53.349101Z","level":"info","event":"\tat py4j.ClientServerConnection.run(ClientServerConnection.java:106)","logger":"airflow.task.operators.airflow.providers.docker.operators.docker.DockerOperator","filename":"docker.py","lineno":71}
{"timestamp":"2026-05-19T23:44:53.349153Z","level":"info","event":"\tat java.base/java.lang.Thread.run(Unknown Source)","logger":"airflow.task.operators.airflow.providers.docker.operators.docker.DockerOperator","filename":"docker.py","lineno":71}
{"timestamp":"2026-05-19T23:44:53.349201Z","level":"info","event":"Caused by: java.lang.ClassNotFoundException: scala.collection.SeqOps","logger":"airflow.task.operators.airflow.providers.docker.operators.docker.DockerOperator","filename":"docker.py","lineno":71}
{"timestamp":"2026-05-19T23:44:53.349246Z","level":"info","event":"\tat java.base/jdk.internal.loader.BuiltinClassLoader.loadClass(Unknown Source)","logger":"airflow.task.operators.airflow.providers.docker.operators.docker.DockerOperator","filename":"docker.py","lineno":71}
{"timestamp":"2026-05-19T23:44:53.349304Z","level":"info","event":"\tat java.base/jdk.internal.loader.ClassLoaders$AppClassLoader.loadClass(Unknown Source)","logger":"airflow.task.operators.airflow.providers.docker.operators.docker.DockerOperator","filename":"docker.py","lineno":71}
{"timestamp":"2026-05-19T23:44:53.349369Z","level":"info","event":"\tat java.base/java.lang.ClassLoader.loadClass(Unknown Source)","logger":"airflow.task.operators.airflow.providers.docker.operators.docker.DockerOperator","filename":"docker.py","lineno":71}
{"timestamp":"2026-05-19T23:44:53.349428Z","level":"info","event":"\t... 29 more","logger":"airflow.task.operators.airflow.providers.docker.operators.docker.DockerOperator","filename":"docker.py","lineno":71}
{"timestamp":"2026-05-19T23:44:53.349495Z","level":"info","event":"","logger":"airflow.task.operators.airflow.providers.docker.operators.docker.DockerOperator","filename":"docker.py","lineno":71}
{"timestamp":"2026-05-19T23:44:53.353360Z","level":"info","event":"2026-05-19 23:44:53,352 - ERROR - Error processing table sales.salesperson: An error occurred while calling o44.read.","logger":"airflow.task.operators.airflow.providers.docker.operators.docker.DockerOperator","filename":"docker.py","lineno":71}
{"timestamp":"2026-05-19T23:44:53.353580Z","level":"info","event":": java.lang.NoClassDefFoundError: scala/collection/SeqOps","logger":"airflow.task.operators.airflow.providers.docker.operators.docker.DockerOperator","filename":"docker.py","lineno":71}
{"timestamp":"2026-05-19T23:44:53.353668Z","level":"info","event":"\tat io.delta.sql.parser.DeltaSqlParser.<init>(DeltaSqlParser.scala:77)","logger":"airflow.task.operators.airflow.providers.docker.operators.docker.DockerOperator","filename":"docker.py","lineno":71}
{"timestamp":"2026-05-19T23:44:53.353734Z","level":"info","event":"\tat io.delta.sql.DeltaSparkSessionExtension.$anonfun$apply$1(DeltaSparkSessionExtension.scala:85)","logger":"airflow.task.operators.airflow.providers.docker.operators.docker.DockerOperator","filename":"docker.py","lineno":71}
{"timestamp":"2026-05-19T23:44:53.353803Z","level":"info","event":"\tat org.apache.spark.sql.SparkSessionExtensions.$anonfun$buildParser$1(SparkSessionExtensions.scala:308)","logger":"airflow.task.operators.airflow.providers.docker.operators.docker.DockerOperator","filename":"docker.py","lineno":71}
{"timestamp":"2026-05-19T23:44:53.353872Z","level":"info","event":"\tat scala.collection.IndexedSeqOptimized.foldLeft(IndexedSeqOptimized.scala:60)","logger":"airflow.task.operators.airflow.providers.docker.operators.docker.DockerOperator","filename":"docker.py","lineno":71}
{"timestamp":"2026-05-19T23:44:53.353968Z","level":"info","event":"\tat scala.collection.IndexedSeqOptimized.foldLeft$(IndexedSeqOptimized.scala:68)","logger":"airflow.task.operators.airflow.providers.docker.operators.docker.DockerOperator","filename":"docker.py","lineno":71}
{"timestamp":"2026-05-19T23:44:53.354035Z","level":"info","event":"\tat scala.collection.mutable.ArrayBuffer.foldLeft(ArrayBuffer.scala:49)","logger":"airflow.task.operators.airflow.providers.docker.operators.docker.DockerOperator","filename":"docker.py","lineno":71}
{"timestamp":"2026-05-19T23:44:53.354084Z","level":"info","event":"\tat org.apache.spark.sql.SparkSessionExtensions.buildParser(SparkSessionExtensions.scala:307)","logger":"airflow.task.operators.airflow.providers.docker.operators.docker.DockerOperator","filename":"docker.py","lineno":71}
{"timestamp":"2026-05-19T23:44:53.354130Z","level":"info","event":"\tat org.apache.spark.sql.internal.BaseSessionStateBuilder.sqlParser$lzycompute(BaseSessionStateBuilder.scala:138)","logger":"airflow.task.operators.airflow.providers.docker.operators.docker.DockerOperator","filename":"docker.py","lineno":71}
{"timestamp":"2026-05-19T23:44:53.354175Z","level":"info","event":"\tat org.apache.spark.sql.internal.BaseSessionStateBuilder.sqlParser(BaseSessionStateBuilder.scala:137)","logger":"airflow.task.operators.airflow.providers.docker.operators.docker.DockerOperator","filename":"docker.py","lineno":71}
{"timestamp":"2026-05-19T23:44:53.354468Z","level":"info","event":"\tat org.apache.spark.sql.internal.BaseSessionStateBuilder.build(BaseSessionStateBuilder.scala:373)","logger":"airflow.task.operators.airflow.providers.docker.operators.docker.DockerOperator","filename":"docker.py","lineno":71}
{"timestamp":"2026-05-19T23:44:53.354554Z","level":"info","event":"\tat org.apache.spark.sql.SparkSession$.org$apache$spark$sql$SparkSession$$instantiateSessionState(SparkSession.scala:1319)","logger":"airflow.task.operators.airflow.providers.docker.operators.docker.DockerOperator","filename":"docker.py","lineno":71}
{"timestamp":"2026-05-19T23:44:53.354610Z","level":"info","event":"\tat org.apache.spark.sql.SparkSession.$anonfun$sessionState$2(SparkSession.scala:162)","logger":"airflow.task.operators.airflow.providers.docker.operators.docker.DockerOperator","filename":"docker.py","lineno":71}
{"timestamp":"2026-05-19T23:44:53.354660Z","level":"info","event":"\tat scala.Option.getOrElse(Option.scala:189)","logger":"airflow.task.operators.airflow.providers.docker.operators.docker.DockerOperator","filename":"docker.py","lineno":71}
{"timestamp":"2026-05-19T23:44:53.354724Z","level":"info","event":"\tat org.apache.spark.sql.SparkSession.sessionState$lzycompute(SparkSession.scala:160)","logger":"airflow.task.operators.airflow.providers.docker.operators.docker.DockerOperator","filename":"docker.py","lineno":71}
{"timestamp":"2026-05-19T23:44:53.354776Z","level":"info","event":"\tat org.apache.spark.sql.SparkSession.sessionState(SparkSession.scala:157)","logger":"airflow.task.operators.airflow.providers.docker.operators.docker.DockerOperator","filename":"docker.py","lineno":71}
{"timestamp":"2026-05-19T23:44:53.354821Z","level":"info","event":"\tat org.apache.spark.sql.DataFrameReader.<init>(DataFrameReader.scala:699)","logger":"airflow.task.operators.airflow.providers.docker.operators.docker.DockerOperator","filename":"docker.py","lineno":71}
{"timestamp":"2026-05-19T23:44:53.354865Z","level":"info","event":"\tat org.apache.spark.sql.SparkSession.read(SparkSession.scala:783)","logger":"airflow.task.operators.airflow.providers.docker.operators.docker.DockerOperator","filename":"docker.py","lineno":71}
{"timestamp":"2026-05-19T23:44:53.355115Z","level":"info","event":"\tat java.base/jdk.internal.reflect.NativeMethodAccessorImpl.invoke0(Native Method)","logger":"airflow.task.operators.airflow.providers.docker.operators.docker.DockerOperator","filename":"docker.py","lineno":71}
{"timestamp":"2026-05-19T23:44:53.355178Z","level":"info","event":"\tat java.base/jdk.internal.reflect.NativeMethodAccessorImpl.invoke(Unknown Source)","logger":"airflow.task.operators.airflow.providers.docker.operators.docker.DockerOperator","filename":"docker.py","lineno":71}
{"timestamp":"2026-05-19T23:44:53.355239Z","level":"info","event":"\tat java.base/jdk.internal.reflect.DelegatingMethodAccessorImpl.invoke(Unknown Source)","logger":"airflow.task.operators.airflow.providers.docker.operators.docker.DockerOperator","filename":"docker.py","lineno":71}
{"timestamp":"2026-05-19T23:44:53.355290Z","level":"info","event":"\tat java.base/java.lang.reflect.Method.invoke(Unknown Source)","logger":"airflow.task.operators.airflow.providers.docker.operators.docker.DockerOperator","filename":"docker.py","lineno":71}
{"timestamp":"2026-05-19T23:44:53.355334Z","level":"info","event":"\tat py4j.reflection.MethodInvoker.invoke(MethodInvoker.java:244)","logger":"airflow.task.operators.airflow.providers.docker.operators.docker.DockerOperator","filename":"docker.py","lineno":71}
{"timestamp":"2026-05-19T23:44:53.356928Z","level":"info","event":"\tat py4j.reflection.ReflectionEngine.invoke(ReflectionEngine.java:374)","logger":"airflow.task.operators.airflow.providers.docker.operators.docker.DockerOperator","filename":"docker.py","lineno":71}
{"timestamp":"2026-05-19T23:44:53.357040Z","level":"info","event":"\tat py4j.Gateway.invoke(Gateway.java:282)","logger":"airflow.task.operators.airflow.providers.docker.operators.docker.DockerOperator","filename":"docker.py","lineno":71}
{"timestamp":"2026-05-19T23:44:53.357113Z","level":"info","event":"\tat py4j.commands.AbstractCommand.invokeMethod(AbstractCommand.java:132)","logger":"airflow.task.operators.airflow.providers.docker.operators.docker.DockerOperator","filename":"docker.py","lineno":71}
{"timestamp":"2026-05-19T23:44:53.357182Z","level":"info","event":"\tat py4j.commands.CallCommand.execute(CallCommand.java:79)","logger":"airflow.task.operators.airflow.providers.docker.operators.docker.DockerOperator","filename":"docker.py","lineno":71}
{"timestamp":"2026-05-19T23:44:53.357242Z","level":"info","event":"\tat py4j.ClientServerConnection.waitForCommands(ClientServerConnection.java:182)","logger":"airflow.task.operators.airflow.providers.docker.operators.docker.DockerOperator","filename":"docker.py","lineno":71}
{"timestamp":"2026-05-19T23:44:53.357299Z","level":"info","event":"\tat py4j.ClientServerConnection.run(ClientServerConnection.java:106)","logger":"airflow.task.operators.airflow.providers.docker.operators.docker.DockerOperator","filename":"docker.py","lineno":71}
{"timestamp":"2026-05-19T23:44:53.357362Z","level":"info","event":"\tat java.base/java.lang.Thread.run(Unknown Source)","logger":"airflow.task.operators.airflow.providers.docker.operators.docker.DockerOperator","filename":"docker.py","lineno":71}
{"timestamp":"2026-05-19T23:44:53.357425Z","level":"info","event":"Caused by: java.lang.ClassNotFoundException: scala.collection.SeqOps","logger":"airflow.task.operators.airflow.providers.docker.operators.docker.DockerOperator","filename":"docker.py","lineno":71}
{"timestamp":"2026-05-19T23:44:53.357501Z","level":"info","event":"\tat java.base/jdk.internal.loader.BuiltinClassLoader.loadClass(Unknown Source)","logger":"airflow.task.operators.airflow.providers.docker.operators.docker.DockerOperator","filename":"docker.py","lineno":71}
{"timestamp":"2026-05-19T23:44:53.357571Z","level":"info","event":"\tat java.base/jdk.internal.loader.ClassLoaders$AppClassLoader.loadClass(Unknown Source)","logger":"airflow.task.operators.airflow.providers.docker.operators.docker.DockerOperator","filename":"docker.py","lineno":71}
{"timestamp":"2026-05-19T23:44:53.357635Z","level":"info","event":"\tat java.base/java.lang.ClassLoader.loadClass(Unknown Source)","logger":"airflow.task.operators.airflow.providers.docker.operators.docker.DockerOperator","filename":"docker.py","lineno":71}
{"timestamp":"2026-05-19T23:44:53.357696Z","level":"info","event":"\t... 29 more","logger":"airflow.task.operators.airflow.providers.docker.operators.docker.DockerOperator","filename":"docker.py","lineno":71}
{"timestamp":"2026-05-19T23:44:53.357758Z","level":"info","event":"","logger":"airflow.task.operators.airflow.providers.docker.operators.docker.DockerOperator","filename":"docker.py","lineno":71}
{"timestamp":"2026-05-19T23:44:53.363780Z","level":"info","event":"2026-05-19 23:44:53,361 - ERROR - Error processing table sales.salesorderheadersalesreason: An error occurred while calling o44.read.","logger":"airflow.task.operators.airflow.providers.docker.operators.docker.DockerOperator","filename":"docker.py","lineno":71}
{"timestamp":"2026-05-19T23:44:53.364052Z","level":"info","event":": java.lang.NoClassDefFoundError: scala/collection/SeqOps","logger":"airflow.task.operators.airflow.providers.docker.operators.docker.DockerOperator","filename":"docker.py","lineno":71}
{"timestamp":"2026-05-19T23:44:53.364154Z","level":"info","event":"\tat io.delta.sql.parser.DeltaSqlParser.<init>(DeltaSqlParser.scala:77)","logger":"airflow.task.operators.airflow.providers.docker.operators.docker.DockerOperator","filename":"docker.py","lineno":71}
{"timestamp":"2026-05-19T23:44:53.364229Z","level":"info","event":"\tat io.delta.sql.DeltaSparkSessionExtension.$anonfun$apply$1(DeltaSparkSessionExtension.scala:85)","logger":"airflow.task.operators.airflow.providers.docker.operators.docker.DockerOperator","filename":"docker.py","lineno":71}
{"timestamp":"2026-05-19T23:44:53.364316Z","level":"info","event":"\tat org.apache.spark.sql.SparkSessionExtensions.$anonfun$buildParser$1(SparkSessionExtensions.scala:308)","logger":"airflow.task.operators.airflow.providers.docker.operators.docker.DockerOperator","filename":"docker.py","lineno":71}
{"timestamp":"2026-05-19T23:44:53.364379Z","level":"info","event":"\tat scala.collection.IndexedSeqOptimized.foldLeft(IndexedSeqOptimized.scala:60)","logger":"airflow.task.operators.airflow.providers.docker.operators.docker.DockerOperator","filename":"docker.py","lineno":71}
{"timestamp":"2026-05-19T23:44:53.364427Z","level":"info","event":"\tat scala.collection.IndexedSeqOptimized.foldLeft$(IndexedSeqOptimized.scala:68)","logger":"airflow.task.operators.airflow.providers.docker.operators.docker.DockerOperator","filename":"docker.py","lineno":71}
{"timestamp":"2026-05-19T23:44:53.364496Z","level":"info","event":"\tat scala.collection.mutable.ArrayBuffer.foldLeft(ArrayBuffer.scala:49)","logger":"airflow.task.operators.airflow.providers.docker.operators.docker.DockerOperator","filename":"docker.py","lineno":71}
{"timestamp":"2026-05-19T23:44:53.364562Z","level":"info","event":"\tat org.apache.spark.sql.SparkSessionExtensions.buildParser(SparkSessionExtensions.scala:307)","logger":"airflow.task.operators.airflow.providers.docker.operators.docker.DockerOperator","filename":"docker.py","lineno":71}
{"timestamp":"2026-05-19T23:44:53.364614Z","level":"info","event":"\tat org.apache.spark.sql.internal.BaseSessionStateBuilder.sqlParser$lzycompute(BaseSessionStateBuilder.scala:138)","logger":"airflow.task.operators.airflow.providers.docker.operators.docker.DockerOperator","filename":"docker.py","lineno":71}
{"timestamp":"2026-05-19T23:44:53.364661Z","level":"info","event":"\tat org.apache.spark.sql.internal.BaseSessionStateBuilder.sqlParser(BaseSessionStateBuilder.scala:137)","logger":"airflow.task.operators.airflow.providers.docker.operators.docker.DockerOperator","filename":"docker.py","lineno":71}
{"timestamp":"2026-05-19T23:44:53.364709Z","level":"info","event":"\tat org.apache.spark.sql.internal.BaseSessionStateBuilder.build(BaseSessionStateBuilder.scala:373)","logger":"airflow.task.operators.airflow.providers.docker.operators.docker.DockerOperator","filename":"docker.py","lineno":71}
{"timestamp":"2026-05-19T23:44:53.364772Z","level":"info","event":"\tat org.apache.spark.sql.SparkSession$.org$apache$spark$sql$SparkSession$$instantiateSessionState(SparkSession.scala:1319)","logger":"airflow.task.operators.airflow.providers.docker.operators.docker.DockerOperator","filename":"docker.py","lineno":71}
{"timestamp":"2026-05-19T23:44:53.365803Z","level":"info","event":"\tat org.apache.spark.sql.SparkSession.$anonfun$sessionState$2(SparkSession.scala:162)","logger":"airflow.task.operators.airflow.providers.docker.operators.docker.DockerOperator","filename":"docker.py","lineno":71}
{"timestamp":"2026-05-19T23:44:53.365878Z","level":"info","event":"\tat scala.Option.getOrElse(Option.scala:189)","logger":"airflow.task.operators.airflow.providers.docker.operators.docker.DockerOperator","filename":"docker.py","lineno":71}
{"timestamp":"2026-05-19T23:44:53.365960Z","level":"info","event":"\tat org.apache.spark.sql.SparkSession.sessionState$lzycompute(SparkSession.scala:160)","logger":"airflow.task.operators.airflow.providers.docker.operators.docker.DockerOperator","filename":"docker.py","lineno":71}
{"timestamp":"2026-05-19T23:44:53.366011Z","level":"info","event":"\tat org.apache.spark.sql.SparkSession.sessionState(SparkSession.scala:157)","logger":"airflow.task.operators.airflow.providers.docker.operators.docker.DockerOperator","filename":"docker.py","lineno":71}
{"timestamp":"2026-05-19T23:44:53.366061Z","level":"info","event":"\tat org.apache.spark.sql.DataFrameReader.<init>(DataFrameReader.scala:699)","logger":"airflow.task.operators.airflow.providers.docker.operators.docker.DockerOperator","filename":"docker.py","lineno":71}
{"timestamp":"2026-05-19T23:44:53.366109Z","level":"info","event":"\tat org.apache.spark.sql.SparkSession.read(SparkSession.scala:783)","logger":"airflow.task.operators.airflow.providers.docker.operators.docker.DockerOperator","filename":"docker.py","lineno":71}
{"timestamp":"2026-05-19T23:44:53.366153Z","level":"info","event":"\tat java.base/jdk.internal.reflect.NativeMethodAccessorImpl.invoke0(Native Method)","logger":"airflow.task.operators.airflow.providers.docker.operators.docker.DockerOperator","filename":"docker.py","lineno":71}
{"timestamp":"2026-05-19T23:44:53.366195Z","level":"info","event":"\tat java.base/jdk.internal.reflect.NativeMethodAccessorImpl.invoke(Unknown Source)","logger":"airflow.task.operators.airflow.providers.docker.operators.docker.DockerOperator","filename":"docker.py","lineno":71}
{"timestamp":"2026-05-19T23:44:53.366238Z","level":"info","event":"\tat java.base/jdk.internal.reflect.DelegatingMethodAccessorImpl.invoke(Unknown Source)","logger":"airflow.task.operators.airflow.providers.docker.operators.docker.DockerOperator","filename":"docker.py","lineno":71}
{"timestamp":"2026-05-19T23:44:53.366281Z","level":"info","event":"\tat java.base/java.lang.reflect.Method.invoke(Unknown Source)","logger":"airflow.task.operators.airflow.providers.docker.operators.docker.DockerOperator","filename":"docker.py","lineno":71}
{"timestamp":"2026-05-19T23:44:53.366324Z","level":"info","event":"\tat py4j.reflection.MethodInvoker.invoke(MethodInvoker.java:244)","logger":"airflow.task.operators.airflow.providers.docker.operators.docker.DockerOperator","filename":"docker.py","lineno":71}
{"timestamp":"2026-05-19T23:44:53.366365Z","level":"info","event":"\tat py4j.reflection.ReflectionEngine.invoke(ReflectionEngine.java:374)","logger":"airflow.task.operators.airflow.providers.docker.operators.docker.DockerOperator","filename":"docker.py","lineno":71}
{"timestamp":"2026-05-19T23:44:53.366406Z","level":"info","event":"\tat py4j.Gateway.invoke(Gateway.java:282)","logger":"airflow.task.operators.airflow.providers.docker.operators.docker.DockerOperator","filename":"docker.py","lineno":71}
{"timestamp":"2026-05-19T23:44:53.366454Z","level":"info","event":"\tat py4j.commands.AbstractCommand.invokeMethod(AbstractCommand.java:132)","logger":"airflow.task.operators.airflow.providers.docker.operators.docker.DockerOperator","filename":"docker.py","lineno":71}
{"timestamp":"2026-05-19T23:44:53.366497Z","level":"info","event":"\tat py4j.commands.CallCommand.execute(CallCommand.java:79)","logger":"airflow.task.operators.airflow.providers.docker.operators.docker.DockerOperator","filename":"docker.py","lineno":71}
{"timestamp":"2026-05-19T23:44:53.366549Z","level":"info","event":"\tat py4j.ClientServerConnection.waitForCommands(ClientServerConnection.java:182)","logger":"airflow.task.operators.airflow.providers.docker.operators.docker.DockerOperator","filename":"docker.py","lineno":71}
{"timestamp":"2026-05-19T23:44:53.366592Z","level":"info","event":"\tat py4j.ClientServerConnection.run(ClientServerConnection.java:106)","logger":"airflow.task.operators.airflow.providers.docker.operators.docker.DockerOperator","filename":"docker.py","lineno":71}
{"timestamp":"2026-05-19T23:44:53.366633Z","level":"info","event":"\tat java.base/java.lang.Thread.run(Unknown Source)","logger":"airflow.task.operators.airflow.providers.docker.operators.docker.DockerOperator","filename":"docker.py","lineno":71}
{"timestamp":"2026-05-19T23:44:53.366675Z","level":"info","event":"Caused by: java.lang.ClassNotFoundException: scala.collection.SeqOps","logger":"airflow.task.operators.airflow.providers.docker.operators.docker.DockerOperator","filename":"docker.py","lineno":71}
{"timestamp":"2026-05-19T23:44:53.366718Z","level":"info","event":"\tat java.base/jdk.internal.loader.BuiltinClassLoader.loadClass(Unknown Source)","logger":"airflow.task.operators.airflow.providers.docker.operators.docker.DockerOperator","filename":"docker.py","lineno":71}
{"timestamp":"2026-05-19T23:44:53.366759Z","level":"info","event":"\tat java.base/jdk.internal.loader.ClassLoaders$AppClassLoader.loadClass(Unknown Source)","logger":"airflow.task.operators.airflow.providers.docker.operators.docker.DockerOperator","filename":"docker.py","lineno":71}
{"timestamp":"2026-05-19T23:44:53.366801Z","level":"info","event":"\tat java.base/java.lang.ClassLoader.loadClass(Unknown Source)","logger":"airflow.task.operators.airflow.providers.docker.operators.docker.DockerOperator","filename":"docker.py","lineno":71}
{"timestamp":"2026-05-19T23:44:53.366959Z","level":"info","event":"\t... 29 more","logger":"airflow.task.operators.airflow.providers.docker.operators.docker.DockerOperator","filename":"docker.py","lineno":71}
{"timestamp":"2026-05-19T23:44:53.367033Z","level":"info","event":"","logger":"airflow.task.operators.airflow.providers.docker.operators.docker.DockerOperator","filename":"docker.py","lineno":71}
{"timestamp":"2026-05-19T23:44:53.380869Z","level":"info","event":"2026-05-19 23:44:53,376 - ERROR - Error processing table sales.salesreason: An error occurred while calling o44.read.","logger":"airflow.task.operators.airflow.providers.docker.operators.docker.DockerOperator","filename":"docker.py","lineno":71}
{"timestamp":"2026-05-19T23:44:53.381171Z","level":"info","event":": java.lang.NoClassDefFoundError: scala/collection/SeqOps","logger":"airflow.task.operators.airflow.providers.docker.operators.docker.DockerOperator","filename":"docker.py","lineno":71}
{"timestamp":"2026-05-19T23:44:53.381273Z","level":"info","event":"\tat io.delta.sql.parser.DeltaSqlParser.<init>(DeltaSqlParser.scala:77)","logger":"airflow.task.operators.airflow.providers.docker.operators.docker.DockerOperator","filename":"docker.py","lineno":71}
{"timestamp":"2026-05-19T23:44:53.381341Z","level":"info","event":"\tat io.delta.sql.DeltaSparkSessionExtension.$anonfun$apply$1(DeltaSparkSessionExtension.scala:85)","logger":"airflow.task.operators.airflow.providers.docker.operators.docker.DockerOperator","filename":"docker.py","lineno":71}
{"timestamp":"2026-05-19T23:44:53.381412Z","level":"info","event":"\tat org.apache.spark.sql.SparkSessionExtensions.$anonfun$buildParser$1(SparkSessionExtensions.scala:308)","logger":"airflow.task.operators.airflow.providers.docker.operators.docker.DockerOperator","filename":"docker.py","lineno":71}
{"timestamp":"2026-05-19T23:44:53.381469Z","level":"info","event":"\tat scala.collection.IndexedSeqOptimized.foldLeft(IndexedSeqOptimized.scala:60)","logger":"airflow.task.operators.airflow.providers.docker.operators.docker.DockerOperator","filename":"docker.py","lineno":71}
{"timestamp":"2026-05-19T23:44:53.381534Z","level":"info","event":"\tat scala.collection.IndexedSeqOptimized.foldLeft$(IndexedSeqOptimized.scala:68)","logger":"airflow.task.operators.airflow.providers.docker.operators.docker.DockerOperator","filename":"docker.py","lineno":71}
{"timestamp":"2026-05-19T23:44:53.381603Z","level":"info","event":"\tat scala.collection.mutable.ArrayBuffer.foldLeft(ArrayBuffer.scala:49)","logger":"airflow.task.operators.airflow.providers.docker.operators.docker.DockerOperator","filename":"docker.py","lineno":71}
{"timestamp":"2026-05-19T23:44:53.381671Z","level":"info","event":"\tat org.apache.spark.sql.SparkSessionExtensions.buildParser(SparkSessionExtensions.scala:307)","logger":"airflow.task.operators.airflow.providers.docker.operators.docker.DockerOperator","filename":"docker.py","lineno":71}
{"timestamp":"2026-05-19T23:44:53.381733Z","level":"info","event":"\tat org.apache.spark.sql.internal.BaseSessionStateBuilder.sqlParser$lzycompute(BaseSessionStateBuilder.scala:138)","logger":"airflow.task.operators.airflow.providers.docker.operators.docker.DockerOperator","filename":"docker.py","lineno":71}
{"timestamp":"2026-05-19T23:44:53.381799Z","level":"info","event":"\tat org.apache.spark.sql.internal.BaseSessionStateBuilder.sqlParser(BaseSessionStateBuilder.scala:137)","logger":"airflow.task.operators.airflow.providers.docker.operators.docker.DockerOperator","filename":"docker.py","lineno":71}
{"timestamp":"2026-05-19T23:44:53.381876Z","level":"info","event":"\tat org.apache.spark.sql.internal.BaseSessionStateBuilder.build(BaseSessionStateBuilder.scala:373)","logger":"airflow.task.operators.airflow.providers.docker.operators.docker.DockerOperator","filename":"docker.py","lineno":71}
{"timestamp":"2026-05-19T23:44:53.381974Z","level":"info","event":"\tat org.apache.spark.sql.SparkSession$.org$apache$spark$sql$SparkSession$$instantiateSessionState(SparkSession.scala:1319)","logger":"airflow.task.operators.airflow.providers.docker.operators.docker.DockerOperator","filename":"docker.py","lineno":71}
{"timestamp":"2026-05-19T23:44:53.382047Z","level":"info","event":"\tat org.apache.spark.sql.SparkSession.$anonfun$sessionState$2(SparkSession.scala:162)","logger":"airflow.task.operators.airflow.providers.docker.operators.docker.DockerOperator","filename":"docker.py","lineno":71}
{"timestamp":"2026-05-19T23:44:53.382117Z","level":"info","event":"\tat scala.Option.getOrElse(Option.scala:189)","logger":"airflow.task.operators.airflow.providers.docker.operators.docker.DockerOperator","filename":"docker.py","lineno":71}
{"timestamp":"2026-05-19T23:44:53.382187Z","level":"info","event":"\tat org.apache.spark.sql.SparkSession.sessionState$lzycompute(SparkSession.scala:160)","logger":"airflow.task.operators.airflow.providers.docker.operators.docker.DockerOperator","filename":"docker.py","lineno":71}
{"timestamp":"2026-05-19T23:44:53.382256Z","level":"info","event":"\tat org.apache.spark.sql.SparkSession.sessionState(SparkSession.scala:157)","logger":"airflow.task.operators.airflow.providers.docker.operators.docker.DockerOperator","filename":"docker.py","lineno":71}
{"timestamp":"2026-05-19T23:44:53.382325Z","level":"info","event":"\tat org.apache.spark.sql.DataFrameReader.<init>(DataFrameReader.scala:699)","logger":"airflow.task.operators.airflow.providers.docker.operators.docker.DockerOperator","filename":"docker.py","lineno":71}
{"timestamp":"2026-05-19T23:44:53.382398Z","level":"info","event":"\tat org.apache.spark.sql.SparkSession.read(SparkSession.scala:783)","logger":"airflow.task.operators.airflow.providers.docker.operators.docker.DockerOperator","filename":"docker.py","lineno":71}
{"timestamp":"2026-05-19T23:44:53.382469Z","level":"info","event":"\tat java.base/jdk.internal.reflect.NativeMethodAccessorImpl.invoke0(Native Method)","logger":"airflow.task.operators.airflow.providers.docker.operators.docker.DockerOperator","filename":"docker.py","lineno":71}
{"timestamp":"2026-05-19T23:44:53.382532Z","level":"info","event":"\tat java.base/jdk.internal.reflect.NativeMethodAccessorImpl.invoke(Unknown Source)","logger":"airflow.task.operators.airflow.providers.docker.operators.docker.DockerOperator","filename":"docker.py","lineno":71}
{"timestamp":"2026-05-19T23:44:53.382586Z","level":"info","event":"\tat java.base/jdk.internal.reflect.DelegatingMethodAccessorImpl.invoke(Unknown Source)","logger":"airflow.task.operators.airflow.providers.docker.operators.docker.DockerOperator","filename":"docker.py","lineno":71}
{"timestamp":"2026-05-19T23:44:53.382643Z","level":"info","event":"\tat java.base/java.lang.reflect.Method.invoke(Unknown Source)","logger":"airflow.task.operators.airflow.providers.docker.operators.docker.DockerOperator","filename":"docker.py","lineno":71}
{"timestamp":"2026-05-19T23:44:53.382700Z","level":"info","event":"\tat py4j.reflection.MethodInvoker.invoke(MethodInvoker.java:244)","logger":"airflow.task.operators.airflow.providers.docker.operators.docker.DockerOperator","filename":"docker.py","lineno":71}
{"timestamp":"2026-05-19T23:44:53.382755Z","level":"info","event":"\tat py4j.reflection.ReflectionEngine.invoke(ReflectionEngine.java:374)","logger":"airflow.task.operators.airflow.providers.docker.operators.docker.DockerOperator","filename":"docker.py","lineno":71}
{"timestamp":"2026-05-19T23:44:53.382805Z","level":"info","event":"\tat py4j.Gateway.invoke(Gateway.java:282)","logger":"airflow.task.operators.airflow.providers.docker.operators.docker.DockerOperator","filename":"docker.py","lineno":71}
{"timestamp":"2026-05-19T23:44:53.382853Z","level":"info","event":"\tat py4j.commands.AbstractCommand.invokeMethod(AbstractCommand.java:132)","logger":"airflow.task.operators.airflow.providers.docker.operators.docker.DockerOperator","filename":"docker.py","lineno":71}
{"timestamp":"2026-05-19T23:44:53.382940Z","level":"info","event":"\tat py4j.commands.CallCommand.execute(CallCommand.java:79)","logger":"airflow.task.operators.airflow.providers.docker.operators.docker.DockerOperator","filename":"docker.py","lineno":71}
{"timestamp":"2026-05-19T23:44:53.382998Z","level":"info","event":"\tat py4j.ClientServerConnection.waitForCommands(ClientServerConnection.java:182)","logger":"airflow.task.operators.airflow.providers.docker.operators.docker.DockerOperator","filename":"docker.py","lineno":71}
{"timestamp":"2026-05-19T23:44:53.383051Z","level":"info","event":"\tat py4j.ClientServerConnection.run(ClientServerConnection.java:106)","logger":"airflow.task.operators.airflow.providers.docker.operators.docker.DockerOperator","filename":"docker.py","lineno":71}
{"timestamp":"2026-05-19T23:44:53.383097Z","level":"info","event":"\tat java.base/java.lang.Thread.run(Unknown Source)","logger":"airflow.task.operators.airflow.providers.docker.operators.docker.DockerOperator","filename":"docker.py","lineno":71}
{"timestamp":"2026-05-19T23:44:53.383141Z","level":"info","event":"Caused by: java.lang.ClassNotFoundException: scala.collection.SeqOps","logger":"airflow.task.operators.airflow.providers.docker.operators.docker.DockerOperator","filename":"docker.py","lineno":71}
{"timestamp":"2026-05-19T23:44:53.383189Z","level":"info","event":"\tat java.base/jdk.internal.loader.BuiltinClassLoader.loadClass(Unknown Source)","logger":"airflow.task.operators.airflow.providers.docker.operators.docker.DockerOperator","filename":"docker.py","lineno":71}
{"timestamp":"2026-05-19T23:44:53.383238Z","level":"info","event":"\tat java.base/jdk.internal.loader.ClassLoaders$AppClassLoader.loadClass(Unknown Source)","logger":"airflow.task.operators.airflow.providers.docker.operators.docker.DockerOperator","filename":"docker.py","lineno":71}
{"timestamp":"2026-05-19T23:44:53.383287Z","level":"info","event":"\tat java.base/java.lang.ClassLoader.loadClass(Unknown Source)","logger":"airflow.task.operators.airflow.providers.docker.operators.docker.DockerOperator","filename":"docker.py","lineno":71}
{"timestamp":"2026-05-19T23:44:53.383336Z","level":"info","event":"\t... 29 more","logger":"airflow.task.operators.airflow.providers.docker.operators.docker.DockerOperator","filename":"docker.py","lineno":71}
{"timestamp":"2026-05-19T23:44:53.383392Z","level":"info","event":"","logger":"airflow.task.operators.airflow.providers.docker.operators.docker.DockerOperator","filename":"docker.py","lineno":71}
{"timestamp":"2026-05-19T23:44:53.387151Z","level":"info","event":"2026-05-19 23:44:53,383 - ERROR - Error processing table sales.salesterritory: An error occurred while calling o44.read.","logger":"airflow.task.operators.airflow.providers.docker.operators.docker.DockerOperator","filename":"docker.py","lineno":71}
{"timestamp":"2026-05-19T23:44:53.387298Z","level":"info","event":": java.lang.NoClassDefFoundError: scala/collection/SeqOps","logger":"airflow.task.operators.airflow.providers.docker.operators.docker.DockerOperator","filename":"docker.py","lineno":71}
{"timestamp":"2026-05-19T23:44:53.387378Z","level":"info","event":"\tat io.delta.sql.parser.DeltaSqlParser.<init>(DeltaSqlParser.scala:77)","logger":"airflow.task.operators.airflow.providers.docker.operators.docker.DockerOperator","filename":"docker.py","lineno":71}
{"timestamp":"2026-05-19T23:44:53.387446Z","level":"info","event":"\tat io.delta.sql.DeltaSparkSessionExtension.$anonfun$apply$1(DeltaSparkSessionExtension.scala:85)","logger":"airflow.task.operators.airflow.providers.docker.operators.docker.DockerOperator","filename":"docker.py","lineno":71}
{"timestamp":"2026-05-19T23:44:53.387510Z","level":"info","event":"\tat org.apache.spark.sql.SparkSessionExtensions.$anonfun$buildParser$1(SparkSessionExtensions.scala:308)","logger":"airflow.task.operators.airflow.providers.docker.operators.docker.DockerOperator","filename":"docker.py","lineno":71}
{"timestamp":"2026-05-19T23:44:53.387569Z","level":"info","event":"\tat scala.collection.IndexedSeqOptimized.foldLeft(IndexedSeqOptimized.scala:60)","logger":"airflow.task.operators.airflow.providers.docker.operators.docker.DockerOperator","filename":"docker.py","lineno":71}
{"timestamp":"2026-05-19T23:44:53.387628Z","level":"info","event":"\tat scala.collection.IndexedSeqOptimized.foldLeft$(IndexedSeqOptimized.scala:68)","logger":"airflow.task.operators.airflow.providers.docker.operators.docker.DockerOperator","filename":"docker.py","lineno":71}
{"timestamp":"2026-05-19T23:44:53.387683Z","level":"info","event":"\tat scala.collection.mutable.ArrayBuffer.foldLeft(ArrayBuffer.scala:49)","logger":"airflow.task.operators.airflow.providers.docker.operators.docker.DockerOperator","filename":"docker.py","lineno":71}
{"timestamp":"2026-05-19T23:44:53.387743Z","level":"info","event":"\tat org.apache.spark.sql.SparkSessionExtensions.buildParser(SparkSessionExtensions.scala:307)","logger":"airflow.task.operators.airflow.providers.docker.operators.docker.DockerOperator","filename":"docker.py","lineno":71}
{"timestamp":"2026-05-19T23:44:53.387803Z","level":"info","event":"\tat org.apache.spark.sql.internal.BaseSessionStateBuilder.sqlParser$lzycompute(BaseSessionStateBuilder.scala:138)","logger":"airflow.task.operators.airflow.providers.docker.operators.docker.DockerOperator","filename":"docker.py","lineno":71}
{"timestamp":"2026-05-19T23:44:53.387865Z","level":"info","event":"\tat org.apache.spark.sql.internal.BaseSessionStateBuilder.sqlParser(BaseSessionStateBuilder.scala:137)","logger":"airflow.task.operators.airflow.providers.docker.operators.docker.DockerOperator","filename":"docker.py","lineno":71}
{"timestamp":"2026-05-19T23:44:53.387952Z","level":"info","event":"\tat org.apache.spark.sql.internal.BaseSessionStateBuilder.build(BaseSessionStateBuilder.scala:373)","logger":"airflow.task.operators.airflow.providers.docker.operators.docker.DockerOperator","filename":"docker.py","lineno":71}
{"timestamp":"2026-05-19T23:44:53.388017Z","level":"info","event":"\tat org.apache.spark.sql.SparkSession$.org$apache$spark$sql$SparkSession$$instantiateSessionState(SparkSession.scala:1319)","logger":"airflow.task.operators.airflow.providers.docker.operators.docker.DockerOperator","filename":"docker.py","lineno":71}
{"timestamp":"2026-05-19T23:44:53.388076Z","level":"info","event":"\tat org.apache.spark.sql.SparkSession.$anonfun$sessionState$2(SparkSession.scala:162)","logger":"airflow.task.operators.airflow.providers.docker.operators.docker.DockerOperator","filename":"docker.py","lineno":71}
{"timestamp":"2026-05-19T23:44:53.388133Z","level":"info","event":"\tat scala.Option.getOrElse(Option.scala:189)","logger":"airflow.task.operators.airflow.providers.docker.operators.docker.DockerOperator","filename":"docker.py","lineno":71}
{"timestamp":"2026-05-19T23:44:53.388189Z","level":"info","event":"\tat org.apache.spark.sql.SparkSession.sessionState$lzycompute(SparkSession.scala:160)","logger":"airflow.task.operators.airflow.providers.docker.operators.docker.DockerOperator","filename":"docker.py","lineno":71}
{"timestamp":"2026-05-19T23:44:53.388243Z","level":"info","event":"\tat org.apache.spark.sql.SparkSession.sessionState(SparkSession.scala:157)","logger":"airflow.task.operators.airflow.providers.docker.operators.docker.DockerOperator","filename":"docker.py","lineno":71}
{"timestamp":"2026-05-19T23:44:53.388398Z","level":"info","event":"\tat org.apache.spark.sql.DataFrameReader.<init>(DataFrameReader.scala:699)","logger":"airflow.task.operators.airflow.providers.docker.operators.docker.DockerOperator","filename":"docker.py","lineno":71}
{"timestamp":"2026-05-19T23:44:53.388469Z","level":"info","event":"\tat org.apache.spark.sql.SparkSession.read(SparkSession.scala:783)","logger":"airflow.task.operators.airflow.providers.docker.operators.docker.DockerOperator","filename":"docker.py","lineno":71}
{"timestamp":"2026-05-19T23:44:53.388535Z","level":"info","event":"\tat java.base/jdk.internal.reflect.NativeMethodAccessorImpl.invoke0(Native Method)","logger":"airflow.task.operators.airflow.providers.docker.operators.docker.DockerOperator","filename":"docker.py","lineno":71}
{"timestamp":"2026-05-19T23:44:53.388591Z","level":"info","event":"\tat java.base/jdk.internal.reflect.NativeMethodAccessorImpl.invoke(Unknown Source)","logger":"airflow.task.operators.airflow.providers.docker.operators.docker.DockerOperator","filename":"docker.py","lineno":71}
{"timestamp":"2026-05-19T23:44:53.388648Z","level":"info","event":"\tat java.base/jdk.internal.reflect.DelegatingMethodAccessorImpl.invoke(Unknown Source)","logger":"airflow.task.operators.airflow.providers.docker.operators.docker.DockerOperator","filename":"docker.py","lineno":71}
{"timestamp":"2026-05-19T23:44:53.388705Z","level":"info","event":"\tat java.base/java.lang.reflect.Method.invoke(Unknown Source)","logger":"airflow.task.operators.airflow.providers.docker.operators.docker.DockerOperator","filename":"docker.py","lineno":71}
{"timestamp":"2026-05-19T23:44:53.388764Z","level":"info","event":"\tat py4j.reflection.MethodInvoker.invoke(MethodInvoker.java:244)","logger":"airflow.task.operators.airflow.providers.docker.operators.docker.DockerOperator","filename":"docker.py","lineno":71}
{"timestamp":"2026-05-19T23:44:53.388824Z","level":"info","event":"\tat py4j.reflection.ReflectionEngine.invoke(ReflectionEngine.java:374)","logger":"airflow.task.operators.airflow.providers.docker.operators.docker.DockerOperator","filename":"docker.py","lineno":71}
{"timestamp":"2026-05-19T23:44:53.388883Z","level":"info","event":"\tat py4j.Gateway.invoke(Gateway.java:282)","logger":"airflow.task.operators.airflow.providers.docker.operators.docker.DockerOperator","filename":"docker.py","lineno":71}
{"timestamp":"2026-05-19T23:44:53.388976Z","level":"info","event":"\tat py4j.commands.AbstractCommand.invokeMethod(AbstractCommand.java:132)","logger":"airflow.task.operators.airflow.providers.docker.operators.docker.DockerOperator","filename":"docker.py","lineno":71}
{"timestamp":"2026-05-19T23:44:53.389036Z","level":"info","event":"\tat py4j.commands.CallCommand.execute(CallCommand.java:79)","logger":"airflow.task.operators.airflow.providers.docker.operators.docker.DockerOperator","filename":"docker.py","lineno":71}
{"timestamp":"2026-05-19T23:44:53.389097Z","level":"info","event":"\tat py4j.ClientServerConnection.waitForCommands(ClientServerConnection.java:182)","logger":"airflow.task.operators.airflow.providers.docker.operators.docker.DockerOperator","filename":"docker.py","lineno":71}
{"timestamp":"2026-05-19T23:44:53.389151Z","level":"info","event":"\tat py4j.ClientServerConnection.run(ClientServerConnection.java:106)","logger":"airflow.task.operators.airflow.providers.docker.operators.docker.DockerOperator","filename":"docker.py","lineno":71}
{"timestamp":"2026-05-19T23:44:53.389206Z","level":"info","event":"\tat java.base/java.lang.Thread.run(Unknown Source)","logger":"airflow.task.operators.airflow.providers.docker.operators.docker.DockerOperator","filename":"docker.py","lineno":71}
{"timestamp":"2026-05-19T23:44:53.389262Z","level":"info","event":"Caused by: java.lang.ClassNotFoundException: scala.collection.SeqOps","logger":"airflow.task.operators.airflow.providers.docker.operators.docker.DockerOperator","filename":"docker.py","lineno":71}
{"timestamp":"2026-05-19T23:44:53.389315Z","level":"info","event":"\tat java.base/jdk.internal.loader.BuiltinClassLoader.loadClass(Unknown Source)","logger":"airflow.task.operators.airflow.providers.docker.operators.docker.DockerOperator","filename":"docker.py","lineno":71}
{"timestamp":"2026-05-19T23:44:53.389386Z","level":"info","event":"\tat java.base/jdk.internal.loader.ClassLoaders$AppClassLoader.loadClass(Unknown Source)","logger":"airflow.task.operators.airflow.providers.docker.operators.docker.DockerOperator","filename":"docker.py","lineno":71}
{"timestamp":"2026-05-19T23:44:53.389448Z","level":"info","event":"\tat java.base/java.lang.ClassLoader.loadClass(Unknown Source)","logger":"airflow.task.operators.airflow.providers.docker.operators.docker.DockerOperator","filename":"docker.py","lineno":71}
{"timestamp":"2026-05-19T23:44:53.389503Z","level":"info","event":"\t... 29 more","logger":"airflow.task.operators.airflow.providers.docker.operators.docker.DockerOperator","filename":"docker.py","lineno":71}
{"timestamp":"2026-05-19T23:44:53.389556Z","level":"info","event":"","logger":"airflow.task.operators.airflow.providers.docker.operators.docker.DockerOperator","filename":"docker.py","lineno":71}
{"timestamp":"2026-05-19T23:44:53.394463Z","level":"info","event":"2026-05-19 23:44:53,393 - ERROR - Error processing table sales.salestaxrate: An error occurred while calling o44.read.","logger":"airflow.task.operators.airflow.providers.docker.operators.docker.DockerOperator","filename":"docker.py","lineno":71}
{"timestamp":"2026-05-19T23:44:53.394629Z","level":"info","event":": java.lang.NoClassDefFoundError: scala/collection/SeqOps","logger":"airflow.task.operators.airflow.providers.docker.operators.docker.DockerOperator","filename":"docker.py","lineno":71}
{"timestamp":"2026-05-19T23:44:53.394718Z","level":"info","event":"\tat io.delta.sql.parser.DeltaSqlParser.<init>(DeltaSqlParser.scala:77)","logger":"airflow.task.operators.airflow.providers.docker.operators.docker.DockerOperator","filename":"docker.py","lineno":71}
{"timestamp":"2026-05-19T23:44:53.394793Z","level":"info","event":"\tat io.delta.sql.DeltaSparkSessionExtension.$anonfun$apply$1(DeltaSparkSessionExtension.scala:85)","logger":"airflow.task.operators.airflow.providers.docker.operators.docker.DockerOperator","filename":"docker.py","lineno":71}
{"timestamp":"2026-05-19T23:44:53.394861Z","level":"info","event":"\tat org.apache.spark.sql.SparkSessionExtensions.$anonfun$buildParser$1(SparkSessionExtensions.scala:308)","logger":"airflow.task.operators.airflow.providers.docker.operators.docker.DockerOperator","filename":"docker.py","lineno":71}
{"timestamp":"2026-05-19T23:44:53.394968Z","level":"info","event":"\tat scala.collection.IndexedSeqOptimized.foldLeft(IndexedSeqOptimized.scala:60)","logger":"airflow.task.operators.airflow.providers.docker.operators.docker.DockerOperator","filename":"docker.py","lineno":71}
{"timestamp":"2026-05-19T23:44:53.395051Z","level":"info","event":"\tat scala.collection.IndexedSeqOptimized.foldLeft$(IndexedSeqOptimized.scala:68)","logger":"airflow.task.operators.airflow.providers.docker.operators.docker.DockerOperator","filename":"docker.py","lineno":71}
{"timestamp":"2026-05-19T23:44:53.395117Z","level":"info","event":"\tat scala.collection.mutable.ArrayBuffer.foldLeft(ArrayBuffer.scala:49)","logger":"airflow.task.operators.airflow.providers.docker.operators.docker.DockerOperator","filename":"docker.py","lineno":71}
{"timestamp":"2026-05-19T23:44:53.395181Z","level":"info","event":"\tat org.apache.spark.sql.SparkSessionExtensions.buildParser(SparkSessionExtensions.scala:307)","logger":"airflow.task.operators.airflow.providers.docker.operators.docker.DockerOperator","filename":"docker.py","lineno":71}
{"timestamp":"2026-05-19T23:44:53.395244Z","level":"info","event":"\tat org.apache.spark.sql.internal.BaseSessionStateBuilder.sqlParser$lzycompute(BaseSessionStateBuilder.scala:138)","logger":"airflow.task.operators.airflow.providers.docker.operators.docker.DockerOperator","filename":"docker.py","lineno":71}
{"timestamp":"2026-05-19T23:44:53.395306Z","level":"info","event":"\tat org.apache.spark.sql.internal.BaseSessionStateBuilder.sqlParser(BaseSessionStateBuilder.scala:137)","logger":"airflow.task.operators.airflow.providers.docker.operators.docker.DockerOperator","filename":"docker.py","lineno":71}
{"timestamp":"2026-05-19T23:44:53.395396Z","level":"info","event":"\tat org.apache.spark.sql.internal.BaseSessionStateBuilder.build(BaseSessionStateBuilder.scala:373)","logger":"airflow.task.operators.airflow.providers.docker.operators.docker.DockerOperator","filename":"docker.py","lineno":71}
{"timestamp":"2026-05-19T23:44:53.395468Z","level":"info","event":"\tat org.apache.spark.sql.SparkSession$.org$apache$spark$sql$SparkSession$$instantiateSessionState(SparkSession.scala:1319)","logger":"airflow.task.operators.airflow.providers.docker.operators.docker.DockerOperator","filename":"docker.py","lineno":71}
{"timestamp":"2026-05-19T23:44:53.395535Z","level":"info","event":"\tat org.apache.spark.sql.SparkSession.$anonfun$sessionState$2(SparkSession.scala:162)","logger":"airflow.task.operators.airflow.providers.docker.operators.docker.DockerOperator","filename":"docker.py","lineno":71}
{"timestamp":"2026-05-19T23:44:53.395597Z","level":"info","event":"\tat scala.Option.getOrElse(Option.scala:189)","logger":"airflow.task.operators.airflow.providers.docker.operators.docker.DockerOperator","filename":"docker.py","lineno":71}
{"timestamp":"2026-05-19T23:44:53.395660Z","level":"info","event":"\tat org.apache.spark.sql.SparkSession.sessionState$lzycompute(SparkSession.scala:160)","logger":"airflow.task.operators.airflow.providers.docker.operators.docker.DockerOperator","filename":"docker.py","lineno":71}
{"timestamp":"2026-05-19T23:44:53.395722Z","level":"info","event":"\tat org.apache.spark.sql.SparkSession.sessionState(SparkSession.scala:157)","logger":"airflow.task.operators.airflow.providers.docker.operators.docker.DockerOperator","filename":"docker.py","lineno":71}
{"timestamp":"2026-05-19T23:44:53.395776Z","level":"info","event":"\tat org.apache.spark.sql.DataFrameReader.<init>(DataFrameReader.scala:699)","logger":"airflow.task.operators.airflow.providers.docker.operators.docker.DockerOperator","filename":"docker.py","lineno":71}
{"timestamp":"2026-05-19T23:44:53.395832Z","level":"info","event":"\tat org.apache.spark.sql.SparkSession.read(SparkSession.scala:783)","logger":"airflow.task.operators.airflow.providers.docker.operators.docker.DockerOperator","filename":"docker.py","lineno":71}
{"timestamp":"2026-05-19T23:44:53.395888Z","level":"info","event":"\tat java.base/jdk.internal.reflect.NativeMethodAccessorImpl.invoke0(Native Method)","logger":"airflow.task.operators.airflow.providers.docker.operators.docker.DockerOperator","filename":"docker.py","lineno":71}
{"timestamp":"2026-05-19T23:44:53.395972Z","level":"info","event":"\tat java.base/jdk.internal.reflect.NativeMethodAccessorImpl.invoke(Unknown Source)","logger":"airflow.task.operators.airflow.providers.docker.operators.docker.DockerOperator","filename":"docker.py","lineno":71}
{"timestamp":"2026-05-19T23:44:53.396031Z","level":"info","event":"\tat java.base/jdk.internal.reflect.DelegatingMethodAccessorImpl.invoke(Unknown Source)","logger":"airflow.task.operators.airflow.providers.docker.operators.docker.DockerOperator","filename":"docker.py","lineno":71}
{"timestamp":"2026-05-19T23:44:53.396096Z","level":"info","event":"\tat java.base/java.lang.reflect.Method.invoke(Unknown Source)","logger":"airflow.task.operators.airflow.providers.docker.operators.docker.DockerOperator","filename":"docker.py","lineno":71}
{"timestamp":"2026-05-19T23:44:53.396154Z","level":"info","event":"\tat py4j.reflection.MethodInvoker.invoke(MethodInvoker.java:244)","logger":"airflow.task.operators.airflow.providers.docker.operators.docker.DockerOperator","filename":"docker.py","lineno":71}
{"timestamp":"2026-05-19T23:44:53.396209Z","level":"info","event":"\tat py4j.reflection.ReflectionEngine.invoke(ReflectionEngine.java:374)","logger":"airflow.task.operators.airflow.providers.docker.operators.docker.DockerOperator","filename":"docker.py","lineno":71}
{"timestamp":"2026-05-19T23:44:53.396266Z","level":"info","event":"\tat py4j.Gateway.invoke(Gateway.java:282)","logger":"airflow.task.operators.airflow.providers.docker.operators.docker.DockerOperator","filename":"docker.py","lineno":71}
{"timestamp":"2026-05-19T23:44:53.396329Z","level":"info","event":"\tat py4j.commands.AbstractCommand.invokeMethod(AbstractCommand.java:132)","logger":"airflow.task.operators.airflow.providers.docker.operators.docker.DockerOperator","filename":"docker.py","lineno":71}
{"timestamp":"2026-05-19T23:44:53.396418Z","level":"info","event":"\tat py4j.commands.CallCommand.execute(CallCommand.java:79)","logger":"airflow.task.operators.airflow.providers.docker.operators.docker.DockerOperator","filename":"docker.py","lineno":71}
{"timestamp":"2026-05-19T23:44:53.396481Z","level":"info","event":"\tat py4j.ClientServerConnection.waitForCommands(ClientServerConnection.java:182)","logger":"airflow.task.operators.airflow.providers.docker.operators.docker.DockerOperator","filename":"docker.py","lineno":71}
{"timestamp":"2026-05-19T23:44:53.396537Z","level":"info","event":"\tat py4j.ClientServerConnection.run(ClientServerConnection.java:106)","logger":"airflow.task.operators.airflow.providers.docker.operators.docker.DockerOperator","filename":"docker.py","lineno":71}
{"timestamp":"2026-05-19T23:44:53.396594Z","level":"info","event":"\tat java.base/java.lang.Thread.run(Unknown Source)","logger":"airflow.task.operators.airflow.providers.docker.operators.docker.DockerOperator","filename":"docker.py","lineno":71}
{"timestamp":"2026-05-19T23:44:53.396652Z","level":"info","event":"Caused by: java.lang.ClassNotFoundException: scala.collection.SeqOps","logger":"airflow.task.operators.airflow.providers.docker.operators.docker.DockerOperator","filename":"docker.py","lineno":71}
{"timestamp":"2026-05-19T23:44:53.396706Z","level":"info","event":"\tat java.base/jdk.internal.loader.BuiltinClassLoader.loadClass(Unknown Source)","logger":"airflow.task.operators.airflow.providers.docker.operators.docker.DockerOperator","filename":"docker.py","lineno":71}
{"timestamp":"2026-05-19T23:44:53.396760Z","level":"info","event":"\tat java.base/jdk.internal.loader.ClassLoaders$AppClassLoader.loadClass(Unknown Source)","logger":"airflow.task.operators.airflow.providers.docker.operators.docker.DockerOperator","filename":"docker.py","lineno":71}
{"timestamp":"2026-05-19T23:44:53.396814Z","level":"info","event":"\tat java.base/java.lang.ClassLoader.loadClass(Unknown Source)","logger":"airflow.task.operators.airflow.providers.docker.operators.docker.DockerOperator","filename":"docker.py","lineno":71}
{"timestamp":"2026-05-19T23:44:53.396867Z","level":"info","event":"\t... 29 more","logger":"airflow.task.operators.airflow.providers.docker.operators.docker.DockerOperator","filename":"docker.py","lineno":71}
{"timestamp":"2026-05-19T23:44:53.396950Z","level":"info","event":"","logger":"airflow.task.operators.airflow.providers.docker.operators.docker.DockerOperator","filename":"docker.py","lineno":71}
{"timestamp":"2026-05-19T23:44:53.423217Z","level":"info","event":"2026-05-19 23:44:53,420 - ERROR - Error processing table sales.shoppingcartitem: An error occurred while calling o44.read.","logger":"airflow.task.operators.airflow.providers.docker.operators.docker.DockerOperator","filename":"docker.py","lineno":71}
{"timestamp":"2026-05-19T23:44:53.423488Z","level":"info","event":": java.lang.NoClassDefFoundError: scala/collection/SeqOps","logger":"airflow.task.operators.airflow.providers.docker.operators.docker.DockerOperator","filename":"docker.py","lineno":71}
{"timestamp":"2026-05-19T23:44:53.423604Z","level":"info","event":"\tat io.delta.sql.parser.DeltaSqlParser.<init>(DeltaSqlParser.scala:77)","logger":"airflow.task.operators.airflow.providers.docker.operators.docker.DockerOperator","filename":"docker.py","lineno":71}
{"timestamp":"2026-05-19T23:44:53.423680Z","level":"info","event":"\tat io.delta.sql.DeltaSparkSessionExtension.$anonfun$apply$1(DeltaSparkSessionExtension.scala:85)","logger":"airflow.task.operators.airflow.providers.docker.operators.docker.DockerOperator","filename":"docker.py","lineno":71}
{"timestamp":"2026-05-19T23:44:53.423744Z","level":"info","event":"\tat org.apache.spark.sql.SparkSessionExtensions.$anonfun$buildParser$1(SparkSessionExtensions.scala:308)","logger":"airflow.task.operators.airflow.providers.docker.operators.docker.DockerOperator","filename":"docker.py","lineno":71}
{"timestamp":"2026-05-19T23:44:53.423803Z","level":"info","event":"\tat scala.collection.IndexedSeqOptimized.foldLeft(IndexedSeqOptimized.scala:60)","logger":"airflow.task.operators.airflow.providers.docker.operators.docker.DockerOperator","filename":"docker.py","lineno":71}
{"timestamp":"2026-05-19T23:44:53.423878Z","level":"info","event":"\tat scala.collection.IndexedSeqOptimized.foldLeft$(IndexedSeqOptimized.scala:68)","logger":"airflow.task.operators.airflow.providers.docker.operators.docker.DockerOperator","filename":"docker.py","lineno":71}
{"timestamp":"2026-05-19T23:44:53.423973Z","level":"info","event":"\tat scala.collection.mutable.ArrayBuffer.foldLeft(ArrayBuffer.scala:49)","logger":"airflow.task.operators.airflow.providers.docker.operators.docker.DockerOperator","filename":"docker.py","lineno":71}
{"timestamp":"2026-05-19T23:44:53.424044Z","level":"info","event":"\tat org.apache.spark.sql.SparkSessionExtensions.buildParser(SparkSessionExtensions.scala:307)","logger":"airflow.task.operators.airflow.providers.docker.operators.docker.DockerOperator","filename":"docker.py","lineno":71}
{"timestamp":"2026-05-19T23:44:53.424129Z","level":"info","event":"\tat org.apache.spark.sql.internal.BaseSessionStateBuilder.sqlParser$lzycompute(BaseSessionStateBuilder.scala:138)","logger":"airflow.task.operators.airflow.providers.docker.operators.docker.DockerOperator","filename":"docker.py","lineno":71}
{"timestamp":"2026-05-19T23:44:53.424205Z","level":"info","event":"\tat org.apache.spark.sql.internal.BaseSessionStateBuilder.sqlParser(BaseSessionStateBuilder.scala:137)","logger":"airflow.task.operators.airflow.providers.docker.operators.docker.DockerOperator","filename":"docker.py","lineno":71}
{"timestamp":"2026-05-19T23:44:53.424400Z","level":"info","event":"\tat org.apache.spark.sql.internal.BaseSessionStateBuilder.build(BaseSessionStateBuilder.scala:373)","logger":"airflow.task.operators.airflow.providers.docker.operators.docker.DockerOperator","filename":"docker.py","lineno":71}
{"timestamp":"2026-05-19T23:44:53.424489Z","level":"info","event":"\tat org.apache.spark.sql.SparkSession$.org$apache$spark$sql$SparkSession$$instantiateSessionState(SparkSession.scala:1319)","logger":"airflow.task.operators.airflow.providers.docker.operators.docker.DockerOperator","filename":"docker.py","lineno":71}
{"timestamp":"2026-05-19T23:44:53.424561Z","level":"info","event":"\tat org.apache.spark.sql.SparkSession.$anonfun$sessionState$2(SparkSession.scala:162)","logger":"airflow.task.operators.airflow.providers.docker.operators.docker.DockerOperator","filename":"docker.py","lineno":71}
{"timestamp":"2026-05-19T23:44:53.424629Z","level":"info","event":"\tat scala.Option.getOrElse(Option.scala:189)","logger":"airflow.task.operators.airflow.providers.docker.operators.docker.DockerOperator","filename":"docker.py","lineno":71}
{"timestamp":"2026-05-19T23:44:53.424696Z","level":"info","event":"\tat org.apache.spark.sql.SparkSession.sessionState$lzycompute(SparkSession.scala:160)","logger":"airflow.task.operators.airflow.providers.docker.operators.docker.DockerOperator","filename":"docker.py","lineno":71}
{"timestamp":"2026-05-19T23:44:53.424770Z","level":"info","event":"\tat org.apache.spark.sql.SparkSession.sessionState(SparkSession.scala:157)","logger":"airflow.task.operators.airflow.providers.docker.operators.docker.DockerOperator","filename":"docker.py","lineno":71}
{"timestamp":"2026-05-19T23:44:53.424840Z","level":"info","event":"\tat org.apache.spark.sql.DataFrameReader.<init>(DataFrameReader.scala:699)","logger":"airflow.task.operators.airflow.providers.docker.operators.docker.DockerOperator","filename":"docker.py","lineno":71}
{"timestamp":"2026-05-19T23:44:53.424941Z","level":"info","event":"\tat org.apache.spark.sql.SparkSession.read(SparkSession.scala:783)","logger":"airflow.task.operators.airflow.providers.docker.operators.docker.DockerOperator","filename":"docker.py","lineno":71}
{"timestamp":"2026-05-19T23:44:53.425003Z","level":"info","event":"\tat java.base/jdk.internal.reflect.NativeMethodAccessorImpl.invoke0(Native Method)","logger":"airflow.task.operators.airflow.providers.docker.operators.docker.DockerOperator","filename":"docker.py","lineno":71}
{"timestamp":"2026-05-19T23:44:53.425070Z","level":"info","event":"\tat java.base/jdk.internal.reflect.NativeMethodAccessorImpl.invoke(Unknown Source)","logger":"airflow.task.operators.airflow.providers.docker.operators.docker.DockerOperator","filename":"docker.py","lineno":71}
{"timestamp":"2026-05-19T23:44:53.425135Z","level":"info","event":"\tat java.base/jdk.internal.reflect.DelegatingMethodAccessorImpl.invoke(Unknown Source)","logger":"airflow.task.operators.airflow.providers.docker.operators.docker.DockerOperator","filename":"docker.py","lineno":71}
{"timestamp":"2026-05-19T23:44:53.425206Z","level":"info","event":"\tat java.base/java.lang.reflect.Method.invoke(Unknown Source)","logger":"airflow.task.operators.airflow.providers.docker.operators.docker.DockerOperator","filename":"docker.py","lineno":71}
{"timestamp":"2026-05-19T23:44:53.425275Z","level":"info","event":"\tat py4j.reflection.MethodInvoker.invoke(MethodInvoker.java:244)","logger":"airflow.task.operators.airflow.providers.docker.operators.docker.DockerOperator","filename":"docker.py","lineno":71}
{"timestamp":"2026-05-19T23:44:53.425331Z","level":"info","event":"\tat py4j.reflection.ReflectionEngine.invoke(ReflectionEngine.java:374)","logger":"airflow.task.operators.airflow.providers.docker.operators.docker.DockerOperator","filename":"docker.py","lineno":71}
{"timestamp":"2026-05-19T23:44:53.425390Z","level":"info","event":"\tat py4j.Gateway.invoke(Gateway.java:282)","logger":"airflow.task.operators.airflow.providers.docker.operators.docker.DockerOperator","filename":"docker.py","lineno":71}
{"timestamp":"2026-05-19T23:44:53.425453Z","level":"info","event":"\tat py4j.commands.AbstractCommand.invokeMethod(AbstractCommand.java:132)","logger":"airflow.task.operators.airflow.providers.docker.operators.docker.DockerOperator","filename":"docker.py","lineno":71}
{"timestamp":"2026-05-19T23:44:53.425516Z","level":"info","event":"\tat py4j.commands.CallCommand.execute(CallCommand.java:79)","logger":"airflow.task.operators.airflow.providers.docker.operators.docker.DockerOperator","filename":"docker.py","lineno":71}
{"timestamp":"2026-05-19T23:44:53.425588Z","level":"info","event":"\tat py4j.ClientServerConnection.waitForCommands(ClientServerConnection.java:182)","logger":"airflow.task.operators.airflow.providers.docker.operators.docker.DockerOperator","filename":"docker.py","lineno":71}
{"timestamp":"2026-05-19T23:44:53.425656Z","level":"info","event":"\tat py4j.ClientServerConnection.run(ClientServerConnection.java:106)","logger":"airflow.task.operators.airflow.providers.docker.operators.docker.DockerOperator","filename":"docker.py","lineno":71}
{"timestamp":"2026-05-19T23:44:53.425714Z","level":"info","event":"\tat java.base/java.lang.Thread.run(Unknown Source)","logger":"airflow.task.operators.airflow.providers.docker.operators.docker.DockerOperator","filename":"docker.py","lineno":71}
{"timestamp":"2026-05-19T23:44:53.425767Z","level":"info","event":"Caused by: java.lang.ClassNotFoundException: scala.collection.SeqOps","logger":"airflow.task.operators.airflow.providers.docker.operators.docker.DockerOperator","filename":"docker.py","lineno":71}
{"timestamp":"2026-05-19T23:44:53.425829Z","level":"info","event":"\tat java.base/jdk.internal.loader.BuiltinClassLoader.loadClass(Unknown Source)","logger":"airflow.task.operators.airflow.providers.docker.operators.docker.DockerOperator","filename":"docker.py","lineno":71}
{"timestamp":"2026-05-19T23:44:53.425920Z","level":"info","event":"\tat java.base/jdk.internal.loader.ClassLoaders$AppClassLoader.loadClass(Unknown Source)","logger":"airflow.task.operators.airflow.providers.docker.operators.docker.DockerOperator","filename":"docker.py","lineno":71}
{"timestamp":"2026-05-19T23:44:53.425988Z","level":"info","event":"\tat java.base/java.lang.ClassLoader.loadClass(Unknown Source)","logger":"airflow.task.operators.airflow.providers.docker.operators.docker.DockerOperator","filename":"docker.py","lineno":71}
{"timestamp":"2026-05-19T23:44:53.426048Z","level":"info","event":"\t... 29 more","logger":"airflow.task.operators.airflow.providers.docker.operators.docker.DockerOperator","filename":"docker.py","lineno":71}
{"timestamp":"2026-05-19T23:44:53.426116Z","level":"info","event":"","logger":"airflow.task.operators.airflow.providers.docker.operators.docker.DockerOperator","filename":"docker.py","lineno":71}
{"timestamp":"2026-05-19T23:44:53.428765Z","level":"info","event":"2026-05-19 23:44:53,428 - ERROR - Error processing table sales.salesterritoryhistory: An error occurred while calling o44.read.","logger":"airflow.task.operators.airflow.providers.docker.operators.docker.DockerOperator","filename":"docker.py","lineno":71}
{"timestamp":"2026-05-19T23:44:53.429048Z","level":"info","event":": java.lang.NoClassDefFoundError: scala/collection/SeqOps","logger":"airflow.task.operators.airflow.providers.docker.operators.docker.DockerOperator","filename":"docker.py","lineno":71}
{"timestamp":"2026-05-19T23:44:53.429144Z","level":"info","event":"\tat io.delta.sql.parser.DeltaSqlParser.<init>(DeltaSqlParser.scala:77)","logger":"airflow.task.operators.airflow.providers.docker.operators.docker.DockerOperator","filename":"docker.py","lineno":71}
{"timestamp":"2026-05-19T23:44:53.429215Z","level":"info","event":"\tat io.delta.sql.DeltaSparkSessionExtension.$anonfun$apply$1(DeltaSparkSessionExtension.scala:85)","logger":"airflow.task.operators.airflow.providers.docker.operators.docker.DockerOperator","filename":"docker.py","lineno":71}
{"timestamp":"2026-05-19T23:44:53.429284Z","level":"info","event":"\tat org.apache.spark.sql.SparkSessionExtensions.$anonfun$buildParser$1(SparkSessionExtensions.scala:308)","logger":"airflow.task.operators.airflow.providers.docker.operators.docker.DockerOperator","filename":"docker.py","lineno":71}
{"timestamp":"2026-05-19T23:44:53.429356Z","level":"info","event":"\tat scala.collection.IndexedSeqOptimized.foldLeft(IndexedSeqOptimized.scala:60)","logger":"airflow.task.operators.airflow.providers.docker.operators.docker.DockerOperator","filename":"docker.py","lineno":71}
{"timestamp":"2026-05-19T23:44:53.429419Z","level":"info","event":"\tat scala.collection.IndexedSeqOptimized.foldLeft$(IndexedSeqOptimized.scala:68)","logger":"airflow.task.operators.airflow.providers.docker.operators.docker.DockerOperator","filename":"docker.py","lineno":71}
{"timestamp":"2026-05-19T23:44:53.429477Z","level":"info","event":"\tat scala.collection.mutable.ArrayBuffer.foldLeft(ArrayBuffer.scala:49)","logger":"airflow.task.operators.airflow.providers.docker.operators.docker.DockerOperator","filename":"docker.py","lineno":71}
{"timestamp":"2026-05-19T23:44:53.429541Z","level":"info","event":"\tat org.apache.spark.sql.SparkSessionExtensions.buildParser(SparkSessionExtensions.scala:307)","logger":"airflow.task.operators.airflow.providers.docker.operators.docker.DockerOperator","filename":"docker.py","lineno":71}
{"timestamp":"2026-05-19T23:44:53.429598Z","level":"info","event":"\tat org.apache.spark.sql.internal.BaseSessionStateBuilder.sqlParser$lzycompute(BaseSessionStateBuilder.scala:138)","logger":"airflow.task.operators.airflow.providers.docker.operators.docker.DockerOperator","filename":"docker.py","lineno":71}
{"timestamp":"2026-05-19T23:44:53.429660Z","level":"info","event":"\tat org.apache.spark.sql.internal.BaseSessionStateBuilder.sqlParser(BaseSessionStateBuilder.scala:137)","logger":"airflow.task.operators.airflow.providers.docker.operators.docker.DockerOperator","filename":"docker.py","lineno":71}
{"timestamp":"2026-05-19T23:44:53.429718Z","level":"info","event":"\tat org.apache.spark.sql.internal.BaseSessionStateBuilder.build(BaseSessionStateBuilder.scala:373)","logger":"airflow.task.operators.airflow.providers.docker.operators.docker.DockerOperator","filename":"docker.py","lineno":71}
{"timestamp":"2026-05-19T23:44:53.429783Z","level":"info","event":"\tat org.apache.spark.sql.SparkSession$.org$apache$spark$sql$SparkSession$$instantiateSessionState(SparkSession.scala:1319)","logger":"airflow.task.operators.airflow.providers.docker.operators.docker.DockerOperator","filename":"docker.py","lineno":71}
{"timestamp":"2026-05-19T23:44:53.429853Z","level":"info","event":"\tat org.apache.spark.sql.SparkSession.$anonfun$sessionState$2(SparkSession.scala:162)","logger":"airflow.task.operators.airflow.providers.docker.operators.docker.DockerOperator","filename":"docker.py","lineno":71}
{"timestamp":"2026-05-19T23:44:53.429958Z","level":"info","event":"\tat scala.Option.getOrElse(Option.scala:189)","logger":"airflow.task.operators.airflow.providers.docker.operators.docker.DockerOperator","filename":"docker.py","lineno":71}
{"timestamp":"2026-05-19T23:44:53.430025Z","level":"info","event":"\tat org.apache.spark.sql.SparkSession.sessionState$lzycompute(SparkSession.scala:160)","logger":"airflow.task.operators.airflow.providers.docker.operators.docker.DockerOperator","filename":"docker.py","lineno":71}
{"timestamp":"2026-05-19T23:44:53.430108Z","level":"info","event":"\tat org.apache.spark.sql.SparkSession.sessionState(SparkSession.scala:157)","logger":"airflow.task.operators.airflow.providers.docker.operators.docker.DockerOperator","filename":"docker.py","lineno":71}
{"timestamp":"2026-05-19T23:44:53.430170Z","level":"info","event":"\tat org.apache.spark.sql.DataFrameReader.<init>(DataFrameReader.scala:699)","logger":"airflow.task.operators.airflow.providers.docker.operators.docker.DockerOperator","filename":"docker.py","lineno":71}
{"timestamp":"2026-05-19T23:44:53.430232Z","level":"info","event":"\tat org.apache.spark.sql.SparkSession.read(SparkSession.scala:783)","logger":"airflow.task.operators.airflow.providers.docker.operators.docker.DockerOperator","filename":"docker.py","lineno":71}
{"timestamp":"2026-05-19T23:44:53.430300Z","level":"info","event":"\tat java.base/jdk.internal.reflect.NativeMethodAccessorImpl.invoke0(Native Method)","logger":"airflow.task.operators.airflow.providers.docker.operators.docker.DockerOperator","filename":"docker.py","lineno":71}
{"timestamp":"2026-05-19T23:44:53.430364Z","level":"info","event":"\tat java.base/jdk.internal.reflect.NativeMethodAccessorImpl.invoke(Unknown Source)","logger":"airflow.task.operators.airflow.providers.docker.operators.docker.DockerOperator","filename":"docker.py","lineno":71}
{"timestamp":"2026-05-19T23:44:53.430422Z","level":"info","event":"\tat java.base/jdk.internal.reflect.DelegatingMethodAccessorImpl.invoke(Unknown Source)","logger":"airflow.task.operators.airflow.providers.docker.operators.docker.DockerOperator","filename":"docker.py","lineno":71}
{"timestamp":"2026-05-19T23:44:53.430485Z","level":"info","event":"\tat java.base/java.lang.reflect.Method.invoke(Unknown Source)","logger":"airflow.task.operators.airflow.providers.docker.operators.docker.DockerOperator","filename":"docker.py","lineno":71}
{"timestamp":"2026-05-19T23:44:53.430544Z","level":"info","event":"\tat py4j.reflection.MethodInvoker.invoke(MethodInvoker.java:244)","logger":"airflow.task.operators.airflow.providers.docker.operators.docker.DockerOperator","filename":"docker.py","lineno":71}
{"timestamp":"2026-05-19T23:44:53.432140Z","level":"info","event":"\tat py4j.reflection.ReflectionEngine.invoke(ReflectionEngine.java:374)","logger":"airflow.task.operators.airflow.providers.docker.operators.docker.DockerOperator","filename":"docker.py","lineno":71}
{"timestamp":"2026-05-19T23:44:53.432388Z","level":"info","event":"\tat py4j.Gateway.invoke(Gateway.java:282)","logger":"airflow.task.operators.airflow.providers.docker.operators.docker.DockerOperator","filename":"docker.py","lineno":71}
{"timestamp":"2026-05-19T23:44:53.432497Z","level":"info","event":"\tat py4j.commands.AbstractCommand.invokeMethod(AbstractCommand.java:132)","logger":"airflow.task.operators.airflow.providers.docker.operators.docker.DockerOperator","filename":"docker.py","lineno":71}
{"timestamp":"2026-05-19T23:44:53.432578Z","level":"info","event":"\tat py4j.commands.CallCommand.execute(CallCommand.java:79)","logger":"airflow.task.operators.airflow.providers.docker.operators.docker.DockerOperator","filename":"docker.py","lineno":71}
{"timestamp":"2026-05-19T23:44:53.432636Z","level":"info","event":"\tat py4j.ClientServerConnection.waitForCommands(ClientServerConnection.java:182)","logger":"airflow.task.operators.airflow.providers.docker.operators.docker.DockerOperator","filename":"docker.py","lineno":71}
{"timestamp":"2026-05-19T23:44:53.432689Z","level":"info","event":"\tat py4j.ClientServerConnection.run(ClientServerConnection.java:106)","logger":"airflow.task.operators.airflow.providers.docker.operators.docker.DockerOperator","filename":"docker.py","lineno":71}
{"timestamp":"2026-05-19T23:44:53.432736Z","level":"info","event":"\tat java.base/java.lang.Thread.run(Unknown Source)","logger":"airflow.task.operators.airflow.providers.docker.operators.docker.DockerOperator","filename":"docker.py","lineno":71}
{"timestamp":"2026-05-19T23:44:53.432872Z","level":"info","event":"Caused by: java.lang.ClassNotFoundException: scala.collection.SeqOps","logger":"airflow.task.operators.airflow.providers.docker.operators.docker.DockerOperator","filename":"docker.py","lineno":71}
{"timestamp":"2026-05-19T23:44:53.432993Z","level":"info","event":"\tat java.base/jdk.internal.loader.BuiltinClassLoader.loadClass(Unknown Source)","logger":"airflow.task.operators.airflow.providers.docker.operators.docker.DockerOperator","filename":"docker.py","lineno":71}
{"timestamp":"2026-05-19T23:44:53.433050Z","level":"info","event":"\tat java.base/jdk.internal.loader.ClassLoaders$AppClassLoader.loadClass(Unknown Source)","logger":"airflow.task.operators.airflow.providers.docker.operators.docker.DockerOperator","filename":"docker.py","lineno":71}
{"timestamp":"2026-05-19T23:44:53.433105Z","level":"info","event":"\tat java.base/java.lang.ClassLoader.loadClass(Unknown Source)","logger":"airflow.task.operators.airflow.providers.docker.operators.docker.DockerOperator","filename":"docker.py","lineno":71}
{"timestamp":"2026-05-19T23:44:53.433151Z","level":"info","event":"\t... 29 more","logger":"airflow.task.operators.airflow.providers.docker.operators.docker.DockerOperator","filename":"docker.py","lineno":71}
{"timestamp":"2026-05-19T23:44:53.433195Z","level":"info","event":"","logger":"airflow.task.operators.airflow.providers.docker.operators.docker.DockerOperator","filename":"docker.py","lineno":71}
{"timestamp":"2026-05-19T23:44:53.574679Z","level":"info","event":"2026-05-19 23:44:53,573 - ERROR - Error processing table sales.specialoffer: An error occurred while calling o44.read.","logger":"airflow.task.operators.airflow.providers.docker.operators.docker.DockerOperator","filename":"docker.py","lineno":71}
{"timestamp":"2026-05-19T23:44:53.575018Z","level":"info","event":": java.lang.NoClassDefFoundError: scala/collection/SeqOps","logger":"airflow.task.operators.airflow.providers.docker.operators.docker.DockerOperator","filename":"docker.py","lineno":71}
{"timestamp":"2026-05-19T23:44:53.575128Z","level":"info","event":"\tat io.delta.sql.parser.DeltaSqlParser.<init>(DeltaSqlParser.scala:77)","logger":"airflow.task.operators.airflow.providers.docker.operators.docker.DockerOperator","filename":"docker.py","lineno":71}
{"timestamp":"2026-05-19T23:44:53.575190Z","level":"info","event":"\tat io.delta.sql.DeltaSparkSessionExtension.$anonfun$apply$1(DeltaSparkSessionExtension.scala:85)","logger":"airflow.task.operators.airflow.providers.docker.operators.docker.DockerOperator","filename":"docker.py","lineno":71}
{"timestamp":"2026-05-19T23:44:53.575241Z","level":"info","event":"\tat org.apache.spark.sql.SparkSessionExtensions.$anonfun$buildParser$1(SparkSessionExtensions.scala:308)","logger":"airflow.task.operators.airflow.providers.docker.operators.docker.DockerOperator","filename":"docker.py","lineno":71}
{"timestamp":"2026-05-19T23:44:53.575286Z","level":"info","event":"\tat scala.collection.IndexedSeqOptimized.foldLeft(IndexedSeqOptimized.scala:60)","logger":"airflow.task.operators.airflow.providers.docker.operators.docker.DockerOperator","filename":"docker.py","lineno":71}
{"timestamp":"2026-05-19T23:44:53.575439Z","level":"info","event":"\tat scala.collection.IndexedSeqOptimized.foldLeft$(IndexedSeqOptimized.scala:68)","logger":"airflow.task.operators.airflow.providers.docker.operators.docker.DockerOperator","filename":"docker.py","lineno":71}
{"timestamp":"2026-05-19T23:44:53.575494Z","level":"info","event":"\tat scala.collection.mutable.ArrayBuffer.foldLeft(ArrayBuffer.scala:49)","logger":"airflow.task.operators.airflow.providers.docker.operators.docker.DockerOperator","filename":"docker.py","lineno":71}
{"timestamp":"2026-05-19T23:44:53.575540Z","level":"info","event":"\tat org.apache.spark.sql.SparkSessionExtensions.buildParser(SparkSessionExtensions.scala:307)","logger":"airflow.task.operators.airflow.providers.docker.operators.docker.DockerOperator","filename":"docker.py","lineno":71}
{"timestamp":"2026-05-19T23:44:53.575588Z","level":"info","event":"\tat org.apache.spark.sql.internal.BaseSessionStateBuilder.sqlParser$lzycompute(BaseSessionStateBuilder.scala:138)","logger":"airflow.task.operators.airflow.providers.docker.operators.docker.DockerOperator","filename":"docker.py","lineno":71}
{"timestamp":"2026-05-19T23:44:53.575634Z","level":"info","event":"\tat org.apache.spark.sql.internal.BaseSessionStateBuilder.sqlParser(BaseSessionStateBuilder.scala:137)","logger":"airflow.task.operators.airflow.providers.docker.operators.docker.DockerOperator","filename":"docker.py","lineno":71}
{"timestamp":"2026-05-19T23:44:53.575679Z","level":"info","event":"\tat org.apache.spark.sql.internal.BaseSessionStateBuilder.build(BaseSessionStateBuilder.scala:373)","logger":"airflow.task.operators.airflow.providers.docker.operators.docker.DockerOperator","filename":"docker.py","lineno":71}
{"timestamp":"2026-05-19T23:44:53.575722Z","level":"info","event":"\tat org.apache.spark.sql.SparkSession$.org$apache$spark$sql$SparkSession$$instantiateSessionState(SparkSession.scala:1319)","logger":"airflow.task.operators.airflow.providers.docker.operators.docker.DockerOperator","filename":"docker.py","lineno":71}
{"timestamp":"2026-05-19T23:44:53.575766Z","level":"info","event":"\tat org.apache.spark.sql.SparkSession.$anonfun$sessionState$2(SparkSession.scala:162)","logger":"airflow.task.operators.airflow.providers.docker.operators.docker.DockerOperator","filename":"docker.py","lineno":71}
{"timestamp":"2026-05-19T23:44:53.575808Z","level":"info","event":"\tat scala.Option.getOrElse(Option.scala:189)","logger":"airflow.task.operators.airflow.providers.docker.operators.docker.DockerOperator","filename":"docker.py","lineno":71}
{"timestamp":"2026-05-19T23:44:53.575850Z","level":"info","event":"\tat org.apache.spark.sql.SparkSession.sessionState$lzycompute(SparkSession.scala:160)","logger":"airflow.task.operators.airflow.providers.docker.operators.docker.DockerOperator","filename":"docker.py","lineno":71}
{"timestamp":"2026-05-19T23:44:53.575918Z","level":"info","event":"\tat org.apache.spark.sql.SparkSession.sessionState(SparkSession.scala:157)","logger":"airflow.task.operators.airflow.providers.docker.operators.docker.DockerOperator","filename":"docker.py","lineno":71}
{"timestamp":"2026-05-19T23:44:53.575975Z","level":"info","event":"\tat org.apache.spark.sql.DataFrameReader.<init>(DataFrameReader.scala:699)","logger":"airflow.task.operators.airflow.providers.docker.operators.docker.DockerOperator","filename":"docker.py","lineno":71}
{"timestamp":"2026-05-19T23:44:53.576020Z","level":"info","event":"\tat org.apache.spark.sql.SparkSession.read(SparkSession.scala:783)","logger":"airflow.task.operators.airflow.providers.docker.operators.docker.DockerOperator","filename":"docker.py","lineno":71}
{"timestamp":"2026-05-19T23:44:53.576079Z","level":"info","event":"\tat jdk.internal.reflect.GeneratedMethodAccessor8.invoke(Unknown Source)","logger":"airflow.task.operators.airflow.providers.docker.operators.docker.DockerOperator","filename":"docker.py","lineno":71}
{"timestamp":"2026-05-19T23:44:53.576123Z","level":"info","event":"\tat java.base/jdk.internal.reflect.DelegatingMethodAccessorImpl.invoke(Unknown Source)","logger":"airflow.task.operators.airflow.providers.docker.operators.docker.DockerOperator","filename":"docker.py","lineno":71}
{"timestamp":"2026-05-19T23:44:53.576167Z","level":"info","event":"\tat java.base/java.lang.reflect.Method.invoke(Unknown Source)","logger":"airflow.task.operators.airflow.providers.docker.operators.docker.DockerOperator","filename":"docker.py","lineno":71}
{"timestamp":"2026-05-19T23:44:53.576209Z","level":"info","event":"\tat py4j.reflection.MethodInvoker.invoke(MethodInvoker.java:244)","logger":"airflow.task.operators.airflow.providers.docker.operators.docker.DockerOperator","filename":"docker.py","lineno":71}
{"timestamp":"2026-05-19T23:44:53.576250Z","level":"info","event":"\tat py4j.reflection.ReflectionEngine.invoke(ReflectionEngine.java:374)","logger":"airflow.task.operators.airflow.providers.docker.operators.docker.DockerOperator","filename":"docker.py","lineno":71}
{"timestamp":"2026-05-19T23:44:53.576293Z","level":"info","event":"\tat py4j.Gateway.invoke(Gateway.java:282)","logger":"airflow.task.operators.airflow.providers.docker.operators.docker.DockerOperator","filename":"docker.py","lineno":71}
{"timestamp":"2026-05-19T23:44:53.576337Z","level":"info","event":"\tat py4j.commands.AbstractCommand.invokeMethod(AbstractCommand.java:132)","logger":"airflow.task.operators.airflow.providers.docker.operators.docker.DockerOperator","filename":"docker.py","lineno":71}
{"timestamp":"2026-05-19T23:44:53.576405Z","level":"info","event":"\tat py4j.commands.CallCommand.execute(CallCommand.java:79)","logger":"airflow.task.operators.airflow.providers.docker.operators.docker.DockerOperator","filename":"docker.py","lineno":71}
{"timestamp":"2026-05-19T23:44:53.576449Z","level":"info","event":"\tat py4j.ClientServerConnection.waitForCommands(ClientServerConnection.java:182)","logger":"airflow.task.operators.airflow.providers.docker.operators.docker.DockerOperator","filename":"docker.py","lineno":71}
{"timestamp":"2026-05-19T23:44:53.576491Z","level":"info","event":"\tat py4j.ClientServerConnection.run(ClientServerConnection.java:106)","logger":"airflow.task.operators.airflow.providers.docker.operators.docker.DockerOperator","filename":"docker.py","lineno":71}
{"timestamp":"2026-05-19T23:44:53.576533Z","level":"info","event":"\tat java.base/java.lang.Thread.run(Unknown Source)","logger":"airflow.task.operators.airflow.providers.docker.operators.docker.DockerOperator","filename":"docker.py","lineno":71}
{"timestamp":"2026-05-19T23:44:53.576579Z","level":"info","event":"Caused by: java.lang.ClassNotFoundException: scala.collection.SeqOps","logger":"airflow.task.operators.airflow.providers.docker.operators.docker.DockerOperator","filename":"docker.py","lineno":71}
{"timestamp":"2026-05-19T23:44:53.576621Z","level":"info","event":"\tat java.base/jdk.internal.loader.BuiltinClassLoader.loadClass(Unknown Source)","logger":"airflow.task.operators.airflow.providers.docker.operators.docker.DockerOperator","filename":"docker.py","lineno":71}
{"timestamp":"2026-05-19T23:44:53.576663Z","level":"info","event":"\tat java.base/jdk.internal.loader.ClassLoaders$AppClassLoader.loadClass(Unknown Source)","logger":"airflow.task.operators.airflow.providers.docker.operators.docker.DockerOperator","filename":"docker.py","lineno":71}
{"timestamp":"2026-05-19T23:44:53.576706Z","level":"info","event":"\tat java.base/java.lang.ClassLoader.loadClass(Unknown Source)","logger":"airflow.task.operators.airflow.providers.docker.operators.docker.DockerOperator","filename":"docker.py","lineno":71}
{"timestamp":"2026-05-19T23:44:53.576747Z","level":"info","event":"\t... 28 more","logger":"airflow.task.operators.airflow.providers.docker.operators.docker.DockerOperator","filename":"docker.py","lineno":71}
{"timestamp":"2026-05-19T23:44:53.576792Z","level":"info","event":"","logger":"airflow.task.operators.airflow.providers.docker.operators.docker.DockerOperator","filename":"docker.py","lineno":71}
{"timestamp":"2026-05-19T23:44:53.611837Z","level":"info","event":"2026-05-19 23:44:53,610 - ERROR - Error processing table sales.specialofferproduct: An error occurred while calling o44.read.","logger":"airflow.task.operators.airflow.providers.docker.operators.docker.DockerOperator","filename":"docker.py","lineno":71}
{"timestamp":"2026-05-19T23:44:53.612090Z","level":"info","event":": java.lang.NoClassDefFoundError: scala/collection/SeqOps","logger":"airflow.task.operators.airflow.providers.docker.operators.docker.DockerOperator","filename":"docker.py","lineno":71}
{"timestamp":"2026-05-19T23:44:53.612182Z","level":"info","event":"\tat io.delta.sql.parser.DeltaSqlParser.<init>(DeltaSqlParser.scala:77)","logger":"airflow.task.operators.airflow.providers.docker.operators.docker.DockerOperator","filename":"docker.py","lineno":71}
{"timestamp":"2026-05-19T23:44:53.612237Z","level":"info","event":"\tat io.delta.sql.DeltaSparkSessionExtension.$anonfun$apply$1(DeltaSparkSessionExtension.scala:85)","logger":"airflow.task.operators.airflow.providers.docker.operators.docker.DockerOperator","filename":"docker.py","lineno":71}
{"timestamp":"2026-05-19T23:44:53.612287Z","level":"info","event":"\tat org.apache.spark.sql.SparkSessionExtensions.$anonfun$buildParser$1(SparkSessionExtensions.scala:308)","logger":"airflow.task.operators.airflow.providers.docker.operators.docker.DockerOperator","filename":"docker.py","lineno":71}
{"timestamp":"2026-05-19T23:44:53.612334Z","level":"info","event":"\tat scala.collection.IndexedSeqOptimized.foldLeft(IndexedSeqOptimized.scala:60)","logger":"airflow.task.operators.airflow.providers.docker.operators.docker.DockerOperator","filename":"docker.py","lineno":71}
{"timestamp":"2026-05-19T23:44:53.612382Z","level":"info","event":"\tat scala.collection.IndexedSeqOptimized.foldLeft$(IndexedSeqOptimized.scala:68)","logger":"airflow.task.operators.airflow.providers.docker.operators.docker.DockerOperator","filename":"docker.py","lineno":71}
{"timestamp":"2026-05-19T23:44:53.612429Z","level":"info","event":"\tat scala.collection.mutable.ArrayBuffer.foldLeft(ArrayBuffer.scala:49)","logger":"airflow.task.operators.airflow.providers.docker.operators.docker.DockerOperator","filename":"docker.py","lineno":71}
{"timestamp":"2026-05-19T23:44:53.612481Z","level":"info","event":"\tat org.apache.spark.sql.SparkSessionExtensions.buildParser(SparkSessionExtensions.scala:307)","logger":"airflow.task.operators.airflow.providers.docker.operators.docker.DockerOperator","filename":"docker.py","lineno":71}
{"timestamp":"2026-05-19T23:44:53.612533Z","level":"info","event":"\tat org.apache.spark.sql.internal.BaseSessionStateBuilder.sqlParser$lzycompute(BaseSessionStateBuilder.scala:138)","logger":"airflow.task.operators.airflow.providers.docker.operators.docker.DockerOperator","filename":"docker.py","lineno":71}
{"timestamp":"2026-05-19T23:44:53.612585Z","level":"info","event":"\tat org.apache.spark.sql.internal.BaseSessionStateBuilder.sqlParser(BaseSessionStateBuilder.scala:137)","logger":"airflow.task.operators.airflow.providers.docker.operators.docker.DockerOperator","filename":"docker.py","lineno":71}
{"timestamp":"2026-05-19T23:44:53.612704Z","level":"info","event":"\tat org.apache.spark.sql.internal.BaseSessionStateBuilder.build(BaseSessionStateBuilder.scala:373)","logger":"airflow.task.operators.airflow.providers.docker.operators.docker.DockerOperator","filename":"docker.py","lineno":71}
{"timestamp":"2026-05-19T23:44:53.613086Z","level":"info","event":"\tat org.apache.spark.sql.SparkSession$.org$apache$spark$sql$SparkSession$$instantiateSessionState(SparkSession.scala:1319)","logger":"airflow.task.operators.airflow.providers.docker.operators.docker.DockerOperator","filename":"docker.py","lineno":71}
{"timestamp":"2026-05-19T23:44:53.613174Z","level":"info","event":"\tat org.apache.spark.sql.SparkSession.$anonfun$sessionState$2(SparkSession.scala:162)","logger":"airflow.task.operators.airflow.providers.docker.operators.docker.DockerOperator","filename":"docker.py","lineno":71}
{"timestamp":"2026-05-19T23:44:53.613227Z","level":"info","event":"\tat scala.Option.getOrElse(Option.scala:189)","logger":"airflow.task.operators.airflow.providers.docker.operators.docker.DockerOperator","filename":"docker.py","lineno":71}
{"timestamp":"2026-05-19T23:44:53.613274Z","level":"info","event":"\tat org.apache.spark.sql.SparkSession.sessionState$lzycompute(SparkSession.scala:160)","logger":"airflow.task.operators.airflow.providers.docker.operators.docker.DockerOperator","filename":"docker.py","lineno":71}
{"timestamp":"2026-05-19T23:44:53.613320Z","level":"info","event":"\tat org.apache.spark.sql.SparkSession.sessionState(SparkSession.scala:157)","logger":"airflow.task.operators.airflow.providers.docker.operators.docker.DockerOperator","filename":"docker.py","lineno":71}
{"timestamp":"2026-05-19T23:44:53.613366Z","level":"info","event":"\tat org.apache.spark.sql.DataFrameReader.<init>(DataFrameReader.scala:699)","logger":"airflow.task.operators.airflow.providers.docker.operators.docker.DockerOperator","filename":"docker.py","lineno":71}
{"timestamp":"2026-05-19T23:44:53.613410Z","level":"info","event":"\tat org.apache.spark.sql.SparkSession.read(SparkSession.scala:783)","logger":"airflow.task.operators.airflow.providers.docker.operators.docker.DockerOperator","filename":"docker.py","lineno":71}
{"timestamp":"2026-05-19T23:44:53.613456Z","level":"info","event":"\tat jdk.internal.reflect.GeneratedMethodAccessor8.invoke(Unknown Source)","logger":"airflow.task.operators.airflow.providers.docker.operators.docker.DockerOperator","filename":"docker.py","lineno":71}
{"timestamp":"2026-05-19T23:44:53.613500Z","level":"info","event":"\tat java.base/jdk.internal.reflect.DelegatingMethodAccessorImpl.invoke(Unknown Source)","logger":"airflow.task.operators.airflow.providers.docker.operators.docker.DockerOperator","filename":"docker.py","lineno":71}
{"timestamp":"2026-05-19T23:44:53.613547Z","level":"info","event":"\tat java.base/java.lang.reflect.Method.invoke(Unknown Source)","logger":"airflow.task.operators.airflow.providers.docker.operators.docker.DockerOperator","filename":"docker.py","lineno":71}
{"timestamp":"2026-05-19T23:44:53.613598Z","level":"info","event":"\tat py4j.reflection.MethodInvoker.invoke(MethodInvoker.java:244)","logger":"airflow.task.operators.airflow.providers.docker.operators.docker.DockerOperator","filename":"docker.py","lineno":71}
{"timestamp":"2026-05-19T23:44:53.613643Z","level":"info","event":"\tat py4j.reflection.ReflectionEngine.invoke(ReflectionEngine.java:374)","logger":"airflow.task.operators.airflow.providers.docker.operators.docker.DockerOperator","filename":"docker.py","lineno":71}
{"timestamp":"2026-05-19T23:44:53.613686Z","level":"info","event":"\tat py4j.Gateway.invoke(Gateway.java:282)","logger":"airflow.task.operators.airflow.providers.docker.operators.docker.DockerOperator","filename":"docker.py","lineno":71}
{"timestamp":"2026-05-19T23:44:53.613729Z","level":"info","event":"\tat py4j.commands.AbstractCommand.invokeMethod(AbstractCommand.java:132)","logger":"airflow.task.operators.airflow.providers.docker.operators.docker.DockerOperator","filename":"docker.py","lineno":71}
{"timestamp":"2026-05-19T23:44:53.613771Z","level":"info","event":"\tat py4j.commands.CallCommand.execute(CallCommand.java:79)","logger":"airflow.task.operators.airflow.providers.docker.operators.docker.DockerOperator","filename":"docker.py","lineno":71}
{"timestamp":"2026-05-19T23:44:53.613815Z","level":"info","event":"\tat py4j.ClientServerConnection.waitForCommands(ClientServerConnection.java:182)","logger":"airflow.task.operators.airflow.providers.docker.operators.docker.DockerOperator","filename":"docker.py","lineno":71}
{"timestamp":"2026-05-19T23:44:53.613859Z","level":"info","event":"\tat py4j.ClientServerConnection.run(ClientServerConnection.java:106)","logger":"airflow.task.operators.airflow.providers.docker.operators.docker.DockerOperator","filename":"docker.py","lineno":71}
{"timestamp":"2026-05-19T23:44:53.613932Z","level":"info","event":"\tat java.base/java.lang.Thread.run(Unknown Source)","logger":"airflow.task.operators.airflow.providers.docker.operators.docker.DockerOperator","filename":"docker.py","lineno":71}
{"timestamp":"2026-05-19T23:44:53.613985Z","level":"info","event":"Caused by: java.lang.ClassNotFoundException: scala.collection.SeqOps","logger":"airflow.task.operators.airflow.providers.docker.operators.docker.DockerOperator","filename":"docker.py","lineno":71}
{"timestamp":"2026-05-19T23:44:53.614030Z","level":"info","event":"\tat java.base/jdk.internal.loader.BuiltinClassLoader.loadClass(Unknown Source)","logger":"airflow.task.operators.airflow.providers.docker.operators.docker.DockerOperator","filename":"docker.py","lineno":71}
{"timestamp":"2026-05-19T23:44:53.614086Z","level":"info","event":"\tat java.base/jdk.internal.loader.ClassLoaders$AppClassLoader.loadClass(Unknown Source)","logger":"airflow.task.operators.airflow.providers.docker.operators.docker.DockerOperator","filename":"docker.py","lineno":71}
{"timestamp":"2026-05-19T23:44:53.614133Z","level":"info","event":"\tat java.base/java.lang.ClassLoader.loadClass(Unknown Source)","logger":"airflow.task.operators.airflow.providers.docker.operators.docker.DockerOperator","filename":"docker.py","lineno":71}
{"timestamp":"2026-05-19T23:44:53.614177Z","level":"info","event":"\t... 28 more","logger":"airflow.task.operators.airflow.providers.docker.operators.docker.DockerOperator","filename":"docker.py","lineno":71}
{"timestamp":"2026-05-19T23:44:53.614222Z","level":"info","event":"","logger":"airflow.task.operators.airflow.providers.docker.operators.docker.DockerOperator","filename":"docker.py","lineno":71}
{"timestamp":"2026-05-19T23:44:53.623211Z","level":"info","event":"2026-05-19 23:44:53,621 - ERROR - Error processing table sales.store: An error occurred while calling o44.read.","logger":"airflow.task.operators.airflow.providers.docker.operators.docker.DockerOperator","filename":"docker.py","lineno":71}
{"timestamp":"2026-05-19T23:44:53.623425Z","level":"info","event":": java.lang.NoClassDefFoundError: scala/collection/SeqOps","logger":"airflow.task.operators.airflow.providers.docker.operators.docker.DockerOperator","filename":"docker.py","lineno":71}
{"timestamp":"2026-05-19T23:44:53.623521Z","level":"info","event":"\tat io.delta.sql.parser.DeltaSqlParser.<init>(DeltaSqlParser.scala:77)","logger":"airflow.task.operators.airflow.providers.docker.operators.docker.DockerOperator","filename":"docker.py","lineno":71}
{"timestamp":"2026-05-19T23:44:53.623595Z","level":"info","event":"\tat io.delta.sql.DeltaSparkSessionExtension.$anonfun$apply$1(DeltaSparkSessionExtension.scala:85)","logger":"airflow.task.operators.airflow.providers.docker.operators.docker.DockerOperator","filename":"docker.py","lineno":71}
{"timestamp":"2026-05-19T23:44:53.623646Z","level":"info","event":"\tat org.apache.spark.sql.SparkSessionExtensions.$anonfun$buildParser$1(SparkSessionExtensions.scala:308)","logger":"airflow.task.operators.airflow.providers.docker.operators.docker.DockerOperator","filename":"docker.py","lineno":71}
{"timestamp":"2026-05-19T23:44:53.623690Z","level":"info","event":"\tat scala.collection.IndexedSeqOptimized.foldLeft(IndexedSeqOptimized.scala:60)","logger":"airflow.task.operators.airflow.providers.docker.operators.docker.DockerOperator","filename":"docker.py","lineno":71}
{"timestamp":"2026-05-19T23:44:53.623734Z","level":"info","event":"\tat scala.collection.IndexedSeqOptimized.foldLeft$(IndexedSeqOptimized.scala:68)","logger":"airflow.task.operators.airflow.providers.docker.operators.docker.DockerOperator","filename":"docker.py","lineno":71}
{"timestamp":"2026-05-19T23:44:53.623781Z","level":"info","event":"\tat scala.collection.mutable.ArrayBuffer.foldLeft(ArrayBuffer.scala:49)","logger":"airflow.task.operators.airflow.providers.docker.operators.docker.DockerOperator","filename":"docker.py","lineno":71}
{"timestamp":"2026-05-19T23:44:53.623824Z","level":"info","event":"\tat org.apache.spark.sql.SparkSessionExtensions.buildParser(SparkSessionExtensions.scala:307)","logger":"airflow.task.operators.airflow.providers.docker.operators.docker.DockerOperator","filename":"docker.py","lineno":71}
{"timestamp":"2026-05-19T23:44:53.623866Z","level":"info","event":"\tat org.apache.spark.sql.internal.BaseSessionStateBuilder.sqlParser$lzycompute(BaseSessionStateBuilder.scala:138)","logger":"airflow.task.operators.airflow.providers.docker.operators.docker.DockerOperator","filename":"docker.py","lineno":71}
{"timestamp":"2026-05-19T23:44:53.623935Z","level":"info","event":"\tat org.apache.spark.sql.internal.BaseSessionStateBuilder.sqlParser(BaseSessionStateBuilder.scala:137)","logger":"airflow.task.operators.airflow.providers.docker.operators.docker.DockerOperator","filename":"docker.py","lineno":71}
{"timestamp":"2026-05-19T23:44:53.624106Z","level":"info","event":"\tat org.apache.spark.sql.internal.BaseSessionStateBuilder.build(BaseSessionStateBuilder.scala:373)","logger":"airflow.task.operators.airflow.providers.docker.operators.docker.DockerOperator","filename":"docker.py","lineno":71}
{"timestamp":"2026-05-19T23:44:53.624189Z","level":"info","event":"\tat org.apache.spark.sql.SparkSession$.org$apache$spark$sql$SparkSession$$instantiateSessionState(SparkSession.scala:1319)","logger":"airflow.task.operators.airflow.providers.docker.operators.docker.DockerOperator","filename":"docker.py","lineno":71}
{"timestamp":"2026-05-19T23:44:53.624241Z","level":"info","event":"\tat org.apache.spark.sql.SparkSession.$anonfun$sessionState$2(SparkSession.scala:162)","logger":"airflow.task.operators.airflow.providers.docker.operators.docker.DockerOperator","filename":"docker.py","lineno":71}
{"timestamp":"2026-05-19T23:44:53.624289Z","level":"info","event":"\tat scala.Option.getOrElse(Option.scala:189)","logger":"airflow.task.operators.airflow.providers.docker.operators.docker.DockerOperator","filename":"docker.py","lineno":71}
{"timestamp":"2026-05-19T23:44:53.625345Z","level":"info","event":"\tat org.apache.spark.sql.SparkSession.sessionState$lzycompute(SparkSession.scala:160)","logger":"airflow.task.operators.airflow.providers.docker.operators.docker.DockerOperator","filename":"docker.py","lineno":71}
{"timestamp":"2026-05-19T23:44:53.625634Z","level":"info","event":"\tat org.apache.spark.sql.SparkSession.sessionState(SparkSession.scala:157)","logger":"airflow.task.operators.airflow.providers.docker.operators.docker.DockerOperator","filename":"docker.py","lineno":71}
{"timestamp":"2026-05-19T23:44:53.625695Z","level":"info","event":"\tat org.apache.spark.sql.DataFrameReader.<init>(DataFrameReader.scala:699)","logger":"airflow.task.operators.airflow.providers.docker.operators.docker.DockerOperator","filename":"docker.py","lineno":71}
{"timestamp":"2026-05-19T23:44:53.625760Z","level":"info","event":"\tat org.apache.spark.sql.SparkSession.read(SparkSession.scala:783)","logger":"airflow.task.operators.airflow.providers.docker.operators.docker.DockerOperator","filename":"docker.py","lineno":71}
{"timestamp":"2026-05-19T23:44:53.625817Z","level":"info","event":"\tat jdk.internal.reflect.GeneratedMethodAccessor8.invoke(Unknown Source)","logger":"airflow.task.operators.airflow.providers.docker.operators.docker.DockerOperator","filename":"docker.py","lineno":71}
{"timestamp":"2026-05-19T23:44:53.625870Z","level":"info","event":"\tat java.base/jdk.internal.reflect.DelegatingMethodAccessorImpl.invoke(Unknown Source)","logger":"airflow.task.operators.airflow.providers.docker.operators.docker.DockerOperator","filename":"docker.py","lineno":71}
{"timestamp":"2026-05-19T23:44:53.626094Z","level":"info","event":"\tat java.base/java.lang.reflect.Method.invoke(Unknown Source)","logger":"airflow.task.operators.airflow.providers.docker.operators.docker.DockerOperator","filename":"docker.py","lineno":71}
{"timestamp":"2026-05-19T23:44:53.626166Z","level":"info","event":"\tat py4j.reflection.MethodInvoker.invoke(MethodInvoker.java:244)","logger":"airflow.task.operators.airflow.providers.docker.operators.docker.DockerOperator","filename":"docker.py","lineno":71}
{"timestamp":"2026-05-19T23:44:53.626232Z","level":"info","event":"\tat py4j.reflection.ReflectionEngine.invoke(ReflectionEngine.java:374)","logger":"airflow.task.operators.airflow.providers.docker.operators.docker.DockerOperator","filename":"docker.py","lineno":71}
{"timestamp":"2026-05-19T23:44:53.626303Z","level":"info","event":"\tat py4j.Gateway.invoke(Gateway.java:282)","logger":"airflow.task.operators.airflow.providers.docker.operators.docker.DockerOperator","filename":"docker.py","lineno":71}
{"timestamp":"2026-05-19T23:44:53.626528Z","level":"info","event":"\tat py4j.commands.AbstractCommand.invokeMethod(AbstractCommand.java:132)","logger":"airflow.task.operators.airflow.providers.docker.operators.docker.DockerOperator","filename":"docker.py","lineno":71}
{"timestamp":"2026-05-19T23:44:53.626608Z","level":"info","event":"\tat py4j.commands.CallCommand.execute(CallCommand.java:79)","logger":"airflow.task.operators.airflow.providers.docker.operators.docker.DockerOperator","filename":"docker.py","lineno":71}
{"timestamp":"2026-05-19T23:44:53.626662Z","level":"info","event":"\tat py4j.ClientServerConnection.waitForCommands(ClientServerConnection.java:182)","logger":"airflow.task.operators.airflow.providers.docker.operators.docker.DockerOperator","filename":"docker.py","lineno":71}
{"timestamp":"2026-05-19T23:44:53.626725Z","level":"info","event":"\tat py4j.ClientServerConnection.run(ClientServerConnection.java:106)","logger":"airflow.task.operators.airflow.providers.docker.operators.docker.DockerOperator","filename":"docker.py","lineno":71}
{"timestamp":"2026-05-19T23:44:53.626793Z","level":"info","event":"\tat java.base/java.lang.Thread.run(Unknown Source)","logger":"airflow.task.operators.airflow.providers.docker.operators.docker.DockerOperator","filename":"docker.py","lineno":71}
{"timestamp":"2026-05-19T23:44:53.626850Z","level":"info","event":"Caused by: java.lang.ClassNotFoundException: scala.collection.SeqOps","logger":"airflow.task.operators.airflow.providers.docker.operators.docker.DockerOperator","filename":"docker.py","lineno":71}
{"timestamp":"2026-05-19T23:44:53.626922Z","level":"info","event":"\tat java.base/jdk.internal.loader.BuiltinClassLoader.loadClass(Unknown Source)","logger":"airflow.task.operators.airflow.providers.docker.operators.docker.DockerOperator","filename":"docker.py","lineno":71}
{"timestamp":"2026-05-19T23:44:53.626985Z","level":"info","event":"\tat java.base/jdk.internal.loader.ClassLoaders$AppClassLoader.loadClass(Unknown Source)","logger":"airflow.task.operators.airflow.providers.docker.operators.docker.DockerOperator","filename":"docker.py","lineno":71}
{"timestamp":"2026-05-19T23:44:53.627041Z","level":"info","event":"\tat java.base/java.lang.ClassLoader.loadClass(Unknown Source)","logger":"airflow.task.operators.airflow.providers.docker.operators.docker.DockerOperator","filename":"docker.py","lineno":71}
{"timestamp":"2026-05-19T23:44:53.627097Z","level":"info","event":"\t... 28 more","logger":"airflow.task.operators.airflow.providers.docker.operators.docker.DockerOperator","filename":"docker.py","lineno":71}
{"timestamp":"2026-05-19T23:44:53.627148Z","level":"info","event":"","logger":"airflow.task.operators.airflow.providers.docker.operators.docker.DockerOperator","filename":"docker.py","lineno":71}
{"timestamp":"2026-05-19T23:44:53.638348Z","level":"info","event":"2026-05-19 23:44:53,636 - ERROR - Error processing table humanresources.department: An error occurred while calling o44.read.","logger":"airflow.task.operators.airflow.providers.docker.operators.docker.DockerOperator","filename":"docker.py","lineno":71}
{"timestamp":"2026-05-19T23:44:53.638625Z","level":"info","event":": java.lang.NoClassDefFoundError: scala/collection/SeqOps","logger":"airflow.task.operators.airflow.providers.docker.operators.docker.DockerOperator","filename":"docker.py","lineno":71}
{"timestamp":"2026-05-19T23:44:53.638708Z","level":"info","event":"\tat io.delta.sql.parser.DeltaSqlParser.<init>(DeltaSqlParser.scala:77)","logger":"airflow.task.operators.airflow.providers.docker.operators.docker.DockerOperator","filename":"docker.py","lineno":71}
{"timestamp":"2026-05-19T23:44:53.638765Z","level":"info","event":"\tat io.delta.sql.DeltaSparkSessionExtension.$anonfun$apply$1(DeltaSparkSessionExtension.scala:85)","logger":"airflow.task.operators.airflow.providers.docker.operators.docker.DockerOperator","filename":"docker.py","lineno":71}
{"timestamp":"2026-05-19T23:44:53.639094Z","level":"info","event":"\tat org.apache.spark.sql.SparkSessionExtensions.$anonfun$buildParser$1(SparkSessionExtensions.scala:308)","logger":"airflow.task.operators.airflow.providers.docker.operators.docker.DockerOperator","filename":"docker.py","lineno":71}
{"timestamp":"2026-05-19T23:44:53.639165Z","level":"info","event":"\tat scala.collection.IndexedSeqOptimized.foldLeft(IndexedSeqOptimized.scala:60)","logger":"airflow.task.operators.airflow.providers.docker.operators.docker.DockerOperator","filename":"docker.py","lineno":71}
{"timestamp":"2026-05-19T23:44:53.639220Z","level":"info","event":"\tat scala.collection.IndexedSeqOptimized.foldLeft$(IndexedSeqOptimized.scala:68)","logger":"airflow.task.operators.airflow.providers.docker.operators.docker.DockerOperator","filename":"docker.py","lineno":71}
{"timestamp":"2026-05-19T23:44:53.639274Z","level":"info","event":"\tat scala.collection.mutable.ArrayBuffer.foldLeft(ArrayBuffer.scala:49)","logger":"airflow.task.operators.airflow.providers.docker.operators.docker.DockerOperator","filename":"docker.py","lineno":71}
{"timestamp":"2026-05-19T23:44:53.639342Z","level":"info","event":"\tat org.apache.spark.sql.SparkSessionExtensions.buildParser(SparkSessionExtensions.scala:307)","logger":"airflow.task.operators.airflow.providers.docker.operators.docker.DockerOperator","filename":"docker.py","lineno":71}
{"timestamp":"2026-05-19T23:44:53.639405Z","level":"info","event":"\tat org.apache.spark.sql.internal.BaseSessionStateBuilder.sqlParser$lzycompute(BaseSessionStateBuilder.scala:138)","logger":"airflow.task.operators.airflow.providers.docker.operators.docker.DockerOperator","filename":"docker.py","lineno":71}
{"timestamp":"2026-05-19T23:44:53.639457Z","level":"info","event":"\tat org.apache.spark.sql.internal.BaseSessionStateBuilder.sqlParser(BaseSessionStateBuilder.scala:137)","logger":"airflow.task.operators.airflow.providers.docker.operators.docker.DockerOperator","filename":"docker.py","lineno":71}
{"timestamp":"2026-05-19T23:44:53.639693Z","level":"info","event":"\tat org.apache.spark.sql.internal.BaseSessionStateBuilder.build(BaseSessionStateBuilder.scala:373)","logger":"airflow.task.operators.airflow.providers.docker.operators.docker.DockerOperator","filename":"docker.py","lineno":71}
{"timestamp":"2026-05-19T23:44:53.639804Z","level":"info","event":"\tat org.apache.spark.sql.SparkSession$.org$apache$spark$sql$SparkSession$$instantiateSessionState(SparkSession.scala:1319)","logger":"airflow.task.operators.airflow.providers.docker.operators.docker.DockerOperator","filename":"docker.py","lineno":71}
{"timestamp":"2026-05-19T23:44:53.639878Z","level":"info","event":"\tat org.apache.spark.sql.SparkSession.$anonfun$sessionState$2(SparkSession.scala:162)","logger":"airflow.task.operators.airflow.providers.docker.operators.docker.DockerOperator","filename":"docker.py","lineno":71}
{"timestamp":"2026-05-19T23:44:53.639981Z","level":"info","event":"\tat scala.Option.getOrElse(Option.scala:189)","logger":"airflow.task.operators.airflow.providers.docker.operators.docker.DockerOperator","filename":"docker.py","lineno":71}
{"timestamp":"2026-05-19T23:44:53.640039Z","level":"info","event":"\tat org.apache.spark.sql.SparkSession.sessionState$lzycompute(SparkSession.scala:160)","logger":"airflow.task.operators.airflow.providers.docker.operators.docker.DockerOperator","filename":"docker.py","lineno":71}
{"timestamp":"2026-05-19T23:44:53.640101Z","level":"info","event":"\tat org.apache.spark.sql.SparkSession.sessionState(SparkSession.scala:157)","logger":"airflow.task.operators.airflow.providers.docker.operators.docker.DockerOperator","filename":"docker.py","lineno":71}
{"timestamp":"2026-05-19T23:44:53.640166Z","level":"info","event":"\tat org.apache.spark.sql.DataFrameReader.<init>(DataFrameReader.scala:699)","logger":"airflow.task.operators.airflow.providers.docker.operators.docker.DockerOperator","filename":"docker.py","lineno":71}
{"timestamp":"2026-05-19T23:44:53.640225Z","level":"info","event":"\tat org.apache.spark.sql.SparkSession.read(SparkSession.scala:783)","logger":"airflow.task.operators.airflow.providers.docker.operators.docker.DockerOperator","filename":"docker.py","lineno":71}
{"timestamp":"2026-05-19T23:44:53.640278Z","level":"info","event":"\tat jdk.internal.reflect.GeneratedMethodAccessor8.invoke(Unknown Source)","logger":"airflow.task.operators.airflow.providers.docker.operators.docker.DockerOperator","filename":"docker.py","lineno":71}
{"timestamp":"2026-05-19T23:44:53.640335Z","level":"info","event":"\tat java.base/jdk.internal.reflect.DelegatingMethodAccessorImpl.invoke(Unknown Source)","logger":"airflow.task.operators.airflow.providers.docker.operators.docker.DockerOperator","filename":"docker.py","lineno":71}
{"timestamp":"2026-05-19T23:44:53.640412Z","level":"info","event":"\tat java.base/java.lang.reflect.Method.invoke(Unknown Source)","logger":"airflow.task.operators.airflow.providers.docker.operators.docker.DockerOperator","filename":"docker.py","lineno":71}
{"timestamp":"2026-05-19T23:44:53.640482Z","level":"info","event":"\tat py4j.reflection.MethodInvoker.invoke(MethodInvoker.java:244)","logger":"airflow.task.operators.airflow.providers.docker.operators.docker.DockerOperator","filename":"docker.py","lineno":71}
{"timestamp":"2026-05-19T23:44:53.640536Z","level":"info","event":"\tat py4j.reflection.ReflectionEngine.invoke(ReflectionEngine.java:374)","logger":"airflow.task.operators.airflow.providers.docker.operators.docker.DockerOperator","filename":"docker.py","lineno":71}
{"timestamp":"2026-05-19T23:44:53.640654Z","level":"info","event":"\tat py4j.Gateway.invoke(Gateway.java:282)","logger":"airflow.task.operators.airflow.providers.docker.operators.docker.DockerOperator","filename":"docker.py","lineno":71}
{"timestamp":"2026-05-19T23:44:53.640725Z","level":"info","event":"\tat py4j.commands.AbstractCommand.invokeMethod(AbstractCommand.java:132)","logger":"airflow.task.operators.airflow.providers.docker.operators.docker.DockerOperator","filename":"docker.py","lineno":71}
{"timestamp":"2026-05-19T23:44:53.640775Z","level":"info","event":"\tat py4j.commands.CallCommand.execute(CallCommand.java:79)","logger":"airflow.task.operators.airflow.providers.docker.operators.docker.DockerOperator","filename":"docker.py","lineno":71}
{"timestamp":"2026-05-19T23:44:53.640829Z","level":"info","event":"\tat py4j.ClientServerConnection.waitForCommands(ClientServerConnection.java:182)","logger":"airflow.task.operators.airflow.providers.docker.operators.docker.DockerOperator","filename":"docker.py","lineno":71}
{"timestamp":"2026-05-19T23:44:53.640916Z","level":"info","event":"\tat py4j.ClientServerConnection.run(ClientServerConnection.java:106)","logger":"airflow.task.operators.airflow.providers.docker.operators.docker.DockerOperator","filename":"docker.py","lineno":71}
{"timestamp":"2026-05-19T23:44:53.640983Z","level":"info","event":"\tat java.base/java.lang.Thread.run(Unknown Source)","logger":"airflow.task.operators.airflow.providers.docker.operators.docker.DockerOperator","filename":"docker.py","lineno":71}
{"timestamp":"2026-05-19T23:44:53.641042Z","level":"info","event":"Caused by: java.lang.ClassNotFoundException: scala.collection.SeqOps","logger":"airflow.task.operators.airflow.providers.docker.operators.docker.DockerOperator","filename":"docker.py","lineno":71}
{"timestamp":"2026-05-19T23:44:53.641102Z","level":"info","event":"\tat java.base/jdk.internal.loader.BuiltinClassLoader.loadClass(Unknown Source)","logger":"airflow.task.operators.airflow.providers.docker.operators.docker.DockerOperator","filename":"docker.py","lineno":71}
{"timestamp":"2026-05-19T23:44:53.641167Z","level":"info","event":"\tat java.base/jdk.internal.loader.ClassLoaders$AppClassLoader.loadClass(Unknown Source)","logger":"airflow.task.operators.airflow.providers.docker.operators.docker.DockerOperator","filename":"docker.py","lineno":71}
{"timestamp":"2026-05-19T23:44:53.641237Z","level":"info","event":"\tat java.base/java.lang.ClassLoader.loadClass(Unknown Source)","logger":"airflow.task.operators.airflow.providers.docker.operators.docker.DockerOperator","filename":"docker.py","lineno":71}
{"timestamp":"2026-05-19T23:44:53.641290Z","level":"info","event":"\t... 28 more","logger":"airflow.task.operators.airflow.providers.docker.operators.docker.DockerOperator","filename":"docker.py","lineno":71}
{"timestamp":"2026-05-19T23:44:53.641337Z","level":"info","event":"","logger":"airflow.task.operators.airflow.providers.docker.operators.docker.DockerOperator","filename":"docker.py","lineno":71}
{"timestamp":"2026-05-19T23:44:53.648142Z","level":"info","event":"2026-05-19 23:44:53,646 - ERROR - Error processing table humanresources.employee: An error occurred while calling o44.read.","logger":"airflow.task.operators.airflow.providers.docker.operators.docker.DockerOperator","filename":"docker.py","lineno":71}
{"timestamp":"2026-05-19T23:44:53.648391Z","level":"info","event":": java.lang.NoClassDefFoundError: scala/collection/SeqOps","logger":"airflow.task.operators.airflow.providers.docker.operators.docker.DockerOperator","filename":"docker.py","lineno":71}
{"timestamp":"2026-05-19T23:44:53.648502Z","level":"info","event":"\tat io.delta.sql.parser.DeltaSqlParser.<init>(DeltaSqlParser.scala:77)","logger":"airflow.task.operators.airflow.providers.docker.operators.docker.DockerOperator","filename":"docker.py","lineno":71}
{"timestamp":"2026-05-19T23:44:53.648564Z","level":"info","event":"\tat io.delta.sql.DeltaSparkSessionExtension.$anonfun$apply$1(DeltaSparkSessionExtension.scala:85)","logger":"airflow.task.operators.airflow.providers.docker.operators.docker.DockerOperator","filename":"docker.py","lineno":71}
{"timestamp":"2026-05-19T23:44:53.648628Z","level":"info","event":"\tat org.apache.spark.sql.SparkSessionExtensions.$anonfun$buildParser$1(SparkSessionExtensions.scala:308)","logger":"airflow.task.operators.airflow.providers.docker.operators.docker.DockerOperator","filename":"docker.py","lineno":71}
{"timestamp":"2026-05-19T23:44:53.648689Z","level":"info","event":"\tat scala.collection.IndexedSeqOptimized.foldLeft(IndexedSeqOptimized.scala:60)","logger":"airflow.task.operators.airflow.providers.docker.operators.docker.DockerOperator","filename":"docker.py","lineno":71}
{"timestamp":"2026-05-19T23:44:53.648741Z","level":"info","event":"\tat scala.collection.IndexedSeqOptimized.foldLeft$(IndexedSeqOptimized.scala:68)","logger":"airflow.task.operators.airflow.providers.docker.operators.docker.DockerOperator","filename":"docker.py","lineno":71}
{"timestamp":"2026-05-19T23:44:53.648786Z","level":"info","event":"\tat scala.collection.mutable.ArrayBuffer.foldLeft(ArrayBuffer.scala:49)","logger":"airflow.task.operators.airflow.providers.docker.operators.docker.DockerOperator","filename":"docker.py","lineno":71}
{"timestamp":"2026-05-19T23:44:53.648844Z","level":"info","event":"\tat org.apache.spark.sql.SparkSessionExtensions.buildParser(SparkSessionExtensions.scala:307)","logger":"airflow.task.operators.airflow.providers.docker.operators.docker.DockerOperator","filename":"docker.py","lineno":71}
{"timestamp":"2026-05-19T23:44:53.648918Z","level":"info","event":"\tat org.apache.spark.sql.internal.BaseSessionStateBuilder.sqlParser$lzycompute(BaseSessionStateBuilder.scala:138)","logger":"airflow.task.operators.airflow.providers.docker.operators.docker.DockerOperator","filename":"docker.py","lineno":71}
{"timestamp":"2026-05-19T23:44:53.648991Z","level":"info","event":"\tat org.apache.spark.sql.internal.BaseSessionStateBuilder.sqlParser(BaseSessionStateBuilder.scala:137)","logger":"airflow.task.operators.airflow.providers.docker.operators.docker.DockerOperator","filename":"docker.py","lineno":71}
{"timestamp":"2026-05-19T23:44:53.649067Z","level":"info","event":"\tat org.apache.spark.sql.internal.BaseSessionStateBuilder.build(BaseSessionStateBuilder.scala:373)","logger":"airflow.task.operators.airflow.providers.docker.operators.docker.DockerOperator","filename":"docker.py","lineno":71}
{"timestamp":"2026-05-19T23:44:53.649135Z","level":"info","event":"\tat org.apache.spark.sql.SparkSession$.org$apache$spark$sql$SparkSession$$instantiateSessionState(SparkSession.scala:1319)","logger":"airflow.task.operators.airflow.providers.docker.operators.docker.DockerOperator","filename":"docker.py","lineno":71}
{"timestamp":"2026-05-19T23:44:53.649205Z","level":"info","event":"\tat org.apache.spark.sql.SparkSession.$anonfun$sessionState$2(SparkSession.scala:162)","logger":"airflow.task.operators.airflow.providers.docker.operators.docker.DockerOperator","filename":"docker.py","lineno":71}
{"timestamp":"2026-05-19T23:44:53.649282Z","level":"info","event":"\tat scala.Option.getOrElse(Option.scala:189)","logger":"airflow.task.operators.airflow.providers.docker.operators.docker.DockerOperator","filename":"docker.py","lineno":71}
{"timestamp":"2026-05-19T23:44:53.649326Z","level":"info","event":"\tat org.apache.spark.sql.SparkSession.sessionState$lzycompute(SparkSession.scala:160)","logger":"airflow.task.operators.airflow.providers.docker.operators.docker.DockerOperator","filename":"docker.py","lineno":71}
{"timestamp":"2026-05-19T23:44:53.649385Z","level":"info","event":"\tat org.apache.spark.sql.SparkSession.sessionState(SparkSession.scala:157)","logger":"airflow.task.operators.airflow.providers.docker.operators.docker.DockerOperator","filename":"docker.py","lineno":71}
{"timestamp":"2026-05-19T23:44:53.649444Z","level":"info","event":"\tat org.apache.spark.sql.DataFrameReader.<init>(DataFrameReader.scala:699)","logger":"airflow.task.operators.airflow.providers.docker.operators.docker.DockerOperator","filename":"docker.py","lineno":71}
{"timestamp":"2026-05-19T23:44:53.649492Z","level":"info","event":"\tat org.apache.spark.sql.SparkSession.read(SparkSession.scala:783)","logger":"airflow.task.operators.airflow.providers.docker.operators.docker.DockerOperator","filename":"docker.py","lineno":71}
{"timestamp":"2026-05-19T23:44:53.649525Z","level":"info","event":"\tat jdk.internal.reflect.GeneratedMethodAccessor8.invoke(Unknown Source)","logger":"airflow.task.operators.airflow.providers.docker.operators.docker.DockerOperator","filename":"docker.py","lineno":71}
{"timestamp":"2026-05-19T23:44:53.649558Z","level":"info","event":"\tat java.base/jdk.internal.reflect.DelegatingMethodAccessorImpl.invoke(Unknown Source)","logger":"airflow.task.operators.airflow.providers.docker.operators.docker.DockerOperator","filename":"docker.py","lineno":71}
{"timestamp":"2026-05-19T23:44:53.649590Z","level":"info","event":"\tat java.base/java.lang.reflect.Method.invoke(Unknown Source)","logger":"airflow.task.operators.airflow.providers.docker.operators.docker.DockerOperator","filename":"docker.py","lineno":71}
{"timestamp":"2026-05-19T23:44:53.649619Z","level":"info","event":"\tat py4j.reflection.MethodInvoker.invoke(MethodInvoker.java:244)","logger":"airflow.task.operators.airflow.providers.docker.operators.docker.DockerOperator","filename":"docker.py","lineno":71}
{"timestamp":"2026-05-19T23:44:53.649648Z","level":"info","event":"\tat py4j.reflection.ReflectionEngine.invoke(ReflectionEngine.java:374)","logger":"airflow.task.operators.airflow.providers.docker.operators.docker.DockerOperator","filename":"docker.py","lineno":71}
{"timestamp":"2026-05-19T23:44:53.649676Z","level":"info","event":"\tat py4j.Gateway.invoke(Gateway.java:282)","logger":"airflow.task.operators.airflow.providers.docker.operators.docker.DockerOperator","filename":"docker.py","lineno":71}
{"timestamp":"2026-05-19T23:44:53.649704Z","level":"info","event":"\tat py4j.commands.AbstractCommand.invokeMethod(AbstractCommand.java:132)","logger":"airflow.task.operators.airflow.providers.docker.operators.docker.DockerOperator","filename":"docker.py","lineno":71}
{"timestamp":"2026-05-19T23:44:53.649732Z","level":"info","event":"\tat py4j.commands.CallCommand.execute(CallCommand.java:79)","logger":"airflow.task.operators.airflow.providers.docker.operators.docker.DockerOperator","filename":"docker.py","lineno":71}
{"timestamp":"2026-05-19T23:44:53.649761Z","level":"info","event":"\tat py4j.ClientServerConnection.waitForCommands(ClientServerConnection.java:182)","logger":"airflow.task.operators.airflow.providers.docker.operators.docker.DockerOperator","filename":"docker.py","lineno":71}
{"timestamp":"2026-05-19T23:44:53.649790Z","level":"info","event":"\tat py4j.ClientServerConnection.run(ClientServerConnection.java:106)","logger":"airflow.task.operators.airflow.providers.docker.operators.docker.DockerOperator","filename":"docker.py","lineno":71}
{"timestamp":"2026-05-19T23:44:53.649819Z","level":"info","event":"\tat java.base/java.lang.Thread.run(Unknown Source)","logger":"airflow.task.operators.airflow.providers.docker.operators.docker.DockerOperator","filename":"docker.py","lineno":71}
{"timestamp":"2026-05-19T23:44:53.649847Z","level":"info","event":"Caused by: java.lang.ClassNotFoundException: scala.collection.SeqOps","logger":"airflow.task.operators.airflow.providers.docker.operators.docker.DockerOperator","filename":"docker.py","lineno":71}
{"timestamp":"2026-05-19T23:44:53.649874Z","level":"info","event":"\tat java.base/jdk.internal.loader.BuiltinClassLoader.loadClass(Unknown Source)","logger":"airflow.task.operators.airflow.providers.docker.operators.docker.DockerOperator","filename":"docker.py","lineno":71}
{"timestamp":"2026-05-19T23:44:53.649943Z","level":"info","event":"\tat java.base/jdk.internal.loader.ClassLoaders$AppClassLoader.loadClass(Unknown Source)","logger":"airflow.task.operators.airflow.providers.docker.operators.docker.DockerOperator","filename":"docker.py","lineno":71}
{"timestamp":"2026-05-19T23:44:53.650004Z","level":"info","event":"\tat java.base/java.lang.ClassLoader.loadClass(Unknown Source)","logger":"airflow.task.operators.airflow.providers.docker.operators.docker.DockerOperator","filename":"docker.py","lineno":71}
{"timestamp":"2026-05-19T23:44:53.650038Z","level":"info","event":"\t... 28 more","logger":"airflow.task.operators.airflow.providers.docker.operators.docker.DockerOperator","filename":"docker.py","lineno":71}
{"timestamp":"2026-05-19T23:44:53.650068Z","level":"info","event":"","logger":"airflow.task.operators.airflow.providers.docker.operators.docker.DockerOperator","filename":"docker.py","lineno":71}
{"timestamp":"2026-05-19T23:44:53.651681Z","level":"info","event":"2026-05-19 23:44:53,649 - ERROR - Error processing table person.countryregion: An error occurred while calling o44.read.","logger":"airflow.task.operators.airflow.providers.docker.operators.docker.DockerOperator","filename":"docker.py","lineno":71}
{"timestamp":"2026-05-19T23:44:53.651788Z","level":"info","event":": java.lang.NoClassDefFoundError: scala/collection/SeqOps","logger":"airflow.task.operators.airflow.providers.docker.operators.docker.DockerOperator","filename":"docker.py","lineno":71}
{"timestamp":"2026-05-19T23:44:53.651848Z","level":"info","event":"\tat io.delta.sql.parser.DeltaSqlParser.<init>(DeltaSqlParser.scala:77)","logger":"airflow.task.operators.airflow.providers.docker.operators.docker.DockerOperator","filename":"docker.py","lineno":71}
{"timestamp":"2026-05-19T23:44:53.651922Z","level":"info","event":"\tat io.delta.sql.DeltaSparkSessionExtension.$anonfun$apply$1(DeltaSparkSessionExtension.scala:85)","logger":"airflow.task.operators.airflow.providers.docker.operators.docker.DockerOperator","filename":"docker.py","lineno":71}
{"timestamp":"2026-05-19T23:44:53.652001Z","level":"info","event":"\tat org.apache.spark.sql.SparkSessionExtensions.$anonfun$buildParser$1(SparkSessionExtensions.scala:308)","logger":"airflow.task.operators.airflow.providers.docker.operators.docker.DockerOperator","filename":"docker.py","lineno":71}
{"timestamp":"2026-05-19T23:44:53.652055Z","level":"info","event":"\tat scala.collection.IndexedSeqOptimized.foldLeft(IndexedSeqOptimized.scala:60)","logger":"airflow.task.operators.airflow.providers.docker.operators.docker.DockerOperator","filename":"docker.py","lineno":71}
{"timestamp":"2026-05-19T23:44:53.652116Z","level":"info","event":"\tat scala.collection.IndexedSeqOptimized.foldLeft$(IndexedSeqOptimized.scala:68)","logger":"airflow.task.operators.airflow.providers.docker.operators.docker.DockerOperator","filename":"docker.py","lineno":71}
{"timestamp":"2026-05-19T23:44:53.652167Z","level":"info","event":"\tat scala.collection.mutable.ArrayBuffer.foldLeft(ArrayBuffer.scala:49)","logger":"airflow.task.operators.airflow.providers.docker.operators.docker.DockerOperator","filename":"docker.py","lineno":71}
{"timestamp":"2026-05-19T23:44:53.652222Z","level":"info","event":"\tat org.apache.spark.sql.SparkSessionExtensions.buildParser(SparkSessionExtensions.scala:307)","logger":"airflow.task.operators.airflow.providers.docker.operators.docker.DockerOperator","filename":"docker.py","lineno":71}
{"timestamp":"2026-05-19T23:44:53.652276Z","level":"info","event":"\tat org.apache.spark.sql.internal.BaseSessionStateBuilder.sqlParser$lzycompute(BaseSessionStateBuilder.scala:138)","logger":"airflow.task.operators.airflow.providers.docker.operators.docker.DockerOperator","filename":"docker.py","lineno":71}
{"timestamp":"2026-05-19T23:44:53.652325Z","level":"info","event":"\tat org.apache.spark.sql.internal.BaseSessionStateBuilder.sqlParser(BaseSessionStateBuilder.scala:137)","logger":"airflow.task.operators.airflow.providers.docker.operators.docker.DockerOperator","filename":"docker.py","lineno":71}
{"timestamp":"2026-05-19T23:44:53.652381Z","level":"info","event":"\tat org.apache.spark.sql.internal.BaseSessionStateBuilder.build(BaseSessionStateBuilder.scala:373)","logger":"airflow.task.operators.airflow.providers.docker.operators.docker.DockerOperator","filename":"docker.py","lineno":71}
{"timestamp":"2026-05-19T23:44:53.652429Z","level":"info","event":"\tat org.apache.spark.sql.SparkSession$.org$apache$spark$sql$SparkSession$$instantiateSessionState(SparkSession.scala:1319)","logger":"airflow.task.operators.airflow.providers.docker.operators.docker.DockerOperator","filename":"docker.py","lineno":71}
{"timestamp":"2026-05-19T23:44:53.652480Z","level":"info","event":"\tat org.apache.spark.sql.SparkSession.$anonfun$sessionState$2(SparkSession.scala:162)","logger":"airflow.task.operators.airflow.providers.docker.operators.docker.DockerOperator","filename":"docker.py","lineno":71}
{"timestamp":"2026-05-19T23:44:53.652539Z","level":"info","event":"\tat scala.Option.getOrElse(Option.scala:189)","logger":"airflow.task.operators.airflow.providers.docker.operators.docker.DockerOperator","filename":"docker.py","lineno":71}
{"timestamp":"2026-05-19T23:44:53.652609Z","level":"info","event":"\tat org.apache.spark.sql.SparkSession.sessionState$lzycompute(SparkSession.scala:160)","logger":"airflow.task.operators.airflow.providers.docker.operators.docker.DockerOperator","filename":"docker.py","lineno":71}
{"timestamp":"2026-05-19T23:44:53.652680Z","level":"info","event":"\tat org.apache.spark.sql.SparkSession.sessionState(SparkSession.scala:157)","logger":"airflow.task.operators.airflow.providers.docker.operators.docker.DockerOperator","filename":"docker.py","lineno":71}
{"timestamp":"2026-05-19T23:44:53.652755Z","level":"info","event":"\tat org.apache.spark.sql.DataFrameReader.<init>(DataFrameReader.scala:699)","logger":"airflow.task.operators.airflow.providers.docker.operators.docker.DockerOperator","filename":"docker.py","lineno":71}
{"timestamp":"2026-05-19T23:44:53.652825Z","level":"info","event":"\tat org.apache.spark.sql.SparkSession.read(SparkSession.scala:783)","logger":"airflow.task.operators.airflow.providers.docker.operators.docker.DockerOperator","filename":"docker.py","lineno":71}
{"timestamp":"2026-05-19T23:44:53.652892Z","level":"info","event":"\tat jdk.internal.reflect.GeneratedMethodAccessor8.invoke(Unknown Source)","logger":"airflow.task.operators.airflow.providers.docker.operators.docker.DockerOperator","filename":"docker.py","lineno":71}
{"timestamp":"2026-05-19T23:44:53.652980Z","level":"info","event":"\tat java.base/jdk.internal.reflect.DelegatingMethodAccessorImpl.invoke(Unknown Source)","logger":"airflow.task.operators.airflow.providers.docker.operators.docker.DockerOperator","filename":"docker.py","lineno":71}
{"timestamp":"2026-05-19T23:44:53.653025Z","level":"info","event":"\tat java.base/java.lang.reflect.Method.invoke(Unknown Source)","logger":"airflow.task.operators.airflow.providers.docker.operators.docker.DockerOperator","filename":"docker.py","lineno":71}
{"timestamp":"2026-05-19T23:44:53.653057Z","level":"info","event":"\tat py4j.reflection.MethodInvoker.invoke(MethodInvoker.java:244)","logger":"airflow.task.operators.airflow.providers.docker.operators.docker.DockerOperator","filename":"docker.py","lineno":71}
{"timestamp":"2026-05-19T23:44:53.653086Z","level":"info","event":"\tat py4j.reflection.ReflectionEngine.invoke(ReflectionEngine.java:374)","logger":"airflow.task.operators.airflow.providers.docker.operators.docker.DockerOperator","filename":"docker.py","lineno":71}
{"timestamp":"2026-05-19T23:44:53.653115Z","level":"info","event":"\tat py4j.Gateway.invoke(Gateway.java:282)","logger":"airflow.task.operators.airflow.providers.docker.operators.docker.DockerOperator","filename":"docker.py","lineno":71}
{"timestamp":"2026-05-19T23:44:53.653144Z","level":"info","event":"\tat py4j.commands.AbstractCommand.invokeMethod(AbstractCommand.java:132)","logger":"airflow.task.operators.airflow.providers.docker.operators.docker.DockerOperator","filename":"docker.py","lineno":71}
{"timestamp":"2026-05-19T23:44:53.653173Z","level":"info","event":"\tat py4j.commands.CallCommand.execute(CallCommand.java:79)","logger":"airflow.task.operators.airflow.providers.docker.operators.docker.DockerOperator","filename":"docker.py","lineno":71}
{"timestamp":"2026-05-19T23:44:53.653201Z","level":"info","event":"\tat py4j.ClientServerConnection.waitForCommands(ClientServerConnection.java:182)","logger":"airflow.task.operators.airflow.providers.docker.operators.docker.DockerOperator","filename":"docker.py","lineno":71}
{"timestamp":"2026-05-19T23:44:53.653230Z","level":"info","event":"\tat py4j.ClientServerConnection.run(ClientServerConnection.java:106)","logger":"airflow.task.operators.airflow.providers.docker.operators.docker.DockerOperator","filename":"docker.py","lineno":71}
{"timestamp":"2026-05-19T23:44:53.653258Z","level":"info","event":"\tat java.base/java.lang.Thread.run(Unknown Source)","logger":"airflow.task.operators.airflow.providers.docker.operators.docker.DockerOperator","filename":"docker.py","lineno":71}
{"timestamp":"2026-05-19T23:44:53.653287Z","level":"info","event":"Caused by: java.lang.ClassNotFoundException: scala.collection.SeqOps","logger":"airflow.task.operators.airflow.providers.docker.operators.docker.DockerOperator","filename":"docker.py","lineno":71}
{"timestamp":"2026-05-19T23:44:53.653316Z","level":"info","event":"\tat java.base/jdk.internal.loader.BuiltinClassLoader.loadClass(Unknown Source)","logger":"airflow.task.operators.airflow.providers.docker.operators.docker.DockerOperator","filename":"docker.py","lineno":71}
{"timestamp":"2026-05-19T23:44:53.653343Z","level":"info","event":"\tat java.base/jdk.internal.loader.ClassLoaders$AppClassLoader.loadClass(Unknown Source)","logger":"airflow.task.operators.airflow.providers.docker.operators.docker.DockerOperator","filename":"docker.py","lineno":71}
{"timestamp":"2026-05-19T23:44:53.653371Z","level":"info","event":"\tat java.base/java.lang.ClassLoader.loadClass(Unknown Source)","logger":"airflow.task.operators.airflow.providers.docker.operators.docker.DockerOperator","filename":"docker.py","lineno":71}
{"timestamp":"2026-05-19T23:44:53.653397Z","level":"info","event":"\t... 28 more","logger":"airflow.task.operators.airflow.providers.docker.operators.docker.DockerOperator","filename":"docker.py","lineno":71}
{"timestamp":"2026-05-19T23:44:53.653426Z","level":"info","event":"","logger":"airflow.task.operators.airflow.providers.docker.operators.docker.DockerOperator","filename":"docker.py","lineno":71}
{"timestamp":"2026-05-19T23:44:53.662759Z","level":"info","event":"2026-05-19 23:44:53,661 - ERROR - Error processing table person.person: An error occurred while calling o44.read.","logger":"airflow.task.operators.airflow.providers.docker.operators.docker.DockerOperator","filename":"docker.py","lineno":71}
{"timestamp":"2026-05-19T23:44:53.663042Z","level":"info","event":": java.lang.NoClassDefFoundError: scala/collection/SeqOps","logger":"airflow.task.operators.airflow.providers.docker.operators.docker.DockerOperator","filename":"docker.py","lineno":71}
{"timestamp":"2026-05-19T23:44:53.663124Z","level":"info","event":"\tat io.delta.sql.parser.DeltaSqlParser.<init>(DeltaSqlParser.scala:77)","logger":"airflow.task.operators.airflow.providers.docker.operators.docker.DockerOperator","filename":"docker.py","lineno":71}
{"timestamp":"2026-05-19T23:44:53.663168Z","level":"info","event":"\tat io.delta.sql.DeltaSparkSessionExtension.$anonfun$apply$1(DeltaSparkSessionExtension.scala:85)","logger":"airflow.task.operators.airflow.providers.docker.operators.docker.DockerOperator","filename":"docker.py","lineno":71}
{"timestamp":"2026-05-19T23:44:53.663206Z","level":"info","event":"\tat org.apache.spark.sql.SparkSessionExtensions.$anonfun$buildParser$1(SparkSessionExtensions.scala:308)","logger":"airflow.task.operators.airflow.providers.docker.operators.docker.DockerOperator","filename":"docker.py","lineno":71}
{"timestamp":"2026-05-19T23:44:53.663249Z","level":"info","event":"\tat scala.collection.IndexedSeqOptimized.foldLeft(IndexedSeqOptimized.scala:60)","logger":"airflow.task.operators.airflow.providers.docker.operators.docker.DockerOperator","filename":"docker.py","lineno":71}
{"timestamp":"2026-05-19T23:44:53.663310Z","level":"info","event":"\tat scala.collection.IndexedSeqOptimized.foldLeft$(IndexedSeqOptimized.scala:68)","logger":"airflow.task.operators.airflow.providers.docker.operators.docker.DockerOperator","filename":"docker.py","lineno":71}
{"timestamp":"2026-05-19T23:44:53.663437Z","level":"info","event":"\tat scala.collection.mutable.ArrayBuffer.foldLeft(ArrayBuffer.scala:49)","logger":"airflow.task.operators.airflow.providers.docker.operators.docker.DockerOperator","filename":"docker.py","lineno":71}
{"timestamp":"2026-05-19T23:44:53.663504Z","level":"info","event":"\tat org.apache.spark.sql.SparkSessionExtensions.buildParser(SparkSessionExtensions.scala:307)","logger":"airflow.task.operators.airflow.providers.docker.operators.docker.DockerOperator","filename":"docker.py","lineno":71}
{"timestamp":"2026-05-19T23:44:53.663566Z","level":"info","event":"\tat org.apache.spark.sql.internal.BaseSessionStateBuilder.sqlParser$lzycompute(BaseSessionStateBuilder.scala:138)","logger":"airflow.task.operators.airflow.providers.docker.operators.docker.DockerOperator","filename":"docker.py","lineno":71}
{"timestamp":"2026-05-19T23:44:53.663620Z","level":"info","event":"\tat org.apache.spark.sql.internal.BaseSessionStateBuilder.sqlParser(BaseSessionStateBuilder.scala:137)","logger":"airflow.task.operators.airflow.providers.docker.operators.docker.DockerOperator","filename":"docker.py","lineno":71}
{"timestamp":"2026-05-19T23:44:53.663665Z","level":"info","event":"\tat org.apache.spark.sql.internal.BaseSessionStateBuilder.build(BaseSessionStateBuilder.scala:373)","logger":"airflow.task.operators.airflow.providers.docker.operators.docker.DockerOperator","filename":"docker.py","lineno":71}
{"timestamp":"2026-05-19T23:44:53.663707Z","level":"info","event":"\tat org.apache.spark.sql.SparkSession$.org$apache$spark$sql$SparkSession$$instantiateSessionState(SparkSession.scala:1319)","logger":"airflow.task.operators.airflow.providers.docker.operators.docker.DockerOperator","filename":"docker.py","lineno":71}
{"timestamp":"2026-05-19T23:44:53.663749Z","level":"info","event":"\tat org.apache.spark.sql.SparkSession.$anonfun$sessionState$2(SparkSession.scala:162)","logger":"airflow.task.operators.airflow.providers.docker.operators.docker.DockerOperator","filename":"docker.py","lineno":71}
{"timestamp":"2026-05-19T23:44:53.663790Z","level":"info","event":"\tat scala.Option.getOrElse(Option.scala:189)","logger":"airflow.task.operators.airflow.providers.docker.operators.docker.DockerOperator","filename":"docker.py","lineno":71}
{"timestamp":"2026-05-19T23:44:53.663832Z","level":"info","event":"\tat org.apache.spark.sql.SparkSession.sessionState$lzycompute(SparkSession.scala:160)","logger":"airflow.task.operators.airflow.providers.docker.operators.docker.DockerOperator","filename":"docker.py","lineno":71}
{"timestamp":"2026-05-19T23:44:53.663876Z","level":"info","event":"\tat org.apache.spark.sql.SparkSession.sessionState(SparkSession.scala:157)","logger":"airflow.task.operators.airflow.providers.docker.operators.docker.DockerOperator","filename":"docker.py","lineno":71}
{"timestamp":"2026-05-19T23:44:53.663942Z","level":"info","event":"\tat org.apache.spark.sql.DataFrameReader.<init>(DataFrameReader.scala:699)","logger":"airflow.task.operators.airflow.providers.docker.operators.docker.DockerOperator","filename":"docker.py","lineno":71}
{"timestamp":"2026-05-19T23:44:53.663985Z","level":"info","event":"\tat org.apache.spark.sql.SparkSession.read(SparkSession.scala:783)","logger":"airflow.task.operators.airflow.providers.docker.operators.docker.DockerOperator","filename":"docker.py","lineno":71}
{"timestamp":"2026-05-19T23:44:53.664028Z","level":"info","event":"\tat jdk.internal.reflect.GeneratedMethodAccessor8.invoke(Unknown Source)","logger":"airflow.task.operators.airflow.providers.docker.operators.docker.DockerOperator","filename":"docker.py","lineno":71}
{"timestamp":"2026-05-19T23:44:53.664068Z","level":"info","event":"\tat java.base/jdk.internal.reflect.DelegatingMethodAccessorImpl.invoke(Unknown Source)","logger":"airflow.task.operators.airflow.providers.docker.operators.docker.DockerOperator","filename":"docker.py","lineno":71}
{"timestamp":"2026-05-19T23:44:53.664111Z","level":"info","event":"\tat java.base/java.lang.reflect.Method.invoke(Unknown Source)","logger":"airflow.task.operators.airflow.providers.docker.operators.docker.DockerOperator","filename":"docker.py","lineno":71}
{"timestamp":"2026-05-19T23:44:53.664164Z","level":"info","event":"\tat py4j.reflection.MethodInvoker.invoke(MethodInvoker.java:244)","logger":"airflow.task.operators.airflow.providers.docker.operators.docker.DockerOperator","filename":"docker.py","lineno":71}
{"timestamp":"2026-05-19T23:44:53.664226Z","level":"info","event":"\tat py4j.reflection.ReflectionEngine.invoke(ReflectionEngine.java:374)","logger":"airflow.task.operators.airflow.providers.docker.operators.docker.DockerOperator","filename":"docker.py","lineno":71}
{"timestamp":"2026-05-19T23:44:53.664275Z","level":"info","event":"\tat py4j.Gateway.invoke(Gateway.java:282)","logger":"airflow.task.operators.airflow.providers.docker.operators.docker.DockerOperator","filename":"docker.py","lineno":71}
{"timestamp":"2026-05-19T23:44:53.664318Z","level":"info","event":"\tat py4j.commands.AbstractCommand.invokeMethod(AbstractCommand.java:132)","logger":"airflow.task.operators.airflow.providers.docker.operators.docker.DockerOperator","filename":"docker.py","lineno":71}
{"timestamp":"2026-05-19T23:44:53.664381Z","level":"info","event":"\tat py4j.commands.CallCommand.execute(CallCommand.java:79)","logger":"airflow.task.operators.airflow.providers.docker.operators.docker.DockerOperator","filename":"docker.py","lineno":71}
{"timestamp":"2026-05-19T23:44:53.664425Z","level":"info","event":"\tat py4j.ClientServerConnection.waitForCommands(ClientServerConnection.java:182)","logger":"airflow.task.operators.airflow.providers.docker.operators.docker.DockerOperator","filename":"docker.py","lineno":71}
{"timestamp":"2026-05-19T23:44:53.664466Z","level":"info","event":"\tat py4j.ClientServerConnection.run(ClientServerConnection.java:106)","logger":"airflow.task.operators.airflow.providers.docker.operators.docker.DockerOperator","filename":"docker.py","lineno":71}
{"timestamp":"2026-05-19T23:44:53.664507Z","level":"info","event":"\tat java.base/java.lang.Thread.run(Unknown Source)","logger":"airflow.task.operators.airflow.providers.docker.operators.docker.DockerOperator","filename":"docker.py","lineno":71}
{"timestamp":"2026-05-19T23:44:53.664562Z","level":"info","event":"Caused by: java.lang.ClassNotFoundException: scala.collection.SeqOps","logger":"airflow.task.operators.airflow.providers.docker.operators.docker.DockerOperator","filename":"docker.py","lineno":71}
{"timestamp":"2026-05-19T23:44:53.664610Z","level":"info","event":"\tat java.base/jdk.internal.loader.BuiltinClassLoader.loadClass(Unknown Source)","logger":"airflow.task.operators.airflow.providers.docker.operators.docker.DockerOperator","filename":"docker.py","lineno":71}
{"timestamp":"2026-05-19T23:44:53.664653Z","level":"info","event":"\tat java.base/jdk.internal.loader.ClassLoaders$AppClassLoader.loadClass(Unknown Source)","logger":"airflow.task.operators.airflow.providers.docker.operators.docker.DockerOperator","filename":"docker.py","lineno":71}
{"timestamp":"2026-05-19T23:44:53.664695Z","level":"info","event":"\tat java.base/java.lang.ClassLoader.loadClass(Unknown Source)","logger":"airflow.task.operators.airflow.providers.docker.operators.docker.DockerOperator","filename":"docker.py","lineno":71}
{"timestamp":"2026-05-19T23:44:53.664735Z","level":"info","event":"\t... 28 more","logger":"airflow.task.operators.airflow.providers.docker.operators.docker.DockerOperator","filename":"docker.py","lineno":71}
{"timestamp":"2026-05-19T23:44:53.664776Z","level":"info","event":"","logger":"airflow.task.operators.airflow.providers.docker.operators.docker.DockerOperator","filename":"docker.py","lineno":71}
{"timestamp":"2026-05-19T23:44:53.676457Z","level":"info","event":"2026-05-19 23:44:53,675 - ERROR - Error processing table person.stateprovince: An error occurred while calling o44.read.","logger":"airflow.task.operators.airflow.providers.docker.operators.docker.DockerOperator","filename":"docker.py","lineno":71}
{"timestamp":"2026-05-19T23:44:53.676763Z","level":"info","event":": java.lang.NoClassDefFoundError: scala/collection/SeqOps","logger":"airflow.task.operators.airflow.providers.docker.operators.docker.DockerOperator","filename":"docker.py","lineno":71}
{"timestamp":"2026-05-19T23:44:53.677090Z","level":"info","event":"\tat io.delta.sql.parser.DeltaSqlParser.<init>(DeltaSqlParser.scala:77)","logger":"airflow.task.operators.airflow.providers.docker.operators.docker.DockerOperator","filename":"docker.py","lineno":71}
{"timestamp":"2026-05-19T23:44:53.677362Z","level":"info","event":"\tat io.delta.sql.DeltaSparkSessionExtension.$anonfun$apply$1(DeltaSparkSessionExtension.scala:85)","logger":"airflow.task.operators.airflow.providers.docker.operators.docker.DockerOperator","filename":"docker.py","lineno":71}
{"timestamp":"2026-05-19T23:44:53.677424Z","level":"info","event":"\tat org.apache.spark.sql.SparkSessionExtensions.$anonfun$buildParser$1(SparkSessionExtensions.scala:308)","logger":"airflow.task.operators.airflow.providers.docker.operators.docker.DockerOperator","filename":"docker.py","lineno":71}
{"timestamp":"2026-05-19T23:44:53.677472Z","level":"info","event":"\tat scala.collection.IndexedSeqOptimized.foldLeft(IndexedSeqOptimized.scala:60)","logger":"airflow.task.operators.airflow.providers.docker.operators.docker.DockerOperator","filename":"docker.py","lineno":71}
{"timestamp":"2026-05-19T23:44:53.677522Z","level":"info","event":"\tat scala.collection.IndexedSeqOptimized.foldLeft$(IndexedSeqOptimized.scala:68)","logger":"airflow.task.operators.airflow.providers.docker.operators.docker.DockerOperator","filename":"docker.py","lineno":71}
{"timestamp":"2026-05-19T23:44:53.677574Z","level":"info","event":"\tat scala.collection.mutable.ArrayBuffer.foldLeft(ArrayBuffer.scala:49)","logger":"airflow.task.operators.airflow.providers.docker.operators.docker.DockerOperator","filename":"docker.py","lineno":71}
{"timestamp":"2026-05-19T23:44:53.677668Z","level":"info","event":"\tat org.apache.spark.sql.SparkSessionExtensions.buildParser(SparkSessionExtensions.scala:307)","logger":"airflow.task.operators.airflow.providers.docker.operators.docker.DockerOperator","filename":"docker.py","lineno":71}
{"timestamp":"2026-05-19T23:44:53.677718Z","level":"info","event":"\tat org.apache.spark.sql.internal.BaseSessionStateBuilder.sqlParser$lzycompute(BaseSessionStateBuilder.scala:138)","logger":"airflow.task.operators.airflow.providers.docker.operators.docker.DockerOperator","filename":"docker.py","lineno":71}
{"timestamp":"2026-05-19T23:44:53.677763Z","level":"info","event":"\tat org.apache.spark.sql.internal.BaseSessionStateBuilder.sqlParser(BaseSessionStateBuilder.scala:137)","logger":"airflow.task.operators.airflow.providers.docker.operators.docker.DockerOperator","filename":"docker.py","lineno":71}
{"timestamp":"2026-05-19T23:44:53.677806Z","level":"info","event":"\tat org.apache.spark.sql.internal.BaseSessionStateBuilder.build(BaseSessionStateBuilder.scala:373)","logger":"airflow.task.operators.airflow.providers.docker.operators.docker.DockerOperator","filename":"docker.py","lineno":71}
{"timestamp":"2026-05-19T23:44:53.677848Z","level":"info","event":"\tat org.apache.spark.sql.SparkSession$.org$apache$spark$sql$SparkSession$$instantiateSessionState(SparkSession.scala:1319)","logger":"airflow.task.operators.airflow.providers.docker.operators.docker.DockerOperator","filename":"docker.py","lineno":71}
{"timestamp":"2026-05-19T23:44:53.677891Z","level":"info","event":"\tat org.apache.spark.sql.SparkSession.$anonfun$sessionState$2(SparkSession.scala:162)","logger":"airflow.task.operators.airflow.providers.docker.operators.docker.DockerOperator","filename":"docker.py","lineno":71}
{"timestamp":"2026-05-19T23:44:53.677965Z","level":"info","event":"\tat scala.Option.getOrElse(Option.scala:189)","logger":"airflow.task.operators.airflow.providers.docker.operators.docker.DockerOperator","filename":"docker.py","lineno":71}
{"timestamp":"2026-05-19T23:44:53.678011Z","level":"info","event":"\tat org.apache.spark.sql.SparkSession.sessionState$lzycompute(SparkSession.scala:160)","logger":"airflow.task.operators.airflow.providers.docker.operators.docker.DockerOperator","filename":"docker.py","lineno":71}
{"timestamp":"2026-05-19T23:44:53.678067Z","level":"info","event":"\tat org.apache.spark.sql.SparkSession.sessionState(SparkSession.scala:157)","logger":"airflow.task.operators.airflow.providers.docker.operators.docker.DockerOperator","filename":"docker.py","lineno":71}
{"timestamp":"2026-05-19T23:44:53.678139Z","level":"info","event":"\tat org.apache.spark.sql.DataFrameReader.<init>(DataFrameReader.scala:699)","logger":"airflow.task.operators.airflow.providers.docker.operators.docker.DockerOperator","filename":"docker.py","lineno":71}
{"timestamp":"2026-05-19T23:44:53.678191Z","level":"info","event":"\tat org.apache.spark.sql.SparkSession.read(SparkSession.scala:783)","logger":"airflow.task.operators.airflow.providers.docker.operators.docker.DockerOperator","filename":"docker.py","lineno":71}
{"timestamp":"2026-05-19T23:44:53.678236Z","level":"info","event":"\tat jdk.internal.reflect.GeneratedMethodAccessor8.invoke(Unknown Source)","logger":"airflow.task.operators.airflow.providers.docker.operators.docker.DockerOperator","filename":"docker.py","lineno":71}
{"timestamp":"2026-05-19T23:44:53.678278Z","level":"info","event":"\tat java.base/jdk.internal.reflect.DelegatingMethodAccessorImpl.invoke(Unknown Source)","logger":"airflow.task.operators.airflow.providers.docker.operators.docker.DockerOperator","filename":"docker.py","lineno":71}
{"timestamp":"2026-05-19T23:44:53.678324Z","level":"info","event":"\tat java.base/java.lang.reflect.Method.invoke(Unknown Source)","logger":"airflow.task.operators.airflow.providers.docker.operators.docker.DockerOperator","filename":"docker.py","lineno":71}
{"timestamp":"2026-05-19T23:44:53.678367Z","level":"info","event":"\tat py4j.reflection.MethodInvoker.invoke(MethodInvoker.java:244)","logger":"airflow.task.operators.airflow.providers.docker.operators.docker.DockerOperator","filename":"docker.py","lineno":71}
{"timestamp":"2026-05-19T23:44:53.678408Z","level":"info","event":"\tat py4j.reflection.ReflectionEngine.invoke(ReflectionEngine.java:374)","logger":"airflow.task.operators.airflow.providers.docker.operators.docker.DockerOperator","filename":"docker.py","lineno":71}
{"timestamp":"2026-05-19T23:44:53.678462Z","level":"info","event":"\tat py4j.Gateway.invoke(Gateway.java:282)","logger":"airflow.task.operators.airflow.providers.docker.operators.docker.DockerOperator","filename":"docker.py","lineno":71}
{"timestamp":"2026-05-19T23:44:53.678512Z","level":"info","event":"\tat py4j.commands.AbstractCommand.invokeMethod(AbstractCommand.java:132)","logger":"airflow.task.operators.airflow.providers.docker.operators.docker.DockerOperator","filename":"docker.py","lineno":71}
{"timestamp":"2026-05-19T23:44:53.678554Z","level":"info","event":"\tat py4j.commands.CallCommand.execute(CallCommand.java:79)","logger":"airflow.task.operators.airflow.providers.docker.operators.docker.DockerOperator","filename":"docker.py","lineno":71}
{"timestamp":"2026-05-19T23:44:53.678614Z","level":"info","event":"\tat py4j.ClientServerConnection.waitForCommands(ClientServerConnection.java:182)","logger":"airflow.task.operators.airflow.providers.docker.operators.docker.DockerOperator","filename":"docker.py","lineno":71}
{"timestamp":"2026-05-19T23:44:53.678662Z","level":"info","event":"\tat py4j.ClientServerConnection.run(ClientServerConnection.java:106)","logger":"airflow.task.operators.airflow.providers.docker.operators.docker.DockerOperator","filename":"docker.py","lineno":71}
{"timestamp":"2026-05-19T23:44:53.678708Z","level":"info","event":"\tat java.base/java.lang.Thread.run(Unknown Source)","logger":"airflow.task.operators.airflow.providers.docker.operators.docker.DockerOperator","filename":"docker.py","lineno":71}
{"timestamp":"2026-05-19T23:44:53.678764Z","level":"info","event":"Caused by: java.lang.ClassNotFoundException: scala.collection.SeqOps","logger":"airflow.task.operators.airflow.providers.docker.operators.docker.DockerOperator","filename":"docker.py","lineno":71}
{"timestamp":"2026-05-19T23:44:53.678811Z","level":"info","event":"\tat java.base/jdk.internal.loader.BuiltinClassLoader.loadClass(Unknown Source)","logger":"airflow.task.operators.airflow.providers.docker.operators.docker.DockerOperator","filename":"docker.py","lineno":71}
{"timestamp":"2026-05-19T23:44:53.678857Z","level":"info","event":"\tat java.base/jdk.internal.loader.ClassLoaders$AppClassLoader.loadClass(Unknown Source)","logger":"airflow.task.operators.airflow.providers.docker.operators.docker.DockerOperator","filename":"docker.py","lineno":71}
{"timestamp":"2026-05-19T23:44:53.678926Z","level":"info","event":"\tat java.base/java.lang.ClassLoader.loadClass(Unknown Source)","logger":"airflow.task.operators.airflow.providers.docker.operators.docker.DockerOperator","filename":"docker.py","lineno":71}
{"timestamp":"2026-05-19T23:44:53.678975Z","level":"info","event":"\t... 28 more","logger":"airflow.task.operators.airflow.providers.docker.operators.docker.DockerOperator","filename":"docker.py","lineno":71}
{"timestamp":"2026-05-19T23:44:53.679018Z","level":"info","event":"","logger":"airflow.task.operators.airflow.providers.docker.operators.docker.DockerOperator","filename":"docker.py","lineno":71}
{"timestamp":"2026-05-19T23:44:53.728586Z","level":"info","event":"2026-05-19 23:44:53,727 - ERROR - Error processing table person.address: An error occurred while calling o44.read.","logger":"airflow.task.operators.airflow.providers.docker.operators.docker.DockerOperator","filename":"docker.py","lineno":71}
{"timestamp":"2026-05-19T23:44:53.728806Z","level":"info","event":": java.lang.NoClassDefFoundError: scala/collection/SeqOps","logger":"airflow.task.operators.airflow.providers.docker.operators.docker.DockerOperator","filename":"docker.py","lineno":71}
{"timestamp":"2026-05-19T23:44:53.728872Z","level":"info","event":"\tat io.delta.sql.parser.DeltaSqlParser.<init>(DeltaSqlParser.scala:77)","logger":"airflow.task.operators.airflow.providers.docker.operators.docker.DockerOperator","filename":"docker.py","lineno":71}
{"timestamp":"2026-05-19T23:44:53.728972Z","level":"info","event":"\tat io.delta.sql.DeltaSparkSessionExtension.$anonfun$apply$1(DeltaSparkSessionExtension.scala:85)","logger":"airflow.task.operators.airflow.providers.docker.operators.docker.DockerOperator","filename":"docker.py","lineno":71}
{"timestamp":"2026-05-19T23:44:53.729036Z","level":"info","event":"\tat org.apache.spark.sql.SparkSessionExtensions.$anonfun$buildParser$1(SparkSessionExtensions.scala:308)","logger":"airflow.task.operators.airflow.providers.docker.operators.docker.DockerOperator","filename":"docker.py","lineno":71}
{"timestamp":"2026-05-19T23:44:53.729091Z","level":"info","event":"\tat scala.collection.IndexedSeqOptimized.foldLeft(IndexedSeqOptimized.scala:60)","logger":"airflow.task.operators.airflow.providers.docker.operators.docker.DockerOperator","filename":"docker.py","lineno":71}
{"timestamp":"2026-05-19T23:44:53.729212Z","level":"info","event":"\tat scala.collection.IndexedSeqOptimized.foldLeft$(IndexedSeqOptimized.scala:68)","logger":"airflow.task.operators.airflow.providers.docker.operators.docker.DockerOperator","filename":"docker.py","lineno":71}
{"timestamp":"2026-05-19T23:44:53.729293Z","level":"info","event":"\tat scala.collection.mutable.ArrayBuffer.foldLeft(ArrayBuffer.scala:49)","logger":"airflow.task.operators.airflow.providers.docker.operators.docker.DockerOperator","filename":"docker.py","lineno":71}
{"timestamp":"2026-05-19T23:44:53.729347Z","level":"info","event":"\tat org.apache.spark.sql.SparkSessionExtensions.buildParser(SparkSessionExtensions.scala:307)","logger":"airflow.task.operators.airflow.providers.docker.operators.docker.DockerOperator","filename":"docker.py","lineno":71}
{"timestamp":"2026-05-19T23:44:53.729407Z","level":"info","event":"\tat org.apache.spark.sql.internal.BaseSessionStateBuilder.sqlParser$lzycompute(BaseSessionStateBuilder.scala:138)","logger":"airflow.task.operators.airflow.providers.docker.operators.docker.DockerOperator","filename":"docker.py","lineno":71}
{"timestamp":"2026-05-19T23:44:53.729467Z","level":"info","event":"\tat org.apache.spark.sql.internal.BaseSessionStateBuilder.sqlParser(BaseSessionStateBuilder.scala:137)","logger":"airflow.task.operators.airflow.providers.docker.operators.docker.DockerOperator","filename":"docker.py","lineno":71}
{"timestamp":"2026-05-19T23:44:53.729702Z","level":"info","event":"\tat org.apache.spark.sql.internal.BaseSessionStateBuilder.build(BaseSessionStateBuilder.scala:373)","logger":"airflow.task.operators.airflow.providers.docker.operators.docker.DockerOperator","filename":"docker.py","lineno":71}
{"timestamp":"2026-05-19T23:44:53.729795Z","level":"info","event":"\tat org.apache.spark.sql.SparkSession$.org$apache$spark$sql$SparkSession$$instantiateSessionState(SparkSession.scala:1319)","logger":"airflow.task.operators.airflow.providers.docker.operators.docker.DockerOperator","filename":"docker.py","lineno":71}
{"timestamp":"2026-05-19T23:44:53.729863Z","level":"info","event":"\tat org.apache.spark.sql.SparkSession.$anonfun$sessionState$2(SparkSession.scala:162)","logger":"airflow.task.operators.airflow.providers.docker.operators.docker.DockerOperator","filename":"docker.py","lineno":71}
{"timestamp":"2026-05-19T23:44:53.729966Z","level":"info","event":"\tat scala.Option.getOrElse(Option.scala:189)","logger":"airflow.task.operators.airflow.providers.docker.operators.docker.DockerOperator","filename":"docker.py","lineno":71}
{"timestamp":"2026-05-19T23:44:53.730034Z","level":"info","event":"\tat org.apache.spark.sql.SparkSession.sessionState$lzycompute(SparkSession.scala:160)","logger":"airflow.task.operators.airflow.providers.docker.operators.docker.DockerOperator","filename":"docker.py","lineno":71}
{"timestamp":"2026-05-19T23:44:53.730112Z","level":"info","event":"\tat org.apache.spark.sql.SparkSession.sessionState(SparkSession.scala:157)","logger":"airflow.task.operators.airflow.providers.docker.operators.docker.DockerOperator","filename":"docker.py","lineno":71}
{"timestamp":"2026-05-19T23:44:53.730185Z","level":"info","event":"\tat org.apache.spark.sql.DataFrameReader.<init>(DataFrameReader.scala:699)","logger":"airflow.task.operators.airflow.providers.docker.operators.docker.DockerOperator","filename":"docker.py","lineno":71}
{"timestamp":"2026-05-19T23:44:53.730247Z","level":"info","event":"\tat org.apache.spark.sql.SparkSession.read(SparkSession.scala:783)","logger":"airflow.task.operators.airflow.providers.docker.operators.docker.DockerOperator","filename":"docker.py","lineno":71}
{"timestamp":"2026-05-19T23:44:53.730310Z","level":"info","event":"\tat jdk.internal.reflect.GeneratedMethodAccessor8.invoke(Unknown Source)","logger":"airflow.task.operators.airflow.providers.docker.operators.docker.DockerOperator","filename":"docker.py","lineno":71}
{"timestamp":"2026-05-19T23:44:53.730371Z","level":"info","event":"\tat java.base/jdk.internal.reflect.DelegatingMethodAccessorImpl.invoke(Unknown Source)","logger":"airflow.task.operators.airflow.providers.docker.operators.docker.DockerOperator","filename":"docker.py","lineno":71}
{"timestamp":"2026-05-19T23:44:53.730436Z","level":"info","event":"\tat java.base/java.lang.reflect.Method.invoke(Unknown Source)","logger":"airflow.task.operators.airflow.providers.docker.operators.docker.DockerOperator","filename":"docker.py","lineno":71}
{"timestamp":"2026-05-19T23:44:53.730500Z","level":"info","event":"\tat py4j.reflection.MethodInvoker.invoke(MethodInvoker.java:244)","logger":"airflow.task.operators.airflow.providers.docker.operators.docker.DockerOperator","filename":"docker.py","lineno":71}
{"timestamp":"2026-05-19T23:44:53.730559Z","level":"info","event":"\tat py4j.reflection.ReflectionEngine.invoke(ReflectionEngine.java:374)","logger":"airflow.task.operators.airflow.providers.docker.operators.docker.DockerOperator","filename":"docker.py","lineno":71}
{"timestamp":"2026-05-19T23:44:53.730618Z","level":"info","event":"\tat py4j.Gateway.invoke(Gateway.java:282)","logger":"airflow.task.operators.airflow.providers.docker.operators.docker.DockerOperator","filename":"docker.py","lineno":71}
{"timestamp":"2026-05-19T23:44:53.730677Z","level":"info","event":"\tat py4j.commands.AbstractCommand.invokeMethod(AbstractCommand.java:132)","logger":"airflow.task.operators.airflow.providers.docker.operators.docker.DockerOperator","filename":"docker.py","lineno":71}
{"timestamp":"2026-05-19T23:44:53.730734Z","level":"info","event":"\tat py4j.commands.CallCommand.execute(CallCommand.java:79)","logger":"airflow.task.operators.airflow.providers.docker.operators.docker.DockerOperator","filename":"docker.py","lineno":71}
{"timestamp":"2026-05-19T23:44:53.730793Z","level":"info","event":"\tat py4j.ClientServerConnection.waitForCommands(ClientServerConnection.java:182)","logger":"airflow.task.operators.airflow.providers.docker.operators.docker.DockerOperator","filename":"docker.py","lineno":71}
{"timestamp":"2026-05-19T23:44:53.730850Z","level":"info","event":"\tat py4j.ClientServerConnection.run(ClientServerConnection.java:106)","logger":"airflow.task.operators.airflow.providers.docker.operators.docker.DockerOperator","filename":"docker.py","lineno":71}
{"timestamp":"2026-05-19T23:44:53.730941Z","level":"info","event":"\tat java.base/java.lang.Thread.run(Unknown Source)","logger":"airflow.task.operators.airflow.providers.docker.operators.docker.DockerOperator","filename":"docker.py","lineno":71}
{"timestamp":"2026-05-19T23:44:53.731002Z","level":"info","event":"Caused by: java.lang.ClassNotFoundException: scala.collection.SeqOps","logger":"airflow.task.operators.airflow.providers.docker.operators.docker.DockerOperator","filename":"docker.py","lineno":71}
{"timestamp":"2026-05-19T23:44:53.731056Z","level":"info","event":"\tat java.base/jdk.internal.loader.BuiltinClassLoader.loadClass(Unknown Source)","logger":"airflow.task.operators.airflow.providers.docker.operators.docker.DockerOperator","filename":"docker.py","lineno":71}
{"timestamp":"2026-05-19T23:44:53.731113Z","level":"info","event":"\tat java.base/jdk.internal.loader.ClassLoaders$AppClassLoader.loadClass(Unknown Source)","logger":"airflow.task.operators.airflow.providers.docker.operators.docker.DockerOperator","filename":"docker.py","lineno":71}
{"timestamp":"2026-05-19T23:44:53.731166Z","level":"info","event":"\tat java.base/java.lang.ClassLoader.loadClass(Unknown Source)","logger":"airflow.task.operators.airflow.providers.docker.operators.docker.DockerOperator","filename":"docker.py","lineno":71}
{"timestamp":"2026-05-19T23:44:53.731222Z","level":"info","event":"\t... 28 more","logger":"airflow.task.operators.airflow.providers.docker.operators.docker.DockerOperator","filename":"docker.py","lineno":71}
{"timestamp":"2026-05-19T23:44:53.731378Z","level":"info","event":"","logger":"airflow.task.operators.airflow.providers.docker.operators.docker.DockerOperator","filename":"docker.py","lineno":71}
{"timestamp":"2026-05-19T23:44:53.750243Z","level":"info","event":"2026-05-19 23:44:53,749 - ERROR - Error processing table purchasing.shipmethod: An error occurred while calling o44.read.","logger":"airflow.task.operators.airflow.providers.docker.operators.docker.DockerOperator","filename":"docker.py","lineno":71}
{"timestamp":"2026-05-19T23:44:53.750493Z","level":"info","event":": java.lang.NoClassDefFoundError: scala/collection/SeqOps","logger":"airflow.task.operators.airflow.providers.docker.operators.docker.DockerOperator","filename":"docker.py","lineno":71}
{"timestamp":"2026-05-19T23:44:53.750600Z","level":"info","event":"\tat io.delta.sql.parser.DeltaSqlParser.<init>(DeltaSqlParser.scala:77)","logger":"airflow.task.operators.airflow.providers.docker.operators.docker.DockerOperator","filename":"docker.py","lineno":71}
{"timestamp":"2026-05-19T23:44:53.750671Z","level":"info","event":"\tat io.delta.sql.DeltaSparkSessionExtension.$anonfun$apply$1(DeltaSparkSessionExtension.scala:85)","logger":"airflow.task.operators.airflow.providers.docker.operators.docker.DockerOperator","filename":"docker.py","lineno":71}
{"timestamp":"2026-05-19T23:44:53.750745Z","level":"info","event":"\tat org.apache.spark.sql.SparkSessionExtensions.$anonfun$buildParser$1(SparkSessionExtensions.scala:308)","logger":"airflow.task.operators.airflow.providers.docker.operators.docker.DockerOperator","filename":"docker.py","lineno":71}
{"timestamp":"2026-05-19T23:44:53.750829Z","level":"info","event":"\tat scala.collection.IndexedSeqOptimized.foldLeft(IndexedSeqOptimized.scala:60)","logger":"airflow.task.operators.airflow.providers.docker.operators.docker.DockerOperator","filename":"docker.py","lineno":71}
{"timestamp":"2026-05-19T23:44:53.750890Z","level":"info","event":"\tat scala.collection.IndexedSeqOptimized.foldLeft$(IndexedSeqOptimized.scala:68)","logger":"airflow.task.operators.airflow.providers.docker.operators.docker.DockerOperator","filename":"docker.py","lineno":71}
{"timestamp":"2026-05-19T23:44:53.750994Z","level":"info","event":"\tat scala.collection.mutable.ArrayBuffer.foldLeft(ArrayBuffer.scala:49)","logger":"airflow.task.operators.airflow.providers.docker.operators.docker.DockerOperator","filename":"docker.py","lineno":71}
{"timestamp":"2026-05-19T23:44:53.751065Z","level":"info","event":"\tat org.apache.spark.sql.SparkSessionExtensions.buildParser(SparkSessionExtensions.scala:307)","logger":"airflow.task.operators.airflow.providers.docker.operators.docker.DockerOperator","filename":"docker.py","lineno":71}
{"timestamp":"2026-05-19T23:44:53.751130Z","level":"info","event":"\tat org.apache.spark.sql.internal.BaseSessionStateBuilder.sqlParser$lzycompute(BaseSessionStateBuilder.scala:138)","logger":"airflow.task.operators.airflow.providers.docker.operators.docker.DockerOperator","filename":"docker.py","lineno":71}
{"timestamp":"2026-05-19T23:44:53.751195Z","level":"info","event":"\tat org.apache.spark.sql.internal.BaseSessionStateBuilder.sqlParser(BaseSessionStateBuilder.scala:137)","logger":"airflow.task.operators.airflow.providers.docker.operators.docker.DockerOperator","filename":"docker.py","lineno":71}
{"timestamp":"2026-05-19T23:44:53.751260Z","level":"info","event":"\tat org.apache.spark.sql.internal.BaseSessionStateBuilder.build(BaseSessionStateBuilder.scala:373)","logger":"airflow.task.operators.airflow.providers.docker.operators.docker.DockerOperator","filename":"docker.py","lineno":71}
{"timestamp":"2026-05-19T23:44:53.751324Z","level":"info","event":"\tat org.apache.spark.sql.SparkSession$.org$apache$spark$sql$SparkSession$$instantiateSessionState(SparkSession.scala:1319)","logger":"airflow.task.operators.airflow.providers.docker.operators.docker.DockerOperator","filename":"docker.py","lineno":71}
{"timestamp":"2026-05-19T23:44:53.751393Z","level":"info","event":"\tat org.apache.spark.sql.SparkSession.$anonfun$sessionState$2(SparkSession.scala:162)","logger":"airflow.task.operators.airflow.providers.docker.operators.docker.DockerOperator","filename":"docker.py","lineno":71}
{"timestamp":"2026-05-19T23:44:53.751458Z","level":"info","event":"\tat scala.Option.getOrElse(Option.scala:189)","logger":"airflow.task.operators.airflow.providers.docker.operators.docker.DockerOperator","filename":"docker.py","lineno":71}
{"timestamp":"2026-05-19T23:44:53.751518Z","level":"info","event":"\tat org.apache.spark.sql.SparkSession.sessionState$lzycompute(SparkSession.scala:160)","logger":"airflow.task.operators.airflow.providers.docker.operators.docker.DockerOperator","filename":"docker.py","lineno":71}
{"timestamp":"2026-05-19T23:44:53.751587Z","level":"info","event":"\tat org.apache.spark.sql.SparkSession.sessionState(SparkSession.scala:157)","logger":"airflow.task.operators.airflow.providers.docker.operators.docker.DockerOperator","filename":"docker.py","lineno":71}
{"timestamp":"2026-05-19T23:44:53.751648Z","level":"info","event":"\tat org.apache.spark.sql.DataFrameReader.<init>(DataFrameReader.scala:699)","logger":"airflow.task.operators.airflow.providers.docker.operators.docker.DockerOperator","filename":"docker.py","lineno":71}
{"timestamp":"2026-05-19T23:44:53.751702Z","level":"info","event":"\tat org.apache.spark.sql.SparkSession.read(SparkSession.scala:783)","logger":"airflow.task.operators.airflow.providers.docker.operators.docker.DockerOperator","filename":"docker.py","lineno":71}
{"timestamp":"2026-05-19T23:44:53.751761Z","level":"info","event":"\tat jdk.internal.reflect.GeneratedMethodAccessor8.invoke(Unknown Source)","logger":"airflow.task.operators.airflow.providers.docker.operators.docker.DockerOperator","filename":"docker.py","lineno":71}
{"timestamp":"2026-05-19T23:44:53.751822Z","level":"info","event":"\tat java.base/jdk.internal.reflect.DelegatingMethodAccessorImpl.invoke(Unknown Source)","logger":"airflow.task.operators.airflow.providers.docker.operators.docker.DockerOperator","filename":"docker.py","lineno":71}
{"timestamp":"2026-05-19T23:44:53.751890Z","level":"info","event":"\tat java.base/java.lang.reflect.Method.invoke(Unknown Source)","logger":"airflow.task.operators.airflow.providers.docker.operators.docker.DockerOperator","filename":"docker.py","lineno":71}
{"timestamp":"2026-05-19T23:44:53.751979Z","level":"info","event":"\tat py4j.reflection.MethodInvoker.invoke(MethodInvoker.java:244)","logger":"airflow.task.operators.airflow.providers.docker.operators.docker.DockerOperator","filename":"docker.py","lineno":71}
{"timestamp":"2026-05-19T23:44:53.752036Z","level":"info","event":"\tat py4j.reflection.ReflectionEngine.invoke(ReflectionEngine.java:374)","logger":"airflow.task.operators.airflow.providers.docker.operators.docker.DockerOperator","filename":"docker.py","lineno":71}
{"timestamp":"2026-05-19T23:44:53.752108Z","level":"info","event":"\tat py4j.Gateway.invoke(Gateway.java:282)","logger":"airflow.task.operators.airflow.providers.docker.operators.docker.DockerOperator","filename":"docker.py","lineno":71}
{"timestamp":"2026-05-19T23:44:53.752169Z","level":"info","event":"\tat py4j.commands.AbstractCommand.invokeMethod(AbstractCommand.java:132)","logger":"airflow.task.operators.airflow.providers.docker.operators.docker.DockerOperator","filename":"docker.py","lineno":71}
{"timestamp":"2026-05-19T23:44:53.752238Z","level":"info","event":"\tat py4j.commands.CallCommand.execute(CallCommand.java:79)","logger":"airflow.task.operators.airflow.providers.docker.operators.docker.DockerOperator","filename":"docker.py","lineno":71}
{"timestamp":"2026-05-19T23:44:53.752295Z","level":"info","event":"\tat py4j.ClientServerConnection.waitForCommands(ClientServerConnection.java:182)","logger":"airflow.task.operators.airflow.providers.docker.operators.docker.DockerOperator","filename":"docker.py","lineno":71}
{"timestamp":"2026-05-19T23:44:53.752349Z","level":"info","event":"\tat py4j.ClientServerConnection.run(ClientServerConnection.java:106)","logger":"airflow.task.operators.airflow.providers.docker.operators.docker.DockerOperator","filename":"docker.py","lineno":71}
{"timestamp":"2026-05-19T23:44:53.752408Z","level":"info","event":"\tat java.base/java.lang.Thread.run(Unknown Source)","logger":"airflow.task.operators.airflow.providers.docker.operators.docker.DockerOperator","filename":"docker.py","lineno":71}
{"timestamp":"2026-05-19T23:44:53.752468Z","level":"info","event":"Caused by: java.lang.ClassNotFoundException: scala.collection.SeqOps","logger":"airflow.task.operators.airflow.providers.docker.operators.docker.DockerOperator","filename":"docker.py","lineno":71}
{"timestamp":"2026-05-19T23:44:53.752578Z","level":"info","event":"\tat java.base/jdk.internal.loader.BuiltinClassLoader.loadClass(Unknown Source)","logger":"airflow.task.operators.airflow.providers.docker.operators.docker.DockerOperator","filename":"docker.py","lineno":71}
{"timestamp":"2026-05-19T23:44:53.752650Z","level":"info","event":"\tat java.base/jdk.internal.loader.ClassLoaders$AppClassLoader.loadClass(Unknown Source)","logger":"airflow.task.operators.airflow.providers.docker.operators.docker.DockerOperator","filename":"docker.py","lineno":71}
{"timestamp":"2026-05-19T23:44:53.752714Z","level":"info","event":"\tat java.base/java.lang.ClassLoader.loadClass(Unknown Source)","logger":"airflow.task.operators.airflow.providers.docker.operators.docker.DockerOperator","filename":"docker.py","lineno":71}
{"timestamp":"2026-05-19T23:44:53.752775Z","level":"info","event":"\t... 28 more","logger":"airflow.task.operators.airflow.providers.docker.operators.docker.DockerOperator","filename":"docker.py","lineno":71}
{"timestamp":"2026-05-19T23:44:53.752840Z","level":"info","event":"","logger":"airflow.task.operators.airflow.providers.docker.operators.docker.DockerOperator","filename":"docker.py","lineno":71}
{"timestamp":"2026-05-19T23:44:53.769649Z","level":"info","event":"2026-05-19 23:44:53,768 - ERROR - Error processing table production.product: An error occurred while calling o44.read.","logger":"airflow.task.operators.airflow.providers.docker.operators.docker.DockerOperator","filename":"docker.py","lineno":71}
{"timestamp":"2026-05-19T23:44:53.770001Z","level":"info","event":": java.lang.NoClassDefFoundError: scala/collection/SeqOps","logger":"airflow.task.operators.airflow.providers.docker.operators.docker.DockerOperator","filename":"docker.py","lineno":71}
{"timestamp":"2026-05-19T23:44:53.770126Z","level":"info","event":"\tat io.delta.sql.parser.DeltaSqlParser.<init>(DeltaSqlParser.scala:77)","logger":"airflow.task.operators.airflow.providers.docker.operators.docker.DockerOperator","filename":"docker.py","lineno":71}
{"timestamp":"2026-05-19T23:44:53.770199Z","level":"info","event":"\tat io.delta.sql.DeltaSparkSessionExtension.$anonfun$apply$1(DeltaSparkSessionExtension.scala:85)","logger":"airflow.task.operators.airflow.providers.docker.operators.docker.DockerOperator","filename":"docker.py","lineno":71}
{"timestamp":"2026-05-19T23:44:53.770254Z","level":"info","event":"\tat org.apache.spark.sql.SparkSessionExtensions.$anonfun$buildParser$1(SparkSessionExtensions.scala:308)","logger":"airflow.task.operators.airflow.providers.docker.operators.docker.DockerOperator","filename":"docker.py","lineno":71}
{"timestamp":"2026-05-19T23:44:53.770307Z","level":"info","event":"\tat scala.collection.IndexedSeqOptimized.foldLeft(IndexedSeqOptimized.scala:60)","logger":"airflow.task.operators.airflow.providers.docker.operators.docker.DockerOperator","filename":"docker.py","lineno":71}
{"timestamp":"2026-05-19T23:44:53.770362Z","level":"info","event":"\tat scala.collection.IndexedSeqOptimized.foldLeft$(IndexedSeqOptimized.scala:68)","logger":"airflow.task.operators.airflow.providers.docker.operators.docker.DockerOperator","filename":"docker.py","lineno":71}
{"timestamp":"2026-05-19T23:44:53.770469Z","level":"info","event":"\tat scala.collection.mutable.ArrayBuffer.foldLeft(ArrayBuffer.scala:49)","logger":"airflow.task.operators.airflow.providers.docker.operators.docker.DockerOperator","filename":"docker.py","lineno":71}
{"timestamp":"2026-05-19T23:44:53.770534Z","level":"info","event":"\tat org.apache.spark.sql.SparkSessionExtensions.buildParser(SparkSessionExtensions.scala:307)","logger":"airflow.task.operators.airflow.providers.docker.operators.docker.DockerOperator","filename":"docker.py","lineno":71}
{"timestamp":"2026-05-19T23:44:53.770592Z","level":"info","event":"\tat org.apache.spark.sql.internal.BaseSessionStateBuilder.sqlParser$lzycompute(BaseSessionStateBuilder.scala:138)","logger":"airflow.task.operators.airflow.providers.docker.operators.docker.DockerOperator","filename":"docker.py","lineno":71}
{"timestamp":"2026-05-19T23:44:53.770650Z","level":"info","event":"\tat org.apache.spark.sql.internal.BaseSessionStateBuilder.sqlParser(BaseSessionStateBuilder.scala:137)","logger":"airflow.task.operators.airflow.providers.docker.operators.docker.DockerOperator","filename":"docker.py","lineno":71}
{"timestamp":"2026-05-19T23:44:53.770704Z","level":"info","event":"\tat org.apache.spark.sql.internal.BaseSessionStateBuilder.build(BaseSessionStateBuilder.scala:373)","logger":"airflow.task.operators.airflow.providers.docker.operators.docker.DockerOperator","filename":"docker.py","lineno":71}
{"timestamp":"2026-05-19T23:44:53.770753Z","level":"info","event":"\tat org.apache.spark.sql.SparkSession$.org$apache$spark$sql$SparkSession$$instantiateSessionState(SparkSession.scala:1319)","logger":"airflow.task.operators.airflow.providers.docker.operators.docker.DockerOperator","filename":"docker.py","lineno":71}
{"timestamp":"2026-05-19T23:44:53.770808Z","level":"info","event":"\tat org.apache.spark.sql.SparkSession.$anonfun$sessionState$2(SparkSession.scala:162)","logger":"airflow.task.operators.airflow.providers.docker.operators.docker.DockerOperator","filename":"docker.py","lineno":71}
{"timestamp":"2026-05-19T23:44:53.770867Z","level":"info","event":"\tat scala.Option.getOrElse(Option.scala:189)","logger":"airflow.task.operators.airflow.providers.docker.operators.docker.DockerOperator","filename":"docker.py","lineno":71}
{"timestamp":"2026-05-19T23:44:53.770949Z","level":"info","event":"\tat org.apache.spark.sql.SparkSession.sessionState$lzycompute(SparkSession.scala:160)","logger":"airflow.task.operators.airflow.providers.docker.operators.docker.DockerOperator","filename":"docker.py","lineno":71}
{"timestamp":"2026-05-19T23:44:53.771004Z","level":"info","event":"\tat org.apache.spark.sql.SparkSession.sessionState(SparkSession.scala:157)","logger":"airflow.task.operators.airflow.providers.docker.operators.docker.DockerOperator","filename":"docker.py","lineno":71}
{"timestamp":"2026-05-19T23:44:53.771060Z","level":"info","event":"\tat org.apache.spark.sql.DataFrameReader.<init>(DataFrameReader.scala:699)","logger":"airflow.task.operators.airflow.providers.docker.operators.docker.DockerOperator","filename":"docker.py","lineno":71}
{"timestamp":"2026-05-19T23:44:53.771114Z","level":"info","event":"\tat org.apache.spark.sql.SparkSession.read(SparkSession.scala:783)","logger":"airflow.task.operators.airflow.providers.docker.operators.docker.DockerOperator","filename":"docker.py","lineno":71}
{"timestamp":"2026-05-19T23:44:53.771161Z","level":"info","event":"\tat jdk.internal.reflect.GeneratedMethodAccessor8.invoke(Unknown Source)","logger":"airflow.task.operators.airflow.providers.docker.operators.docker.DockerOperator","filename":"docker.py","lineno":71}
{"timestamp":"2026-05-19T23:44:53.771217Z","level":"info","event":"\tat java.base/jdk.internal.reflect.DelegatingMethodAccessorImpl.invoke(Unknown Source)","logger":"airflow.task.operators.airflow.providers.docker.operators.docker.DockerOperator","filename":"docker.py","lineno":71}
{"timestamp":"2026-05-19T23:44:53.771270Z","level":"info","event":"\tat java.base/java.lang.reflect.Method.invoke(Unknown Source)","logger":"airflow.task.operators.airflow.providers.docker.operators.docker.DockerOperator","filename":"docker.py","lineno":71}
{"timestamp":"2026-05-19T23:44:53.771325Z","level":"info","event":"\tat py4j.reflection.MethodInvoker.invoke(MethodInvoker.java:244)","logger":"airflow.task.operators.airflow.providers.docker.operators.docker.DockerOperator","filename":"docker.py","lineno":71}
{"timestamp":"2026-05-19T23:44:53.771380Z","level":"info","event":"\tat py4j.reflection.ReflectionEngine.invoke(ReflectionEngine.java:374)","logger":"airflow.task.operators.airflow.providers.docker.operators.docker.DockerOperator","filename":"docker.py","lineno":71}
{"timestamp":"2026-05-19T23:44:53.771441Z","level":"info","event":"\tat py4j.Gateway.invoke(Gateway.java:282)","logger":"airflow.task.operators.airflow.providers.docker.operators.docker.DockerOperator","filename":"docker.py","lineno":71}
{"timestamp":"2026-05-19T23:44:53.771498Z","level":"info","event":"\tat py4j.commands.AbstractCommand.invokeMethod(AbstractCommand.java:132)","logger":"airflow.task.operators.airflow.providers.docker.operators.docker.DockerOperator","filename":"docker.py","lineno":71}
{"timestamp":"2026-05-19T23:44:53.771546Z","level":"info","event":"\tat py4j.commands.CallCommand.execute(CallCommand.java:79)","logger":"airflow.task.operators.airflow.providers.docker.operators.docker.DockerOperator","filename":"docker.py","lineno":71}
{"timestamp":"2026-05-19T23:44:53.771600Z","level":"info","event":"\tat py4j.ClientServerConnection.waitForCommands(ClientServerConnection.java:182)","logger":"airflow.task.operators.airflow.providers.docker.operators.docker.DockerOperator","filename":"docker.py","lineno":71}
{"timestamp":"2026-05-19T23:44:53.771655Z","level":"info","event":"\tat py4j.ClientServerConnection.run(ClientServerConnection.java:106)","logger":"airflow.task.operators.airflow.providers.docker.operators.docker.DockerOperator","filename":"docker.py","lineno":71}
{"timestamp":"2026-05-19T23:44:53.771711Z","level":"info","event":"\tat java.base/java.lang.Thread.run(Unknown Source)","logger":"airflow.task.operators.airflow.providers.docker.operators.docker.DockerOperator","filename":"docker.py","lineno":71}
{"timestamp":"2026-05-19T23:44:53.771764Z","level":"info","event":"Caused by: java.lang.ClassNotFoundException: scala.collection.SeqOps","logger":"airflow.task.operators.airflow.providers.docker.operators.docker.DockerOperator","filename":"docker.py","lineno":71}
{"timestamp":"2026-05-19T23:44:53.771826Z","level":"info","event":"\tat java.base/jdk.internal.loader.BuiltinClassLoader.loadClass(Unknown Source)","logger":"airflow.task.operators.airflow.providers.docker.operators.docker.DockerOperator","filename":"docker.py","lineno":71}
{"timestamp":"2026-05-19T23:44:53.771982Z","level":"info","event":"\tat java.base/jdk.internal.loader.ClassLoaders$AppClassLoader.loadClass(Unknown Source)","logger":"airflow.task.operators.airflow.providers.docker.operators.docker.DockerOperator","filename":"docker.py","lineno":71}
{"timestamp":"2026-05-19T23:44:53.772036Z","level":"info","event":"\tat java.base/java.lang.ClassLoader.loadClass(Unknown Source)","logger":"airflow.task.operators.airflow.providers.docker.operators.docker.DockerOperator","filename":"docker.py","lineno":71}
{"timestamp":"2026-05-19T23:44:53.772090Z","level":"info","event":"\t... 28 more","logger":"airflow.task.operators.airflow.providers.docker.operators.docker.DockerOperator","filename":"docker.py","lineno":71}
{"timestamp":"2026-05-19T23:44:53.772143Z","level":"info","event":"","logger":"airflow.task.operators.airflow.providers.docker.operators.docker.DockerOperator","filename":"docker.py","lineno":71}
{"timestamp":"2026-05-19T23:44:53.772337Z","level":"info","event":"2026-05-19 23:44:53,769 - INFO - Closing down clientserver connection","logger":"airflow.task.operators.airflow.providers.docker.operators.docker.DockerOperator","filename":"docker.py","lineno":71}
{"timestamp":"2026-05-19T23:44:53.772501Z","level":"info","event":"2026-05-19 23:44:53,769 - INFO - Closing down clientserver connection","logger":"airflow.task.operators.airflow.providers.docker.operators.docker.DockerOperator","filename":"docker.py","lineno":71}
{"timestamp":"2026-05-19T23:44:53.796517Z","level":"info","event":"2026-05-19 23:44:53,770 - INFO - Closing down clientserver connection","logger":"airflow.task.operators.airflow.providers.docker.operators.docker.DockerOperator","filename":"docker.py","lineno":71}
{"timestamp":"2026-05-19T23:44:53.796756Z","level":"info","event":"2026-05-19 23:44:53,771 - INFO - Closing down clientserver connection","logger":"airflow.task.operators.airflow.providers.docker.operators.docker.DockerOperator","filename":"docker.py","lineno":71}
{"timestamp":"2026-05-19T23:44:53.796839Z","level":"info","event":"2026-05-19 23:44:53,771 - INFO - Closing down clientserver connection","logger":"airflow.task.operators.airflow.providers.docker.operators.docker.DockerOperator","filename":"docker.py","lineno":71}
{"timestamp":"2026-05-19T23:44:53.796935Z","level":"info","event":"2026-05-19 23:44:53,771 - INFO - Closing down clientserver connection","logger":"airflow.task.operators.airflow.providers.docker.operators.docker.DockerOperator","filename":"docker.py","lineno":71}
{"timestamp":"2026-05-19T23:44:53.797002Z","level":"info","event":"2026-05-19 23:44:53,771 - INFO - Closing down clientserver connection","logger":"airflow.task.operators.airflow.providers.docker.operators.docker.DockerOperator","filename":"docker.py","lineno":71}
{"timestamp":"2026-05-19T23:44:53.797079Z","level":"info","event":"2026-05-19 23:44:53,772 - INFO - Closing down clientserver connection","logger":"airflow.task.operators.airflow.providers.docker.operators.docker.DockerOperator","filename":"docker.py","lineno":71}
{"timestamp":"2026-05-19T23:44:53.797149Z","level":"info","event":"2026-05-19 23:44:53,772 - INFO - Incremental parallel ingestion to landing completed!","logger":"airflow.task.operators.airflow.providers.docker.operators.docker.DockerOperator","filename":"docker.py","lineno":71}
{"timestamp":"2026-05-19T23:44:53.800521Z","level":"info","event":"26/05/19 23:44:53 INFO SparkContext: SparkContext is stopping with exitCode 0.","logger":"airflow.task.operators.airflow.providers.docker.operators.docker.DockerOperator","filename":"docker.py","lineno":71}
{"timestamp":"2026-05-19T23:44:53.868664Z","level":"info","event":"26/05/19 23:44:53 INFO SparkUI: Stopped Spark web UI at http://f54cba5831b5:4040","logger":"airflow.task.operators.airflow.providers.docker.operators.docker.DockerOperator","filename":"docker.py","lineno":71}
{"timestamp":"2026-05-19T23:44:53.877364Z","level":"info","event":"26/05/19 23:44:53 INFO StandaloneSchedulerBackend: Shutting down all executors","logger":"airflow.task.operators.airflow.providers.docker.operators.docker.DockerOperator","filename":"docker.py","lineno":71}
{"timestamp":"2026-05-19T23:44:53.878648Z","level":"info","event":"26/05/19 23:44:53 INFO StandaloneSchedulerBackend$StandaloneDriverEndpoint: Asking each executor to shut down","logger":"airflow.task.operators.airflow.providers.docker.operators.docker.DockerOperator","filename":"docker.py","lineno":71}
{"timestamp":"2026-05-19T23:44:53.914886Z","level":"info","event":"26/05/19 23:44:53 INFO MapOutputTrackerMasterEndpoint: MapOutputTrackerMasterEndpoint stopped!","logger":"airflow.task.operators.airflow.providers.docker.operators.docker.DockerOperator","filename":"docker.py","lineno":71}
{"timestamp":"2026-05-19T23:44:53.938043Z","level":"info","event":"26/05/19 23:44:53 INFO MemoryStore: MemoryStore cleared","logger":"airflow.task.operators.airflow.providers.docker.operators.docker.DockerOperator","filename":"docker.py","lineno":71}
{"timestamp":"2026-05-19T23:44:53.941275Z","level":"info","event":"26/05/19 23:44:53 INFO BlockManager: BlockManager stopped","logger":"airflow.task.operators.airflow.providers.docker.operators.docker.DockerOperator","filename":"docker.py","lineno":71}
{"timestamp":"2026-05-19T23:44:53.961503Z","level":"info","event":"26/05/19 23:44:53 INFO BlockManagerMaster: BlockManagerMaster stopped","logger":"airflow.task.operators.airflow.providers.docker.operators.docker.DockerOperator","filename":"docker.py","lineno":71}
{"timestamp":"2026-05-19T23:44:53.968761Z","level":"info","event":"26/05/19 23:44:53 INFO OutputCommitCoordinator$OutputCommitCoordinatorEndpoint: OutputCommitCoordinator stopped!","logger":"airflow.task.operators.airflow.providers.docker.operators.docker.DockerOperator","filename":"docker.py","lineno":71}
{"timestamp":"2026-05-19T23:44:54.008176Z","level":"info","event":"26/05/19 23:44:54 INFO SparkContext: Successfully stopped SparkContext","logger":"airflow.task.operators.airflow.providers.docker.operators.docker.DockerOperator","filename":"docker.py","lineno":71}
{"timestamp":"2026-05-19T23:44:54.476957Z","level":"info","event":"26/05/19 23:44:54 INFO ShutdownHookManager: Shutdown hook called","logger":"airflow.task.operators.airflow.providers.docker.operators.docker.DockerOperator","filename":"docker.py","lineno":71}
{"timestamp":"2026-05-19T23:44:54.477649Z","level":"info","event":"26/05/19 23:44:54 INFO ShutdownHookManager: Deleting directory /tmp/spark-f303bd8b-1adb-4d88-a725-3524f99c16c3","logger":"airflow.task.operators.airflow.providers.docker.operators.docker.DockerOperator","filename":"docker.py","lineno":71}
{"timestamp":"2026-05-19T23:44:54.481779Z","level":"info","event":"26/05/19 23:44:54 INFO ShutdownHookManager: Deleting directory /tmp/spark-a95b0a70-8d43-4ce5-a5ac-cb61482cd10a","logger":"airflow.task.operators.airflow.providers.docker.operators.docker.DockerOperator","filename":"docker.py","lineno":71}
{"timestamp":"2026-05-19T23:44:54.485719Z","level":"info","event":"26/05/19 23:44:54 INFO ShutdownHookManager: Deleting directory /tmp/spark-a95b0a70-8d43-4ce5-a5ac-cb61482cd10a/pyspark-75d6ca65-0c76-41ff-aac5-a573d080190d","logger":"airflow.task.operators.airflow.providers.docker.operators.docker.DockerOperator","filename":"docker.py","lineno":71}
{"timestamp":"2026-05-19T23:44:55.061409Z","level":"info","event":"Pushing xcom","ti":"RuntimeTaskInstance(id=UUID('019e42a0-8a25-7955-82f2-e270086c8a54'), task_id='ingestion_landing', dag_id='ELT', run_id='manual__2026-05-19T23:44:37.892644+00:00', try_number=1, dag_version_id=UUID('019e4279-b0ec-7cd6-b03b-767816a965e4'), map_index=-1, hostname='daa549fa050b', context_carrier={'traceparent': '00-1fb5bed07c1cd2a7f6de2951d8859ff7-ffd18514d0e6bf69-01'}, task=<Task(DockerOperator): ingestion_landing>, bundle_instance=LocalDagBundle(name=dags-folder), max_tries=0, start_date=datetime.datetime(2026, 5, 19, 23, 44, 38, 804623, tzinfo=datetime.timezone.utc), end_date=None, state=<TaskInstanceState.RUNNING: 'running'>, is_mapped=False, rendered_map_index=None, sentry_integration='')","logger":"task","filename":"task_runner.py","lineno":1724}
