{"timestamp":"2026-05-21T21:20:08.258299Z","level":"info","event":"DAG bundles loaded: dags-folder","logger":"airflow.dag_processing.bundles.manager.DagBundlesManager","filename":"manager.py","lineno":209}
{"timestamp":"2026-05-21T21:20:08.259959Z","level":"info","event":"Filling up the DagBag from /opt/airflow/dags/dag_elt.py","logger":"airflow.dag_processing.dagbag.BundleDagBag","filename":"dagbag.py","lineno":469}
{"timestamp":"2026-05-21T21:20:08.653058Z","level":"info","event":"Starting docker container from image rodrigofbms/spark-py:3.4.0-delta-core2.12-2.4.0","logger":"airflow.task.operators.airflow.providers.docker.operators.docker.DockerOperator","filename":"docker.py","lineno":367}
{"timestamp":"2026-05-21T21:20:09.011497Z","level":"info","event":"++ id -u","logger":"airflow.task.operators.airflow.providers.docker.operators.docker.DockerOperator","filename":"docker.py","lineno":71}
{"timestamp":"2026-05-21T21:20:09.011742Z","level":"info","event":"+ myuid=0","logger":"airflow.task.operators.airflow.providers.docker.operators.docker.DockerOperator","filename":"docker.py","lineno":71}
{"timestamp":"2026-05-21T21:20:09.011889Z","level":"info","event":"++ id -g","logger":"airflow.task.operators.airflow.providers.docker.operators.docker.DockerOperator","filename":"docker.py","lineno":71}
{"timestamp":"2026-05-21T21:20:09.012417Z","level":"info","event":"+ mygid=0","logger":"airflow.task.operators.airflow.providers.docker.operators.docker.DockerOperator","filename":"docker.py","lineno":71}
{"timestamp":"2026-05-21T21:20:09.012579Z","level":"info","event":"+ set +e","logger":"airflow.task.operators.airflow.providers.docker.operators.docker.DockerOperator","filename":"docker.py","lineno":71}
{"timestamp":"2026-05-21T21:20:09.012984Z","level":"info","event":"++ getent passwd 0","logger":"airflow.task.operators.airflow.providers.docker.operators.docker.DockerOperator","filename":"docker.py","lineno":71}
{"timestamp":"2026-05-21T21:20:09.014571Z","level":"info","event":"+ uidentry=root:x:0:0:root:/root:/bin/bash","logger":"airflow.task.operators.airflow.providers.docker.operators.docker.DockerOperator","filename":"docker.py","lineno":71}
{"timestamp":"2026-05-21T21:20:09.014686Z","level":"info","event":"+ set -e","logger":"airflow.task.operators.airflow.providers.docker.operators.docker.DockerOperator","filename":"docker.py","lineno":71}
{"timestamp":"2026-05-21T21:20:09.015919Z","level":"info","event":"+ '[' -z root:x:0:0:root:/root:/bin/bash ']'","logger":"airflow.task.operators.airflow.providers.docker.operators.docker.DockerOperator","filename":"docker.py","lineno":71}
{"timestamp":"2026-05-21T21:20:09.016115Z","level":"info","event":"+ '[' -z /opt/java/openjdk ']'","logger":"airflow.task.operators.airflow.providers.docker.operators.docker.DockerOperator","filename":"docker.py","lineno":71}
{"timestamp":"2026-05-21T21:20:09.016211Z","level":"info","event":"+ SPARK_CLASSPATH=':/opt/spark/jars/*'","logger":"airflow.task.operators.airflow.providers.docker.operators.docker.DockerOperator","filename":"docker.py","lineno":71}
{"timestamp":"2026-05-21T21:20:09.016286Z","level":"info","event":"+ env","logger":"airflow.task.operators.airflow.providers.docker.operators.docker.DockerOperator","filename":"docker.py","lineno":71}
{"timestamp":"2026-05-21T21:20:09.016355Z","level":"info","event":"+ grep SPARK_JAVA_OPT_","logger":"airflow.task.operators.airflow.providers.docker.operators.docker.DockerOperator","filename":"docker.py","lineno":71}
{"timestamp":"2026-05-21T21:20:09.016422Z","level":"info","event":"+ sort -t_ -k4 -n","logger":"airflow.task.operators.airflow.providers.docker.operators.docker.DockerOperator","filename":"docker.py","lineno":71}
{"timestamp":"2026-05-21T21:20:09.016548Z","level":"info","event":"+ sed 's/[^=]*=\\(.*\\)/\\1/g'","logger":"airflow.task.operators.airflow.providers.docker.operators.docker.DockerOperator","filename":"docker.py","lineno":71}
{"timestamp":"2026-05-21T21:20:09.021450Z","level":"info","event":"++ command -v readarray","logger":"airflow.task.operators.airflow.providers.docker.operators.docker.DockerOperator","filename":"docker.py","lineno":71}
{"timestamp":"2026-05-21T21:20:09.021855Z","level":"info","event":"+ '[' readarray ']'","logger":"airflow.task.operators.airflow.providers.docker.operators.docker.DockerOperator","filename":"docker.py","lineno":71}
{"timestamp":"2026-05-21T21:20:09.022000Z","level":"info","event":"+ readarray -t SPARK_EXECUTOR_JAVA_OPTS","logger":"airflow.task.operators.airflow.providers.docker.operators.docker.DockerOperator","filename":"docker.py","lineno":71}
{"timestamp":"2026-05-21T21:20:09.022105Z","level":"info","event":"+ '[' -n '' ']'","logger":"airflow.task.operators.airflow.providers.docker.operators.docker.DockerOperator","filename":"docker.py","lineno":71}
{"timestamp":"2026-05-21T21:20:09.022159Z","level":"info","event":"+ '[' -z ']'","logger":"airflow.task.operators.airflow.providers.docker.operators.docker.DockerOperator","filename":"docker.py","lineno":71}
{"timestamp":"2026-05-21T21:20:09.022206Z","level":"info","event":"+ '[' -z ']'","logger":"airflow.task.operators.airflow.providers.docker.operators.docker.DockerOperator","filename":"docker.py","lineno":71}
{"timestamp":"2026-05-21T21:20:09.022284Z","level":"info","event":"+ '[' -n '' ']'","logger":"airflow.task.operators.airflow.providers.docker.operators.docker.DockerOperator","filename":"docker.py","lineno":71}
{"timestamp":"2026-05-21T21:20:09.022331Z","level":"info","event":"+ '[' -z ']'","logger":"airflow.task.operators.airflow.providers.docker.operators.docker.DockerOperator","filename":"docker.py","lineno":71}
{"timestamp":"2026-05-21T21:20:09.022372Z","level":"info","event":"+ '[' -z ']'","logger":"airflow.task.operators.airflow.providers.docker.operators.docker.DockerOperator","filename":"docker.py","lineno":71}
{"timestamp":"2026-05-21T21:20:09.022414Z","level":"info","event":"+ '[' -z x ']'","logger":"airflow.task.operators.airflow.providers.docker.operators.docker.DockerOperator","filename":"docker.py","lineno":71}
{"timestamp":"2026-05-21T21:20:09.022493Z","level":"info","event":"+ SPARK_CLASSPATH='/opt/spark/conf::/opt/spark/jars/*'","logger":"airflow.task.operators.airflow.providers.docker.operators.docker.DockerOperator","filename":"docker.py","lineno":71}
{"timestamp":"2026-05-21T21:20:09.022543Z","level":"info","event":"+ case \"$1\" in","logger":"airflow.task.operators.airflow.providers.docker.operators.docker.DockerOperator","filename":"docker.py","lineno":71}
{"timestamp":"2026-05-21T21:20:09.022582Z","level":"info","event":"+ echo 'Non-spark-on-k8s command provided, proceeding in pass-through mode...'","logger":"airflow.task.operators.airflow.providers.docker.operators.docker.DockerOperator","filename":"docker.py","lineno":71}
{"timestamp":"2026-05-21T21:20:09.022899Z","level":"info","event":"+ CMD=(\"$@\")","logger":"airflow.task.operators.airflow.providers.docker.operators.docker.DockerOperator","filename":"docker.py","lineno":71}
{"timestamp":"2026-05-21T21:20:09.022986Z","level":"info","event":"+ exec /usr/bin/tini -s -- /opt/spark/bin/spark-submit /app/08_incremental_agregation_silver_to_gold.py","logger":"airflow.task.operators.airflow.providers.docker.operators.docker.DockerOperator","filename":"docker.py","lineno":71}
{"timestamp":"2026-05-21T21:20:09.023091Z","level":"info","event":"Non-spark-on-k8s command provided, proceeding in pass-through mode...","logger":"airflow.task.operators.airflow.providers.docker.operators.docker.DockerOperator","filename":"docker.py","lineno":71}
{"timestamp":"2026-05-21T21:20:12.316244Z","level":"info","event":"2026-05-21 21:20:12,315 - INFO - Starting incremental agregation from MinIO silver to MinIO gold...","logger":"airflow.task.operators.airflow.providers.docker.operators.docker.DockerOperator","filename":"docker.py","lineno":71}
{"timestamp":"2026-05-21T21:20:12.446633Z","level":"info","event":"26/05/21 21:20:12 INFO SparkContext: Running Spark version 3.4.0","logger":"airflow.task.operators.airflow.providers.docker.operators.docker.DockerOperator","filename":"docker.py","lineno":71}
{"timestamp":"2026-05-21T21:20:12.545989Z","level":"info","event":"26/05/21 21:20:12 WARN NativeCodeLoader: Unable to load native-hadoop library for your platform... using builtin-java classes where applicable","logger":"airflow.task.operators.airflow.providers.docker.operators.docker.DockerOperator","filename":"docker.py","lineno":71}
{"timestamp":"2026-05-21T21:20:12.689521Z","level":"info","event":"26/05/21 21:20:12 INFO ResourceUtils: ==============================================================","logger":"airflow.task.operators.airflow.providers.docker.operators.docker.DockerOperator","filename":"docker.py","lineno":71}
{"timestamp":"2026-05-21T21:20:12.691069Z","level":"info","event":"26/05/21 21:20:12 INFO ResourceUtils: No custom resources configured for spark.driver.","logger":"airflow.task.operators.airflow.providers.docker.operators.docker.DockerOperator","filename":"docker.py","lineno":71}
{"timestamp":"2026-05-21T21:20:12.691248Z","level":"info","event":"26/05/21 21:20:12 INFO ResourceUtils: ==============================================================","logger":"airflow.task.operators.airflow.providers.docker.operators.docker.DockerOperator","filename":"docker.py","lineno":71}
{"timestamp":"2026-05-21T21:20:12.692301Z","level":"info","event":"26/05/21 21:20:12 INFO SparkContext: Submitted application: Incremental agregation from MinIO silver to MinIO gold","logger":"airflow.task.operators.airflow.providers.docker.operators.docker.DockerOperator","filename":"docker.py","lineno":71}
{"timestamp":"2026-05-21T21:20:12.727052Z","level":"info","event":"26/05/21 21:20:12 INFO ResourceProfile: Default ResourceProfile created, executor resources: Map(memory -> name: memory, amount: 1024, script: , vendor: , offHeap -> name: offHeap, amount: 0, script: , vendor: ), task resources: Map(cpus -> name: cpus, amount: 1.0)","logger":"airflow.task.operators.airflow.providers.docker.operators.docker.DockerOperator","filename":"docker.py","lineno":71}
{"timestamp":"2026-05-21T21:20:12.738469Z","level":"info","event":"26/05/21 21:20:12 INFO ResourceProfile: Limiting resource is cpu","logger":"airflow.task.operators.airflow.providers.docker.operators.docker.DockerOperator","filename":"docker.py","lineno":71}
{"timestamp":"2026-05-21T21:20:12.739792Z","level":"info","event":"26/05/21 21:20:12 INFO ResourceProfileManager: Added ResourceProfile id: 0","logger":"airflow.task.operators.airflow.providers.docker.operators.docker.DockerOperator","filename":"docker.py","lineno":71}
{"timestamp":"2026-05-21T21:20:12.810796Z","level":"info","event":"26/05/21 21:20:12 INFO SecurityManager: Changing view acls to: root","logger":"airflow.task.operators.airflow.providers.docker.operators.docker.DockerOperator","filename":"docker.py","lineno":71}
{"timestamp":"2026-05-21T21:20:12.811019Z","level":"info","event":"26/05/21 21:20:12 INFO SecurityManager: Changing modify acls to: root","logger":"airflow.task.operators.airflow.providers.docker.operators.docker.DockerOperator","filename":"docker.py","lineno":71}
{"timestamp":"2026-05-21T21:20:12.811940Z","level":"info","event":"26/05/21 21:20:12 INFO SecurityManager: Changing view acls groups to:","logger":"airflow.task.operators.airflow.providers.docker.operators.docker.DockerOperator","filename":"docker.py","lineno":71}
{"timestamp":"2026-05-21T21:20:12.812152Z","level":"info","event":"26/05/21 21:20:12 INFO SecurityManager: Changing modify acls groups to:","logger":"airflow.task.operators.airflow.providers.docker.operators.docker.DockerOperator","filename":"docker.py","lineno":71}
{"timestamp":"2026-05-21T21:20:12.812579Z","level":"info","event":"26/05/21 21:20:12 INFO SecurityManager: SecurityManager: authentication disabled; ui acls disabled; users with view permissions: root; groups with view permissions: EMPTY; users with modify permissions: root; groups with modify permissions: EMPTY","logger":"airflow.task.operators.airflow.providers.docker.operators.docker.DockerOperator","filename":"docker.py","lineno":71}
{"timestamp":"2026-05-21T21:20:13.100866Z","level":"info","event":"26/05/21 21:20:13 INFO Utils: Successfully started service 'sparkDriver' on port 39137.","logger":"airflow.task.operators.airflow.providers.docker.operators.docker.DockerOperator","filename":"docker.py","lineno":71}
{"timestamp":"2026-05-21T21:20:13.134026Z","level":"info","event":"26/05/21 21:20:13 INFO SparkEnv: Registering MapOutputTracker","logger":"airflow.task.operators.airflow.providers.docker.operators.docker.DockerOperator","filename":"docker.py","lineno":71}
{"timestamp":"2026-05-21T21:20:13.175302Z","level":"info","event":"26/05/21 21:20:13 INFO SparkEnv: Registering BlockManagerMaster","logger":"airflow.task.operators.airflow.providers.docker.operators.docker.DockerOperator","filename":"docker.py","lineno":71}
{"timestamp":"2026-05-21T21:20:13.200679Z","level":"info","event":"26/05/21 21:20:13 INFO BlockManagerMasterEndpoint: Using org.apache.spark.storage.DefaultTopologyMapper for getting topology information","logger":"airflow.task.operators.airflow.providers.docker.operators.docker.DockerOperator","filename":"docker.py","lineno":71}
{"timestamp":"2026-05-21T21:20:13.201748Z","level":"info","event":"26/05/21 21:20:13 INFO BlockManagerMasterEndpoint: BlockManagerMasterEndpoint up","logger":"airflow.task.operators.airflow.providers.docker.operators.docker.DockerOperator","filename":"docker.py","lineno":71}
{"timestamp":"2026-05-21T21:20:13.206398Z","level":"info","event":"26/05/21 21:20:13 INFO SparkEnv: Registering BlockManagerMasterHeartbeat","logger":"airflow.task.operators.airflow.providers.docker.operators.docker.DockerOperator","filename":"docker.py","lineno":71}
{"timestamp":"2026-05-21T21:20:13.230451Z","level":"info","event":"26/05/21 21:20:13 INFO DiskBlockManager: Created local directory at /tmp/blockmgr-ddeadb0b-3b3c-4db2-9a6c-2a32b7bf8834","logger":"airflow.task.operators.airflow.providers.docker.operators.docker.DockerOperator","filename":"docker.py","lineno":71}
{"timestamp":"2026-05-21T21:20:13.255004Z","level":"info","event":"26/05/21 21:20:13 INFO MemoryStore: MemoryStore started with capacity 434.4 MiB","logger":"airflow.task.operators.airflow.providers.docker.operators.docker.DockerOperator","filename":"docker.py","lineno":71}
{"timestamp":"2026-05-21T21:20:13.277394Z","level":"info","event":"26/05/21 21:20:13 INFO SparkEnv: Registering OutputCommitCoordinator","logger":"airflow.task.operators.airflow.providers.docker.operators.docker.DockerOperator","filename":"docker.py","lineno":71}
{"timestamp":"2026-05-21T21:20:13.451826Z","level":"info","event":"26/05/21 21:20:13 INFO JettyUtils: Start Jetty 0.0.0.0:4040 for SparkUI","logger":"airflow.task.operators.airflow.providers.docker.operators.docker.DockerOperator","filename":"docker.py","lineno":71}
{"timestamp":"2026-05-21T21:20:13.529393Z","level":"info","event":"26/05/21 21:20:13 INFO Utils: Successfully started service 'SparkUI' on port 4040.","logger":"airflow.task.operators.airflow.providers.docker.operators.docker.DockerOperator","filename":"docker.py","lineno":71}
{"timestamp":"2026-05-21T21:20:13.709907Z","level":"info","event":"26/05/21 21:20:13 INFO StandaloneAppClient$ClientEndpoint: Connecting to master spark://spark-master:7077...","logger":"airflow.task.operators.airflow.providers.docker.operators.docker.DockerOperator","filename":"docker.py","lineno":71}
{"timestamp":"2026-05-21T21:20:13.764970Z","level":"info","event":"26/05/21 21:20:13 INFO TransportClientFactory: Successfully created connection to spark-master/172.20.0.19:7077 after 32 ms (0 ms spent in bootstraps)","logger":"airflow.task.operators.airflow.providers.docker.operators.docker.DockerOperator","filename":"docker.py","lineno":71}
{"timestamp":"2026-05-21T21:20:14.075955Z","level":"info","event":"26/05/21 21:20:14 INFO StandaloneSchedulerBackend: Connected to Spark cluster with app ID app-20260521212014-0000","logger":"airflow.task.operators.airflow.providers.docker.operators.docker.DockerOperator","filename":"docker.py","lineno":71}
{"timestamp":"2026-05-21T21:20:14.090601Z","level":"info","event":"26/05/21 21:20:14 INFO Utils: Successfully started service 'org.apache.spark.network.netty.NettyBlockTransferService' on port 38983.","logger":"airflow.task.operators.airflow.providers.docker.operators.docker.DockerOperator","filename":"docker.py","lineno":71}
{"timestamp":"2026-05-21T21:20:14.093392Z","level":"info","event":"26/05/21 21:20:14 INFO NettyBlockTransferService: Server created on 18bf505767c5:38983","logger":"airflow.task.operators.airflow.providers.docker.operators.docker.DockerOperator","filename":"docker.py","lineno":71}
{"timestamp":"2026-05-21T21:20:14.096233Z","level":"info","event":"26/05/21 21:20:14 INFO BlockManager: Using org.apache.spark.storage.RandomBlockReplicationPolicy for block replication policy","logger":"airflow.task.operators.airflow.providers.docker.operators.docker.DockerOperator","filename":"docker.py","lineno":71}
{"timestamp":"2026-05-21T21:20:14.110889Z","level":"info","event":"26/05/21 21:20:14 INFO BlockManagerMaster: Registering BlockManager BlockManagerId(driver, 18bf505767c5, 38983, None)","logger":"airflow.task.operators.airflow.providers.docker.operators.docker.DockerOperator","filename":"docker.py","lineno":71}
{"timestamp":"2026-05-21T21:20:14.118400Z","level":"info","event":"26/05/21 21:20:14 INFO BlockManagerMasterEndpoint: Registering block manager 18bf505767c5:38983 with 434.4 MiB RAM, BlockManagerId(driver, 18bf505767c5, 38983, None)","logger":"airflow.task.operators.airflow.providers.docker.operators.docker.DockerOperator","filename":"docker.py","lineno":71}
{"timestamp":"2026-05-21T21:20:14.124227Z","level":"info","event":"26/05/21 21:20:14 INFO BlockManagerMaster: Registered BlockManager BlockManagerId(driver, 18bf505767c5, 38983, None)","logger":"airflow.task.operators.airflow.providers.docker.operators.docker.DockerOperator","filename":"docker.py","lineno":71}
{"timestamp":"2026-05-21T21:20:14.125331Z","level":"info","event":"26/05/21 21:20:14 INFO BlockManager: Initialized BlockManager: BlockManagerId(driver, 18bf505767c5, 38983, None)","logger":"airflow.task.operators.airflow.providers.docker.operators.docker.DockerOperator","filename":"docker.py","lineno":71}
{"timestamp":"2026-05-21T21:20:14.137947Z","level":"info","event":"26/05/21 21:20:14 INFO StandaloneAppClient$ClientEndpoint: Executor added: app-20260521212014-0000/0 on worker-20260521194223-172.20.0.21-44331 (172.20.0.21:44331) with 8 core(s)","logger":"airflow.task.operators.airflow.providers.docker.operators.docker.DockerOperator","filename":"docker.py","lineno":71}
{"timestamp":"2026-05-21T21:20:14.150469Z","level":"info","event":"26/05/21 21:20:14 INFO StandaloneSchedulerBackend: Granted executor ID app-20260521212014-0000/0 on hostPort 172.20.0.21:44331 with 8 core(s), 1024.0 MiB RAM","logger":"airflow.task.operators.airflow.providers.docker.operators.docker.DockerOperator","filename":"docker.py","lineno":71}
{"timestamp":"2026-05-21T21:20:14.152183Z","level":"info","event":"26/05/21 21:20:14 INFO StandaloneAppClient$ClientEndpoint: Executor added: app-20260521212014-0000/1 on worker-20260521194223-172.20.0.20-35565 (172.20.0.20:35565) with 8 core(s)","logger":"airflow.task.operators.airflow.providers.docker.operators.docker.DockerOperator","filename":"docker.py","lineno":71}
{"timestamp":"2026-05-21T21:20:14.156911Z","level":"info","event":"26/05/21 21:20:14 INFO StandaloneSchedulerBackend: Granted executor ID app-20260521212014-0000/1 on hostPort 172.20.0.20:35565 with 8 core(s), 1024.0 MiB RAM","logger":"airflow.task.operators.airflow.providers.docker.operators.docker.DockerOperator","filename":"docker.py","lineno":71}
{"timestamp":"2026-05-21T21:20:14.606331Z","level":"info","event":"26/05/21 21:20:14 INFO StandaloneSchedulerBackend: SchedulerBackend is ready for scheduling beginning after reached minRegisteredResourcesRatio: 0.0","logger":"airflow.task.operators.airflow.providers.docker.operators.docker.DockerOperator","filename":"docker.py","lineno":71}
{"timestamp":"2026-05-21T21:20:14.883477Z","level":"info","event":"26/05/21 21:20:14 INFO StandaloneAppClient$ClientEndpoint: Executor updated: app-20260521212014-0000/1 is now RUNNING","logger":"airflow.task.operators.airflow.providers.docker.operators.docker.DockerOperator","filename":"docker.py","lineno":71}
{"timestamp":"2026-05-21T21:20:14.884333Z","level":"info","event":"26/05/21 21:20:14 INFO StandaloneAppClient$ClientEndpoint: Executor updated: app-20260521212014-0000/0 is now RUNNING","logger":"airflow.task.operators.airflow.providers.docker.operators.docker.DockerOperator","filename":"docker.py","lineno":71}
{"timestamp":"2026-05-21T21:20:15.065825Z","level":"info","event":"2026-05-21 21:20:15,064 - INFO - processing table sales_by_country","logger":"airflow.task.operators.airflow.providers.docker.operators.docker.DockerOperator","filename":"docker.py","lineno":71}
{"timestamp":"2026-05-21T21:20:15.066658Z","level":"info","event":"2026-05-21 21:20:15,065 - INFO - processing table sales_per_customer","logger":"airflow.task.operators.airflow.providers.docker.operators.docker.DockerOperator","filename":"docker.py","lineno":71}
{"timestamp":"2026-05-21T21:20:15.070299Z","level":"info","event":"2026-05-21 21:20:15,066 - INFO - processing table sales_per_employee","logger":"airflow.task.operators.airflow.providers.docker.operators.docker.DockerOperator","filename":"docker.py","lineno":71}
{"timestamp":"2026-05-21T21:20:15.070520Z","level":"info","event":"2026-05-21 21:20:15,067 - INFO - processing table sales_per_city_country","logger":"airflow.task.operators.airflow.providers.docker.operators.docker.DockerOperator","filename":"docker.py","lineno":71}
{"timestamp":"2026-05-21T21:20:15.075837Z","level":"info","event":"2026-05-21 21:20:15,074 - INFO - processing table quantity_sales_per_ship_method","logger":"airflow.task.operators.airflow.providers.docker.operators.docker.DockerOperator","filename":"docker.py","lineno":71}
{"timestamp":"2026-05-21T21:20:15.085821Z","level":"info","event":"2026-05-21 21:20:15,084 - INFO - processing table sales_per_card_type","logger":"airflow.task.operators.airflow.providers.docker.operators.docker.DockerOperator","filename":"docker.py","lineno":71}
{"timestamp":"2026-05-21T21:20:15.088747Z","level":"info","event":"2026-05-21 21:20:15,085 - INFO - processing table quantity_sales_per_product","logger":"airflow.task.operators.airflow.providers.docker.operators.docker.DockerOperator","filename":"docker.py","lineno":71}
{"timestamp":"2026-05-21T21:20:15.334059Z","level":"info","event":"26/05/21 21:20:15 INFO SharedState: Setting hive.metastore.warehouse.dir ('null') to the value of spark.sql.warehouse.dir.","logger":"airflow.task.operators.airflow.providers.docker.operators.docker.DockerOperator","filename":"docker.py","lineno":71}
{"timestamp":"2026-05-21T21:20:15.381267Z","level":"info","event":"26/05/21 21:20:15 INFO SharedState: Warehouse path is 'file:/app/spark-warehouse'.","logger":"airflow.task.operators.airflow.providers.docker.operators.docker.DockerOperator","filename":"docker.py","lineno":71}
{"timestamp":"2026-05-21T21:20:17.628680Z","level":"info","event":"2026-05-21 21:20:17,627 - ERROR - Error processing table sales_per_card_type: An error occurred while calling o50.load.","logger":"airflow.task.operators.airflow.providers.docker.operators.docker.DockerOperator","filename":"docker.py","lineno":71}
{"timestamp":"2026-05-21T21:20:17.629012Z","level":"info","event":": java.lang.RuntimeException: java.lang.ClassNotFoundException: Class org.apache.hadoop.fs.s3a.S3AFileSystem not found","logger":"airflow.task.operators.airflow.providers.docker.operators.docker.DockerOperator","filename":"docker.py","lineno":71}
{"timestamp":"2026-05-21T21:20:17.629139Z","level":"info","event":"\tat org.apache.hadoop.conf.Configuration.getClass(Configuration.java:2688)","logger":"airflow.task.operators.airflow.providers.docker.operators.docker.DockerOperator","filename":"docker.py","lineno":71}
{"timestamp":"2026-05-21T21:20:17.629232Z","level":"info","event":"\tat org.apache.hadoop.fs.FileSystem.getFileSystemClass(FileSystem.java:3431)","logger":"airflow.task.operators.airflow.providers.docker.operators.docker.DockerOperator","filename":"docker.py","lineno":71}
{"timestamp":"2026-05-21T21:20:17.629317Z","level":"info","event":"\tat org.apache.hadoop.fs.FileSystem.createFileSystem(FileSystem.java:3466)","logger":"airflow.task.operators.airflow.providers.docker.operators.docker.DockerOperator","filename":"docker.py","lineno":71}
{"timestamp":"2026-05-21T21:20:17.629384Z","level":"info","event":"\tat org.apache.hadoop.fs.FileSystem.access$300(FileSystem.java:174)","logger":"airflow.task.operators.airflow.providers.docker.operators.docker.DockerOperator","filename":"docker.py","lineno":71}
{"timestamp":"2026-05-21T21:20:17.629445Z","level":"info","event":"\tat org.apache.hadoop.fs.FileSystem$Cache.getInternal(FileSystem.java:3574)","logger":"airflow.task.operators.airflow.providers.docker.operators.docker.DockerOperator","filename":"docker.py","lineno":71}
{"timestamp":"2026-05-21T21:20:17.630913Z","level":"info","event":"\tat org.apache.hadoop.fs.FileSystem$Cache.get(FileSystem.java:3521)","logger":"airflow.task.operators.airflow.providers.docker.operators.docker.DockerOperator","filename":"docker.py","lineno":71}
{"timestamp":"2026-05-21T21:20:17.631105Z","level":"info","event":"\tat org.apache.hadoop.fs.FileSystem.get(FileSystem.java:540)","logger":"airflow.task.operators.airflow.providers.docker.operators.docker.DockerOperator","filename":"docker.py","lineno":71}
{"timestamp":"2026-05-21T21:20:17.631202Z","level":"info","event":"\tat org.apache.hadoop.fs.Path.getFileSystem(Path.java:365)","logger":"airflow.task.operators.airflow.providers.docker.operators.docker.DockerOperator","filename":"docker.py","lineno":71}
{"timestamp":"2026-05-21T21:20:17.631287Z","level":"info","event":"\tat org.apache.spark.sql.delta.DeltaTableUtils$.findDeltaTableRoot(DeltaTable.scala:177)","logger":"airflow.task.operators.airflow.providers.docker.operators.docker.DockerOperator","filename":"docker.py","lineno":71}
{"timestamp":"2026-05-21T21:20:17.631420Z","level":"info","event":"\tat org.apache.spark.sql.delta.sources.DeltaDataSource$.parsePathIdentifier(DeltaDataSource.scala:357)","logger":"airflow.task.operators.airflow.providers.docker.operators.docker.DockerOperator","filename":"docker.py","lineno":71}
{"timestamp":"2026-05-21T21:20:17.631518Z","level":"info","event":"\tat org.apache.spark.sql.delta.catalog.DeltaTableV2.x$1$lzycompute(DeltaTableV2.scala:71)","logger":"airflow.task.operators.airflow.providers.docker.operators.docker.DockerOperator","filename":"docker.py","lineno":71}
{"timestamp":"2026-05-21T21:20:17.631644Z","level":"info","event":"\tat org.apache.spark.sql.delta.catalog.DeltaTableV2.x$1(DeltaTableV2.scala:66)","logger":"airflow.task.operators.airflow.providers.docker.operators.docker.DockerOperator","filename":"docker.py","lineno":71}
{"timestamp":"2026-05-21T21:20:17.631757Z","level":"info","event":"\tat org.apache.spark.sql.delta.catalog.DeltaTableV2.timeTravelByPath$lzycompute(DeltaTableV2.scala:66)","logger":"airflow.task.operators.airflow.providers.docker.operators.docker.DockerOperator","filename":"docker.py","lineno":71}
{"timestamp":"2026-05-21T21:20:17.631835Z","level":"info","event":"\tat org.apache.spark.sql.delta.catalog.DeltaTableV2.timeTravelByPath(DeltaTableV2.scala:66)","logger":"airflow.task.operators.airflow.providers.docker.operators.docker.DockerOperator","filename":"docker.py","lineno":71}
{"timestamp":"2026-05-21T21:20:17.631924Z","level":"info","event":"\tat org.apache.spark.sql.delta.catalog.DeltaTableV2.$anonfun$timeTravelSpec$1(DeltaTableV2.scala:100)","logger":"airflow.task.operators.airflow.providers.docker.operators.docker.DockerOperator","filename":"docker.py","lineno":71}
{"timestamp":"2026-05-21T21:20:17.631993Z","level":"info","event":"\tat scala.Option.orElse(Option.scala:447)","logger":"airflow.task.operators.airflow.providers.docker.operators.docker.DockerOperator","filename":"docker.py","lineno":71}
{"timestamp":"2026-05-21T21:20:17.632077Z","level":"info","event":"\tat org.apache.spark.sql.delta.catalog.DeltaTableV2.timeTravelSpec$lzycompute(DeltaTableV2.scala:100)","logger":"airflow.task.operators.airflow.providers.docker.operators.docker.DockerOperator","filename":"docker.py","lineno":71}
{"timestamp":"2026-05-21T21:20:17.632152Z","level":"info","event":"\tat org.apache.spark.sql.delta.catalog.DeltaTableV2.timeTravelSpec(DeltaTableV2.scala:96)","logger":"airflow.task.operators.airflow.providers.docker.operators.docker.DockerOperator","filename":"docker.py","lineno":71}
{"timestamp":"2026-05-21T21:20:17.632204Z","level":"info","event":"\tat org.apache.spark.sql.delta.catalog.DeltaTableV2.snapshot$lzycompute(DeltaTableV2.scala:104)","logger":"airflow.task.operators.airflow.providers.docker.operators.docker.DockerOperator","filename":"docker.py","lineno":71}
{"timestamp":"2026-05-21T21:20:17.632270Z","level":"info","event":"\tat org.apache.spark.sql.delta.catalog.DeltaTableV2.snapshot(DeltaTableV2.scala:103)","logger":"airflow.task.operators.airflow.providers.docker.operators.docker.DockerOperator","filename":"docker.py","lineno":71}
{"timestamp":"2026-05-21T21:20:17.632337Z","level":"info","event":"\tat org.apache.spark.sql.delta.catalog.DeltaTableV2.toBaseRelation(DeltaTableV2.scala:178)","logger":"airflow.task.operators.airflow.providers.docker.operators.docker.DockerOperator","filename":"docker.py","lineno":71}
{"timestamp":"2026-05-21T21:20:17.632404Z","level":"info","event":"\tat org.apache.spark.sql.delta.sources.DeltaDataSource.$anonfun$createRelation$5(DeltaDataSource.scala:230)","logger":"airflow.task.operators.airflow.providers.docker.operators.docker.DockerOperator","filename":"docker.py","lineno":71}
{"timestamp":"2026-05-21T21:20:17.633641Z","level":"info","event":"\tat org.apache.spark.sql.delta.metering.DeltaLogging.recordFrameProfile(DeltaLogging.scala:140)","logger":"airflow.task.operators.airflow.providers.docker.operators.docker.DockerOperator","filename":"docker.py","lineno":71}
{"timestamp":"2026-05-21T21:20:17.633816Z","level":"info","event":"\tat org.apache.spark.sql.delta.metering.DeltaLogging.recordFrameProfile$(DeltaLogging.scala:138)","logger":"airflow.task.operators.airflow.providers.docker.operators.docker.DockerOperator","filename":"docker.py","lineno":71}
{"timestamp":"2026-05-21T21:20:17.633904Z","level":"info","event":"\tat org.apache.spark.sql.delta.sources.DeltaDataSource.recordFrameProfile(DeltaDataSource.scala:49)","logger":"airflow.task.operators.airflow.providers.docker.operators.docker.DockerOperator","filename":"docker.py","lineno":71}
{"timestamp":"2026-05-21T21:20:17.633977Z","level":"info","event":"\tat org.apache.spark.sql.delta.sources.DeltaDataSource.createRelation(DeltaDataSource.scala:188)","logger":"airflow.task.operators.airflow.providers.docker.operators.docker.DockerOperator","filename":"docker.py","lineno":71}
{"timestamp":"2026-05-21T21:20:17.634048Z","level":"info","event":"\tat org.apache.spark.sql.execution.datasources.DataSource.resolveRelation(DataSource.scala:346)","logger":"airflow.task.operators.airflow.providers.docker.operators.docker.DockerOperator","filename":"docker.py","lineno":71}
{"timestamp":"2026-05-21T21:20:17.634133Z","level":"info","event":"\tat org.apache.spark.sql.DataFrameReader.loadV1Source(DataFrameReader.scala:229)","logger":"airflow.task.operators.airflow.providers.docker.operators.docker.DockerOperator","filename":"docker.py","lineno":71}
{"timestamp":"2026-05-21T21:20:17.634203Z","level":"info","event":"\tat org.apache.spark.sql.DataFrameReader.$anonfun$load$2(DataFrameReader.scala:211)","logger":"airflow.task.operators.airflow.providers.docker.operators.docker.DockerOperator","filename":"docker.py","lineno":71}
{"timestamp":"2026-05-21T21:20:17.634273Z","level":"info","event":"\tat scala.Option.getOrElse(Option.scala:189)","logger":"airflow.task.operators.airflow.providers.docker.operators.docker.DockerOperator","filename":"docker.py","lineno":71}
{"timestamp":"2026-05-21T21:20:17.634344Z","level":"info","event":"\tat org.apache.spark.sql.DataFrameReader.load(DataFrameReader.scala:211)","logger":"airflow.task.operators.airflow.providers.docker.operators.docker.DockerOperator","filename":"docker.py","lineno":71}
{"timestamp":"2026-05-21T21:20:17.634418Z","level":"info","event":"\tat org.apache.spark.sql.DataFrameReader.load(DataFrameReader.scala:186)","logger":"airflow.task.operators.airflow.providers.docker.operators.docker.DockerOperator","filename":"docker.py","lineno":71}
{"timestamp":"2026-05-21T21:20:17.634485Z","level":"info","event":"\tat java.base/jdk.internal.reflect.NativeMethodAccessorImpl.invoke0(Native Method)","logger":"airflow.task.operators.airflow.providers.docker.operators.docker.DockerOperator","filename":"docker.py","lineno":71}
{"timestamp":"2026-05-21T21:20:17.634543Z","level":"info","event":"\tat java.base/jdk.internal.reflect.NativeMethodAccessorImpl.invoke(Unknown Source)","logger":"airflow.task.operators.airflow.providers.docker.operators.docker.DockerOperator","filename":"docker.py","lineno":71}
{"timestamp":"2026-05-21T21:20:17.635808Z","level":"info","event":"\tat java.base/jdk.internal.reflect.DelegatingMethodAccessorImpl.invoke(Unknown Source)","logger":"airflow.task.operators.airflow.providers.docker.operators.docker.DockerOperator","filename":"docker.py","lineno":71}
{"timestamp":"2026-05-21T21:20:17.636317Z","level":"info","event":"\tat java.base/java.lang.reflect.Method.invoke(Unknown Source)","logger":"airflow.task.operators.airflow.providers.docker.operators.docker.DockerOperator","filename":"docker.py","lineno":71}
{"timestamp":"2026-05-21T21:20:17.636422Z","level":"info","event":"\tat py4j.reflection.MethodInvoker.invoke(MethodInvoker.java:244)","logger":"airflow.task.operators.airflow.providers.docker.operators.docker.DockerOperator","filename":"docker.py","lineno":71}
{"timestamp":"2026-05-21T21:20:17.636501Z","level":"info","event":"\tat py4j.reflection.ReflectionEngine.invoke(ReflectionEngine.java:374)","logger":"airflow.task.operators.airflow.providers.docker.operators.docker.DockerOperator","filename":"docker.py","lineno":71}
{"timestamp":"2026-05-21T21:20:17.636578Z","level":"info","event":"\tat py4j.Gateway.invoke(Gateway.java:282)","logger":"airflow.task.operators.airflow.providers.docker.operators.docker.DockerOperator","filename":"docker.py","lineno":71}
{"timestamp":"2026-05-21T21:20:17.636648Z","level":"info","event":"\tat py4j.commands.AbstractCommand.invokeMethod(AbstractCommand.java:132)","logger":"airflow.task.operators.airflow.providers.docker.operators.docker.DockerOperator","filename":"docker.py","lineno":71}
{"timestamp":"2026-05-21T21:20:17.636799Z","level":"info","event":"\tat py4j.commands.CallCommand.execute(CallCommand.java:79)","logger":"airflow.task.operators.airflow.providers.docker.operators.docker.DockerOperator","filename":"docker.py","lineno":71}
{"timestamp":"2026-05-21T21:20:17.636880Z","level":"info","event":"\tat py4j.ClientServerConnection.waitForCommands(ClientServerConnection.java:182)","logger":"airflow.task.operators.airflow.providers.docker.operators.docker.DockerOperator","filename":"docker.py","lineno":71}
{"timestamp":"2026-05-21T21:20:17.636954Z","level":"info","event":"\tat py4j.ClientServerConnection.run(ClientServerConnection.java:106)","logger":"airflow.task.operators.airflow.providers.docker.operators.docker.DockerOperator","filename":"docker.py","lineno":71}
{"timestamp":"2026-05-21T21:20:17.637025Z","level":"info","event":"\tat java.base/java.lang.Thread.run(Unknown Source)","logger":"airflow.task.operators.airflow.providers.docker.operators.docker.DockerOperator","filename":"docker.py","lineno":71}
{"timestamp":"2026-05-21T21:20:17.637119Z","level":"info","event":"Caused by: java.lang.ClassNotFoundException: Class org.apache.hadoop.fs.s3a.S3AFileSystem not found","logger":"airflow.task.operators.airflow.providers.docker.operators.docker.DockerOperator","filename":"docker.py","lineno":71}
{"timestamp":"2026-05-21T21:20:17.637240Z","level":"info","event":"\tat org.apache.hadoop.conf.Configuration.getClassByName(Configuration.java:2592)","logger":"airflow.task.operators.airflow.providers.docker.operators.docker.DockerOperator","filename":"docker.py","lineno":71}
{"timestamp":"2026-05-21T21:20:17.637318Z","level":"info","event":"\tat org.apache.hadoop.conf.Configuration.getClass(Configuration.java:2686)","logger":"airflow.task.operators.airflow.providers.docker.operators.docker.DockerOperator","filename":"docker.py","lineno":71}
{"timestamp":"2026-05-21T21:20:17.637382Z","level":"info","event":"\t... 43 more","logger":"airflow.task.operators.airflow.providers.docker.operators.docker.DockerOperator","filename":"docker.py","lineno":71}
{"timestamp":"2026-05-21T21:20:17.637447Z","level":"info","event":"","logger":"airflow.task.operators.airflow.providers.docker.operators.docker.DockerOperator","filename":"docker.py","lineno":71}
{"timestamp":"2026-05-21T21:20:17.637618Z","level":"info","event":"2026-05-21 21:20:17,635 - ERROR - Error processing table sales_per_city_country: An error occurred while calling o55.load.","logger":"airflow.task.operators.airflow.providers.docker.operators.docker.DockerOperator","filename":"docker.py","lineno":71}
{"timestamp":"2026-05-21T21:20:17.637748Z","level":"info","event":": java.lang.RuntimeException: java.lang.ClassNotFoundException: Class org.apache.hadoop.fs.s3a.S3AFileSystem not found","logger":"airflow.task.operators.airflow.providers.docker.operators.docker.DockerOperator","filename":"docker.py","lineno":71}
{"timestamp":"2026-05-21T21:20:17.637860Z","level":"info","event":"\tat org.apache.hadoop.conf.Configuration.getClass(Configuration.java:2688)","logger":"airflow.task.operators.airflow.providers.docker.operators.docker.DockerOperator","filename":"docker.py","lineno":71}
{"timestamp":"2026-05-21T21:20:17.637963Z","level":"info","event":"\tat org.apache.hadoop.fs.FileSystem.getFileSystemClass(FileSystem.java:3431)","logger":"airflow.task.operators.airflow.providers.docker.operators.docker.DockerOperator","filename":"docker.py","lineno":71}
{"timestamp":"2026-05-21T21:20:17.638044Z","level":"info","event":"\tat org.apache.hadoop.fs.FileSystem.createFileSystem(FileSystem.java:3466)","logger":"airflow.task.operators.airflow.providers.docker.operators.docker.DockerOperator","filename":"docker.py","lineno":71}
{"timestamp":"2026-05-21T21:20:17.638128Z","level":"info","event":"\tat org.apache.hadoop.fs.FileSystem.access$300(FileSystem.java:174)","logger":"airflow.task.operators.airflow.providers.docker.operators.docker.DockerOperator","filename":"docker.py","lineno":71}
{"timestamp":"2026-05-21T21:20:17.638194Z","level":"info","event":"\tat org.apache.hadoop.fs.FileSystem$Cache.getInternal(FileSystem.java:3574)","logger":"airflow.task.operators.airflow.providers.docker.operators.docker.DockerOperator","filename":"docker.py","lineno":71}
{"timestamp":"2026-05-21T21:20:17.638258Z","level":"info","event":"\tat org.apache.hadoop.fs.FileSystem$Cache.get(FileSystem.java:3521)","logger":"airflow.task.operators.airflow.providers.docker.operators.docker.DockerOperator","filename":"docker.py","lineno":71}
{"timestamp":"2026-05-21T21:20:17.638325Z","level":"info","event":"\tat org.apache.hadoop.fs.FileSystem.get(FileSystem.java:540)","logger":"airflow.task.operators.airflow.providers.docker.operators.docker.DockerOperator","filename":"docker.py","lineno":71}
{"timestamp":"2026-05-21T21:20:17.638395Z","level":"info","event":"\tat org.apache.hadoop.fs.Path.getFileSystem(Path.java:365)","logger":"airflow.task.operators.airflow.providers.docker.operators.docker.DockerOperator","filename":"docker.py","lineno":71}
{"timestamp":"2026-05-21T21:20:17.638465Z","level":"info","event":"\tat org.apache.spark.sql.delta.DeltaTableUtils$.findDeltaTableRoot(DeltaTable.scala:177)","logger":"airflow.task.operators.airflow.providers.docker.operators.docker.DockerOperator","filename":"docker.py","lineno":71}
{"timestamp":"2026-05-21T21:20:17.638536Z","level":"info","event":"\tat org.apache.spark.sql.delta.sources.DeltaDataSource$.parsePathIdentifier(DeltaDataSource.scala:357)","logger":"airflow.task.operators.airflow.providers.docker.operators.docker.DockerOperator","filename":"docker.py","lineno":71}
{"timestamp":"2026-05-21T21:20:17.638604Z","level":"info","event":"\tat org.apache.spark.sql.delta.catalog.DeltaTableV2.x$1$lzycompute(DeltaTableV2.scala:71)","logger":"airflow.task.operators.airflow.providers.docker.operators.docker.DockerOperator","filename":"docker.py","lineno":71}
{"timestamp":"2026-05-21T21:20:17.638674Z","level":"info","event":"\tat org.apache.spark.sql.delta.catalog.DeltaTableV2.x$1(DeltaTableV2.scala:66)","logger":"airflow.task.operators.airflow.providers.docker.operators.docker.DockerOperator","filename":"docker.py","lineno":71}
{"timestamp":"2026-05-21T21:20:17.638814Z","level":"info","event":"\tat org.apache.spark.sql.delta.catalog.DeltaTableV2.timeTravelByPath$lzycompute(DeltaTableV2.scala:66)","logger":"airflow.task.operators.airflow.providers.docker.operators.docker.DockerOperator","filename":"docker.py","lineno":71}
{"timestamp":"2026-05-21T21:20:17.638900Z","level":"info","event":"\tat org.apache.spark.sql.delta.catalog.DeltaTableV2.timeTravelByPath(DeltaTableV2.scala:66)","logger":"airflow.task.operators.airflow.providers.docker.operators.docker.DockerOperator","filename":"docker.py","lineno":71}
{"timestamp":"2026-05-21T21:20:17.638969Z","level":"info","event":"\tat org.apache.spark.sql.delta.catalog.DeltaTableV2.$anonfun$timeTravelSpec$1(DeltaTableV2.scala:100)","logger":"airflow.task.operators.airflow.providers.docker.operators.docker.DockerOperator","filename":"docker.py","lineno":71}
{"timestamp":"2026-05-21T21:20:17.639041Z","level":"info","event":"\tat scala.Option.orElse(Option.scala:447)","logger":"airflow.task.operators.airflow.providers.docker.operators.docker.DockerOperator","filename":"docker.py","lineno":71}
{"timestamp":"2026-05-21T21:20:17.639125Z","level":"info","event":"\tat org.apache.spark.sql.delta.catalog.DeltaTableV2.timeTravelSpec$lzycompute(DeltaTableV2.scala:100)","logger":"airflow.task.operators.airflow.providers.docker.operators.docker.DockerOperator","filename":"docker.py","lineno":71}
{"timestamp":"2026-05-21T21:20:17.639195Z","level":"info","event":"\tat org.apache.spark.sql.delta.catalog.DeltaTableV2.timeTravelSpec(DeltaTableV2.scala:96)","logger":"airflow.task.operators.airflow.providers.docker.operators.docker.DockerOperator","filename":"docker.py","lineno":71}
{"timestamp":"2026-05-21T21:20:17.639316Z","level":"info","event":"\tat org.apache.spark.sql.delta.catalog.DeltaTableV2.snapshot$lzycompute(DeltaTableV2.scala:104)","logger":"airflow.task.operators.airflow.providers.docker.operators.docker.DockerOperator","filename":"docker.py","lineno":71}
{"timestamp":"2026-05-21T21:20:17.639400Z","level":"info","event":"\tat org.apache.spark.sql.delta.catalog.DeltaTableV2.snapshot(DeltaTableV2.scala:103)","logger":"airflow.task.operators.airflow.providers.docker.operators.docker.DockerOperator","filename":"docker.py","lineno":71}
{"timestamp":"2026-05-21T21:20:17.639468Z","level":"info","event":"\tat org.apache.spark.sql.delta.catalog.DeltaTableV2.toBaseRelation(DeltaTableV2.scala:178)","logger":"airflow.task.operators.airflow.providers.docker.operators.docker.DockerOperator","filename":"docker.py","lineno":71}
{"timestamp":"2026-05-21T21:20:17.639537Z","level":"info","event":"\tat org.apache.spark.sql.delta.sources.DeltaDataSource.$anonfun$createRelation$5(DeltaDataSource.scala:230)","logger":"airflow.task.operators.airflow.providers.docker.operators.docker.DockerOperator","filename":"docker.py","lineno":71}
{"timestamp":"2026-05-21T21:20:17.639607Z","level":"info","event":"\tat org.apache.spark.sql.delta.metering.DeltaLogging.recordFrameProfile(DeltaLogging.scala:140)","logger":"airflow.task.operators.airflow.providers.docker.operators.docker.DockerOperator","filename":"docker.py","lineno":71}
{"timestamp":"2026-05-21T21:20:17.639680Z","level":"info","event":"\tat org.apache.spark.sql.delta.metering.DeltaLogging.recordFrameProfile$(DeltaLogging.scala:138)","logger":"airflow.task.operators.airflow.providers.docker.operators.docker.DockerOperator","filename":"docker.py","lineno":71}
{"timestamp":"2026-05-21T21:20:17.639779Z","level":"info","event":"\tat org.apache.spark.sql.delta.sources.DeltaDataSource.recordFrameProfile(DeltaDataSource.scala:49)","logger":"airflow.task.operators.airflow.providers.docker.operators.docker.DockerOperator","filename":"docker.py","lineno":71}
{"timestamp":"2026-05-21T21:20:17.639857Z","level":"info","event":"\tat org.apache.spark.sql.delta.sources.DeltaDataSource.createRelation(DeltaDataSource.scala:188)","logger":"airflow.task.operators.airflow.providers.docker.operators.docker.DockerOperator","filename":"docker.py","lineno":71}
{"timestamp":"2026-05-21T21:20:17.639931Z","level":"info","event":"\tat org.apache.spark.sql.execution.datasources.DataSource.resolveRelation(DataSource.scala:346)","logger":"airflow.task.operators.airflow.providers.docker.operators.docker.DockerOperator","filename":"docker.py","lineno":71}
{"timestamp":"2026-05-21T21:20:17.640004Z","level":"info","event":"\tat org.apache.spark.sql.DataFrameReader.loadV1Source(DataFrameReader.scala:229)","logger":"airflow.task.operators.airflow.providers.docker.operators.docker.DockerOperator","filename":"docker.py","lineno":71}
{"timestamp":"2026-05-21T21:20:17.640090Z","level":"info","event":"\tat org.apache.spark.sql.DataFrameReader.$anonfun$load$2(DataFrameReader.scala:211)","logger":"airflow.task.operators.airflow.providers.docker.operators.docker.DockerOperator","filename":"docker.py","lineno":71}
{"timestamp":"2026-05-21T21:20:17.640160Z","level":"info","event":"\tat scala.Option.getOrElse(Option.scala:189)","logger":"airflow.task.operators.airflow.providers.docker.operators.docker.DockerOperator","filename":"docker.py","lineno":71}
{"timestamp":"2026-05-21T21:20:17.640226Z","level":"info","event":"\tat org.apache.spark.sql.DataFrameReader.load(DataFrameReader.scala:211)","logger":"airflow.task.operators.airflow.providers.docker.operators.docker.DockerOperator","filename":"docker.py","lineno":71}
{"timestamp":"2026-05-21T21:20:17.640293Z","level":"info","event":"\tat org.apache.spark.sql.DataFrameReader.load(DataFrameReader.scala:186)","logger":"airflow.task.operators.airflow.providers.docker.operators.docker.DockerOperator","filename":"docker.py","lineno":71}
{"timestamp":"2026-05-21T21:20:17.640358Z","level":"info","event":"\tat java.base/jdk.internal.reflect.NativeMethodAccessorImpl.invoke0(Native Method)","logger":"airflow.task.operators.airflow.providers.docker.operators.docker.DockerOperator","filename":"docker.py","lineno":71}
{"timestamp":"2026-05-21T21:20:17.640528Z","level":"info","event":"\tat java.base/jdk.internal.reflect.NativeMethodAccessorImpl.invoke(Unknown Source)","logger":"airflow.task.operators.airflow.providers.docker.operators.docker.DockerOperator","filename":"docker.py","lineno":71}
{"timestamp":"2026-05-21T21:20:17.640615Z","level":"info","event":"\tat java.base/jdk.internal.reflect.DelegatingMethodAccessorImpl.invoke(Unknown Source)","logger":"airflow.task.operators.airflow.providers.docker.operators.docker.DockerOperator","filename":"docker.py","lineno":71}
{"timestamp":"2026-05-21T21:20:17.640690Z","level":"info","event":"\tat java.base/java.lang.reflect.Method.invoke(Unknown Source)","logger":"airflow.task.operators.airflow.providers.docker.operators.docker.DockerOperator","filename":"docker.py","lineno":71}
{"timestamp":"2026-05-21T21:20:17.640791Z","level":"info","event":"\tat py4j.reflection.MethodInvoker.invoke(MethodInvoker.java:244)","logger":"airflow.task.operators.airflow.providers.docker.operators.docker.DockerOperator","filename":"docker.py","lineno":71}
{"timestamp":"2026-05-21T21:20:17.640920Z","level":"info","event":"\tat py4j.reflection.ReflectionEngine.invoke(ReflectionEngine.java:374)","logger":"airflow.task.operators.airflow.providers.docker.operators.docker.DockerOperator","filename":"docker.py","lineno":71}
{"timestamp":"2026-05-21T21:20:17.640988Z","level":"info","event":"\tat py4j.Gateway.invoke(Gateway.java:282)","logger":"airflow.task.operators.airflow.providers.docker.operators.docker.DockerOperator","filename":"docker.py","lineno":71}
{"timestamp":"2026-05-21T21:20:17.641051Z","level":"info","event":"\tat py4j.commands.AbstractCommand.invokeMethod(AbstractCommand.java:132)","logger":"airflow.task.operators.airflow.providers.docker.operators.docker.DockerOperator","filename":"docker.py","lineno":71}
{"timestamp":"2026-05-21T21:20:17.641136Z","level":"info","event":"\tat py4j.commands.CallCommand.execute(CallCommand.java:79)","logger":"airflow.task.operators.airflow.providers.docker.operators.docker.DockerOperator","filename":"docker.py","lineno":71}
{"timestamp":"2026-05-21T21:20:17.641207Z","level":"info","event":"\tat py4j.ClientServerConnection.waitForCommands(ClientServerConnection.java:182)","logger":"airflow.task.operators.airflow.providers.docker.operators.docker.DockerOperator","filename":"docker.py","lineno":71}
{"timestamp":"2026-05-21T21:20:17.641275Z","level":"info","event":"\tat py4j.ClientServerConnection.run(ClientServerConnection.java:106)","logger":"airflow.task.operators.airflow.providers.docker.operators.docker.DockerOperator","filename":"docker.py","lineno":71}
{"timestamp":"2026-05-21T21:20:17.641339Z","level":"info","event":"\tat java.base/java.lang.Thread.run(Unknown Source)","logger":"airflow.task.operators.airflow.providers.docker.operators.docker.DockerOperator","filename":"docker.py","lineno":71}
{"timestamp":"2026-05-21T21:20:17.641405Z","level":"info","event":"Caused by: java.lang.ClassNotFoundException: Class org.apache.hadoop.fs.s3a.S3AFileSystem not found","logger":"airflow.task.operators.airflow.providers.docker.operators.docker.DockerOperator","filename":"docker.py","lineno":71}
{"timestamp":"2026-05-21T21:20:17.641471Z","level":"info","event":"\tat org.apache.hadoop.conf.Configuration.getClassByName(Configuration.java:2592)","logger":"airflow.task.operators.airflow.providers.docker.operators.docker.DockerOperator","filename":"docker.py","lineno":71}
{"timestamp":"2026-05-21T21:20:17.641538Z","level":"info","event":"\tat org.apache.hadoop.conf.Configuration.getClass(Configuration.java:2686)","logger":"airflow.task.operators.airflow.providers.docker.operators.docker.DockerOperator","filename":"docker.py","lineno":71}
{"timestamp":"2026-05-21T21:20:17.641608Z","level":"info","event":"\t... 43 more","logger":"airflow.task.operators.airflow.providers.docker.operators.docker.DockerOperator","filename":"docker.py","lineno":71}
{"timestamp":"2026-05-21T21:20:17.641675Z","level":"info","event":"","logger":"airflow.task.operators.airflow.providers.docker.operators.docker.DockerOperator","filename":"docker.py","lineno":71}
{"timestamp":"2026-05-21T21:20:17.650705Z","level":"info","event":"2026-05-21 21:20:17,649 - ERROR - Error processing table quantity_sales_per_product: An error occurred while calling o53.load.","logger":"airflow.task.operators.airflow.providers.docker.operators.docker.DockerOperator","filename":"docker.py","lineno":71}
{"timestamp":"2026-05-21T21:20:17.651153Z","level":"info","event":": java.lang.RuntimeException: java.lang.ClassNotFoundException: Class org.apache.hadoop.fs.s3a.S3AFileSystem not found","logger":"airflow.task.operators.airflow.providers.docker.operators.docker.DockerOperator","filename":"docker.py","lineno":71}
{"timestamp":"2026-05-21T21:20:17.651317Z","level":"info","event":"\tat org.apache.hadoop.conf.Configuration.getClass(Configuration.java:2688)","logger":"airflow.task.operators.airflow.providers.docker.operators.docker.DockerOperator","filename":"docker.py","lineno":71}
{"timestamp":"2026-05-21T21:20:17.651417Z","level":"info","event":"\tat org.apache.hadoop.fs.FileSystem.getFileSystemClass(FileSystem.java:3431)","logger":"airflow.task.operators.airflow.providers.docker.operators.docker.DockerOperator","filename":"docker.py","lineno":71}
{"timestamp":"2026-05-21T21:20:17.652229Z","level":"info","event":"\tat org.apache.hadoop.fs.FileSystem.createFileSystem(FileSystem.java:3466)","logger":"airflow.task.operators.airflow.providers.docker.operators.docker.DockerOperator","filename":"docker.py","lineno":71}
{"timestamp":"2026-05-21T21:20:17.652363Z","level":"info","event":"\tat org.apache.hadoop.fs.FileSystem.access$300(FileSystem.java:174)","logger":"airflow.task.operators.airflow.providers.docker.operators.docker.DockerOperator","filename":"docker.py","lineno":71}
{"timestamp":"2026-05-21T21:20:17.652462Z","level":"info","event":"\tat org.apache.hadoop.fs.FileSystem$Cache.getInternal(FileSystem.java:3574)","logger":"airflow.task.operators.airflow.providers.docker.operators.docker.DockerOperator","filename":"docker.py","lineno":71}
{"timestamp":"2026-05-21T21:20:17.652549Z","level":"info","event":"\tat org.apache.hadoop.fs.FileSystem$Cache.get(FileSystem.java:3521)","logger":"airflow.task.operators.airflow.providers.docker.operators.docker.DockerOperator","filename":"docker.py","lineno":71}
{"timestamp":"2026-05-21T21:20:17.652618Z","level":"info","event":"\tat org.apache.hadoop.fs.FileSystem.get(FileSystem.java:540)","logger":"airflow.task.operators.airflow.providers.docker.operators.docker.DockerOperator","filename":"docker.py","lineno":71}
{"timestamp":"2026-05-21T21:20:17.652686Z","level":"info","event":"\tat org.apache.hadoop.fs.Path.getFileSystem(Path.java:365)","logger":"airflow.task.operators.airflow.providers.docker.operators.docker.DockerOperator","filename":"docker.py","lineno":71}
{"timestamp":"2026-05-21T21:20:17.652780Z","level":"info","event":"\tat org.apache.spark.sql.delta.DeltaTableUtils$.findDeltaTableRoot(DeltaTable.scala:177)","logger":"airflow.task.operators.airflow.providers.docker.operators.docker.DockerOperator","filename":"docker.py","lineno":71}
{"timestamp":"2026-05-21T21:20:17.652851Z","level":"info","event":"\tat org.apache.spark.sql.delta.sources.DeltaDataSource$.parsePathIdentifier(DeltaDataSource.scala:357)","logger":"airflow.task.operators.airflow.providers.docker.operators.docker.DockerOperator","filename":"docker.py","lineno":71}
{"timestamp":"2026-05-21T21:20:17.653050Z","level":"info","event":"\tat org.apache.spark.sql.delta.catalog.DeltaTableV2.x$1$lzycompute(DeltaTableV2.scala:71)","logger":"airflow.task.operators.airflow.providers.docker.operators.docker.DockerOperator","filename":"docker.py","lineno":71}
{"timestamp":"2026-05-21T21:20:17.654434Z","level":"info","event":"\tat org.apache.spark.sql.delta.catalog.DeltaTableV2.x$1(DeltaTableV2.scala:66)","logger":"airflow.task.operators.airflow.providers.docker.operators.docker.DockerOperator","filename":"docker.py","lineno":71}
{"timestamp":"2026-05-21T21:20:17.654523Z","level":"info","event":"\tat org.apache.spark.sql.delta.catalog.DeltaTableV2.timeTravelByPath$lzycompute(DeltaTableV2.scala:66)","logger":"airflow.task.operators.airflow.providers.docker.operators.docker.DockerOperator","filename":"docker.py","lineno":71}
{"timestamp":"2026-05-21T21:20:17.654612Z","level":"info","event":"\tat org.apache.spark.sql.delta.catalog.DeltaTableV2.timeTravelByPath(DeltaTableV2.scala:66)","logger":"airflow.task.operators.airflow.providers.docker.operators.docker.DockerOperator","filename":"docker.py","lineno":71}
{"timestamp":"2026-05-21T21:20:17.654693Z","level":"info","event":"\tat org.apache.spark.sql.delta.catalog.DeltaTableV2.$anonfun$timeTravelSpec$1(DeltaTableV2.scala:100)","logger":"airflow.task.operators.airflow.providers.docker.operators.docker.DockerOperator","filename":"docker.py","lineno":71}
{"timestamp":"2026-05-21T21:20:17.654791Z","level":"info","event":"\tat scala.Option.orElse(Option.scala:447)","logger":"airflow.task.operators.airflow.providers.docker.operators.docker.DockerOperator","filename":"docker.py","lineno":71}
{"timestamp":"2026-05-21T21:20:17.654884Z","level":"info","event":"\tat org.apache.spark.sql.delta.catalog.DeltaTableV2.timeTravelSpec$lzycompute(DeltaTableV2.scala:100)","logger":"airflow.task.operators.airflow.providers.docker.operators.docker.DockerOperator","filename":"docker.py","lineno":71}
{"timestamp":"2026-05-21T21:20:17.654977Z","level":"info","event":"\tat org.apache.spark.sql.delta.catalog.DeltaTableV2.timeTravelSpec(DeltaTableV2.scala:96)","logger":"airflow.task.operators.airflow.providers.docker.operators.docker.DockerOperator","filename":"docker.py","lineno":71}
{"timestamp":"2026-05-21T21:20:17.655769Z","level":"info","event":"\tat org.apache.spark.sql.delta.catalog.DeltaTableV2.snapshot$lzycompute(DeltaTableV2.scala:104)","logger":"airflow.task.operators.airflow.providers.docker.operators.docker.DockerOperator","filename":"docker.py","lineno":71}
{"timestamp":"2026-05-21T21:20:17.655935Z","level":"info","event":"\tat org.apache.spark.sql.delta.catalog.DeltaTableV2.snapshot(DeltaTableV2.scala:103)","logger":"airflow.task.operators.airflow.providers.docker.operators.docker.DockerOperator","filename":"docker.py","lineno":71}
{"timestamp":"2026-05-21T21:20:17.656033Z","level":"info","event":"\tat org.apache.spark.sql.delta.catalog.DeltaTableV2.toBaseRelation(DeltaTableV2.scala:178)","logger":"airflow.task.operators.airflow.providers.docker.operators.docker.DockerOperator","filename":"docker.py","lineno":71}
{"timestamp":"2026-05-21T21:20:17.656113Z","level":"info","event":"\tat org.apache.spark.sql.delta.sources.DeltaDataSource.$anonfun$createRelation$5(DeltaDataSource.scala:230)","logger":"airflow.task.operators.airflow.providers.docker.operators.docker.DockerOperator","filename":"docker.py","lineno":71}
{"timestamp":"2026-05-21T21:20:17.656190Z","level":"info","event":"\tat org.apache.spark.sql.delta.metering.DeltaLogging.recordFrameProfile(DeltaLogging.scala:140)","logger":"airflow.task.operators.airflow.providers.docker.operators.docker.DockerOperator","filename":"docker.py","lineno":71}
{"timestamp":"2026-05-21T21:20:17.656262Z","level":"info","event":"\tat org.apache.spark.sql.delta.metering.DeltaLogging.recordFrameProfile$(DeltaLogging.scala:138)","logger":"airflow.task.operators.airflow.providers.docker.operators.docker.DockerOperator","filename":"docker.py","lineno":71}
{"timestamp":"2026-05-21T21:20:17.656337Z","level":"info","event":"\tat org.apache.spark.sql.delta.sources.DeltaDataSource.recordFrameProfile(DeltaDataSource.scala:49)","logger":"airflow.task.operators.airflow.providers.docker.operators.docker.DockerOperator","filename":"docker.py","lineno":71}
{"timestamp":"2026-05-21T21:20:17.656504Z","level":"info","event":"\tat org.apache.spark.sql.delta.sources.DeltaDataSource.createRelation(DeltaDataSource.scala:188)","logger":"airflow.task.operators.airflow.providers.docker.operators.docker.DockerOperator","filename":"docker.py","lineno":71}
{"timestamp":"2026-05-21T21:20:17.656594Z","level":"info","event":"\tat org.apache.spark.sql.execution.datasources.DataSource.resolveRelation(DataSource.scala:346)","logger":"airflow.task.operators.airflow.providers.docker.operators.docker.DockerOperator","filename":"docker.py","lineno":71}
{"timestamp":"2026-05-21T21:20:17.656668Z","level":"info","event":"\tat org.apache.spark.sql.DataFrameReader.loadV1Source(DataFrameReader.scala:229)","logger":"airflow.task.operators.airflow.providers.docker.operators.docker.DockerOperator","filename":"docker.py","lineno":71}
{"timestamp":"2026-05-21T21:20:17.658788Z","level":"info","event":"\tat org.apache.spark.sql.DataFrameReader.$anonfun$load$2(DataFrameReader.scala:211)","logger":"airflow.task.operators.airflow.providers.docker.operators.docker.DockerOperator","filename":"docker.py","lineno":71}
{"timestamp":"2026-05-21T21:20:17.658911Z","level":"info","event":"\tat scala.Option.getOrElse(Option.scala:189)","logger":"airflow.task.operators.airflow.providers.docker.operators.docker.DockerOperator","filename":"docker.py","lineno":71}
{"timestamp":"2026-05-21T21:20:17.658998Z","level":"info","event":"\tat org.apache.spark.sql.DataFrameReader.load(DataFrameReader.scala:211)","logger":"airflow.task.operators.airflow.providers.docker.operators.docker.DockerOperator","filename":"docker.py","lineno":71}
{"timestamp":"2026-05-21T21:20:17.659089Z","level":"info","event":"\tat org.apache.spark.sql.DataFrameReader.load(DataFrameReader.scala:186)","logger":"airflow.task.operators.airflow.providers.docker.operators.docker.DockerOperator","filename":"docker.py","lineno":71}
{"timestamp":"2026-05-21T21:20:17.659162Z","level":"info","event":"\tat java.base/jdk.internal.reflect.NativeMethodAccessorImpl.invoke0(Native Method)","logger":"airflow.task.operators.airflow.providers.docker.operators.docker.DockerOperator","filename":"docker.py","lineno":71}
{"timestamp":"2026-05-21T21:20:17.659308Z","level":"info","event":"\tat java.base/jdk.internal.reflect.NativeMethodAccessorImpl.invoke(Unknown Source)","logger":"airflow.task.operators.airflow.providers.docker.operators.docker.DockerOperator","filename":"docker.py","lineno":71}
{"timestamp":"2026-05-21T21:20:17.659407Z","level":"info","event":"\tat java.base/jdk.internal.reflect.DelegatingMethodAccessorImpl.invoke(Unknown Source)","logger":"airflow.task.operators.airflow.providers.docker.operators.docker.DockerOperator","filename":"docker.py","lineno":71}
{"timestamp":"2026-05-21T21:20:17.659486Z","level":"info","event":"\tat java.base/java.lang.reflect.Method.invoke(Unknown Source)","logger":"airflow.task.operators.airflow.providers.docker.operators.docker.DockerOperator","filename":"docker.py","lineno":71}
{"timestamp":"2026-05-21T21:20:17.659558Z","level":"info","event":"\tat py4j.reflection.MethodInvoker.invoke(MethodInvoker.java:244)","logger":"airflow.task.operators.airflow.providers.docker.operators.docker.DockerOperator","filename":"docker.py","lineno":71}
{"timestamp":"2026-05-21T21:20:17.659626Z","level":"info","event":"\tat py4j.reflection.ReflectionEngine.invoke(ReflectionEngine.java:374)","logger":"airflow.task.operators.airflow.providers.docker.operators.docker.DockerOperator","filename":"docker.py","lineno":71}
{"timestamp":"2026-05-21T21:20:17.659704Z","level":"info","event":"\tat py4j.Gateway.invoke(Gateway.java:282)","logger":"airflow.task.operators.airflow.providers.docker.operators.docker.DockerOperator","filename":"docker.py","lineno":71}
{"timestamp":"2026-05-21T21:20:17.659807Z","level":"info","event":"\tat py4j.commands.AbstractCommand.invokeMethod(AbstractCommand.java:132)","logger":"airflow.task.operators.airflow.providers.docker.operators.docker.DockerOperator","filename":"docker.py","lineno":71}
{"timestamp":"2026-05-21T21:20:17.659872Z","level":"info","event":"\tat py4j.commands.CallCommand.execute(CallCommand.java:79)","logger":"airflow.task.operators.airflow.providers.docker.operators.docker.DockerOperator","filename":"docker.py","lineno":71}
{"timestamp":"2026-05-21T21:20:17.659938Z","level":"info","event":"\tat py4j.ClientServerConnection.waitForCommands(ClientServerConnection.java:182)","logger":"airflow.task.operators.airflow.providers.docker.operators.docker.DockerOperator","filename":"docker.py","lineno":71}
{"timestamp":"2026-05-21T21:20:17.660003Z","level":"info","event":"\tat py4j.ClientServerConnection.run(ClientServerConnection.java:106)","logger":"airflow.task.operators.airflow.providers.docker.operators.docker.DockerOperator","filename":"docker.py","lineno":71}
{"timestamp":"2026-05-21T21:20:17.660070Z","level":"info","event":"\tat java.base/java.lang.Thread.run(Unknown Source)","logger":"airflow.task.operators.airflow.providers.docker.operators.docker.DockerOperator","filename":"docker.py","lineno":71}
{"timestamp":"2026-05-21T21:20:17.660134Z","level":"info","event":"Caused by: java.lang.ClassNotFoundException: Class org.apache.hadoop.fs.s3a.S3AFileSystem not found","logger":"airflow.task.operators.airflow.providers.docker.operators.docker.DockerOperator","filename":"docker.py","lineno":71}
{"timestamp":"2026-05-21T21:20:17.660204Z","level":"info","event":"\tat org.apache.hadoop.conf.Configuration.getClassByName(Configuration.java:2592)","logger":"airflow.task.operators.airflow.providers.docker.operators.docker.DockerOperator","filename":"docker.py","lineno":71}
{"timestamp":"2026-05-21T21:20:17.660276Z","level":"info","event":"\tat org.apache.hadoop.conf.Configuration.getClass(Configuration.java:2686)","logger":"airflow.task.operators.airflow.providers.docker.operators.docker.DockerOperator","filename":"docker.py","lineno":71}
{"timestamp":"2026-05-21T21:20:17.660345Z","level":"info","event":"\t... 43 more","logger":"airflow.task.operators.airflow.providers.docker.operators.docker.DockerOperator","filename":"docker.py","lineno":71}
{"timestamp":"2026-05-21T21:20:17.660428Z","level":"info","event":"","logger":"airflow.task.operators.airflow.providers.docker.operators.docker.DockerOperator","filename":"docker.py","lineno":71}
{"timestamp":"2026-05-21T21:20:17.666018Z","level":"info","event":"2026-05-21 21:20:17,665 - ERROR - Error processing table sales_per_customer: An error occurred while calling o56.load.","logger":"airflow.task.operators.airflow.providers.docker.operators.docker.DockerOperator","filename":"docker.py","lineno":71}
{"timestamp":"2026-05-21T21:20:17.666235Z","level":"info","event":": java.lang.RuntimeException: java.lang.ClassNotFoundException: Class org.apache.hadoop.fs.s3a.S3AFileSystem not found","logger":"airflow.task.operators.airflow.providers.docker.operators.docker.DockerOperator","filename":"docker.py","lineno":71}
{"timestamp":"2026-05-21T21:20:17.666337Z","level":"info","event":"\tat org.apache.hadoop.conf.Configuration.getClass(Configuration.java:2688)","logger":"airflow.task.operators.airflow.providers.docker.operators.docker.DockerOperator","filename":"docker.py","lineno":71}
{"timestamp":"2026-05-21T21:20:17.666423Z","level":"info","event":"\tat org.apache.hadoop.fs.FileSystem.getFileSystemClass(FileSystem.java:3431)","logger":"airflow.task.operators.airflow.providers.docker.operators.docker.DockerOperator","filename":"docker.py","lineno":71}
{"timestamp":"2026-05-21T21:20:17.666497Z","level":"info","event":"\tat org.apache.hadoop.fs.FileSystem.createFileSystem(FileSystem.java:3466)","logger":"airflow.task.operators.airflow.providers.docker.operators.docker.DockerOperator","filename":"docker.py","lineno":71}
{"timestamp":"2026-05-21T21:20:17.666560Z","level":"info","event":"\tat org.apache.hadoop.fs.FileSystem.access$300(FileSystem.java:174)","logger":"airflow.task.operators.airflow.providers.docker.operators.docker.DockerOperator","filename":"docker.py","lineno":71}
{"timestamp":"2026-05-21T21:20:17.666622Z","level":"info","event":"\tat org.apache.hadoop.fs.FileSystem$Cache.getInternal(FileSystem.java:3574)","logger":"airflow.task.operators.airflow.providers.docker.operators.docker.DockerOperator","filename":"docker.py","lineno":71}
{"timestamp":"2026-05-21T21:20:17.666680Z","level":"info","event":"\tat org.apache.hadoop.fs.FileSystem$Cache.get(FileSystem.java:3521)","logger":"airflow.task.operators.airflow.providers.docker.operators.docker.DockerOperator","filename":"docker.py","lineno":71}
{"timestamp":"2026-05-21T21:20:17.666812Z","level":"info","event":"\tat org.apache.hadoop.fs.FileSystem.get(FileSystem.java:540)","logger":"airflow.task.operators.airflow.providers.docker.operators.docker.DockerOperator","filename":"docker.py","lineno":71}
{"timestamp":"2026-05-21T21:20:17.666889Z","level":"info","event":"\tat org.apache.hadoop.fs.Path.getFileSystem(Path.java:365)","logger":"airflow.task.operators.airflow.providers.docker.operators.docker.DockerOperator","filename":"docker.py","lineno":71}
{"timestamp":"2026-05-21T21:20:17.666971Z","level":"info","event":"\tat org.apache.spark.sql.delta.DeltaTableUtils$.findDeltaTableRoot(DeltaTable.scala:177)","logger":"airflow.task.operators.airflow.providers.docker.operators.docker.DockerOperator","filename":"docker.py","lineno":71}
{"timestamp":"2026-05-21T21:20:17.667033Z","level":"info","event":"\tat org.apache.spark.sql.delta.sources.DeltaDataSource$.parsePathIdentifier(DeltaDataSource.scala:357)","logger":"airflow.task.operators.airflow.providers.docker.operators.docker.DockerOperator","filename":"docker.py","lineno":71}
{"timestamp":"2026-05-21T21:20:17.669467Z","level":"info","event":"\tat org.apache.spark.sql.delta.catalog.DeltaTableV2.x$1$lzycompute(DeltaTableV2.scala:71)","logger":"airflow.task.operators.airflow.providers.docker.operators.docker.DockerOperator","filename":"docker.py","lineno":71}
{"timestamp":"2026-05-21T21:20:17.669621Z","level":"info","event":"\tat org.apache.spark.sql.delta.catalog.DeltaTableV2.x$1(DeltaTableV2.scala:66)","logger":"airflow.task.operators.airflow.providers.docker.operators.docker.DockerOperator","filename":"docker.py","lineno":71}
{"timestamp":"2026-05-21T21:20:17.669708Z","level":"info","event":"\tat org.apache.spark.sql.delta.catalog.DeltaTableV2.timeTravelByPath$lzycompute(DeltaTableV2.scala:66)","logger":"airflow.task.operators.airflow.providers.docker.operators.docker.DockerOperator","filename":"docker.py","lineno":71}
{"timestamp":"2026-05-21T21:20:17.669809Z","level":"info","event":"\tat org.apache.spark.sql.delta.catalog.DeltaTableV2.timeTravelByPath(DeltaTableV2.scala:66)","logger":"airflow.task.operators.airflow.providers.docker.operators.docker.DockerOperator","filename":"docker.py","lineno":71}
{"timestamp":"2026-05-21T21:20:17.669888Z","level":"info","event":"\tat org.apache.spark.sql.delta.catalog.DeltaTableV2.$anonfun$timeTravelSpec$1(DeltaTableV2.scala:100)","logger":"airflow.task.operators.airflow.providers.docker.operators.docker.DockerOperator","filename":"docker.py","lineno":71}
{"timestamp":"2026-05-21T21:20:17.669964Z","level":"info","event":"\tat scala.Option.orElse(Option.scala:447)","logger":"airflow.task.operators.airflow.providers.docker.operators.docker.DockerOperator","filename":"docker.py","lineno":71}
{"timestamp":"2026-05-21T21:20:17.670039Z","level":"info","event":"\tat org.apache.spark.sql.delta.catalog.DeltaTableV2.timeTravelSpec$lzycompute(DeltaTableV2.scala:100)","logger":"airflow.task.operators.airflow.providers.docker.operators.docker.DockerOperator","filename":"docker.py","lineno":71}
{"timestamp":"2026-05-21T21:20:17.670098Z","level":"info","event":"\tat org.apache.spark.sql.delta.catalog.DeltaTableV2.timeTravelSpec(DeltaTableV2.scala:96)","logger":"airflow.task.operators.airflow.providers.docker.operators.docker.DockerOperator","filename":"docker.py","lineno":71}
{"timestamp":"2026-05-21T21:20:17.670159Z","level":"info","event":"\tat org.apache.spark.sql.delta.catalog.DeltaTableV2.snapshot$lzycompute(DeltaTableV2.scala:104)","logger":"airflow.task.operators.airflow.providers.docker.operators.docker.DockerOperator","filename":"docker.py","lineno":71}
{"timestamp":"2026-05-21T21:20:17.670221Z","level":"info","event":"\tat org.apache.spark.sql.delta.catalog.DeltaTableV2.snapshot(DeltaTableV2.scala:103)","logger":"airflow.task.operators.airflow.providers.docker.operators.docker.DockerOperator","filename":"docker.py","lineno":71}
{"timestamp":"2026-05-21T21:20:17.670292Z","level":"info","event":"\tat org.apache.spark.sql.delta.catalog.DeltaTableV2.toBaseRelation(DeltaTableV2.scala:178)","logger":"airflow.task.operators.airflow.providers.docker.operators.docker.DockerOperator","filename":"docker.py","lineno":71}
{"timestamp":"2026-05-21T21:20:17.672370Z","level":"info","event":"\tat org.apache.spark.sql.delta.sources.DeltaDataSource.$anonfun$createRelation$5(DeltaDataSource.scala:230)","logger":"airflow.task.operators.airflow.providers.docker.operators.docker.DockerOperator","filename":"docker.py","lineno":71}
{"timestamp":"2026-05-21T21:20:17.672528Z","level":"info","event":"\tat org.apache.spark.sql.delta.metering.DeltaLogging.recordFrameProfile(DeltaLogging.scala:140)","logger":"airflow.task.operators.airflow.providers.docker.operators.docker.DockerOperator","filename":"docker.py","lineno":71}
{"timestamp":"2026-05-21T21:20:17.672611Z","level":"info","event":"\tat org.apache.spark.sql.delta.metering.DeltaLogging.recordFrameProfile$(DeltaLogging.scala:138)","logger":"airflow.task.operators.airflow.providers.docker.operators.docker.DockerOperator","filename":"docker.py","lineno":71}
{"timestamp":"2026-05-21T21:20:17.672682Z","level":"info","event":"\tat org.apache.spark.sql.delta.sources.DeltaDataSource.recordFrameProfile(DeltaDataSource.scala:49)","logger":"airflow.task.operators.airflow.providers.docker.operators.docker.DockerOperator","filename":"docker.py","lineno":71}
{"timestamp":"2026-05-21T21:20:17.672782Z","level":"info","event":"\tat org.apache.spark.sql.delta.sources.DeltaDataSource.createRelation(DeltaDataSource.scala:188)","logger":"airflow.task.operators.airflow.providers.docker.operators.docker.DockerOperator","filename":"docker.py","lineno":71}
{"timestamp":"2026-05-21T21:20:17.672852Z","level":"info","event":"\tat org.apache.spark.sql.execution.datasources.DataSource.resolveRelation(DataSource.scala:346)","logger":"airflow.task.operators.airflow.providers.docker.operators.docker.DockerOperator","filename":"docker.py","lineno":71}
{"timestamp":"2026-05-21T21:20:17.672925Z","level":"info","event":"\tat org.apache.spark.sql.DataFrameReader.loadV1Source(DataFrameReader.scala:229)","logger":"airflow.task.operators.airflow.providers.docker.operators.docker.DockerOperator","filename":"docker.py","lineno":71}
{"timestamp":"2026-05-21T21:20:17.672999Z","level":"info","event":"\tat org.apache.spark.sql.DataFrameReader.$anonfun$load$2(DataFrameReader.scala:211)","logger":"airflow.task.operators.airflow.providers.docker.operators.docker.DockerOperator","filename":"docker.py","lineno":71}
{"timestamp":"2026-05-21T21:20:17.673096Z","level":"info","event":"\tat scala.Option.getOrElse(Option.scala:189)","logger":"airflow.task.operators.airflow.providers.docker.operators.docker.DockerOperator","filename":"docker.py","lineno":71}
{"timestamp":"2026-05-21T21:20:17.673169Z","level":"info","event":"\tat org.apache.spark.sql.DataFrameReader.load(DataFrameReader.scala:211)","logger":"airflow.task.operators.airflow.providers.docker.operators.docker.DockerOperator","filename":"docker.py","lineno":71}
{"timestamp":"2026-05-21T21:20:17.673242Z","level":"info","event":"\tat org.apache.spark.sql.DataFrameReader.load(DataFrameReader.scala:186)","logger":"airflow.task.operators.airflow.providers.docker.operators.docker.DockerOperator","filename":"docker.py","lineno":71}
{"timestamp":"2026-05-21T21:20:17.673315Z","level":"info","event":"\tat java.base/jdk.internal.reflect.NativeMethodAccessorImpl.invoke0(Native Method)","logger":"airflow.task.operators.airflow.providers.docker.operators.docker.DockerOperator","filename":"docker.py","lineno":71}
{"timestamp":"2026-05-21T21:20:17.673398Z","level":"info","event":"\tat java.base/jdk.internal.reflect.NativeMethodAccessorImpl.invoke(Unknown Source)","logger":"airflow.task.operators.airflow.providers.docker.operators.docker.DockerOperator","filename":"docker.py","lineno":71}
{"timestamp":"2026-05-21T21:20:17.673476Z","level":"info","event":"\tat java.base/jdk.internal.reflect.DelegatingMethodAccessorImpl.invoke(Unknown Source)","logger":"airflow.task.operators.airflow.providers.docker.operators.docker.DockerOperator","filename":"docker.py","lineno":71}
{"timestamp":"2026-05-21T21:20:17.673551Z","level":"info","event":"\tat java.base/java.lang.reflect.Method.invoke(Unknown Source)","logger":"airflow.task.operators.airflow.providers.docker.operators.docker.DockerOperator","filename":"docker.py","lineno":71}
{"timestamp":"2026-05-21T21:20:17.673624Z","level":"info","event":"\tat py4j.reflection.MethodInvoker.invoke(MethodInvoker.java:244)","logger":"airflow.task.operators.airflow.providers.docker.operators.docker.DockerOperator","filename":"docker.py","lineno":71}
{"timestamp":"2026-05-21T21:20:17.673699Z","level":"info","event":"\tat py4j.reflection.ReflectionEngine.invoke(ReflectionEngine.java:374)","logger":"airflow.task.operators.airflow.providers.docker.operators.docker.DockerOperator","filename":"docker.py","lineno":71}
{"timestamp":"2026-05-21T21:20:17.673792Z","level":"info","event":"\tat py4j.Gateway.invoke(Gateway.java:282)","logger":"airflow.task.operators.airflow.providers.docker.operators.docker.DockerOperator","filename":"docker.py","lineno":71}
{"timestamp":"2026-05-21T21:20:17.673865Z","level":"info","event":"\tat py4j.commands.AbstractCommand.invokeMethod(AbstractCommand.java:132)","logger":"airflow.task.operators.airflow.providers.docker.operators.docker.DockerOperator","filename":"docker.py","lineno":71}
{"timestamp":"2026-05-21T21:20:17.673938Z","level":"info","event":"\tat py4j.commands.CallCommand.execute(CallCommand.java:79)","logger":"airflow.task.operators.airflow.providers.docker.operators.docker.DockerOperator","filename":"docker.py","lineno":71}
{"timestamp":"2026-05-21T21:20:17.674009Z","level":"info","event":"\tat py4j.ClientServerConnection.waitForCommands(ClientServerConnection.java:182)","logger":"airflow.task.operators.airflow.providers.docker.operators.docker.DockerOperator","filename":"docker.py","lineno":71}
{"timestamp":"2026-05-21T21:20:17.674083Z","level":"info","event":"\tat py4j.ClientServerConnection.run(ClientServerConnection.java:106)","logger":"airflow.task.operators.airflow.providers.docker.operators.docker.DockerOperator","filename":"docker.py","lineno":71}
{"timestamp":"2026-05-21T21:20:17.674152Z","level":"info","event":"\tat java.base/java.lang.Thread.run(Unknown Source)","logger":"airflow.task.operators.airflow.providers.docker.operators.docker.DockerOperator","filename":"docker.py","lineno":71}
{"timestamp":"2026-05-21T21:20:17.674219Z","level":"info","event":"Caused by: java.lang.ClassNotFoundException: Class org.apache.hadoop.fs.s3a.S3AFileSystem not found","logger":"airflow.task.operators.airflow.providers.docker.operators.docker.DockerOperator","filename":"docker.py","lineno":71}
{"timestamp":"2026-05-21T21:20:17.674288Z","level":"info","event":"\tat org.apache.hadoop.conf.Configuration.getClassByName(Configuration.java:2592)","logger":"airflow.task.operators.airflow.providers.docker.operators.docker.DockerOperator","filename":"docker.py","lineno":71}
{"timestamp":"2026-05-21T21:20:17.674360Z","level":"info","event":"\tat org.apache.hadoop.conf.Configuration.getClass(Configuration.java:2686)","logger":"airflow.task.operators.airflow.providers.docker.operators.docker.DockerOperator","filename":"docker.py","lineno":71}
{"timestamp":"2026-05-21T21:20:17.674448Z","level":"info","event":"\t... 43 more","logger":"airflow.task.operators.airflow.providers.docker.operators.docker.DockerOperator","filename":"docker.py","lineno":71}
{"timestamp":"2026-05-21T21:20:17.674520Z","level":"info","event":"","logger":"airflow.task.operators.airflow.providers.docker.operators.docker.DockerOperator","filename":"docker.py","lineno":71}
{"timestamp":"2026-05-21T21:20:17.674765Z","level":"info","event":"2026-05-21 21:20:17,668 - ERROR - Error processing table sales_by_country: An error occurred while calling o54.load.","logger":"airflow.task.operators.airflow.providers.docker.operators.docker.DockerOperator","filename":"docker.py","lineno":71}
{"timestamp":"2026-05-21T21:20:17.674885Z","level":"info","event":": java.lang.RuntimeException: java.lang.ClassNotFoundException: Class org.apache.hadoop.fs.s3a.S3AFileSystem not found","logger":"airflow.task.operators.airflow.providers.docker.operators.docker.DockerOperator","filename":"docker.py","lineno":71}
{"timestamp":"2026-05-21T21:20:17.674968Z","level":"info","event":"\tat org.apache.hadoop.conf.Configuration.getClass(Configuration.java:2688)","logger":"airflow.task.operators.airflow.providers.docker.operators.docker.DockerOperator","filename":"docker.py","lineno":71}
{"timestamp":"2026-05-21T21:20:17.675046Z","level":"info","event":"\tat org.apache.hadoop.fs.FileSystem.getFileSystemClass(FileSystem.java:3431)","logger":"airflow.task.operators.airflow.providers.docker.operators.docker.DockerOperator","filename":"docker.py","lineno":71}
{"timestamp":"2026-05-21T21:20:17.675119Z","level":"info","event":"\tat org.apache.hadoop.fs.FileSystem.createFileSystem(FileSystem.java:3466)","logger":"airflow.task.operators.airflow.providers.docker.operators.docker.DockerOperator","filename":"docker.py","lineno":71}
{"timestamp":"2026-05-21T21:20:17.675193Z","level":"info","event":"\tat org.apache.hadoop.fs.FileSystem.access$300(FileSystem.java:174)","logger":"airflow.task.operators.airflow.providers.docker.operators.docker.DockerOperator","filename":"docker.py","lineno":71}
{"timestamp":"2026-05-21T21:20:17.675269Z","level":"info","event":"\tat org.apache.hadoop.fs.FileSystem$Cache.getInternal(FileSystem.java:3574)","logger":"airflow.task.operators.airflow.providers.docker.operators.docker.DockerOperator","filename":"docker.py","lineno":71}
{"timestamp":"2026-05-21T21:20:17.675342Z","level":"info","event":"\tat org.apache.hadoop.fs.FileSystem$Cache.get(FileSystem.java:3521)","logger":"airflow.task.operators.airflow.providers.docker.operators.docker.DockerOperator","filename":"docker.py","lineno":71}
{"timestamp":"2026-05-21T21:20:17.675954Z","level":"info","event":"\tat org.apache.hadoop.fs.FileSystem.get(FileSystem.java:540)","logger":"airflow.task.operators.airflow.providers.docker.operators.docker.DockerOperator","filename":"docker.py","lineno":71}
{"timestamp":"2026-05-21T21:20:17.676063Z","level":"info","event":"\tat org.apache.hadoop.fs.Path.getFileSystem(Path.java:365)","logger":"airflow.task.operators.airflow.providers.docker.operators.docker.DockerOperator","filename":"docker.py","lineno":71}
{"timestamp":"2026-05-21T21:20:17.676142Z","level":"info","event":"\tat org.apache.spark.sql.delta.DeltaTableUtils$.findDeltaTableRoot(DeltaTable.scala:177)","logger":"airflow.task.operators.airflow.providers.docker.operators.docker.DockerOperator","filename":"docker.py","lineno":71}
{"timestamp":"2026-05-21T21:20:17.676218Z","level":"info","event":"\tat org.apache.spark.sql.delta.sources.DeltaDataSource$.parsePathIdentifier(DeltaDataSource.scala:357)","logger":"airflow.task.operators.airflow.providers.docker.operators.docker.DockerOperator","filename":"docker.py","lineno":71}
{"timestamp":"2026-05-21T21:20:17.676293Z","level":"info","event":"\tat org.apache.spark.sql.delta.catalog.DeltaTableV2.x$1$lzycompute(DeltaTableV2.scala:71)","logger":"airflow.task.operators.airflow.providers.docker.operators.docker.DockerOperator","filename":"docker.py","lineno":71}
{"timestamp":"2026-05-21T21:20:17.676367Z","level":"info","event":"\tat org.apache.spark.sql.delta.catalog.DeltaTableV2.x$1(DeltaTableV2.scala:66)","logger":"airflow.task.operators.airflow.providers.docker.operators.docker.DockerOperator","filename":"docker.py","lineno":71}
{"timestamp":"2026-05-21T21:20:17.676456Z","level":"info","event":"\tat org.apache.spark.sql.delta.catalog.DeltaTableV2.timeTravelByPath$lzycompute(DeltaTableV2.scala:66)","logger":"airflow.task.operators.airflow.providers.docker.operators.docker.DockerOperator","filename":"docker.py","lineno":71}
{"timestamp":"2026-05-21T21:20:17.676530Z","level":"info","event":"\tat org.apache.spark.sql.delta.catalog.DeltaTableV2.timeTravelByPath(DeltaTableV2.scala:66)","logger":"airflow.task.operators.airflow.providers.docker.operators.docker.DockerOperator","filename":"docker.py","lineno":71}
{"timestamp":"2026-05-21T21:20:17.676605Z","level":"info","event":"\tat org.apache.spark.sql.delta.catalog.DeltaTableV2.$anonfun$timeTravelSpec$1(DeltaTableV2.scala:100)","logger":"airflow.task.operators.airflow.providers.docker.operators.docker.DockerOperator","filename":"docker.py","lineno":71}
{"timestamp":"2026-05-21T21:20:17.676679Z","level":"info","event":"\tat scala.Option.orElse(Option.scala:447)","logger":"airflow.task.operators.airflow.providers.docker.operators.docker.DockerOperator","filename":"docker.py","lineno":71}
{"timestamp":"2026-05-21T21:20:17.676818Z","level":"info","event":"\tat org.apache.spark.sql.delta.catalog.DeltaTableV2.timeTravelSpec$lzycompute(DeltaTableV2.scala:100)","logger":"airflow.task.operators.airflow.providers.docker.operators.docker.DockerOperator","filename":"docker.py","lineno":71}
{"timestamp":"2026-05-21T21:20:17.676902Z","level":"info","event":"\tat org.apache.spark.sql.delta.catalog.DeltaTableV2.timeTravelSpec(DeltaTableV2.scala:96)","logger":"airflow.task.operators.airflow.providers.docker.operators.docker.DockerOperator","filename":"docker.py","lineno":71}
{"timestamp":"2026-05-21T21:20:17.676979Z","level":"info","event":"\tat org.apache.spark.sql.delta.catalog.DeltaTableV2.snapshot$lzycompute(DeltaTableV2.scala:104)","logger":"airflow.task.operators.airflow.providers.docker.operators.docker.DockerOperator","filename":"docker.py","lineno":71}
{"timestamp":"2026-05-21T21:20:17.677053Z","level":"info","event":"\tat org.apache.spark.sql.delta.catalog.DeltaTableV2.snapshot(DeltaTableV2.scala:103)","logger":"airflow.task.operators.airflow.providers.docker.operators.docker.DockerOperator","filename":"docker.py","lineno":71}
{"timestamp":"2026-05-21T21:20:17.677163Z","level":"info","event":"\tat org.apache.spark.sql.delta.catalog.DeltaTableV2.toBaseRelation(DeltaTableV2.scala:178)","logger":"airflow.task.operators.airflow.providers.docker.operators.docker.DockerOperator","filename":"docker.py","lineno":71}
{"timestamp":"2026-05-21T21:20:17.677241Z","level":"info","event":"\tat org.apache.spark.sql.delta.sources.DeltaDataSource.$anonfun$createRelation$5(DeltaDataSource.scala:230)","logger":"airflow.task.operators.airflow.providers.docker.operators.docker.DockerOperator","filename":"docker.py","lineno":71}
{"timestamp":"2026-05-21T21:20:17.677315Z","level":"info","event":"\tat org.apache.spark.sql.delta.metering.DeltaLogging.recordFrameProfile(DeltaLogging.scala:140)","logger":"airflow.task.operators.airflow.providers.docker.operators.docker.DockerOperator","filename":"docker.py","lineno":71}
{"timestamp":"2026-05-21T21:20:17.677399Z","level":"info","event":"\tat org.apache.spark.sql.delta.metering.DeltaLogging.recordFrameProfile$(DeltaLogging.scala:138)","logger":"airflow.task.operators.airflow.providers.docker.operators.docker.DockerOperator","filename":"docker.py","lineno":71}
{"timestamp":"2026-05-21T21:20:17.677479Z","level":"info","event":"\tat org.apache.spark.sql.delta.sources.DeltaDataSource.recordFrameProfile(DeltaDataSource.scala:49)","logger":"airflow.task.operators.airflow.providers.docker.operators.docker.DockerOperator","filename":"docker.py","lineno":71}
{"timestamp":"2026-05-21T21:20:17.677552Z","level":"info","event":"\tat org.apache.spark.sql.delta.sources.DeltaDataSource.createRelation(DeltaDataSource.scala:188)","logger":"airflow.task.operators.airflow.providers.docker.operators.docker.DockerOperator","filename":"docker.py","lineno":71}
{"timestamp":"2026-05-21T21:20:17.677627Z","level":"info","event":"\tat org.apache.spark.sql.execution.datasources.DataSource.resolveRelation(DataSource.scala:346)","logger":"airflow.task.operators.airflow.providers.docker.operators.docker.DockerOperator","filename":"docker.py","lineno":71}
{"timestamp":"2026-05-21T21:20:17.677701Z","level":"info","event":"\tat org.apache.spark.sql.DataFrameReader.loadV1Source(DataFrameReader.scala:229)","logger":"airflow.task.operators.airflow.providers.docker.operators.docker.DockerOperator","filename":"docker.py","lineno":71}
{"timestamp":"2026-05-21T21:20:17.677797Z","level":"info","event":"\tat org.apache.spark.sql.DataFrameReader.$anonfun$load$2(DataFrameReader.scala:211)","logger":"airflow.task.operators.airflow.providers.docker.operators.docker.DockerOperator","filename":"docker.py","lineno":71}
{"timestamp":"2026-05-21T21:20:17.677874Z","level":"info","event":"\tat scala.Option.getOrElse(Option.scala:189)","logger":"airflow.task.operators.airflow.providers.docker.operators.docker.DockerOperator","filename":"docker.py","lineno":71}
{"timestamp":"2026-05-21T21:20:17.677952Z","level":"info","event":"\tat org.apache.spark.sql.DataFrameReader.load(DataFrameReader.scala:211)","logger":"airflow.task.operators.airflow.providers.docker.operators.docker.DockerOperator","filename":"docker.py","lineno":71}
{"timestamp":"2026-05-21T21:20:17.678029Z","level":"info","event":"\tat org.apache.spark.sql.DataFrameReader.load(DataFrameReader.scala:186)","logger":"airflow.task.operators.airflow.providers.docker.operators.docker.DockerOperator","filename":"docker.py","lineno":71}
{"timestamp":"2026-05-21T21:20:17.678099Z","level":"info","event":"\tat java.base/jdk.internal.reflect.NativeMethodAccessorImpl.invoke0(Native Method)","logger":"airflow.task.operators.airflow.providers.docker.operators.docker.DockerOperator","filename":"docker.py","lineno":71}
{"timestamp":"2026-05-21T21:20:17.678168Z","level":"info","event":"\tat java.base/jdk.internal.reflect.NativeMethodAccessorImpl.invoke(Unknown Source)","logger":"airflow.task.operators.airflow.providers.docker.operators.docker.DockerOperator","filename":"docker.py","lineno":71}
{"timestamp":"2026-05-21T21:20:17.678239Z","level":"info","event":"\tat java.base/jdk.internal.reflect.DelegatingMethodAccessorImpl.invoke(Unknown Source)","logger":"airflow.task.operators.airflow.providers.docker.operators.docker.DockerOperator","filename":"docker.py","lineno":71}
{"timestamp":"2026-05-21T21:20:17.678309Z","level":"info","event":"\tat java.base/java.lang.reflect.Method.invoke(Unknown Source)","logger":"airflow.task.operators.airflow.providers.docker.operators.docker.DockerOperator","filename":"docker.py","lineno":71}
{"timestamp":"2026-05-21T21:20:17.678383Z","level":"info","event":"\tat py4j.reflection.MethodInvoker.invoke(MethodInvoker.java:244)","logger":"airflow.task.operators.airflow.providers.docker.operators.docker.DockerOperator","filename":"docker.py","lineno":71}
{"timestamp":"2026-05-21T21:20:17.678469Z","level":"info","event":"\tat py4j.reflection.ReflectionEngine.invoke(ReflectionEngine.java:374)","logger":"airflow.task.operators.airflow.providers.docker.operators.docker.DockerOperator","filename":"docker.py","lineno":71}
{"timestamp":"2026-05-21T21:20:17.678543Z","level":"info","event":"\tat py4j.Gateway.invoke(Gateway.java:282)","logger":"airflow.task.operators.airflow.providers.docker.operators.docker.DockerOperator","filename":"docker.py","lineno":71}
{"timestamp":"2026-05-21T21:20:17.678617Z","level":"info","event":"\tat py4j.commands.AbstractCommand.invokeMethod(AbstractCommand.java:132)","logger":"airflow.task.operators.airflow.providers.docker.operators.docker.DockerOperator","filename":"docker.py","lineno":71}
{"timestamp":"2026-05-21T21:20:17.678690Z","level":"info","event":"\tat py4j.commands.CallCommand.execute(CallCommand.java:79)","logger":"airflow.task.operators.airflow.providers.docker.operators.docker.DockerOperator","filename":"docker.py","lineno":71}
{"timestamp":"2026-05-21T21:20:17.678789Z","level":"info","event":"\tat py4j.ClientServerConnection.waitForCommands(ClientServerConnection.java:182)","logger":"airflow.task.operators.airflow.providers.docker.operators.docker.DockerOperator","filename":"docker.py","lineno":71}
{"timestamp":"2026-05-21T21:20:17.678866Z","level":"info","event":"\tat py4j.ClientServerConnection.run(ClientServerConnection.java:106)","logger":"airflow.task.operators.airflow.providers.docker.operators.docker.DockerOperator","filename":"docker.py","lineno":71}
{"timestamp":"2026-05-21T21:20:17.678942Z","level":"info","event":"\tat java.base/java.lang.Thread.run(Unknown Source)","logger":"airflow.task.operators.airflow.providers.docker.operators.docker.DockerOperator","filename":"docker.py","lineno":71}
{"timestamp":"2026-05-21T21:20:17.679018Z","level":"info","event":"Caused by: java.lang.ClassNotFoundException: Class org.apache.hadoop.fs.s3a.S3AFileSystem not found","logger":"airflow.task.operators.airflow.providers.docker.operators.docker.DockerOperator","filename":"docker.py","lineno":71}
{"timestamp":"2026-05-21T21:20:17.679093Z","level":"info","event":"\tat org.apache.hadoop.conf.Configuration.getClassByName(Configuration.java:2592)","logger":"airflow.task.operators.airflow.providers.docker.operators.docker.DockerOperator","filename":"docker.py","lineno":71}
{"timestamp":"2026-05-21T21:20:17.679168Z","level":"info","event":"\tat org.apache.hadoop.conf.Configuration.getClass(Configuration.java:2686)","logger":"airflow.task.operators.airflow.providers.docker.operators.docker.DockerOperator","filename":"docker.py","lineno":71}
{"timestamp":"2026-05-21T21:20:17.679240Z","level":"info","event":"\t... 43 more","logger":"airflow.task.operators.airflow.providers.docker.operators.docker.DockerOperator","filename":"docker.py","lineno":71}
{"timestamp":"2026-05-21T21:20:17.679313Z","level":"info","event":"","logger":"airflow.task.operators.airflow.providers.docker.operators.docker.DockerOperator","filename":"docker.py","lineno":71}
{"timestamp":"2026-05-21T21:20:17.679586Z","level":"info","event":"2026-05-21 21:20:17,669 - ERROR - Error processing table quantity_sales_per_ship_method: An error occurred while calling o51.load.","logger":"airflow.task.operators.airflow.providers.docker.operators.docker.DockerOperator","filename":"docker.py","lineno":71}
{"timestamp":"2026-05-21T21:20:17.679671Z","level":"info","event":": java.lang.RuntimeException: java.lang.ClassNotFoundException: Class org.apache.hadoop.fs.s3a.S3AFileSystem not found","logger":"airflow.task.operators.airflow.providers.docker.operators.docker.DockerOperator","filename":"docker.py","lineno":71}
{"timestamp":"2026-05-21T21:20:17.679770Z","level":"info","event":"\tat org.apache.hadoop.conf.Configuration.getClass(Configuration.java:2688)","logger":"airflow.task.operators.airflow.providers.docker.operators.docker.DockerOperator","filename":"docker.py","lineno":71}
{"timestamp":"2026-05-21T21:20:17.679849Z","level":"info","event":"\tat org.apache.hadoop.fs.FileSystem.getFileSystemClass(FileSystem.java:3431)","logger":"airflow.task.operators.airflow.providers.docker.operators.docker.DockerOperator","filename":"docker.py","lineno":71}
{"timestamp":"2026-05-21T21:20:17.679982Z","level":"info","event":"\tat org.apache.hadoop.fs.FileSystem.createFileSystem(FileSystem.java:3466)","logger":"airflow.task.operators.airflow.providers.docker.operators.docker.DockerOperator","filename":"docker.py","lineno":71}
{"timestamp":"2026-05-21T21:20:17.680059Z","level":"info","event":"\tat org.apache.hadoop.fs.FileSystem.access$300(FileSystem.java:174)","logger":"airflow.task.operators.airflow.providers.docker.operators.docker.DockerOperator","filename":"docker.py","lineno":71}
{"timestamp":"2026-05-21T21:20:17.680132Z","level":"info","event":"\tat org.apache.hadoop.fs.FileSystem$Cache.getInternal(FileSystem.java:3574)","logger":"airflow.task.operators.airflow.providers.docker.operators.docker.DockerOperator","filename":"docker.py","lineno":71}
{"timestamp":"2026-05-21T21:20:17.680204Z","level":"info","event":"\tat org.apache.hadoop.fs.FileSystem$Cache.get(FileSystem.java:3521)","logger":"airflow.task.operators.airflow.providers.docker.operators.docker.DockerOperator","filename":"docker.py","lineno":71}
{"timestamp":"2026-05-21T21:20:17.680280Z","level":"info","event":"\tat org.apache.hadoop.fs.FileSystem.get(FileSystem.java:540)","logger":"airflow.task.operators.airflow.providers.docker.operators.docker.DockerOperator","filename":"docker.py","lineno":71}
{"timestamp":"2026-05-21T21:20:17.680355Z","level":"info","event":"\tat org.apache.hadoop.fs.Path.getFileSystem(Path.java:365)","logger":"airflow.task.operators.airflow.providers.docker.operators.docker.DockerOperator","filename":"docker.py","lineno":71}
{"timestamp":"2026-05-21T21:20:17.680576Z","level":"info","event":"\tat org.apache.spark.sql.delta.DeltaTableUtils$.findDeltaTableRoot(DeltaTable.scala:177)","logger":"airflow.task.operators.airflow.providers.docker.operators.docker.DockerOperator","filename":"docker.py","lineno":71}
{"timestamp":"2026-05-21T21:20:17.680661Z","level":"info","event":"\tat org.apache.spark.sql.delta.sources.DeltaDataSource$.parsePathIdentifier(DeltaDataSource.scala:357)","logger":"airflow.task.operators.airflow.providers.docker.operators.docker.DockerOperator","filename":"docker.py","lineno":71}
{"timestamp":"2026-05-21T21:20:17.680763Z","level":"info","event":"\tat org.apache.spark.sql.delta.catalog.DeltaTableV2.x$1$lzycompute(DeltaTableV2.scala:71)","logger":"airflow.task.operators.airflow.providers.docker.operators.docker.DockerOperator","filename":"docker.py","lineno":71}
{"timestamp":"2026-05-21T21:20:17.680839Z","level":"info","event":"\tat org.apache.spark.sql.delta.catalog.DeltaTableV2.x$1(DeltaTableV2.scala:66)","logger":"airflow.task.operators.airflow.providers.docker.operators.docker.DockerOperator","filename":"docker.py","lineno":71}
{"timestamp":"2026-05-21T21:20:17.680888Z","level":"info","event":"\tat org.apache.spark.sql.delta.catalog.DeltaTableV2.timeTravelByPath$lzycompute(DeltaTableV2.scala:66)","logger":"airflow.task.operators.airflow.providers.docker.operators.docker.DockerOperator","filename":"docker.py","lineno":71}
{"timestamp":"2026-05-21T21:20:17.680932Z","level":"info","event":"\tat org.apache.spark.sql.delta.catalog.DeltaTableV2.timeTravelByPath(DeltaTableV2.scala:66)","logger":"airflow.task.operators.airflow.providers.docker.operators.docker.DockerOperator","filename":"docker.py","lineno":71}
{"timestamp":"2026-05-21T21:20:17.681016Z","level":"info","event":"\tat org.apache.spark.sql.delta.catalog.DeltaTableV2.$anonfun$timeTravelSpec$1(DeltaTableV2.scala:100)","logger":"airflow.task.operators.airflow.providers.docker.operators.docker.DockerOperator","filename":"docker.py","lineno":71}
{"timestamp":"2026-05-21T21:20:17.681057Z","level":"info","event":"\tat scala.Option.orElse(Option.scala:447)","logger":"airflow.task.operators.airflow.providers.docker.operators.docker.DockerOperator","filename":"docker.py","lineno":71}
{"timestamp":"2026-05-21T21:20:17.681094Z","level":"info","event":"\tat org.apache.spark.sql.delta.catalog.DeltaTableV2.timeTravelSpec$lzycompute(DeltaTableV2.scala:100)","logger":"airflow.task.operators.airflow.providers.docker.operators.docker.DockerOperator","filename":"docker.py","lineno":71}
{"timestamp":"2026-05-21T21:20:17.681131Z","level":"info","event":"\tat org.apache.spark.sql.delta.catalog.DeltaTableV2.timeTravelSpec(DeltaTableV2.scala:96)","logger":"airflow.task.operators.airflow.providers.docker.operators.docker.DockerOperator","filename":"docker.py","lineno":71}
{"timestamp":"2026-05-21T21:20:17.681168Z","level":"info","event":"\tat org.apache.spark.sql.delta.catalog.DeltaTableV2.snapshot$lzycompute(DeltaTableV2.scala:104)","logger":"airflow.task.operators.airflow.providers.docker.operators.docker.DockerOperator","filename":"docker.py","lineno":71}
{"timestamp":"2026-05-21T21:20:17.681204Z","level":"info","event":"\tat org.apache.spark.sql.delta.catalog.DeltaTableV2.snapshot(DeltaTableV2.scala:103)","logger":"airflow.task.operators.airflow.providers.docker.operators.docker.DockerOperator","filename":"docker.py","lineno":71}
{"timestamp":"2026-05-21T21:20:17.681240Z","level":"info","event":"\tat org.apache.spark.sql.delta.catalog.DeltaTableV2.toBaseRelation(DeltaTableV2.scala:178)","logger":"airflow.task.operators.airflow.providers.docker.operators.docker.DockerOperator","filename":"docker.py","lineno":71}
{"timestamp":"2026-05-21T21:20:17.681276Z","level":"info","event":"\tat org.apache.spark.sql.delta.sources.DeltaDataSource.$anonfun$createRelation$5(DeltaDataSource.scala:230)","logger":"airflow.task.operators.airflow.providers.docker.operators.docker.DockerOperator","filename":"docker.py","lineno":71}
{"timestamp":"2026-05-21T21:20:17.681314Z","level":"info","event":"\tat org.apache.spark.sql.delta.metering.DeltaLogging.recordFrameProfile(DeltaLogging.scala:140)","logger":"airflow.task.operators.airflow.providers.docker.operators.docker.DockerOperator","filename":"docker.py","lineno":71}
{"timestamp":"2026-05-21T21:20:17.681434Z","level":"info","event":"\tat org.apache.spark.sql.delta.metering.DeltaLogging.recordFrameProfile$(DeltaLogging.scala:138)","logger":"airflow.task.operators.airflow.providers.docker.operators.docker.DockerOperator","filename":"docker.py","lineno":71}
{"timestamp":"2026-05-21T21:20:17.681523Z","level":"info","event":"\tat org.apache.spark.sql.delta.sources.DeltaDataSource.recordFrameProfile(DeltaDataSource.scala:49)","logger":"airflow.task.operators.airflow.providers.docker.operators.docker.DockerOperator","filename":"docker.py","lineno":71}
{"timestamp":"2026-05-21T21:20:17.681647Z","level":"info","event":"\tat org.apache.spark.sql.delta.sources.DeltaDataSource.createRelation(DeltaDataSource.scala:188)","logger":"airflow.task.operators.airflow.providers.docker.operators.docker.DockerOperator","filename":"docker.py","lineno":71}
{"timestamp":"2026-05-21T21:20:17.681743Z","level":"info","event":"\tat org.apache.spark.sql.execution.datasources.DataSource.resolveRelation(DataSource.scala:346)","logger":"airflow.task.operators.airflow.providers.docker.operators.docker.DockerOperator","filename":"docker.py","lineno":71}
{"timestamp":"2026-05-21T21:20:17.681822Z","level":"info","event":"\tat org.apache.spark.sql.DataFrameReader.loadV1Source(DataFrameReader.scala:229)","logger":"airflow.task.operators.airflow.providers.docker.operators.docker.DockerOperator","filename":"docker.py","lineno":71}
{"timestamp":"2026-05-21T21:20:17.681898Z","level":"info","event":"\tat org.apache.spark.sql.DataFrameReader.$anonfun$load$2(DataFrameReader.scala:211)","logger":"airflow.task.operators.airflow.providers.docker.operators.docker.DockerOperator","filename":"docker.py","lineno":71}
{"timestamp":"2026-05-21T21:20:17.682627Z","level":"info","event":"\tat scala.Option.getOrElse(Option.scala:189)","logger":"airflow.task.operators.airflow.providers.docker.operators.docker.DockerOperator","filename":"docker.py","lineno":71}
{"timestamp":"2026-05-21T21:20:17.682790Z","level":"info","event":"\tat org.apache.spark.sql.DataFrameReader.load(DataFrameReader.scala:211)","logger":"airflow.task.operators.airflow.providers.docker.operators.docker.DockerOperator","filename":"docker.py","lineno":71}
{"timestamp":"2026-05-21T21:20:17.682874Z","level":"info","event":"\tat org.apache.spark.sql.DataFrameReader.load(DataFrameReader.scala:186)","logger":"airflow.task.operators.airflow.providers.docker.operators.docker.DockerOperator","filename":"docker.py","lineno":71}
{"timestamp":"2026-05-21T21:20:17.682947Z","level":"info","event":"\tat java.base/jdk.internal.reflect.NativeMethodAccessorImpl.invoke0(Native Method)","logger":"airflow.task.operators.airflow.providers.docker.operators.docker.DockerOperator","filename":"docker.py","lineno":71}
{"timestamp":"2026-05-21T21:20:17.683018Z","level":"info","event":"\tat java.base/jdk.internal.reflect.NativeMethodAccessorImpl.invoke(Unknown Source)","logger":"airflow.task.operators.airflow.providers.docker.operators.docker.DockerOperator","filename":"docker.py","lineno":71}
{"timestamp":"2026-05-21T21:20:17.683088Z","level":"info","event":"\tat java.base/jdk.internal.reflect.DelegatingMethodAccessorImpl.invoke(Unknown Source)","logger":"airflow.task.operators.airflow.providers.docker.operators.docker.DockerOperator","filename":"docker.py","lineno":71}
{"timestamp":"2026-05-21T21:20:17.683163Z","level":"info","event":"\tat java.base/java.lang.reflect.Method.invoke(Unknown Source)","logger":"airflow.task.operators.airflow.providers.docker.operators.docker.DockerOperator","filename":"docker.py","lineno":71}
{"timestamp":"2026-05-21T21:20:17.683330Z","level":"info","event":"\tat py4j.reflection.MethodInvoker.invoke(MethodInvoker.java:244)","logger":"airflow.task.operators.airflow.providers.docker.operators.docker.DockerOperator","filename":"docker.py","lineno":71}
{"timestamp":"2026-05-21T21:20:17.683438Z","level":"info","event":"\tat py4j.reflection.ReflectionEngine.invoke(ReflectionEngine.java:374)","logger":"airflow.task.operators.airflow.providers.docker.operators.docker.DockerOperator","filename":"docker.py","lineno":71}
{"timestamp":"2026-05-21T21:20:17.683525Z","level":"info","event":"\tat py4j.Gateway.invoke(Gateway.java:282)","logger":"airflow.task.operators.airflow.providers.docker.operators.docker.DockerOperator","filename":"docker.py","lineno":71}
{"timestamp":"2026-05-21T21:20:17.683607Z","level":"info","event":"\tat py4j.commands.AbstractCommand.invokeMethod(AbstractCommand.java:132)","logger":"airflow.task.operators.airflow.providers.docker.operators.docker.DockerOperator","filename":"docker.py","lineno":71}
{"timestamp":"2026-05-21T21:20:17.683774Z","level":"info","event":"\tat py4j.commands.CallCommand.execute(CallCommand.java:79)","logger":"airflow.task.operators.airflow.providers.docker.operators.docker.DockerOperator","filename":"docker.py","lineno":71}
{"timestamp":"2026-05-21T21:20:17.683856Z","level":"info","event":"\tat py4j.ClientServerConnection.waitForCommands(ClientServerConnection.java:182)","logger":"airflow.task.operators.airflow.providers.docker.operators.docker.DockerOperator","filename":"docker.py","lineno":71}
{"timestamp":"2026-05-21T21:20:17.683929Z","level":"info","event":"\tat py4j.ClientServerConnection.run(ClientServerConnection.java:106)","logger":"airflow.task.operators.airflow.providers.docker.operators.docker.DockerOperator","filename":"docker.py","lineno":71}
{"timestamp":"2026-05-21T21:20:17.684004Z","level":"info","event":"\tat java.base/java.lang.Thread.run(Unknown Source)","logger":"airflow.task.operators.airflow.providers.docker.operators.docker.DockerOperator","filename":"docker.py","lineno":71}
{"timestamp":"2026-05-21T21:20:17.684078Z","level":"info","event":"Caused by: java.lang.ClassNotFoundException: Class org.apache.hadoop.fs.s3a.S3AFileSystem not found","logger":"airflow.task.operators.airflow.providers.docker.operators.docker.DockerOperator","filename":"docker.py","lineno":71}
{"timestamp":"2026-05-21T21:20:17.684152Z","level":"info","event":"\tat org.apache.hadoop.conf.Configuration.getClassByName(Configuration.java:2592)","logger":"airflow.task.operators.airflow.providers.docker.operators.docker.DockerOperator","filename":"docker.py","lineno":71}
{"timestamp":"2026-05-21T21:20:17.684225Z","level":"info","event":"\tat org.apache.hadoop.conf.Configuration.getClass(Configuration.java:2686)","logger":"airflow.task.operators.airflow.providers.docker.operators.docker.DockerOperator","filename":"docker.py","lineno":71}
{"timestamp":"2026-05-21T21:20:17.684299Z","level":"info","event":"\t... 43 more","logger":"airflow.task.operators.airflow.providers.docker.operators.docker.DockerOperator","filename":"docker.py","lineno":71}
{"timestamp":"2026-05-21T21:20:17.684374Z","level":"info","event":"","logger":"airflow.task.operators.airflow.providers.docker.operators.docker.DockerOperator","filename":"docker.py","lineno":71}
{"timestamp":"2026-05-21T21:20:17.684582Z","level":"info","event":"2026-05-21 21:20:17,681 - ERROR - Error processing table sales_per_employee: An error occurred while calling o52.load.","logger":"airflow.task.operators.airflow.providers.docker.operators.docker.DockerOperator","filename":"docker.py","lineno":71}
{"timestamp":"2026-05-21T21:20:17.684908Z","level":"info","event":": java.lang.RuntimeException: java.lang.ClassNotFoundException: Class org.apache.hadoop.fs.s3a.S3AFileSystem not found","logger":"airflow.task.operators.airflow.providers.docker.operators.docker.DockerOperator","filename":"docker.py","lineno":71}
{"timestamp":"2026-05-21T21:20:17.684997Z","level":"info","event":"\tat org.apache.hadoop.conf.Configuration.getClass(Configuration.java:2688)","logger":"airflow.task.operators.airflow.providers.docker.operators.docker.DockerOperator","filename":"docker.py","lineno":71}
{"timestamp":"2026-05-21T21:20:17.685070Z","level":"info","event":"\tat org.apache.hadoop.fs.FileSystem.getFileSystemClass(FileSystem.java:3431)","logger":"airflow.task.operators.airflow.providers.docker.operators.docker.DockerOperator","filename":"docker.py","lineno":71}
{"timestamp":"2026-05-21T21:20:17.685139Z","level":"info","event":"\tat org.apache.hadoop.fs.FileSystem.createFileSystem(FileSystem.java:3466)","logger":"airflow.task.operators.airflow.providers.docker.operators.docker.DockerOperator","filename":"docker.py","lineno":71}
{"timestamp":"2026-05-21T21:20:17.685212Z","level":"info","event":"\tat org.apache.hadoop.fs.FileSystem.access$300(FileSystem.java:174)","logger":"airflow.task.operators.airflow.providers.docker.operators.docker.DockerOperator","filename":"docker.py","lineno":71}
{"timestamp":"2026-05-21T21:20:17.685282Z","level":"info","event":"\tat org.apache.hadoop.fs.FileSystem$Cache.getInternal(FileSystem.java:3574)","logger":"airflow.task.operators.airflow.providers.docker.operators.docker.DockerOperator","filename":"docker.py","lineno":71}
{"timestamp":"2026-05-21T21:20:17.685354Z","level":"info","event":"\tat org.apache.hadoop.fs.FileSystem$Cache.get(FileSystem.java:3521)","logger":"airflow.task.operators.airflow.providers.docker.operators.docker.DockerOperator","filename":"docker.py","lineno":71}
{"timestamp":"2026-05-21T21:20:17.685552Z","level":"info","event":"\tat org.apache.hadoop.fs.FileSystem.get(FileSystem.java:540)","logger":"airflow.task.operators.airflow.providers.docker.operators.docker.DockerOperator","filename":"docker.py","lineno":71}
{"timestamp":"2026-05-21T21:20:17.685634Z","level":"info","event":"\tat org.apache.hadoop.fs.Path.getFileSystem(Path.java:365)","logger":"airflow.task.operators.airflow.providers.docker.operators.docker.DockerOperator","filename":"docker.py","lineno":71}
{"timestamp":"2026-05-21T21:20:17.685767Z","level":"info","event":"\tat org.apache.spark.sql.delta.DeltaTableUtils$.findDeltaTableRoot(DeltaTable.scala:177)","logger":"airflow.task.operators.airflow.providers.docker.operators.docker.DockerOperator","filename":"docker.py","lineno":71}
{"timestamp":"2026-05-21T21:20:17.685894Z","level":"info","event":"\tat org.apache.spark.sql.delta.sources.DeltaDataSource$.parsePathIdentifier(DeltaDataSource.scala:357)","logger":"airflow.task.operators.airflow.providers.docker.operators.docker.DockerOperator","filename":"docker.py","lineno":71}
{"timestamp":"2026-05-21T21:20:17.685987Z","level":"info","event":"\tat org.apache.spark.sql.delta.catalog.DeltaTableV2.x$1$lzycompute(DeltaTableV2.scala:71)","logger":"airflow.task.operators.airflow.providers.docker.operators.docker.DockerOperator","filename":"docker.py","lineno":71}
{"timestamp":"2026-05-21T21:20:17.686064Z","level":"info","event":"\tat org.apache.spark.sql.delta.catalog.DeltaTableV2.x$1(DeltaTableV2.scala:66)","logger":"airflow.task.operators.airflow.providers.docker.operators.docker.DockerOperator","filename":"docker.py","lineno":71}
{"timestamp":"2026-05-21T21:20:17.686139Z","level":"info","event":"\tat org.apache.spark.sql.delta.catalog.DeltaTableV2.timeTravelByPath$lzycompute(DeltaTableV2.scala:66)","logger":"airflow.task.operators.airflow.providers.docker.operators.docker.DockerOperator","filename":"docker.py","lineno":71}
{"timestamp":"2026-05-21T21:20:17.686213Z","level":"info","event":"\tat org.apache.spark.sql.delta.catalog.DeltaTableV2.timeTravelByPath(DeltaTableV2.scala:66)","logger":"airflow.task.operators.airflow.providers.docker.operators.docker.DockerOperator","filename":"docker.py","lineno":71}
{"timestamp":"2026-05-21T21:20:17.686286Z","level":"info","event":"\tat org.apache.spark.sql.delta.catalog.DeltaTableV2.$anonfun$timeTravelSpec$1(DeltaTableV2.scala:100)","logger":"airflow.task.operators.airflow.providers.docker.operators.docker.DockerOperator","filename":"docker.py","lineno":71}
{"timestamp":"2026-05-21T21:20:17.686359Z","level":"info","event":"\tat scala.Option.orElse(Option.scala:447)","logger":"airflow.task.operators.airflow.providers.docker.operators.docker.DockerOperator","filename":"docker.py","lineno":71}
{"timestamp":"2026-05-21T21:20:17.686446Z","level":"info","event":"\tat org.apache.spark.sql.delta.catalog.DeltaTableV2.timeTravelSpec$lzycompute(DeltaTableV2.scala:100)","logger":"airflow.task.operators.airflow.providers.docker.operators.docker.DockerOperator","filename":"docker.py","lineno":71}
{"timestamp":"2026-05-21T21:20:17.686521Z","level":"info","event":"\tat org.apache.spark.sql.delta.catalog.DeltaTableV2.timeTravelSpec(DeltaTableV2.scala:96)","logger":"airflow.task.operators.airflow.providers.docker.operators.docker.DockerOperator","filename":"docker.py","lineno":71}
{"timestamp":"2026-05-21T21:20:17.686595Z","level":"info","event":"\tat org.apache.spark.sql.delta.catalog.DeltaTableV2.snapshot$lzycompute(DeltaTableV2.scala:104)","logger":"airflow.task.operators.airflow.providers.docker.operators.docker.DockerOperator","filename":"docker.py","lineno":71}
{"timestamp":"2026-05-21T21:20:17.686669Z","level":"info","event":"\tat org.apache.spark.sql.delta.catalog.DeltaTableV2.snapshot(DeltaTableV2.scala:103)","logger":"airflow.task.operators.airflow.providers.docker.operators.docker.DockerOperator","filename":"docker.py","lineno":71}
{"timestamp":"2026-05-21T21:20:17.686762Z","level":"info","event":"\tat org.apache.spark.sql.delta.catalog.DeltaTableV2.toBaseRelation(DeltaTableV2.scala:178)","logger":"airflow.task.operators.airflow.providers.docker.operators.docker.DockerOperator","filename":"docker.py","lineno":71}
{"timestamp":"2026-05-21T21:20:17.686841Z","level":"info","event":"\tat org.apache.spark.sql.delta.sources.DeltaDataSource.$anonfun$createRelation$5(DeltaDataSource.scala:230)","logger":"airflow.task.operators.airflow.providers.docker.operators.docker.DockerOperator","filename":"docker.py","lineno":71}
{"timestamp":"2026-05-21T21:20:17.686968Z","level":"info","event":"\tat org.apache.spark.sql.delta.metering.DeltaLogging.recordFrameProfile(DeltaLogging.scala:140)","logger":"airflow.task.operators.airflow.providers.docker.operators.docker.DockerOperator","filename":"docker.py","lineno":71}
{"timestamp":"2026-05-21T21:20:17.687046Z","level":"info","event":"\tat org.apache.spark.sql.delta.metering.DeltaLogging.recordFrameProfile$(DeltaLogging.scala:138)","logger":"airflow.task.operators.airflow.providers.docker.operators.docker.DockerOperator","filename":"docker.py","lineno":71}
{"timestamp":"2026-05-21T21:20:17.687118Z","level":"info","event":"\tat org.apache.spark.sql.delta.sources.DeltaDataSource.recordFrameProfile(DeltaDataSource.scala:49)","logger":"airflow.task.operators.airflow.providers.docker.operators.docker.DockerOperator","filename":"docker.py","lineno":71}
{"timestamp":"2026-05-21T21:20:17.687188Z","level":"info","event":"\tat org.apache.spark.sql.delta.sources.DeltaDataSource.createRelation(DeltaDataSource.scala:188)","logger":"airflow.task.operators.airflow.providers.docker.operators.docker.DockerOperator","filename":"docker.py","lineno":71}
{"timestamp":"2026-05-21T21:20:17.687261Z","level":"info","event":"\tat org.apache.spark.sql.execution.datasources.DataSource.resolveRelation(DataSource.scala:346)","logger":"airflow.task.operators.airflow.providers.docker.operators.docker.DockerOperator","filename":"docker.py","lineno":71}
{"timestamp":"2026-05-21T21:20:17.687333Z","level":"info","event":"\tat org.apache.spark.sql.DataFrameReader.loadV1Source(DataFrameReader.scala:229)","logger":"airflow.task.operators.airflow.providers.docker.operators.docker.DockerOperator","filename":"docker.py","lineno":71}
{"timestamp":"2026-05-21T21:20:17.687422Z","level":"info","event":"\tat org.apache.spark.sql.DataFrameReader.$anonfun$load$2(DataFrameReader.scala:211)","logger":"airflow.task.operators.airflow.providers.docker.operators.docker.DockerOperator","filename":"docker.py","lineno":71}
{"timestamp":"2026-05-21T21:20:17.687498Z","level":"info","event":"\tat scala.Option.getOrElse(Option.scala:189)","logger":"airflow.task.operators.airflow.providers.docker.operators.docker.DockerOperator","filename":"docker.py","lineno":71}
{"timestamp":"2026-05-21T21:20:17.687572Z","level":"info","event":"\tat org.apache.spark.sql.DataFrameReader.load(DataFrameReader.scala:211)","logger":"airflow.task.operators.airflow.providers.docker.operators.docker.DockerOperator","filename":"docker.py","lineno":71}
{"timestamp":"2026-05-21T21:20:17.687646Z","level":"info","event":"\tat org.apache.spark.sql.DataFrameReader.load(DataFrameReader.scala:186)","logger":"airflow.task.operators.airflow.providers.docker.operators.docker.DockerOperator","filename":"docker.py","lineno":71}
{"timestamp":"2026-05-21T21:20:17.687737Z","level":"info","event":"\tat java.base/jdk.internal.reflect.NativeMethodAccessorImpl.invoke0(Native Method)","logger":"airflow.task.operators.airflow.providers.docker.operators.docker.DockerOperator","filename":"docker.py","lineno":71}
{"timestamp":"2026-05-21T21:20:17.687860Z","level":"info","event":"\tat java.base/jdk.internal.reflect.NativeMethodAccessorImpl.invoke(Unknown Source)","logger":"airflow.task.operators.airflow.providers.docker.operators.docker.DockerOperator","filename":"docker.py","lineno":71}
{"timestamp":"2026-05-21T21:20:17.687994Z","level":"info","event":"\tat java.base/jdk.internal.reflect.DelegatingMethodAccessorImpl.invoke(Unknown Source)","logger":"airflow.task.operators.airflow.providers.docker.operators.docker.DockerOperator","filename":"docker.py","lineno":71}
{"timestamp":"2026-05-21T21:20:17.688080Z","level":"info","event":"\tat java.base/java.lang.reflect.Method.invoke(Unknown Source)","logger":"airflow.task.operators.airflow.providers.docker.operators.docker.DockerOperator","filename":"docker.py","lineno":71}
{"timestamp":"2026-05-21T21:20:17.688154Z","level":"info","event":"\tat py4j.reflection.MethodInvoker.invoke(MethodInvoker.java:244)","logger":"airflow.task.operators.airflow.providers.docker.operators.docker.DockerOperator","filename":"docker.py","lineno":71}
{"timestamp":"2026-05-21T21:20:17.688241Z","level":"info","event":"\tat py4j.reflection.ReflectionEngine.invoke(ReflectionEngine.java:374)","logger":"airflow.task.operators.airflow.providers.docker.operators.docker.DockerOperator","filename":"docker.py","lineno":71}
{"timestamp":"2026-05-21T21:20:17.688317Z","level":"info","event":"\tat py4j.Gateway.invoke(Gateway.java:282)","logger":"airflow.task.operators.airflow.providers.docker.operators.docker.DockerOperator","filename":"docker.py","lineno":71}
{"timestamp":"2026-05-21T21:20:17.688400Z","level":"info","event":"\tat py4j.commands.AbstractCommand.invokeMethod(AbstractCommand.java:132)","logger":"airflow.task.operators.airflow.providers.docker.operators.docker.DockerOperator","filename":"docker.py","lineno":71}
{"timestamp":"2026-05-21T21:20:17.688476Z","level":"info","event":"\tat py4j.commands.CallCommand.execute(CallCommand.java:79)","logger":"airflow.task.operators.airflow.providers.docker.operators.docker.DockerOperator","filename":"docker.py","lineno":71}
{"timestamp":"2026-05-21T21:20:17.688550Z","level":"info","event":"\tat py4j.ClientServerConnection.waitForCommands(ClientServerConnection.java:182)","logger":"airflow.task.operators.airflow.providers.docker.operators.docker.DockerOperator","filename":"docker.py","lineno":71}
{"timestamp":"2026-05-21T21:20:17.688624Z","level":"info","event":"\tat py4j.ClientServerConnection.run(ClientServerConnection.java:106)","logger":"airflow.task.operators.airflow.providers.docker.operators.docker.DockerOperator","filename":"docker.py","lineno":71}
{"timestamp":"2026-05-21T21:20:17.688694Z","level":"info","event":"\tat java.base/java.lang.Thread.run(Unknown Source)","logger":"airflow.task.operators.airflow.providers.docker.operators.docker.DockerOperator","filename":"docker.py","lineno":71}
{"timestamp":"2026-05-21T21:20:17.688785Z","level":"info","event":"Caused by: java.lang.ClassNotFoundException: Class org.apache.hadoop.fs.s3a.S3AFileSystem not found","logger":"airflow.task.operators.airflow.providers.docker.operators.docker.DockerOperator","filename":"docker.py","lineno":71}
{"timestamp":"2026-05-21T21:20:17.688857Z","level":"info","event":"\tat org.apache.hadoop.conf.Configuration.getClassByName(Configuration.java:2592)","logger":"airflow.task.operators.airflow.providers.docker.operators.docker.DockerOperator","filename":"docker.py","lineno":71}
{"timestamp":"2026-05-21T21:20:17.688930Z","level":"info","event":"\tat org.apache.hadoop.conf.Configuration.getClass(Configuration.java:2686)","logger":"airflow.task.operators.airflow.providers.docker.operators.docker.DockerOperator","filename":"docker.py","lineno":71}
{"timestamp":"2026-05-21T21:20:17.689058Z","level":"info","event":"\t... 43 more","logger":"airflow.task.operators.airflow.providers.docker.operators.docker.DockerOperator","filename":"docker.py","lineno":71}
{"timestamp":"2026-05-21T21:20:17.689136Z","level":"info","event":"","logger":"airflow.task.operators.airflow.providers.docker.operators.docker.DockerOperator","filename":"docker.py","lineno":71}
{"timestamp":"2026-05-21T21:20:17.689294Z","level":"info","event":"2026-05-21 21:20:17,682 - INFO - Closing down clientserver connection","logger":"airflow.task.operators.airflow.providers.docker.operators.docker.DockerOperator","filename":"docker.py","lineno":71}
{"timestamp":"2026-05-21T21:20:17.689378Z","level":"info","event":"2026-05-21 21:20:17,682 - INFO - Closing down clientserver connection","logger":"airflow.task.operators.airflow.providers.docker.operators.docker.DockerOperator","filename":"docker.py","lineno":71}
{"timestamp":"2026-05-21T21:20:17.690077Z","level":"info","event":"2026-05-21 21:20:17,689 - INFO - Closing down clientserver connection","logger":"airflow.task.operators.airflow.providers.docker.operators.docker.DockerOperator","filename":"docker.py","lineno":71}
{"timestamp":"2026-05-21T21:20:17.691489Z","level":"info","event":"2026-05-21 21:20:17,690 - INFO - Closing down clientserver connection","logger":"airflow.task.operators.airflow.providers.docker.operators.docker.DockerOperator","filename":"docker.py","lineno":71}
{"timestamp":"2026-05-21T21:20:17.694442Z","level":"info","event":"2026-05-21 21:20:17,691 - INFO - Closing down clientserver connection","logger":"airflow.task.operators.airflow.providers.docker.operators.docker.DockerOperator","filename":"docker.py","lineno":71}
{"timestamp":"2026-05-21T21:20:17.696475Z","level":"info","event":"2026-05-21 21:20:17,692 - INFO - Closing down clientserver connection","logger":"airflow.task.operators.airflow.providers.docker.operators.docker.DockerOperator","filename":"docker.py","lineno":71}
{"timestamp":"2026-05-21T21:20:17.696612Z","level":"info","event":"2026-05-21 21:20:17,693 - INFO - Closing down clientserver connection","logger":"airflow.task.operators.airflow.providers.docker.operators.docker.DockerOperator","filename":"docker.py","lineno":71}
{"timestamp":"2026-05-21T21:20:17.697150Z","level":"info","event":"2026-05-21 21:20:17,695 - INFO - Incremental agregation to gold layer completed!","logger":"airflow.task.operators.airflow.providers.docker.operators.docker.DockerOperator","filename":"docker.py","lineno":71}
{"timestamp":"2026-05-21T21:20:17.700118Z","level":"info","event":"26/05/21 21:20:17 INFO SparkContext: SparkContext is stopping with exitCode 0.","logger":"airflow.task.operators.airflow.providers.docker.operators.docker.DockerOperator","filename":"docker.py","lineno":71}
{"timestamp":"2026-05-21T21:20:17.730941Z","level":"info","event":"26/05/21 21:20:17 INFO SparkUI: Stopped Spark web UI at http://18bf505767c5:4040","logger":"airflow.task.operators.airflow.providers.docker.operators.docker.DockerOperator","filename":"docker.py","lineno":71}
{"timestamp":"2026-05-21T21:20:17.736906Z","level":"info","event":"26/05/21 21:20:17 INFO StandaloneSchedulerBackend: Shutting down all executors","logger":"airflow.task.operators.airflow.providers.docker.operators.docker.DockerOperator","filename":"docker.py","lineno":71}
{"timestamp":"2026-05-21T21:20:17.743132Z","level":"info","event":"26/05/21 21:20:17 INFO StandaloneSchedulerBackend$StandaloneDriverEndpoint: Asking each executor to shut down","logger":"airflow.task.operators.airflow.providers.docker.operators.docker.DockerOperator","filename":"docker.py","lineno":71}
{"timestamp":"2026-05-21T21:20:17.771082Z","level":"info","event":"26/05/21 21:20:17 INFO MapOutputTrackerMasterEndpoint: MapOutputTrackerMasterEndpoint stopped!","logger":"airflow.task.operators.airflow.providers.docker.operators.docker.DockerOperator","filename":"docker.py","lineno":71}
{"timestamp":"2026-05-21T21:20:17.823979Z","level":"info","event":"26/05/21 21:20:17 INFO MemoryStore: MemoryStore cleared","logger":"airflow.task.operators.airflow.providers.docker.operators.docker.DockerOperator","filename":"docker.py","lineno":71}
{"timestamp":"2026-05-21T21:20:17.826924Z","level":"info","event":"26/05/21 21:20:17 INFO BlockManager: BlockManager stopped","logger":"airflow.task.operators.airflow.providers.docker.operators.docker.DockerOperator","filename":"docker.py","lineno":71}
{"timestamp":"2026-05-21T21:20:17.836209Z","level":"info","event":"26/05/21 21:20:17 INFO BlockManagerMaster: BlockManagerMaster stopped","logger":"airflow.task.operators.airflow.providers.docker.operators.docker.DockerOperator","filename":"docker.py","lineno":71}
{"timestamp":"2026-05-21T21:20:17.864215Z","level":"info","event":"26/05/21 21:20:17 INFO OutputCommitCoordinator$OutputCommitCoordinatorEndpoint: OutputCommitCoordinator stopped!","logger":"airflow.task.operators.airflow.providers.docker.operators.docker.DockerOperator","filename":"docker.py","lineno":71}
{"timestamp":"2026-05-21T21:20:17.900601Z","level":"info","event":"26/05/21 21:20:17 INFO SparkContext: Successfully stopped SparkContext","logger":"airflow.task.operators.airflow.providers.docker.operators.docker.DockerOperator","filename":"docker.py","lineno":71}
{"timestamp":"2026-05-21T21:20:18.169532Z","level":"info","event":"2026-05-21 21:20:18,168 - INFO - Closing down clientserver connection","logger":"airflow.task.operators.airflow.providers.docker.operators.docker.DockerOperator","filename":"docker.py","lineno":71}
{"timestamp":"2026-05-21T21:20:18.209205Z","level":"info","event":"26/05/21 21:20:18 INFO ShutdownHookManager: Shutdown hook called","logger":"airflow.task.operators.airflow.providers.docker.operators.docker.DockerOperator","filename":"docker.py","lineno":71}
{"timestamp":"2026-05-21T21:20:18.210054Z","level":"info","event":"26/05/21 21:20:18 INFO ShutdownHookManager: Deleting directory /tmp/spark-c38f0a74-ba53-4940-bf15-ff3276a87aa5/pyspark-55d9c307-689f-4243-9583-509e3a248d3a","logger":"airflow.task.operators.airflow.providers.docker.operators.docker.DockerOperator","filename":"docker.py","lineno":71}
{"timestamp":"2026-05-21T21:20:18.214509Z","level":"info","event":"26/05/21 21:20:18 INFO ShutdownHookManager: Deleting directory /tmp/spark-0764b606-8449-4bde-a35f-7f12b707067b","logger":"airflow.task.operators.airflow.providers.docker.operators.docker.DockerOperator","filename":"docker.py","lineno":71}
{"timestamp":"2026-05-21T21:20:18.218546Z","level":"info","event":"26/05/21 21:20:18 INFO ShutdownHookManager: Deleting directory /tmp/spark-c38f0a74-ba53-4940-bf15-ff3276a87aa5","logger":"airflow.task.operators.airflow.providers.docker.operators.docker.DockerOperator","filename":"docker.py","lineno":71}
{"timestamp":"2026-05-21T21:20:18.768305Z","level":"info","event":"Pushing xcom","ti":"RuntimeTaskInstance(id=UUID('019e4c68-f6de-7f7e-8feb-e9783bb07364'), task_id='aggregation_gold', dag_id='ELT_minIO', run_id='manual__2026-05-21T21:20:07.881661+00:00', try_number=1, dag_version_id=UUID('019e4c68-8d81-7dd3-b0f7-4cdab0e05baf'), map_index=-1, hostname='67273dffb2f9', context_carrier={'traceparent': '00-ef3f9d65bd75e6f9c165d7ac2ad35037-9d8e773acbf7fafd-01'}, task=<Task(DockerOperator): aggregation_gold>, bundle_instance=LocalDagBundle(name=dags-folder), max_tries=0, start_date=datetime.datetime(2026, 5, 21, 21, 20, 8, 115562, tzinfo=datetime.timezone.utc), end_date=None, state=<TaskInstanceState.RUNNING: 'running'>, is_mapped=False, rendered_map_index=None, sentry_integration='')","logger":"task","filename":"task_runner.py","lineno":1724}
