{"timestamp":"2026-05-20T22:57:43.344618Z","level":"info","event":"DAG bundles loaded: dags-folder","logger":"airflow.dag_processing.bundles.manager.DagBundlesManager","filename":"manager.py","lineno":209}
{"timestamp":"2026-05-20T22:57:43.346259Z","level":"info","event":"Filling up the DagBag from /opt/airflow/dags/dag_elt.py","logger":"airflow.dag_processing.dagbag.BundleDagBag","filename":"dagbag.py","lineno":469}
{"timestamp":"2026-05-20T22:57:43.713266Z","level":"info","event":"Starting docker container from image rodrigofbms/project-pyspark-minio-superset","logger":"airflow.task.operators.airflow.providers.docker.operators.docker.DockerOperator","filename":"docker.py","lineno":367}
{"timestamp":"2026-05-20T22:57:47.258668Z","level":"info","event":"2026-05-20 22:57:47,257 - INFO - Starting incremental agregation from MinIO silver to MinIO gold...","logger":"airflow.task.operators.airflow.providers.docker.operators.docker.DockerOperator","filename":"docker.py","lineno":71}
{"timestamp":"2026-05-20T22:57:47.387678Z","level":"info","event":"26/05/20 22:57:47 INFO SparkContext: Running Spark version 3.5.0","logger":"airflow.task.operators.airflow.providers.docker.operators.docker.DockerOperator","filename":"docker.py","lineno":71}
{"timestamp":"2026-05-20T22:57:47.390161Z","level":"info","event":"26/05/20 22:57:47 INFO SparkContext: OS info Linux, 6.8.0-1054-gcp, amd64","logger":"airflow.task.operators.airflow.providers.docker.operators.docker.DockerOperator","filename":"docker.py","lineno":71}
{"timestamp":"2026-05-20T22:57:47.390810Z","level":"info","event":"26/05/20 22:57:47 INFO SparkContext: Java version 11.0.20.1","logger":"airflow.task.operators.airflow.providers.docker.operators.docker.DockerOperator","filename":"docker.py","lineno":71}
{"timestamp":"2026-05-20T22:57:47.478560Z","level":"info","event":"26/05/20 22:57:47 WARN NativeCodeLoader: Unable to load native-hadoop library for your platform... using builtin-java classes where applicable","logger":"airflow.task.operators.airflow.providers.docker.operators.docker.DockerOperator","filename":"docker.py","lineno":71}
{"timestamp":"2026-05-20T22:57:47.598751Z","level":"info","event":"26/05/20 22:57:47 INFO ResourceUtils: ==============================================================","logger":"airflow.task.operators.airflow.providers.docker.operators.docker.DockerOperator","filename":"docker.py","lineno":71}
{"timestamp":"2026-05-20T22:57:47.601925Z","level":"info","event":"26/05/20 22:57:47 INFO ResourceUtils: No custom resources configured for spark.driver.","logger":"airflow.task.operators.airflow.providers.docker.operators.docker.DockerOperator","filename":"docker.py","lineno":71}
{"timestamp":"2026-05-20T22:57:47.602136Z","level":"info","event":"26/05/20 22:57:47 INFO ResourceUtils: ==============================================================","logger":"airflow.task.operators.airflow.providers.docker.operators.docker.DockerOperator","filename":"docker.py","lineno":71}
{"timestamp":"2026-05-20T22:57:47.602253Z","level":"info","event":"26/05/20 22:57:47 INFO SparkContext: Submitted application: Incremental agregation from MinIO silver to MinIO gold","logger":"airflow.task.operators.airflow.providers.docker.operators.docker.DockerOperator","filename":"docker.py","lineno":71}
{"timestamp":"2026-05-20T22:57:47.649214Z","level":"info","event":"26/05/20 22:57:47 INFO ResourceProfile: Default ResourceProfile created, executor resources: Map(memory -> name: memory, amount: 1024, script: , vendor: , offHeap -> name: offHeap, amount: 0, script: , vendor: ), task resources: Map(cpus -> name: cpus, amount: 1.0)","logger":"airflow.task.operators.airflow.providers.docker.operators.docker.DockerOperator","filename":"docker.py","lineno":71}
{"timestamp":"2026-05-20T22:57:47.668926Z","level":"info","event":"26/05/20 22:57:47 INFO ResourceProfile: Limiting resource is cpu","logger":"airflow.task.operators.airflow.providers.docker.operators.docker.DockerOperator","filename":"docker.py","lineno":71}
{"timestamp":"2026-05-20T22:57:47.670304Z","level":"info","event":"26/05/20 22:57:47 INFO ResourceProfileManager: Added ResourceProfile id: 0","logger":"airflow.task.operators.airflow.providers.docker.operators.docker.DockerOperator","filename":"docker.py","lineno":71}
{"timestamp":"2026-05-20T22:57:47.744165Z","level":"info","event":"26/05/20 22:57:47 INFO SecurityManager: Changing view acls to: spark","logger":"airflow.task.operators.airflow.providers.docker.operators.docker.DockerOperator","filename":"docker.py","lineno":71}
{"timestamp":"2026-05-20T22:57:47.744490Z","level":"info","event":"26/05/20 22:57:47 INFO SecurityManager: Changing modify acls to: spark","logger":"airflow.task.operators.airflow.providers.docker.operators.docker.DockerOperator","filename":"docker.py","lineno":71}
{"timestamp":"2026-05-20T22:57:47.745052Z","level":"info","event":"26/05/20 22:57:47 INFO SecurityManager: Changing view acls groups to:","logger":"airflow.task.operators.airflow.providers.docker.operators.docker.DockerOperator","filename":"docker.py","lineno":71}
{"timestamp":"2026-05-20T22:57:47.746184Z","level":"info","event":"26/05/20 22:57:47 INFO SecurityManager: Changing modify acls groups to:","logger":"airflow.task.operators.airflow.providers.docker.operators.docker.DockerOperator","filename":"docker.py","lineno":71}
{"timestamp":"2026-05-20T22:57:47.746339Z","level":"info","event":"26/05/20 22:57:47 INFO SecurityManager: SecurityManager: authentication disabled; ui acls disabled; users with view permissions: spark; groups with view permissions: EMPTY; users with modify permissions: spark; groups with modify permissions: EMPTY","logger":"airflow.task.operators.airflow.providers.docker.operators.docker.DockerOperator","filename":"docker.py","lineno":71}
{"timestamp":"2026-05-20T22:57:48.114967Z","level":"info","event":"26/05/20 22:57:48 INFO Utils: Successfully started service 'sparkDriver' on port 46721.","logger":"airflow.task.operators.airflow.providers.docker.operators.docker.DockerOperator","filename":"docker.py","lineno":71}
{"timestamp":"2026-05-20T22:57:48.152243Z","level":"info","event":"26/05/20 22:57:48 INFO SparkEnv: Registering MapOutputTracker","logger":"airflow.task.operators.airflow.providers.docker.operators.docker.DockerOperator","filename":"docker.py","lineno":71}
{"timestamp":"2026-05-20T22:57:48.205304Z","level":"info","event":"26/05/20 22:57:48 INFO SparkEnv: Registering BlockManagerMaster","logger":"airflow.task.operators.airflow.providers.docker.operators.docker.DockerOperator","filename":"docker.py","lineno":71}
{"timestamp":"2026-05-20T22:57:48.256432Z","level":"info","event":"26/05/20 22:57:48 INFO BlockManagerMasterEndpoint: Using org.apache.spark.storage.DefaultTopologyMapper for getting topology information","logger":"airflow.task.operators.airflow.providers.docker.operators.docker.DockerOperator","filename":"docker.py","lineno":71}
{"timestamp":"2026-05-20T22:57:48.257998Z","level":"info","event":"26/05/20 22:57:48 INFO BlockManagerMasterEndpoint: BlockManagerMasterEndpoint up","logger":"airflow.task.operators.airflow.providers.docker.operators.docker.DockerOperator","filename":"docker.py","lineno":71}
{"timestamp":"2026-05-20T22:57:48.265766Z","level":"info","event":"26/05/20 22:57:48 INFO SparkEnv: Registering BlockManagerMasterHeartbeat","logger":"airflow.task.operators.airflow.providers.docker.operators.docker.DockerOperator","filename":"docker.py","lineno":71}
{"timestamp":"2026-05-20T22:57:48.305708Z","level":"info","event":"26/05/20 22:57:48 INFO DiskBlockManager: Created local directory at /tmp/blockmgr-85b4ee72-6900-402a-ad59-d48e53795a52","logger":"airflow.task.operators.airflow.providers.docker.operators.docker.DockerOperator","filename":"docker.py","lineno":71}
{"timestamp":"2026-05-20T22:57:48.327940Z","level":"info","event":"26/05/20 22:57:48 INFO MemoryStore: MemoryStore started with capacity 434.4 MiB","logger":"airflow.task.operators.airflow.providers.docker.operators.docker.DockerOperator","filename":"docker.py","lineno":71}
{"timestamp":"2026-05-20T22:57:48.349214Z","level":"info","event":"26/05/20 22:57:48 INFO SparkEnv: Registering OutputCommitCoordinator","logger":"airflow.task.operators.airflow.providers.docker.operators.docker.DockerOperator","filename":"docker.py","lineno":71}
{"timestamp":"2026-05-20T22:57:48.550090Z","level":"info","event":"26/05/20 22:57:48 INFO JettyUtils: Start Jetty 0.0.0.0:4040 for SparkUI","logger":"airflow.task.operators.airflow.providers.docker.operators.docker.DockerOperator","filename":"docker.py","lineno":71}
{"timestamp":"2026-05-20T22:57:48.643206Z","level":"info","event":"26/05/20 22:57:48 INFO Utils: Successfully started service 'SparkUI' on port 4040.","logger":"airflow.task.operators.airflow.providers.docker.operators.docker.DockerOperator","filename":"docker.py","lineno":71}
{"timestamp":"2026-05-20T22:57:48.805396Z","level":"info","event":"26/05/20 22:57:48 INFO StandaloneAppClient$ClientEndpoint: Connecting to master spark://spark-master:7077...","logger":"airflow.task.operators.airflow.providers.docker.operators.docker.DockerOperator","filename":"docker.py","lineno":71}
{"timestamp":"2026-05-20T22:57:48.876229Z","level":"info","event":"26/05/20 22:57:48 INFO TransportClientFactory: Successfully created connection to spark-master/172.20.0.19:7077 after 38 ms (0 ms spent in bootstraps)","logger":"airflow.task.operators.airflow.providers.docker.operators.docker.DockerOperator","filename":"docker.py","lineno":71}
{"timestamp":"2026-05-20T22:57:48.989314Z","level":"info","event":"26/05/20 22:57:48 INFO StandaloneSchedulerBackend: Connected to Spark cluster with app ID app-20260520225748-0016","logger":"airflow.task.operators.airflow.providers.docker.operators.docker.DockerOperator","filename":"docker.py","lineno":71}
{"timestamp":"2026-05-20T22:57:48.992674Z","level":"info","event":"26/05/20 22:57:48 INFO StandaloneAppClient$ClientEndpoint: Executor added: app-20260520225748-0016/0 on worker-20260520142324-172.20.0.20-40447 (172.20.0.20:40447) with 8 core(s)","logger":"airflow.task.operators.airflow.providers.docker.operators.docker.DockerOperator","filename":"docker.py","lineno":71}
{"timestamp":"2026-05-20T22:57:48.995225Z","level":"info","event":"26/05/20 22:57:48 INFO StandaloneSchedulerBackend: Granted executor ID app-20260520225748-0016/0 on hostPort 172.20.0.20:40447 with 8 core(s), 1024.0 MiB RAM","logger":"airflow.task.operators.airflow.providers.docker.operators.docker.DockerOperator","filename":"docker.py","lineno":71}
{"timestamp":"2026-05-20T22:57:48.995582Z","level":"info","event":"26/05/20 22:57:48 INFO StandaloneAppClient$ClientEndpoint: Executor added: app-20260520225748-0016/1 on worker-20260520142324-172.20.0.21-46155 (172.20.0.21:46155) with 8 core(s)","logger":"airflow.task.operators.airflow.providers.docker.operators.docker.DockerOperator","filename":"docker.py","lineno":71}
{"timestamp":"2026-05-20T22:57:48.996308Z","level":"info","event":"26/05/20 22:57:48 INFO StandaloneSchedulerBackend: Granted executor ID app-20260520225748-0016/1 on hostPort 172.20.0.21:46155 with 8 core(s), 1024.0 MiB RAM","logger":"airflow.task.operators.airflow.providers.docker.operators.docker.DockerOperator","filename":"docker.py","lineno":71}
{"timestamp":"2026-05-20T22:57:49.006433Z","level":"info","event":"26/05/20 22:57:49 INFO Utils: Successfully started service 'org.apache.spark.network.netty.NettyBlockTransferService' on port 38479.","logger":"airflow.task.operators.airflow.providers.docker.operators.docker.DockerOperator","filename":"docker.py","lineno":71}
{"timestamp":"2026-05-20T22:57:49.006811Z","level":"info","event":"26/05/20 22:57:49 INFO NettyBlockTransferService: Server created on 92e75bdc4654:38479","logger":"airflow.task.operators.airflow.providers.docker.operators.docker.DockerOperator","filename":"docker.py","lineno":71}
{"timestamp":"2026-05-20T22:57:49.009120Z","level":"info","event":"26/05/20 22:57:49 INFO BlockManager: Using org.apache.spark.storage.RandomBlockReplicationPolicy for block replication policy","logger":"airflow.task.operators.airflow.providers.docker.operators.docker.DockerOperator","filename":"docker.py","lineno":71}
{"timestamp":"2026-05-20T22:57:49.017746Z","level":"info","event":"26/05/20 22:57:49 INFO BlockManagerMaster: Registering BlockManager BlockManagerId(driver, 92e75bdc4654, 38479, None)","logger":"airflow.task.operators.airflow.providers.docker.operators.docker.DockerOperator","filename":"docker.py","lineno":71}
{"timestamp":"2026-05-20T22:57:49.021345Z","level":"info","event":"26/05/20 22:57:49 INFO BlockManagerMasterEndpoint: Registering block manager 92e75bdc4654:38479 with 434.4 MiB RAM, BlockManagerId(driver, 92e75bdc4654, 38479, None)","logger":"airflow.task.operators.airflow.providers.docker.operators.docker.DockerOperator","filename":"docker.py","lineno":71}
{"timestamp":"2026-05-20T22:57:49.026726Z","level":"info","event":"26/05/20 22:57:49 INFO BlockManagerMaster: Registered BlockManager BlockManagerId(driver, 92e75bdc4654, 38479, None)","logger":"airflow.task.operators.airflow.providers.docker.operators.docker.DockerOperator","filename":"docker.py","lineno":71}
{"timestamp":"2026-05-20T22:57:49.029001Z","level":"info","event":"26/05/20 22:57:49 INFO BlockManager: Initialized BlockManager: BlockManagerId(driver, 92e75bdc4654, 38479, None)","logger":"airflow.task.operators.airflow.providers.docker.operators.docker.DockerOperator","filename":"docker.py","lineno":71}
{"timestamp":"2026-05-20T22:57:49.118303Z","level":"info","event":"26/05/20 22:57:49 INFO StandaloneAppClient$ClientEndpoint: Executor updated: app-20260520225748-0016/0 is now RUNNING","logger":"airflow.task.operators.airflow.providers.docker.operators.docker.DockerOperator","filename":"docker.py","lineno":71}
{"timestamp":"2026-05-20T22:57:49.126251Z","level":"info","event":"26/05/20 22:57:49 INFO StandaloneAppClient$ClientEndpoint: Executor updated: app-20260520225748-0016/1 is now RUNNING","logger":"airflow.task.operators.airflow.providers.docker.operators.docker.DockerOperator","filename":"docker.py","lineno":71}
{"timestamp":"2026-05-20T22:57:49.532257Z","level":"info","event":"26/05/20 22:57:49 INFO StandaloneSchedulerBackend: SchedulerBackend is ready for scheduling beginning after reached minRegisteredResourcesRatio: 0.0","logger":"airflow.task.operators.airflow.providers.docker.operators.docker.DockerOperator","filename":"docker.py","lineno":71}
{"timestamp":"2026-05-20T22:57:50.176943Z","level":"info","event":"2026-05-20 22:57:50,175 - INFO - processing table sales_by_country","logger":"airflow.task.operators.airflow.providers.docker.operators.docker.DockerOperator","filename":"docker.py","lineno":71}
{"timestamp":"2026-05-20T22:57:50.179891Z","level":"info","event":"2026-05-20 22:57:50,176 - INFO - processing table sales_per_customer","logger":"airflow.task.operators.airflow.providers.docker.operators.docker.DockerOperator","filename":"docker.py","lineno":71}
{"timestamp":"2026-05-20T22:57:50.180692Z","level":"info","event":"2026-05-20 22:57:50,178 - INFO - processing table sales_per_employee","logger":"airflow.task.operators.airflow.providers.docker.operators.docker.DockerOperator","filename":"docker.py","lineno":71}
{"timestamp":"2026-05-20T22:57:50.182094Z","level":"info","event":"2026-05-20 22:57:50,181 - INFO - processing table sales_per_city_country","logger":"airflow.task.operators.airflow.providers.docker.operators.docker.DockerOperator","filename":"docker.py","lineno":71}
{"timestamp":"2026-05-20T22:57:50.185062Z","level":"info","event":"2026-05-20 22:57:50,182 - INFO - processing table quantity_sales_per_ship_method","logger":"airflow.task.operators.airflow.providers.docker.operators.docker.DockerOperator","filename":"docker.py","lineno":71}
{"timestamp":"2026-05-20T22:57:50.186169Z","level":"info","event":"2026-05-20 22:57:50,184 - INFO - processing table sales_per_card_type","logger":"airflow.task.operators.airflow.providers.docker.operators.docker.DockerOperator","filename":"docker.py","lineno":71}
{"timestamp":"2026-05-20T22:57:50.187324Z","level":"info","event":"2026-05-20 22:57:50,186 - INFO - processing table quantity_sales_per_product","logger":"airflow.task.operators.airflow.providers.docker.operators.docker.DockerOperator","filename":"docker.py","lineno":71}
{"timestamp":"2026-05-20T22:57:50.375512Z","level":"info","event":"26/05/20 22:57:50 INFO SharedState: Setting hive.metastore.warehouse.dir ('null') to the value of spark.sql.warehouse.dir.","logger":"airflow.task.operators.airflow.providers.docker.operators.docker.DockerOperator","filename":"docker.py","lineno":71}
{"timestamp":"2026-05-20T22:57:50.400503Z","level":"info","event":"26/05/20 22:57:50 INFO SharedState: Warehouse path is 'file:/app/spark-warehouse'.","logger":"airflow.task.operators.airflow.providers.docker.operators.docker.DockerOperator","filename":"docker.py","lineno":71}
{"timestamp":"2026-05-20T22:57:53.070404Z","level":"info","event":"26/05/20 22:57:53 WARN MetricsConfig: Cannot locate configuration: tried hadoop-metrics2-s3a-file-system.properties,hadoop-metrics2.properties","logger":"airflow.task.operators.airflow.providers.docker.operators.docker.DockerOperator","filename":"docker.py","lineno":71}
{"timestamp":"2026-05-20T22:57:53.099232Z","level":"info","event":"26/05/20 22:57:53 INFO MetricsSystemImpl: Scheduled Metric snapshot period at 10 second(s).","logger":"airflow.task.operators.airflow.providers.docker.operators.docker.DockerOperator","filename":"docker.py","lineno":71}
{"timestamp":"2026-05-20T22:57:53.101532Z","level":"info","event":"26/05/20 22:57:53 INFO MetricsSystemImpl: s3a-file-system metrics system started","logger":"airflow.task.operators.airflow.providers.docker.operators.docker.DockerOperator","filename":"docker.py","lineno":71}
{"timestamp":"2026-05-20T22:57:53.761920Z","level":"info","event":"26/05/20 22:57:53 INFO StandaloneSchedulerBackend$StandaloneDriverEndpoint: Registered executor NettyRpcEndpointRef(spark-client://Executor) (172.20.0.21:40240) with ID 1,  ResourceProfileId 0","logger":"airflow.task.operators.airflow.providers.docker.operators.docker.DockerOperator","filename":"docker.py","lineno":71}
{"timestamp":"2026-05-20T22:57:53.860449Z","level":"info","event":"26/05/20 22:57:53 INFO StandaloneSchedulerBackend$StandaloneDriverEndpoint: Registered executor NettyRpcEndpointRef(spark-client://Executor) (172.20.0.20:60796) with ID 0,  ResourceProfileId 0","logger":"airflow.task.operators.airflow.providers.docker.operators.docker.DockerOperator","filename":"docker.py","lineno":71}
{"timestamp":"2026-05-20T22:57:53.985126Z","level":"info","event":"26/05/20 22:57:53 INFO BlockManagerMasterEndpoint: Registering block manager 172.20.0.21:46005 with 434.4 MiB RAM, BlockManagerId(1, 172.20.0.21, 46005, None)","logger":"airflow.task.operators.airflow.providers.docker.operators.docker.DockerOperator","filename":"docker.py","lineno":71}
{"timestamp":"2026-05-20T22:57:54.040625Z","level":"info","event":"26/05/20 22:57:54 INFO BlockManagerMasterEndpoint: Registering block manager 172.20.0.20:36959 with 434.4 MiB RAM, BlockManagerId(0, 172.20.0.20, 36959, None)","logger":"airflow.task.operators.airflow.providers.docker.operators.docker.DockerOperator","filename":"docker.py","lineno":71}
{"timestamp":"2026-05-20T22:57:55.064774Z","level":"info","event":"26/05/20 22:57:55 INFO DelegatingLogStore: LogStore `LogStoreAdapter(io.delta.storage.S3SingleDriverLogStore)` is used for scheme `s3a`","logger":"airflow.task.operators.airflow.providers.docker.operators.docker.DockerOperator","filename":"docker.py","lineno":71}
{"timestamp":"2026-05-20T22:57:55.066816Z","level":"info","event":"26/05/20 22:57:55 INFO DelegatingLogStore: LogStore `LogStoreAdapter(io.delta.storage.S3SingleDriverLogStore)` is used for scheme `s3a`","logger":"airflow.task.operators.airflow.providers.docker.operators.docker.DockerOperator","filename":"docker.py","lineno":71}
{"timestamp":"2026-05-20T22:57:55.067135Z","level":"info","event":"26/05/20 22:57:55 INFO DelegatingLogStore: LogStore `LogStoreAdapter(io.delta.storage.S3SingleDriverLogStore)` is used for scheme `s3a`","logger":"airflow.task.operators.airflow.providers.docker.operators.docker.DockerOperator","filename":"docker.py","lineno":71}
{"timestamp":"2026-05-20T22:57:55.067282Z","level":"info","event":"26/05/20 22:57:55 INFO DelegatingLogStore: LogStore `LogStoreAdapter(io.delta.storage.S3SingleDriverLogStore)` is used for scheme `s3a`","logger":"airflow.task.operators.airflow.providers.docker.operators.docker.DockerOperator","filename":"docker.py","lineno":71}
{"timestamp":"2026-05-20T22:57:55.067374Z","level":"info","event":"26/05/20 22:57:55 INFO DelegatingLogStore: LogStore `LogStoreAdapter(io.delta.storage.S3SingleDriverLogStore)` is used for scheme `s3a`","logger":"airflow.task.operators.airflow.providers.docker.operators.docker.DockerOperator","filename":"docker.py","lineno":71}
{"timestamp":"2026-05-20T22:57:55.067446Z","level":"info","event":"26/05/20 22:57:55 INFO DelegatingLogStore: LogStore `LogStoreAdapter(io.delta.storage.S3SingleDriverLogStore)` is used for scheme `s3a`","logger":"airflow.task.operators.airflow.providers.docker.operators.docker.DockerOperator","filename":"docker.py","lineno":71}
{"timestamp":"2026-05-20T22:57:55.067773Z","level":"info","event":"26/05/20 22:57:55 INFO DelegatingLogStore: LogStore `LogStoreAdapter(io.delta.storage.S3SingleDriverLogStore)` is used for scheme `s3a`","logger":"airflow.task.operators.airflow.providers.docker.operators.docker.DockerOperator","filename":"docker.py","lineno":71}
{"timestamp":"2026-05-20T22:57:55.226242Z","level":"info","event":"26/05/20 22:57:55 INFO DeltaLog: Loading version 0.","logger":"airflow.task.operators.airflow.providers.docker.operators.docker.DockerOperator","filename":"docker.py","lineno":71}
{"timestamp":"2026-05-20T22:57:55.226507Z","level":"info","event":"26/05/20 22:57:55 INFO DeltaLog: Loading version 0.","logger":"airflow.task.operators.airflow.providers.docker.operators.docker.DockerOperator","filename":"docker.py","lineno":71}
{"timestamp":"2026-05-20T22:57:55.226612Z","level":"info","event":"26/05/20 22:57:55 INFO DeltaLog: Loading version 0.","logger":"airflow.task.operators.airflow.providers.docker.operators.docker.DockerOperator","filename":"docker.py","lineno":71}
{"timestamp":"2026-05-20T22:57:55.227238Z","level":"info","event":"26/05/20 22:57:55 INFO DeltaLog: Loading version 0.","logger":"airflow.task.operators.airflow.providers.docker.operators.docker.DockerOperator","filename":"docker.py","lineno":71}
{"timestamp":"2026-05-20T22:57:55.227360Z","level":"info","event":"26/05/20 22:57:55 INFO DeltaLog: Loading version 0.","logger":"airflow.task.operators.airflow.providers.docker.operators.docker.DockerOperator","filename":"docker.py","lineno":71}
{"timestamp":"2026-05-20T22:57:55.227446Z","level":"info","event":"26/05/20 22:57:55 INFO DeltaLog: Loading version 0.","logger":"airflow.task.operators.airflow.providers.docker.operators.docker.DockerOperator","filename":"docker.py","lineno":71}
{"timestamp":"2026-05-20T22:57:55.227494Z","level":"info","event":"26/05/20 22:57:55 INFO DeltaLog: Loading version 0.","logger":"airflow.task.operators.airflow.providers.docker.operators.docker.DockerOperator","filename":"docker.py","lineno":71}
{"timestamp":"2026-05-20T22:57:57.589961Z","level":"info","event":"26/05/20 22:57:57 INFO DeltaLogFileIndex: Created DeltaLogFileIndex(JSON, numFilesInSegment: 1, totalFileSize: 1906)","logger":"airflow.task.operators.airflow.providers.docker.operators.docker.DockerOperator","filename":"docker.py","lineno":71}
{"timestamp":"2026-05-20T22:57:57.590265Z","level":"info","event":"26/05/20 22:57:57 INFO DeltaLogFileIndex: Created DeltaLogFileIndex(JSON, numFilesInSegment: 1, totalFileSize: 1736)","logger":"airflow.task.operators.airflow.providers.docker.operators.docker.DockerOperator","filename":"docker.py","lineno":71}
{"timestamp":"2026-05-20T22:57:57.590395Z","level":"info","event":"26/05/20 22:57:57 INFO DeltaLogFileIndex: Created DeltaLogFileIndex(JSON, numFilesInSegment: 1, totalFileSize: 1591)","logger":"airflow.task.operators.airflow.providers.docker.operators.docker.DockerOperator","filename":"docker.py","lineno":71}
{"timestamp":"2026-05-20T22:57:57.590966Z","level":"info","event":"26/05/20 22:57:57 INFO DeltaLogFileIndex: Created DeltaLogFileIndex(JSON, numFilesInSegment: 1, totalFileSize: 2114)","logger":"airflow.task.operators.airflow.providers.docker.operators.docker.DockerOperator","filename":"docker.py","lineno":71}
{"timestamp":"2026-05-20T22:57:57.591262Z","level":"info","event":"26/05/20 22:57:57 INFO DeltaLogFileIndex: Created DeltaLogFileIndex(JSON, numFilesInSegment: 1, totalFileSize: 1929)","logger":"airflow.task.operators.airflow.providers.docker.operators.docker.DockerOperator","filename":"docker.py","lineno":71}
{"timestamp":"2026-05-20T22:57:57.591375Z","level":"info","event":"26/05/20 22:57:57 INFO DeltaLogFileIndex: Created DeltaLogFileIndex(JSON, numFilesInSegment: 1, totalFileSize: 1758)","logger":"airflow.task.operators.airflow.providers.docker.operators.docker.DockerOperator","filename":"docker.py","lineno":71}
{"timestamp":"2026-05-20T22:57:57.591450Z","level":"info","event":"26/05/20 22:57:57 INFO DeltaLogFileIndex: Created DeltaLogFileIndex(JSON, numFilesInSegment: 1, totalFileSize: 1744)","logger":"airflow.task.operators.airflow.providers.docker.operators.docker.DockerOperator","filename":"docker.py","lineno":71}
{"timestamp":"2026-05-20T22:57:59.597737Z","level":"info","event":"26/05/20 22:57:59 INFO DataSourceStrategy: Pruning directories with:","logger":"airflow.task.operators.airflow.providers.docker.operators.docker.DockerOperator","filename":"docker.py","lineno":71}
{"timestamp":"2026-05-20T22:57:59.598041Z","level":"info","event":"26/05/20 22:57:59 INFO DataSourceStrategy: Pruning directories with:","logger":"airflow.task.operators.airflow.providers.docker.operators.docker.DockerOperator","filename":"docker.py","lineno":71}
{"timestamp":"2026-05-20T22:57:59.598177Z","level":"info","event":"26/05/20 22:57:59 INFO DataSourceStrategy: Pruning directories with:","logger":"airflow.task.operators.airflow.providers.docker.operators.docker.DockerOperator","filename":"docker.py","lineno":71}
{"timestamp":"2026-05-20T22:57:59.598272Z","level":"info","event":"26/05/20 22:57:59 INFO DataSourceStrategy: Pruning directories with:","logger":"airflow.task.operators.airflow.providers.docker.operators.docker.DockerOperator","filename":"docker.py","lineno":71}
{"timestamp":"2026-05-20T22:57:59.598444Z","level":"info","event":"26/05/20 22:57:59 INFO DataSourceStrategy: Pruning directories with:","logger":"airflow.task.operators.airflow.providers.docker.operators.docker.DockerOperator","filename":"docker.py","lineno":71}
{"timestamp":"2026-05-20T22:57:59.598535Z","level":"info","event":"26/05/20 22:57:59 INFO DataSourceStrategy: Pruning directories with:","logger":"airflow.task.operators.airflow.providers.docker.operators.docker.DockerOperator","filename":"docker.py","lineno":71}
{"timestamp":"2026-05-20T22:57:59.598695Z","level":"info","event":"26/05/20 22:57:59 INFO DataSourceStrategy: Pruning directories with:","logger":"airflow.task.operators.airflow.providers.docker.operators.docker.DockerOperator","filename":"docker.py","lineno":71}
{"timestamp":"2026-05-20T22:57:59.612154Z","level":"info","event":"26/05/20 22:57:59 INFO FileSourceStrategy: Pushed Filters:","logger":"airflow.task.operators.airflow.providers.docker.operators.docker.DockerOperator","filename":"docker.py","lineno":71}
{"timestamp":"2026-05-20T22:57:59.612372Z","level":"info","event":"26/05/20 22:57:59 INFO FileSourceStrategy: Pushed Filters:","logger":"airflow.task.operators.airflow.providers.docker.operators.docker.DockerOperator","filename":"docker.py","lineno":71}
{"timestamp":"2026-05-20T22:57:59.613552Z","level":"info","event":"26/05/20 22:57:59 INFO FileSourceStrategy: Pushed Filters:","logger":"airflow.task.operators.airflow.providers.docker.operators.docker.DockerOperator","filename":"docker.py","lineno":71}
{"timestamp":"2026-05-20T22:57:59.613687Z","level":"info","event":"26/05/20 22:57:59 INFO FileSourceStrategy: Pushed Filters:","logger":"airflow.task.operators.airflow.providers.docker.operators.docker.DockerOperator","filename":"docker.py","lineno":71}
{"timestamp":"2026-05-20T22:57:59.613773Z","level":"info","event":"26/05/20 22:57:59 INFO FileSourceStrategy: Pushed Filters:","logger":"airflow.task.operators.airflow.providers.docker.operators.docker.DockerOperator","filename":"docker.py","lineno":71}
{"timestamp":"2026-05-20T22:57:59.613927Z","level":"info","event":"26/05/20 22:57:59 INFO FileSourceStrategy: Pushed Filters:","logger":"airflow.task.operators.airflow.providers.docker.operators.docker.DockerOperator","filename":"docker.py","lineno":71}
{"timestamp":"2026-05-20T22:57:59.615933Z","level":"info","event":"26/05/20 22:57:59 INFO FileSourceStrategy: Post-Scan Filters: (isnotnull(protocol#24.minReaderVersion) OR isnotnull(metaData#23.id))","logger":"airflow.task.operators.airflow.providers.docker.operators.docker.DockerOperator","filename":"docker.py","lineno":71}
{"timestamp":"2026-05-20T22:57:59.616584Z","level":"info","event":"26/05/20 22:57:59 INFO FileSourceStrategy: Pushed Filters:","logger":"airflow.task.operators.airflow.providers.docker.operators.docker.DockerOperator","filename":"docker.py","lineno":71}
{"timestamp":"2026-05-20T22:57:59.616715Z","level":"info","event":"26/05/20 22:57:59 INFO FileSourceStrategy: Post-Scan Filters: (isnotnull(protocol#25.minReaderVersion) OR isnotnull(metaData#22.id))","logger":"airflow.task.operators.airflow.providers.docker.operators.docker.DockerOperator","filename":"docker.py","lineno":71}
{"timestamp":"2026-05-20T22:57:59.616814Z","level":"info","event":"26/05/20 22:57:59 INFO FileSourceStrategy: Post-Scan Filters: (isnotnull(protocol#29.minReaderVersion) OR isnotnull(metaData#26.id))","logger":"airflow.task.operators.airflow.providers.docker.operators.docker.DockerOperator","filename":"docker.py","lineno":71}
{"timestamp":"2026-05-20T22:57:59.616946Z","level":"info","event":"26/05/20 22:57:59 INFO FileSourceStrategy: Post-Scan Filters: (isnotnull(protocol#14.minReaderVersion) OR isnotnull(metaData#11.id))","logger":"airflow.task.operators.airflow.providers.docker.operators.docker.DockerOperator","filename":"docker.py","lineno":71}
{"timestamp":"2026-05-20T22:57:59.617352Z","level":"info","event":"26/05/20 22:57:59 INFO FileSourceStrategy: Post-Scan Filters: (isnotnull(protocol#12.minReaderVersion) OR isnotnull(metaData#10.id))","logger":"airflow.task.operators.airflow.providers.docker.operators.docker.DockerOperator","filename":"docker.py","lineno":71}
{"timestamp":"2026-05-20T22:57:59.621221Z","level":"info","event":"26/05/20 22:57:59 INFO FileSourceStrategy: Post-Scan Filters: (isnotnull(protocol#20.minReaderVersion) OR isnotnull(metaData#19.id))","logger":"airflow.task.operators.airflow.providers.docker.operators.docker.DockerOperator","filename":"docker.py","lineno":71}
{"timestamp":"2026-05-20T22:57:59.621359Z","level":"info","event":"26/05/20 22:57:59 INFO FileSourceStrategy: Post-Scan Filters: (isnotnull(protocol#17.minReaderVersion) OR isnotnull(metaData#16.id))","logger":"airflow.task.operators.airflow.providers.docker.operators.docker.DockerOperator","filename":"docker.py","lineno":71}
{"timestamp":"2026-05-20T22:58:00.820501Z","level":"info","event":"26/05/20 22:58:00 INFO CodeGenerator: Code generated in 448.110611 ms","logger":"airflow.task.operators.airflow.providers.docker.operators.docker.DockerOperator","filename":"docker.py","lineno":71}
{"timestamp":"2026-05-20T22:58:00.951550Z","level":"info","event":"26/05/20 22:58:00 INFO MemoryStore: Block broadcast_1 stored as values in memory (estimated size 202.1 KiB, free 434.0 MiB)","logger":"airflow.task.operators.airflow.providers.docker.operators.docker.DockerOperator","filename":"docker.py","lineno":71}
{"timestamp":"2026-05-20T22:58:00.954911Z","level":"info","event":"26/05/20 22:58:00 INFO MemoryStore: Block broadcast_2 stored as values in memory (estimated size 202.1 KiB, free 434.0 MiB)","logger":"airflow.task.operators.airflow.providers.docker.operators.docker.DockerOperator","filename":"docker.py","lineno":71}
{"timestamp":"2026-05-20T22:58:00.956368Z","level":"info","event":"26/05/20 22:58:00 INFO MemoryStore: Block broadcast_3 stored as values in memory (estimated size 202.1 KiB, free 433.6 MiB)","logger":"airflow.task.operators.airflow.providers.docker.operators.docker.DockerOperator","filename":"docker.py","lineno":71}
{"timestamp":"2026-05-20T22:58:00.958350Z","level":"info","event":"26/05/20 22:58:00 INFO MemoryStore: Block broadcast_5 stored as values in memory (estimated size 202.1 KiB, free 433.2 MiB)","logger":"airflow.task.operators.airflow.providers.docker.operators.docker.DockerOperator","filename":"docker.py","lineno":71}
{"timestamp":"2026-05-20T22:58:00.959208Z","level":"info","event":"26/05/20 22:58:00 INFO MemoryStore: Block broadcast_4 stored as values in memory (estimated size 202.1 KiB, free 433.0 MiB)","logger":"airflow.task.operators.airflow.providers.docker.operators.docker.DockerOperator","filename":"docker.py","lineno":71}
{"timestamp":"2026-05-20T22:58:00.959767Z","level":"info","event":"26/05/20 22:58:00 INFO MemoryStore: Block broadcast_0 stored as values in memory (estimated size 202.1 KiB, free 433.6 MiB)","logger":"airflow.task.operators.airflow.providers.docker.operators.docker.DockerOperator","filename":"docker.py","lineno":71}
{"timestamp":"2026-05-20T22:58:00.959945Z","level":"info","event":"26/05/20 22:58:00 INFO MemoryStore: Block broadcast_6 stored as values in memory (estimated size 202.1 KiB, free 433.0 MiB)","logger":"airflow.task.operators.airflow.providers.docker.operators.docker.DockerOperator","filename":"docker.py","lineno":71}
{"timestamp":"2026-05-20T22:58:01.063678Z","level":"info","event":"26/05/20 22:58:01 INFO MemoryStore: Block broadcast_2_piece0 stored as bytes in memory (estimated size 34.9 KiB, free 432.8 MiB)","logger":"airflow.task.operators.airflow.providers.docker.operators.docker.DockerOperator","filename":"docker.py","lineno":71}
{"timestamp":"2026-05-20T22:58:01.067309Z","level":"info","event":"26/05/20 22:58:01 INFO MemoryStore: Block broadcast_5_piece0 stored as bytes in memory (estimated size 34.9 KiB, free 432.8 MiB)","logger":"airflow.task.operators.airflow.providers.docker.operators.docker.DockerOperator","filename":"docker.py","lineno":71}
{"timestamp":"2026-05-20T22:58:01.067531Z","level":"info","event":"26/05/20 22:58:01 INFO MemoryStore: Block broadcast_3_piece0 stored as bytes in memory (estimated size 34.9 KiB, free 432.8 MiB)","logger":"airflow.task.operators.airflow.providers.docker.operators.docker.DockerOperator","filename":"docker.py","lineno":71}
{"timestamp":"2026-05-20T22:58:01.067674Z","level":"info","event":"26/05/20 22:58:01 INFO MemoryStore: Block broadcast_1_piece0 stored as bytes in memory (estimated size 34.9 KiB, free 432.8 MiB)","logger":"airflow.task.operators.airflow.providers.docker.operators.docker.DockerOperator","filename":"docker.py","lineno":71}
{"timestamp":"2026-05-20T22:58:01.067745Z","level":"info","event":"26/05/20 22:58:01 INFO MemoryStore: Block broadcast_6_piece0 stored as bytes in memory (estimated size 34.9 KiB, free 432.8 MiB)","logger":"airflow.task.operators.airflow.providers.docker.operators.docker.DockerOperator","filename":"docker.py","lineno":71}
{"timestamp":"2026-05-20T22:58:01.067796Z","level":"info","event":"26/05/20 22:58:01 INFO MemoryStore: Block broadcast_0_piece0 stored as bytes in memory (estimated size 34.9 KiB, free 432.8 MiB)","logger":"airflow.task.operators.airflow.providers.docker.operators.docker.DockerOperator","filename":"docker.py","lineno":71}
{"timestamp":"2026-05-20T22:58:01.067873Z","level":"info","event":"26/05/20 22:58:01 INFO MemoryStore: Block broadcast_4_piece0 stored as bytes in memory (estimated size 34.9 KiB, free 432.8 MiB)","logger":"airflow.task.operators.airflow.providers.docker.operators.docker.DockerOperator","filename":"docker.py","lineno":71}
{"timestamp":"2026-05-20T22:58:01.070208Z","level":"info","event":"26/05/20 22:58:01 INFO BlockManagerInfo: Added broadcast_6_piece0 in memory on 92e75bdc4654:38479 (size: 34.9 KiB, free: 434.4 MiB)","logger":"airflow.task.operators.airflow.providers.docker.operators.docker.DockerOperator","filename":"docker.py","lineno":71}
{"timestamp":"2026-05-20T22:58:01.074711Z","level":"info","event":"26/05/20 22:58:01 INFO BlockManagerInfo: Added broadcast_1_piece0 in memory on 92e75bdc4654:38479 (size: 34.9 KiB, free: 434.3 MiB)","logger":"airflow.task.operators.airflow.providers.docker.operators.docker.DockerOperator","filename":"docker.py","lineno":71}
{"timestamp":"2026-05-20T22:58:01.075110Z","level":"info","event":"26/05/20 22:58:01 INFO BlockManagerInfo: Added broadcast_5_piece0 in memory on 92e75bdc4654:38479 (size: 34.9 KiB, free: 434.3 MiB)","logger":"airflow.task.operators.airflow.providers.docker.operators.docker.DockerOperator","filename":"docker.py","lineno":71}
{"timestamp":"2026-05-20T22:58:01.076636Z","level":"info","event":"26/05/20 22:58:01 INFO BlockManagerInfo: Added broadcast_3_piece0 in memory on 92e75bdc4654:38479 (size: 34.9 KiB, free: 434.3 MiB)","logger":"airflow.task.operators.airflow.providers.docker.operators.docker.DockerOperator","filename":"docker.py","lineno":71}
{"timestamp":"2026-05-20T22:58:01.077236Z","level":"info","event":"26/05/20 22:58:01 INFO BlockManagerInfo: Added broadcast_0_piece0 in memory on 92e75bdc4654:38479 (size: 34.9 KiB, free: 434.2 MiB)","logger":"airflow.task.operators.airflow.providers.docker.operators.docker.DockerOperator","filename":"docker.py","lineno":71}
{"timestamp":"2026-05-20T22:58:01.078227Z","level":"info","event":"26/05/20 22:58:01 INFO SparkContext: Created broadcast 3 from toString at <unknown>:0","logger":"airflow.task.operators.airflow.providers.docker.operators.docker.DockerOperator","filename":"docker.py","lineno":71}
{"timestamp":"2026-05-20T22:58:01.078546Z","level":"info","event":"26/05/20 22:58:01 INFO SparkContext: Created broadcast 1 from toString at <unknown>:0","logger":"airflow.task.operators.airflow.providers.docker.operators.docker.DockerOperator","filename":"docker.py","lineno":71}
{"timestamp":"2026-05-20T22:58:01.081360Z","level":"info","event":"26/05/20 22:58:01 INFO SparkContext: Created broadcast 0 from toString at <unknown>:0","logger":"airflow.task.operators.airflow.providers.docker.operators.docker.DockerOperator","filename":"docker.py","lineno":71}
{"timestamp":"2026-05-20T22:58:01.081585Z","level":"info","event":"26/05/20 22:58:01 INFO BlockManagerInfo: Added broadcast_4_piece0 in memory on 92e75bdc4654:38479 (size: 34.9 KiB, free: 434.2 MiB)","logger":"airflow.task.operators.airflow.providers.docker.operators.docker.DockerOperator","filename":"docker.py","lineno":71}
{"timestamp":"2026-05-20T22:58:01.081707Z","level":"info","event":"26/05/20 22:58:01 INFO SparkContext: Created broadcast 6 from toString at <unknown>:0","logger":"airflow.task.operators.airflow.providers.docker.operators.docker.DockerOperator","filename":"docker.py","lineno":71}
{"timestamp":"2026-05-20T22:58:01.081897Z","level":"info","event":"26/05/20 22:58:01 INFO SparkContext: Created broadcast 5 from toString at <unknown>:0","logger":"airflow.task.operators.airflow.providers.docker.operators.docker.DockerOperator","filename":"docker.py","lineno":71}
{"timestamp":"2026-05-20T22:58:01.084175Z","level":"info","event":"26/05/20 22:58:01 INFO SparkContext: Created broadcast 4 from toString at <unknown>:0","logger":"airflow.task.operators.airflow.providers.docker.operators.docker.DockerOperator","filename":"docker.py","lineno":71}
{"timestamp":"2026-05-20T22:58:01.084438Z","level":"info","event":"26/05/20 22:58:01 INFO BlockManagerInfo: Added broadcast_2_piece0 in memory on 92e75bdc4654:38479 (size: 34.9 KiB, free: 434.2 MiB)","logger":"airflow.task.operators.airflow.providers.docker.operators.docker.DockerOperator","filename":"docker.py","lineno":71}
{"timestamp":"2026-05-20T22:58:01.087778Z","level":"info","event":"26/05/20 22:58:01 INFO SparkContext: Created broadcast 2 from toString at <unknown>:0","logger":"airflow.task.operators.airflow.providers.docker.operators.docker.DockerOperator","filename":"docker.py","lineno":71}
{"timestamp":"2026-05-20T22:58:01.147925Z","level":"info","event":"26/05/20 22:58:01 INFO FileSourceScanExec: Planning scan with bin packing, max size: 4194304 bytes, open cost is considered as scanning 4194304 bytes.","logger":"airflow.task.operators.airflow.providers.docker.operators.docker.DockerOperator","filename":"docker.py","lineno":71}
{"timestamp":"2026-05-20T22:58:01.148931Z","level":"info","event":"26/05/20 22:58:01 INFO FileSourceScanExec: Planning scan with bin packing, max size: 4194304 bytes, open cost is considered as scanning 4194304 bytes.","logger":"airflow.task.operators.airflow.providers.docker.operators.docker.DockerOperator","filename":"docker.py","lineno":71}
{"timestamp":"2026-05-20T22:58:01.149123Z","level":"info","event":"26/05/20 22:58:01 INFO FileSourceScanExec: Planning scan with bin packing, max size: 4194304 bytes, open cost is considered as scanning 4194304 bytes.","logger":"airflow.task.operators.airflow.providers.docker.operators.docker.DockerOperator","filename":"docker.py","lineno":71}
{"timestamp":"2026-05-20T22:58:01.149282Z","level":"info","event":"26/05/20 22:58:01 INFO FileSourceScanExec: Planning scan with bin packing, max size: 4194304 bytes, open cost is considered as scanning 4194304 bytes.","logger":"airflow.task.operators.airflow.providers.docker.operators.docker.DockerOperator","filename":"docker.py","lineno":71}
{"timestamp":"2026-05-20T22:58:01.150428Z","level":"info","event":"26/05/20 22:58:01 INFO FileSourceScanExec: Planning scan with bin packing, max size: 4194304 bytes, open cost is considered as scanning 4194304 bytes.","logger":"airflow.task.operators.airflow.providers.docker.operators.docker.DockerOperator","filename":"docker.py","lineno":71}
{"timestamp":"2026-05-20T22:58:01.151575Z","level":"info","event":"26/05/20 22:58:01 INFO FileSourceScanExec: Planning scan with bin packing, max size: 4194304 bytes, open cost is considered as scanning 4194304 bytes.","logger":"airflow.task.operators.airflow.providers.docker.operators.docker.DockerOperator","filename":"docker.py","lineno":71}
{"timestamp":"2026-05-20T22:58:01.151767Z","level":"info","event":"26/05/20 22:58:01 INFO FileSourceScanExec: Planning scan with bin packing, max size: 4194304 bytes, open cost is considered as scanning 4194304 bytes.","logger":"airflow.task.operators.airflow.providers.docker.operators.docker.DockerOperator","filename":"docker.py","lineno":71}
{"timestamp":"2026-05-20T22:58:01.474335Z","level":"info","event":"26/05/20 22:58:01 INFO SparkContext: Starting job: toString at <unknown>:0","logger":"airflow.task.operators.airflow.providers.docker.operators.docker.DockerOperator","filename":"docker.py","lineno":71}
{"timestamp":"2026-05-20T22:58:01.475938Z","level":"info","event":"26/05/20 22:58:01 INFO SparkContext: Starting job: toString at <unknown>:0","logger":"airflow.task.operators.airflow.providers.docker.operators.docker.DockerOperator","filename":"docker.py","lineno":71}
{"timestamp":"2026-05-20T22:58:01.476210Z","level":"info","event":"26/05/20 22:58:01 INFO SparkContext: Starting job: toString at <unknown>:0","logger":"airflow.task.operators.airflow.providers.docker.operators.docker.DockerOperator","filename":"docker.py","lineno":71}
{"timestamp":"2026-05-20T22:58:01.476374Z","level":"info","event":"26/05/20 22:58:01 INFO SparkContext: Starting job: toString at <unknown>:0","logger":"airflow.task.operators.airflow.providers.docker.operators.docker.DockerOperator","filename":"docker.py","lineno":71}
{"timestamp":"2026-05-20T22:58:01.477091Z","level":"info","event":"26/05/20 22:58:01 INFO SparkContext: Starting job: toString at <unknown>:0","logger":"airflow.task.operators.airflow.providers.docker.operators.docker.DockerOperator","filename":"docker.py","lineno":71}
{"timestamp":"2026-05-20T22:58:01.477510Z","level":"info","event":"26/05/20 22:58:01 INFO SparkContext: Starting job: toString at <unknown>:0","logger":"airflow.task.operators.airflow.providers.docker.operators.docker.DockerOperator","filename":"docker.py","lineno":71}
{"timestamp":"2026-05-20T22:58:01.478219Z","level":"info","event":"26/05/20 22:58:01 INFO SparkContext: Starting job: toString at <unknown>:0","logger":"airflow.task.operators.airflow.providers.docker.operators.docker.DockerOperator","filename":"docker.py","lineno":71}
{"timestamp":"2026-05-20T22:58:01.501370Z","level":"info","event":"26/05/20 22:58:01 INFO DAGScheduler: Got job 2 (toString at <unknown>:0) with 1 output partitions","logger":"airflow.task.operators.airflow.providers.docker.operators.docker.DockerOperator","filename":"docker.py","lineno":71}
{"timestamp":"2026-05-20T22:58:01.501744Z","level":"info","event":"26/05/20 22:58:01 INFO DAGScheduler: Final stage: ResultStage 0 (toString at <unknown>:0)","logger":"airflow.task.operators.airflow.providers.docker.operators.docker.DockerOperator","filename":"docker.py","lineno":71}
{"timestamp":"2026-05-20T22:58:01.502389Z","level":"info","event":"26/05/20 22:58:01 INFO DAGScheduler: Parents of final stage: List()","logger":"airflow.task.operators.airflow.providers.docker.operators.docker.DockerOperator","filename":"docker.py","lineno":71}
{"timestamp":"2026-05-20T22:58:01.504207Z","level":"info","event":"26/05/20 22:58:01 INFO DAGScheduler: Missing parents: List()","logger":"airflow.task.operators.airflow.providers.docker.operators.docker.DockerOperator","filename":"docker.py","lineno":71}
{"timestamp":"2026-05-20T22:58:01.511045Z","level":"info","event":"26/05/20 22:58:01 INFO DAGScheduler: Submitting ResultStage 0 (MapPartitionsRDD[27] at toString at <unknown>:0), which has no missing parents","logger":"airflow.task.operators.airflow.providers.docker.operators.docker.DockerOperator","filename":"docker.py","lineno":71}
{"timestamp":"2026-05-20T22:58:01.534543Z","level":"info","event":"26/05/20 22:58:01 INFO MemoryStore: Block broadcast_7 stored as values in memory (estimated size 40.0 KiB, free 432.7 MiB)","logger":"airflow.task.operators.airflow.providers.docker.operators.docker.DockerOperator","filename":"docker.py","lineno":71}
{"timestamp":"2026-05-20T22:58:01.546003Z","level":"info","event":"26/05/20 22:58:01 INFO MemoryStore: Block broadcast_7_piece0 stored as bytes in memory (estimated size 13.7 KiB, free 432.7 MiB)","logger":"airflow.task.operators.airflow.providers.docker.operators.docker.DockerOperator","filename":"docker.py","lineno":71}
{"timestamp":"2026-05-20T22:58:01.547746Z","level":"info","event":"26/05/20 22:58:01 INFO BlockManagerInfo: Added broadcast_7_piece0 in memory on 92e75bdc4654:38479 (size: 13.7 KiB, free: 434.1 MiB)","logger":"airflow.task.operators.airflow.providers.docker.operators.docker.DockerOperator","filename":"docker.py","lineno":71}
{"timestamp":"2026-05-20T22:58:01.549683Z","level":"info","event":"26/05/20 22:58:01 INFO SparkContext: Created broadcast 7 from broadcast at DAGScheduler.scala:1580","logger":"airflow.task.operators.airflow.providers.docker.operators.docker.DockerOperator","filename":"docker.py","lineno":71}
{"timestamp":"2026-05-20T22:58:01.570678Z","level":"info","event":"26/05/20 22:58:01 INFO DAGScheduler: Submitting 1 missing tasks from ResultStage 0 (MapPartitionsRDD[27] at toString at <unknown>:0) (first 15 tasks are for partitions Vector(0))","logger":"airflow.task.operators.airflow.providers.docker.operators.docker.DockerOperator","filename":"docker.py","lineno":71}
{"timestamp":"2026-05-20T22:58:01.571982Z","level":"info","event":"26/05/20 22:58:01 INFO TaskSchedulerImpl: Adding task set 0.0 with 1 tasks resource profile 0","logger":"airflow.task.operators.airflow.providers.docker.operators.docker.DockerOperator","filename":"docker.py","lineno":71}
{"timestamp":"2026-05-20T22:58:01.591413Z","level":"info","event":"26/05/20 22:58:01 INFO DAGScheduler: Got job 6 (toString at <unknown>:0) with 1 output partitions","logger":"airflow.task.operators.airflow.providers.docker.operators.docker.DockerOperator","filename":"docker.py","lineno":71}
{"timestamp":"2026-05-20T22:58:01.591703Z","level":"info","event":"26/05/20 22:58:01 INFO DAGScheduler: Final stage: ResultStage 1 (toString at <unknown>:0)","logger":"airflow.task.operators.airflow.providers.docker.operators.docker.DockerOperator","filename":"docker.py","lineno":71}
{"timestamp":"2026-05-20T22:58:01.591878Z","level":"info","event":"26/05/20 22:58:01 INFO DAGScheduler: Parents of final stage: List()","logger":"airflow.task.operators.airflow.providers.docker.operators.docker.DockerOperator","filename":"docker.py","lineno":71}
{"timestamp":"2026-05-20T22:58:01.591950Z","level":"info","event":"26/05/20 22:58:01 INFO DAGScheduler: Missing parents: List()","logger":"airflow.task.operators.airflow.providers.docker.operators.docker.DockerOperator","filename":"docker.py","lineno":71}
{"timestamp":"2026-05-20T22:58:01.594792Z","level":"info","event":"26/05/20 22:58:01 INFO DAGScheduler: Submitting ResultStage 1 (MapPartitionsRDD[21] at toString at <unknown>:0), which has no missing parents","logger":"airflow.task.operators.airflow.providers.docker.operators.docker.DockerOperator","filename":"docker.py","lineno":71}
{"timestamp":"2026-05-20T22:58:01.600898Z","level":"info","event":"26/05/20 22:58:01 INFO MemoryStore: Block broadcast_8 stored as values in memory (estimated size 40.0 KiB, free 432.7 MiB)","logger":"airflow.task.operators.airflow.providers.docker.operators.docker.DockerOperator","filename":"docker.py","lineno":71}
{"timestamp":"2026-05-20T22:58:01.613497Z","level":"info","event":"26/05/20 22:58:01 INFO MemoryStore: Block broadcast_8_piece0 stored as bytes in memory (estimated size 13.7 KiB, free 432.7 MiB)","logger":"airflow.task.operators.airflow.providers.docker.operators.docker.DockerOperator","filename":"docker.py","lineno":71}
{"timestamp":"2026-05-20T22:58:01.614600Z","level":"info","event":"26/05/20 22:58:01 INFO BlockManagerInfo: Added broadcast_8_piece0 in memory on 92e75bdc4654:38479 (size: 13.7 KiB, free: 434.1 MiB)","logger":"airflow.task.operators.airflow.providers.docker.operators.docker.DockerOperator","filename":"docker.py","lineno":71}
{"timestamp":"2026-05-20T22:58:01.615001Z","level":"info","event":"26/05/20 22:58:01 INFO SparkContext: Created broadcast 8 from broadcast at DAGScheduler.scala:1580","logger":"airflow.task.operators.airflow.providers.docker.operators.docker.DockerOperator","filename":"docker.py","lineno":71}
{"timestamp":"2026-05-20T22:58:01.616106Z","level":"info","event":"26/05/20 22:58:01 INFO DAGScheduler: Submitting 1 missing tasks from ResultStage 1 (MapPartitionsRDD[21] at toString at <unknown>:0) (first 15 tasks are for partitions Vector(0))","logger":"airflow.task.operators.airflow.providers.docker.operators.docker.DockerOperator","filename":"docker.py","lineno":71}
{"timestamp":"2026-05-20T22:58:01.616288Z","level":"info","event":"26/05/20 22:58:01 INFO TaskSchedulerImpl: Adding task set 1.0 with 1 tasks resource profile 0","logger":"airflow.task.operators.airflow.providers.docker.operators.docker.DockerOperator","filename":"docker.py","lineno":71}
{"timestamp":"2026-05-20T22:58:01.619203Z","level":"info","event":"26/05/20 22:58:01 INFO TaskSetManager: Starting task 0.0 in stage 0.0 (TID 0) (172.20.0.20, executor 0, partition 0, PROCESS_LOCAL, 8327 bytes)","logger":"airflow.task.operators.airflow.providers.docker.operators.docker.DockerOperator","filename":"docker.py","lineno":71}
{"timestamp":"2026-05-20T22:58:01.629172Z","level":"info","event":"26/05/20 22:58:01 INFO DAGScheduler: Got job 1 (toString at <unknown>:0) with 1 output partitions","logger":"airflow.task.operators.airflow.providers.docker.operators.docker.DockerOperator","filename":"docker.py","lineno":71}
{"timestamp":"2026-05-20T22:58:01.629509Z","level":"info","event":"26/05/20 22:58:01 INFO DAGScheduler: Final stage: ResultStage 2 (toString at <unknown>:0)","logger":"airflow.task.operators.airflow.providers.docker.operators.docker.DockerOperator","filename":"docker.py","lineno":71}
{"timestamp":"2026-05-20T22:58:01.629706Z","level":"info","event":"26/05/20 22:58:01 INFO DAGScheduler: Parents of final stage: List()","logger":"airflow.task.operators.airflow.providers.docker.operators.docker.DockerOperator","filename":"docker.py","lineno":71}
{"timestamp":"2026-05-20T22:58:01.629792Z","level":"info","event":"26/05/20 22:58:01 INFO DAGScheduler: Missing parents: List()","logger":"airflow.task.operators.airflow.providers.docker.operators.docker.DockerOperator","filename":"docker.py","lineno":71}
{"timestamp":"2026-05-20T22:58:01.631707Z","level":"info","event":"26/05/20 22:58:01 INFO DAGScheduler: Submitting ResultStage 2 (MapPartitionsRDD[20] at toString at <unknown>:0), which has no missing parents","logger":"airflow.task.operators.airflow.providers.docker.operators.docker.DockerOperator","filename":"docker.py","lineno":71}
{"timestamp":"2026-05-20T22:58:01.634317Z","level":"info","event":"26/05/20 22:58:01 INFO MemoryStore: Block broadcast_9 stored as values in memory (estimated size 40.0 KiB, free 432.6 MiB)","logger":"airflow.task.operators.airflow.providers.docker.operators.docker.DockerOperator","filename":"docker.py","lineno":71}
{"timestamp":"2026-05-20T22:58:01.641994Z","level":"info","event":"26/05/20 22:58:01 INFO TaskSetManager: Starting task 0.0 in stage 1.0 (TID 1) (172.20.0.20, executor 0, partition 0, PROCESS_LOCAL, 8319 bytes)","logger":"airflow.task.operators.airflow.providers.docker.operators.docker.DockerOperator","filename":"docker.py","lineno":71}
{"timestamp":"2026-05-20T22:58:01.652410Z","level":"info","event":"26/05/20 22:58:01 INFO MemoryStore: Block broadcast_9_piece0 stored as bytes in memory (estimated size 13.7 KiB, free 432.6 MiB)","logger":"airflow.task.operators.airflow.providers.docker.operators.docker.DockerOperator","filename":"docker.py","lineno":71}
{"timestamp":"2026-05-20T22:58:01.653160Z","level":"info","event":"26/05/20 22:58:01 INFO BlockManagerInfo: Added broadcast_9_piece0 in memory on 92e75bdc4654:38479 (size: 13.7 KiB, free: 434.1 MiB)","logger":"airflow.task.operators.airflow.providers.docker.operators.docker.DockerOperator","filename":"docker.py","lineno":71}
{"timestamp":"2026-05-20T22:58:01.656336Z","level":"info","event":"26/05/20 22:58:01 INFO SparkContext: Created broadcast 9 from broadcast at DAGScheduler.scala:1580","logger":"airflow.task.operators.airflow.providers.docker.operators.docker.DockerOperator","filename":"docker.py","lineno":71}
{"timestamp":"2026-05-20T22:58:01.656515Z","level":"info","event":"26/05/20 22:58:01 INFO DAGScheduler: Submitting 1 missing tasks from ResultStage 2 (MapPartitionsRDD[20] at toString at <unknown>:0) (first 15 tasks are for partitions Vector(0))","logger":"airflow.task.operators.airflow.providers.docker.operators.docker.DockerOperator","filename":"docker.py","lineno":71}
{"timestamp":"2026-05-20T22:58:01.656608Z","level":"info","event":"26/05/20 22:58:01 INFO TaskSchedulerImpl: Adding task set 2.0 with 1 tasks resource profile 0","logger":"airflow.task.operators.airflow.providers.docker.operators.docker.DockerOperator","filename":"docker.py","lineno":71}
{"timestamp":"2026-05-20T22:58:01.659904Z","level":"info","event":"26/05/20 22:58:01 INFO TaskSetManager: Starting task 0.0 in stage 2.0 (TID 2) (172.20.0.21, executor 1, partition 0, PROCESS_LOCAL, 8319 bytes)","logger":"airflow.task.operators.airflow.providers.docker.operators.docker.DockerOperator","filename":"docker.py","lineno":71}
{"timestamp":"2026-05-20T22:58:01.660116Z","level":"info","event":"26/05/20 22:58:01 INFO DAGScheduler: Got job 5 (toString at <unknown>:0) with 1 output partitions","logger":"airflow.task.operators.airflow.providers.docker.operators.docker.DockerOperator","filename":"docker.py","lineno":71}
{"timestamp":"2026-05-20T22:58:01.660882Z","level":"info","event":"26/05/20 22:58:01 INFO DAGScheduler: Final stage: ResultStage 3 (toString at <unknown>:0)","logger":"airflow.task.operators.airflow.providers.docker.operators.docker.DockerOperator","filename":"docker.py","lineno":71}
{"timestamp":"2026-05-20T22:58:01.661540Z","level":"info","event":"26/05/20 22:58:01 INFO DAGScheduler: Parents of final stage: List()","logger":"airflow.task.operators.airflow.providers.docker.operators.docker.DockerOperator","filename":"docker.py","lineno":71}
{"timestamp":"2026-05-20T22:58:01.662234Z","level":"info","event":"26/05/20 22:58:01 INFO DAGScheduler: Missing parents: List()","logger":"airflow.task.operators.airflow.providers.docker.operators.docker.DockerOperator","filename":"docker.py","lineno":71}
{"timestamp":"2026-05-20T22:58:01.662901Z","level":"info","event":"26/05/20 22:58:01 INFO DAGScheduler: Submitting ResultStage 3 (MapPartitionsRDD[26] at toString at <unknown>:0), which has no missing parents","logger":"airflow.task.operators.airflow.providers.docker.operators.docker.DockerOperator","filename":"docker.py","lineno":71}
{"timestamp":"2026-05-20T22:58:01.670741Z","level":"info","event":"26/05/20 22:58:01 INFO MemoryStore: Block broadcast_10 stored as values in memory (estimated size 40.0 KiB, free 432.6 MiB)","logger":"airflow.task.operators.airflow.providers.docker.operators.docker.DockerOperator","filename":"docker.py","lineno":71}
{"timestamp":"2026-05-20T22:58:01.686380Z","level":"info","event":"26/05/20 22:58:01 INFO MemoryStore: Block broadcast_10_piece0 stored as bytes in memory (estimated size 13.7 KiB, free 432.6 MiB)","logger":"airflow.task.operators.airflow.providers.docker.operators.docker.DockerOperator","filename":"docker.py","lineno":71}
{"timestamp":"2026-05-20T22:58:01.686658Z","level":"info","event":"26/05/20 22:58:01 INFO BlockManagerInfo: Added broadcast_10_piece0 in memory on 92e75bdc4654:38479 (size: 13.7 KiB, free: 434.1 MiB)","logger":"airflow.task.operators.airflow.providers.docker.operators.docker.DockerOperator","filename":"docker.py","lineno":71}
{"timestamp":"2026-05-20T22:58:01.689604Z","level":"info","event":"26/05/20 22:58:01 INFO SparkContext: Created broadcast 10 from broadcast at DAGScheduler.scala:1580","logger":"airflow.task.operators.airflow.providers.docker.operators.docker.DockerOperator","filename":"docker.py","lineno":71}
{"timestamp":"2026-05-20T22:58:01.691334Z","level":"info","event":"26/05/20 22:58:01 INFO DAGScheduler: Submitting 1 missing tasks from ResultStage 3 (MapPartitionsRDD[26] at toString at <unknown>:0) (first 15 tasks are for partitions Vector(0))","logger":"airflow.task.operators.airflow.providers.docker.operators.docker.DockerOperator","filename":"docker.py","lineno":71}
{"timestamp":"2026-05-20T22:58:01.693329Z","level":"info","event":"26/05/20 22:58:01 INFO TaskSchedulerImpl: Adding task set 3.0 with 1 tasks resource profile 0","logger":"airflow.task.operators.airflow.providers.docker.operators.docker.DockerOperator","filename":"docker.py","lineno":71}
{"timestamp":"2026-05-20T22:58:01.695656Z","level":"info","event":"26/05/20 22:58:01 INFO DAGScheduler: Got job 4 (toString at <unknown>:0) with 1 output partitions","logger":"airflow.task.operators.airflow.providers.docker.operators.docker.DockerOperator","filename":"docker.py","lineno":71}
{"timestamp":"2026-05-20T22:58:01.696175Z","level":"info","event":"26/05/20 22:58:01 INFO DAGScheduler: Final stage: ResultStage 4 (toString at <unknown>:0)","logger":"airflow.task.operators.airflow.providers.docker.operators.docker.DockerOperator","filename":"docker.py","lineno":71}
{"timestamp":"2026-05-20T22:58:01.697463Z","level":"info","event":"26/05/20 22:58:01 INFO DAGScheduler: Parents of final stage: List()","logger":"airflow.task.operators.airflow.providers.docker.operators.docker.DockerOperator","filename":"docker.py","lineno":71}
{"timestamp":"2026-05-20T22:58:01.697671Z","level":"info","event":"26/05/20 22:58:01 INFO DAGScheduler: Missing parents: List()","logger":"airflow.task.operators.airflow.providers.docker.operators.docker.DockerOperator","filename":"docker.py","lineno":71}
{"timestamp":"2026-05-20T22:58:01.697817Z","level":"info","event":"26/05/20 22:58:01 INFO DAGScheduler: Submitting ResultStage 4 (MapPartitionsRDD[22] at toString at <unknown>:0), which has no missing parents","logger":"airflow.task.operators.airflow.providers.docker.operators.docker.DockerOperator","filename":"docker.py","lineno":71}
{"timestamp":"2026-05-20T22:58:01.699783Z","level":"info","event":"26/05/20 22:58:01 INFO TaskSetManager: Starting task 0.0 in stage 3.0 (TID 3) (172.20.0.20, executor 0, partition 0, PROCESS_LOCAL, 8317 bytes)","logger":"airflow.task.operators.airflow.providers.docker.operators.docker.DockerOperator","filename":"docker.py","lineno":71}
{"timestamp":"2026-05-20T22:58:01.704216Z","level":"info","event":"26/05/20 22:58:01 INFO MemoryStore: Block broadcast_11 stored as values in memory (estimated size 40.0 KiB, free 432.5 MiB)","logger":"airflow.task.operators.airflow.providers.docker.operators.docker.DockerOperator","filename":"docker.py","lineno":71}
{"timestamp":"2026-05-20T22:58:01.716361Z","level":"info","event":"26/05/20 22:58:01 INFO MemoryStore: Block broadcast_11_piece0 stored as bytes in memory (estimated size 13.7 KiB, free 432.5 MiB)","logger":"airflow.task.operators.airflow.providers.docker.operators.docker.DockerOperator","filename":"docker.py","lineno":71}
{"timestamp":"2026-05-20T22:58:01.721610Z","level":"info","event":"26/05/20 22:58:01 INFO BlockManagerInfo: Added broadcast_11_piece0 in memory on 92e75bdc4654:38479 (size: 13.7 KiB, free: 434.1 MiB)","logger":"airflow.task.operators.airflow.providers.docker.operators.docker.DockerOperator","filename":"docker.py","lineno":71}
{"timestamp":"2026-05-20T22:58:01.724515Z","level":"info","event":"26/05/20 22:58:01 INFO SparkContext: Created broadcast 11 from broadcast at DAGScheduler.scala:1580","logger":"airflow.task.operators.airflow.providers.docker.operators.docker.DockerOperator","filename":"docker.py","lineno":71}
{"timestamp":"2026-05-20T22:58:01.725533Z","level":"info","event":"26/05/20 22:58:01 INFO DAGScheduler: Submitting 1 missing tasks from ResultStage 4 (MapPartitionsRDD[22] at toString at <unknown>:0) (first 15 tasks are for partitions Vector(0))","logger":"airflow.task.operators.airflow.providers.docker.operators.docker.DockerOperator","filename":"docker.py","lineno":71}
{"timestamp":"2026-05-20T22:58:01.725796Z","level":"info","event":"26/05/20 22:58:01 INFO TaskSchedulerImpl: Adding task set 4.0 with 1 tasks resource profile 0","logger":"airflow.task.operators.airflow.providers.docker.operators.docker.DockerOperator","filename":"docker.py","lineno":71}
{"timestamp":"2026-05-20T22:58:01.731540Z","level":"info","event":"26/05/20 22:58:01 INFO DAGScheduler: Got job 0 (toString at <unknown>:0) with 1 output partitions","logger":"airflow.task.operators.airflow.providers.docker.operators.docker.DockerOperator","filename":"docker.py","lineno":71}
{"timestamp":"2026-05-20T22:58:01.734368Z","level":"info","event":"26/05/20 22:58:01 INFO DAGScheduler: Final stage: ResultStage 5 (toString at <unknown>:0)","logger":"airflow.task.operators.airflow.providers.docker.operators.docker.DockerOperator","filename":"docker.py","lineno":71}
{"timestamp":"2026-05-20T22:58:01.734572Z","level":"info","event":"26/05/20 22:58:01 INFO DAGScheduler: Parents of final stage: List()","logger":"airflow.task.operators.airflow.providers.docker.operators.docker.DockerOperator","filename":"docker.py","lineno":71}
{"timestamp":"2026-05-20T22:58:01.734771Z","level":"info","event":"26/05/20 22:58:01 INFO TaskSetManager: Starting task 0.0 in stage 4.0 (TID 4) (172.20.0.21, executor 1, partition 0, PROCESS_LOCAL, 8323 bytes)","logger":"airflow.task.operators.airflow.providers.docker.operators.docker.DockerOperator","filename":"docker.py","lineno":71}
{"timestamp":"2026-05-20T22:58:01.736370Z","level":"info","event":"26/05/20 22:58:01 INFO DAGScheduler: Missing parents: List()","logger":"airflow.task.operators.airflow.providers.docker.operators.docker.DockerOperator","filename":"docker.py","lineno":71}
{"timestamp":"2026-05-20T22:58:01.739045Z","level":"info","event":"26/05/20 22:58:01 INFO DAGScheduler: Submitting ResultStage 5 (MapPartitionsRDD[23] at toString at <unknown>:0), which has no missing parents","logger":"airflow.task.operators.airflow.providers.docker.operators.docker.DockerOperator","filename":"docker.py","lineno":71}
{"timestamp":"2026-05-20T22:58:01.744464Z","level":"info","event":"26/05/20 22:58:01 INFO MemoryStore: Block broadcast_12 stored as values in memory (estimated size 40.0 KiB, free 432.5 MiB)","logger":"airflow.task.operators.airflow.providers.docker.operators.docker.DockerOperator","filename":"docker.py","lineno":71}
{"timestamp":"2026-05-20T22:58:01.760499Z","level":"info","event":"26/05/20 22:58:01 INFO MemoryStore: Block broadcast_12_piece0 stored as bytes in memory (estimated size 13.7 KiB, free 432.5 MiB)","logger":"airflow.task.operators.airflow.providers.docker.operators.docker.DockerOperator","filename":"docker.py","lineno":71}
{"timestamp":"2026-05-20T22:58:01.762594Z","level":"info","event":"26/05/20 22:58:01 INFO BlockManagerInfo: Added broadcast_12_piece0 in memory on 92e75bdc4654:38479 (size: 13.7 KiB, free: 434.1 MiB)","logger":"airflow.task.operators.airflow.providers.docker.operators.docker.DockerOperator","filename":"docker.py","lineno":71}
{"timestamp":"2026-05-20T22:58:01.763319Z","level":"info","event":"26/05/20 22:58:01 INFO SparkContext: Created broadcast 12 from broadcast at DAGScheduler.scala:1580","logger":"airflow.task.operators.airflow.providers.docker.operators.docker.DockerOperator","filename":"docker.py","lineno":71}
{"timestamp":"2026-05-20T22:58:01.764751Z","level":"info","event":"26/05/20 22:58:01 INFO DAGScheduler: Submitting 1 missing tasks from ResultStage 5 (MapPartitionsRDD[23] at toString at <unknown>:0) (first 15 tasks are for partitions Vector(0))","logger":"airflow.task.operators.airflow.providers.docker.operators.docker.DockerOperator","filename":"docker.py","lineno":71}
{"timestamp":"2026-05-20T22:58:01.765270Z","level":"info","event":"26/05/20 22:58:01 INFO TaskSchedulerImpl: Adding task set 5.0 with 1 tasks resource profile 0","logger":"airflow.task.operators.airflow.providers.docker.operators.docker.DockerOperator","filename":"docker.py","lineno":71}
{"timestamp":"2026-05-20T22:58:01.767399Z","level":"info","event":"26/05/20 22:58:01 INFO DAGScheduler: Got job 3 (toString at <unknown>:0) with 1 output partitions","logger":"airflow.task.operators.airflow.providers.docker.operators.docker.DockerOperator","filename":"docker.py","lineno":71}
{"timestamp":"2026-05-20T22:58:01.767956Z","level":"info","event":"26/05/20 22:58:01 INFO DAGScheduler: Final stage: ResultStage 6 (toString at <unknown>:0)","logger":"airflow.task.operators.airflow.providers.docker.operators.docker.DockerOperator","filename":"docker.py","lineno":71}
{"timestamp":"2026-05-20T22:58:01.768160Z","level":"info","event":"26/05/20 22:58:01 INFO DAGScheduler: Parents of final stage: List()","logger":"airflow.task.operators.airflow.providers.docker.operators.docker.DockerOperator","filename":"docker.py","lineno":71}
{"timestamp":"2026-05-20T22:58:01.768460Z","level":"info","event":"26/05/20 22:58:01 INFO DAGScheduler: Missing parents: List()","logger":"airflow.task.operators.airflow.providers.docker.operators.docker.DockerOperator","filename":"docker.py","lineno":71}
{"timestamp":"2026-05-20T22:58:01.771353Z","level":"info","event":"26/05/20 22:58:01 INFO DAGScheduler: Submitting ResultStage 6 (MapPartitionsRDD[24] at toString at <unknown>:0), which has no missing parents","logger":"airflow.task.operators.airflow.providers.docker.operators.docker.DockerOperator","filename":"docker.py","lineno":71}
{"timestamp":"2026-05-20T22:58:01.774734Z","level":"info","event":"26/05/20 22:58:01 INFO TaskSetManager: Starting task 0.0 in stage 5.0 (TID 5) (172.20.0.20, executor 0, partition 0, PROCESS_LOCAL, 8331 bytes)","logger":"airflow.task.operators.airflow.providers.docker.operators.docker.DockerOperator","filename":"docker.py","lineno":71}
{"timestamp":"2026-05-20T22:58:01.776428Z","level":"info","event":"26/05/20 22:58:01 INFO MemoryStore: Block broadcast_13 stored as values in memory (estimated size 40.0 KiB, free 432.4 MiB)","logger":"airflow.task.operators.airflow.providers.docker.operators.docker.DockerOperator","filename":"docker.py","lineno":71}
{"timestamp":"2026-05-20T22:58:01.791321Z","level":"info","event":"26/05/20 22:58:01 INFO MemoryStore: Block broadcast_13_piece0 stored as bytes in memory (estimated size 13.7 KiB, free 432.4 MiB)","logger":"airflow.task.operators.airflow.providers.docker.operators.docker.DockerOperator","filename":"docker.py","lineno":71}
{"timestamp":"2026-05-20T22:58:01.791735Z","level":"info","event":"26/05/20 22:58:01 INFO BlockManagerInfo: Added broadcast_13_piece0 in memory on 92e75bdc4654:38479 (size: 13.7 KiB, free: 434.1 MiB)","logger":"airflow.task.operators.airflow.providers.docker.operators.docker.DockerOperator","filename":"docker.py","lineno":71}
{"timestamp":"2026-05-20T22:58:01.793057Z","level":"info","event":"26/05/20 22:58:01 INFO SparkContext: Created broadcast 13 from broadcast at DAGScheduler.scala:1580","logger":"airflow.task.operators.airflow.providers.docker.operators.docker.DockerOperator","filename":"docker.py","lineno":71}
{"timestamp":"2026-05-20T22:58:01.795963Z","level":"info","event":"26/05/20 22:58:01 INFO DAGScheduler: Submitting 1 missing tasks from ResultStage 6 (MapPartitionsRDD[24] at toString at <unknown>:0) (first 15 tasks are for partitions Vector(0))","logger":"airflow.task.operators.airflow.providers.docker.operators.docker.DockerOperator","filename":"docker.py","lineno":71}
{"timestamp":"2026-05-20T22:58:01.796488Z","level":"info","event":"26/05/20 22:58:01 INFO TaskSchedulerImpl: Adding task set 6.0 with 1 tasks resource profile 0","logger":"airflow.task.operators.airflow.providers.docker.operators.docker.DockerOperator","filename":"docker.py","lineno":71}
{"timestamp":"2026-05-20T22:58:01.801553Z","level":"info","event":"26/05/20 22:58:01 INFO TaskSetManager: Starting task 0.0 in stage 6.0 (TID 6) (172.20.0.20, executor 0, partition 0, PROCESS_LOCAL, 8320 bytes)","logger":"airflow.task.operators.airflow.providers.docker.operators.docker.DockerOperator","filename":"docker.py","lineno":71}
{"timestamp":"2026-05-20T22:58:02.085535Z","level":"info","event":"26/05/20 22:58:02 INFO BlockManagerInfo: Added broadcast_9_piece0 in memory on 172.20.0.21:46005 (size: 13.7 KiB, free: 434.4 MiB)","logger":"airflow.task.operators.airflow.providers.docker.operators.docker.DockerOperator","filename":"docker.py","lineno":71}
{"timestamp":"2026-05-20T22:58:02.086613Z","level":"info","event":"26/05/20 22:58:02 INFO BlockManagerInfo: Added broadcast_11_piece0 in memory on 172.20.0.21:46005 (size: 13.7 KiB, free: 434.4 MiB)","logger":"airflow.task.operators.airflow.providers.docker.operators.docker.DockerOperator","filename":"docker.py","lineno":71}
{"timestamp":"2026-05-20T22:58:02.172259Z","level":"info","event":"26/05/20 22:58:02 INFO BlockManagerInfo: Added broadcast_12_piece0 in memory on 172.20.0.20:36959 (size: 13.7 KiB, free: 434.4 MiB)","logger":"airflow.task.operators.airflow.providers.docker.operators.docker.DockerOperator","filename":"docker.py","lineno":71}
{"timestamp":"2026-05-20T22:58:02.173646Z","level":"info","event":"26/05/20 22:58:02 INFO BlockManagerInfo: Added broadcast_13_piece0 in memory on 172.20.0.20:36959 (size: 13.7 KiB, free: 434.4 MiB)","logger":"airflow.task.operators.airflow.providers.docker.operators.docker.DockerOperator","filename":"docker.py","lineno":71}
{"timestamp":"2026-05-20T22:58:02.174035Z","level":"info","event":"26/05/20 22:58:02 INFO BlockManagerInfo: Added broadcast_8_piece0 in memory on 172.20.0.20:36959 (size: 13.7 KiB, free: 434.4 MiB)","logger":"airflow.task.operators.airflow.providers.docker.operators.docker.DockerOperator","filename":"docker.py","lineno":71}
{"timestamp":"2026-05-20T22:58:02.174467Z","level":"info","event":"26/05/20 22:58:02 INFO BlockManagerInfo: Added broadcast_10_piece0 in memory on 172.20.0.20:36959 (size: 13.7 KiB, free: 434.3 MiB)","logger":"airflow.task.operators.airflow.providers.docker.operators.docker.DockerOperator","filename":"docker.py","lineno":71}
{"timestamp":"2026-05-20T22:58:02.178266Z","level":"info","event":"26/05/20 22:58:02 INFO BlockManagerInfo: Added broadcast_7_piece0 in memory on 172.20.0.20:36959 (size: 13.7 KiB, free: 434.3 MiB)","logger":"airflow.task.operators.airflow.providers.docker.operators.docker.DockerOperator","filename":"docker.py","lineno":71}
{"timestamp":"2026-05-20T22:58:03.899797Z","level":"info","event":"26/05/20 22:58:03 INFO BlockManagerInfo: Added broadcast_0_piece0 in memory on 172.20.0.21:46005 (size: 34.9 KiB, free: 434.3 MiB)","logger":"airflow.task.operators.airflow.providers.docker.operators.docker.DockerOperator","filename":"docker.py","lineno":71}
{"timestamp":"2026-05-20T22:58:03.907414Z","level":"info","event":"26/05/20 22:58:03 INFO BlockManagerInfo: Added broadcast_1_piece0 in memory on 172.20.0.21:46005 (size: 34.9 KiB, free: 434.3 MiB)","logger":"airflow.task.operators.airflow.providers.docker.operators.docker.DockerOperator","filename":"docker.py","lineno":71}
{"timestamp":"2026-05-20T22:58:04.201792Z","level":"info","event":"26/05/20 22:58:04 INFO BlockManagerInfo: Added broadcast_5_piece0 in memory on 172.20.0.20:36959 (size: 34.9 KiB, free: 434.3 MiB)","logger":"airflow.task.operators.airflow.providers.docker.operators.docker.DockerOperator","filename":"docker.py","lineno":71}
{"timestamp":"2026-05-20T22:58:04.210801Z","level":"info","event":"26/05/20 22:58:04 INFO BlockManagerInfo: Added broadcast_6_piece0 in memory on 172.20.0.20:36959 (size: 34.9 KiB, free: 434.3 MiB)","logger":"airflow.task.operators.airflow.providers.docker.operators.docker.DockerOperator","filename":"docker.py","lineno":71}
{"timestamp":"2026-05-20T22:58:04.220721Z","level":"info","event":"26/05/20 22:58:04 INFO BlockManagerInfo: Added broadcast_3_piece0 in memory on 172.20.0.20:36959 (size: 34.9 KiB, free: 434.2 MiB)","logger":"airflow.task.operators.airflow.providers.docker.operators.docker.DockerOperator","filename":"docker.py","lineno":71}
{"timestamp":"2026-05-20T22:58:04.253699Z","level":"info","event":"26/05/20 22:58:04 INFO BlockManagerInfo: Added broadcast_4_piece0 in memory on 172.20.0.20:36959 (size: 34.9 KiB, free: 434.2 MiB)","logger":"airflow.task.operators.airflow.providers.docker.operators.docker.DockerOperator","filename":"docker.py","lineno":71}
{"timestamp":"2026-05-20T22:58:04.253991Z","level":"info","event":"26/05/20 22:58:04 INFO BlockManagerInfo: Added broadcast_2_piece0 in memory on 172.20.0.20:36959 (size: 34.9 KiB, free: 434.2 MiB)","logger":"airflow.task.operators.airflow.providers.docker.operators.docker.DockerOperator","filename":"docker.py","lineno":71}
{"timestamp":"2026-05-20T22:58:04.352661Z","level":"info","event":"26/05/20 22:58:04 WARN TaskSetManager: Lost task 0.0 in stage 2.0 (TID 2) (172.20.0.21 executor 1): java.lang.RuntimeException: java.lang.ClassNotFoundException: Class org.apache.hadoop.fs.s3a.S3AFileSystem not found","logger":"airflow.task.operators.airflow.providers.docker.operators.docker.DockerOperator","filename":"docker.py","lineno":71}
{"timestamp":"2026-05-20T22:58:04.352969Z","level":"info","event":"\tat org.apache.hadoop.conf.Configuration.getClass(Configuration.java:2688)","logger":"airflow.task.operators.airflow.providers.docker.operators.docker.DockerOperator","filename":"docker.py","lineno":71}
{"timestamp":"2026-05-20T22:58:04.353080Z","level":"info","event":"\tat org.apache.hadoop.fs.FileSystem.getFileSystemClass(FileSystem.java:3431)","logger":"airflow.task.operators.airflow.providers.docker.operators.docker.DockerOperator","filename":"docker.py","lineno":71}
{"timestamp":"2026-05-20T22:58:04.353153Z","level":"info","event":"\tat org.apache.hadoop.fs.FileSystem.createFileSystem(FileSystem.java:3466)","logger":"airflow.task.operators.airflow.providers.docker.operators.docker.DockerOperator","filename":"docker.py","lineno":71}
{"timestamp":"2026-05-20T22:58:04.353217Z","level":"info","event":"\tat org.apache.hadoop.fs.FileSystem.access$300(FileSystem.java:174)","logger":"airflow.task.operators.airflow.providers.docker.operators.docker.DockerOperator","filename":"docker.py","lineno":71}
{"timestamp":"2026-05-20T22:58:04.353280Z","level":"info","event":"\tat org.apache.hadoop.fs.FileSystem$Cache.getInternal(FileSystem.java:3574)","logger":"airflow.task.operators.airflow.providers.docker.operators.docker.DockerOperator","filename":"docker.py","lineno":71}
{"timestamp":"2026-05-20T22:58:04.353337Z","level":"info","event":"\tat org.apache.hadoop.fs.FileSystem$Cache.get(FileSystem.java:3521)","logger":"airflow.task.operators.airflow.providers.docker.operators.docker.DockerOperator","filename":"docker.py","lineno":71}
{"timestamp":"2026-05-20T22:58:04.353391Z","level":"info","event":"\tat org.apache.hadoop.fs.FileSystem.get(FileSystem.java:540)","logger":"airflow.task.operators.airflow.providers.docker.operators.docker.DockerOperator","filename":"docker.py","lineno":71}
{"timestamp":"2026-05-20T22:58:04.353446Z","level":"info","event":"\tat org.apache.hadoop.fs.Path.getFileSystem(Path.java:365)","logger":"airflow.task.operators.airflow.providers.docker.operators.docker.DockerOperator","filename":"docker.py","lineno":71}
{"timestamp":"2026-05-20T22:58:04.353497Z","level":"info","event":"\tat org.apache.hadoop.mapreduce.lib.input.LineRecordReader.initialize(LineRecordReader.java:88)","logger":"airflow.task.operators.airflow.providers.docker.operators.docker.DockerOperator","filename":"docker.py","lineno":71}
{"timestamp":"2026-05-20T22:58:04.353546Z","level":"info","event":"\tat org.apache.spark.sql.execution.datasources.HadoopFileLinesReader.<init>(HadoopFileLinesReader.scala:63)","logger":"airflow.task.operators.airflow.providers.docker.operators.docker.DockerOperator","filename":"docker.py","lineno":71}
{"timestamp":"2026-05-20T22:58:04.353595Z","level":"info","event":"\tat org.apache.spark.sql.execution.datasources.json.TextInputJsonDataSource$.readFile(JsonDataSource.scala:132)","logger":"airflow.task.operators.airflow.providers.docker.operators.docker.DockerOperator","filename":"docker.py","lineno":71}
{"timestamp":"2026-05-20T22:58:04.353643Z","level":"info","event":"\tat org.apache.spark.sql.execution.datasources.json.JsonFileFormat.$anonfun$buildReader$2(JsonFileFormat.scala:126)","logger":"airflow.task.operators.airflow.providers.docker.operators.docker.DockerOperator","filename":"docker.py","lineno":71}
{"timestamp":"2026-05-20T22:58:04.353689Z","level":"info","event":"\tat org.apache.spark.sql.execution.datasources.FileFormat$$anon$1.apply(FileFormat.scala:160)","logger":"airflow.task.operators.airflow.providers.docker.operators.docker.DockerOperator","filename":"docker.py","lineno":71}
{"timestamp":"2026-05-20T22:58:04.353737Z","level":"info","event":"\tat org.apache.spark.sql.execution.datasources.FileFormat$$anon$1.apply(FileFormat.scala:140)","logger":"airflow.task.operators.airflow.providers.docker.operators.docker.DockerOperator","filename":"docker.py","lineno":71}
{"timestamp":"2026-05-20T22:58:04.353785Z","level":"info","event":"\tat org.apache.spark.sql.execution.datasources.FileScanRDD$$anon$1.org$apache$spark$sql$execution$datasources$FileScanRDD$$anon$$readCurrentFile(FileScanRDD.scala:217)","logger":"airflow.task.operators.airflow.providers.docker.operators.docker.DockerOperator","filename":"docker.py","lineno":71}
{"timestamp":"2026-05-20T22:58:04.353859Z","level":"info","event":"\tat org.apache.spark.sql.execution.datasources.FileScanRDD$$anon$1.nextIterator(FileScanRDD.scala:279)","logger":"airflow.task.operators.airflow.providers.docker.operators.docker.DockerOperator","filename":"docker.py","lineno":71}
{"timestamp":"2026-05-20T22:58:04.353961Z","level":"info","event":"\tat org.apache.spark.sql.execution.datasources.FileScanRDD$$anon$1.hasNext(FileScanRDD.scala:129)","logger":"airflow.task.operators.airflow.providers.docker.operators.docker.DockerOperator","filename":"docker.py","lineno":71}
{"timestamp":"2026-05-20T22:58:04.354034Z","level":"info","event":"\tat scala.collection.Iterator$$anon$10.hasNext(Iterator.scala:460)","logger":"airflow.task.operators.airflow.providers.docker.operators.docker.DockerOperator","filename":"docker.py","lineno":71}
{"timestamp":"2026-05-20T22:58:04.354097Z","level":"info","event":"\tat org.apache.spark.sql.catalyst.expressions.GeneratedClass$GeneratedIteratorForCodegenStage1.processNext(Unknown Source)","logger":"airflow.task.operators.airflow.providers.docker.operators.docker.DockerOperator","filename":"docker.py","lineno":71}
{"timestamp":"2026-05-20T22:58:04.354160Z","level":"info","event":"\tat org.apache.spark.sql.execution.BufferedRowIterator.hasNext(BufferedRowIterator.java:43)","logger":"airflow.task.operators.airflow.providers.docker.operators.docker.DockerOperator","filename":"docker.py","lineno":71}
{"timestamp":"2026-05-20T22:58:04.354216Z","level":"info","event":"\tat org.apache.spark.sql.execution.WholeStageCodegenEvaluatorFactory$WholeStageCodegenPartitionEvaluator$$anon$1.hasNext(WholeStageCodegenEvaluatorFactory.scala:43)","logger":"airflow.task.operators.airflow.providers.docker.operators.docker.DockerOperator","filename":"docker.py","lineno":71}
{"timestamp":"2026-05-20T22:58:04.354274Z","level":"info","event":"\tat org.apache.spark.sql.execution.SparkPlan.$anonfun$getByteArrayRdd$1(SparkPlan.scala:388)","logger":"airflow.task.operators.airflow.providers.docker.operators.docker.DockerOperator","filename":"docker.py","lineno":71}
{"timestamp":"2026-05-20T22:58:04.354338Z","level":"info","event":"\tat org.apache.spark.rdd.RDD.$anonfun$mapPartitionsInternal$2(RDD.scala:890)","logger":"airflow.task.operators.airflow.providers.docker.operators.docker.DockerOperator","filename":"docker.py","lineno":71}
{"timestamp":"2026-05-20T22:58:04.354391Z","level":"info","event":"\tat org.apache.spark.rdd.RDD.$anonfun$mapPartitionsInternal$2$adapted(RDD.scala:890)","logger":"airflow.task.operators.airflow.providers.docker.operators.docker.DockerOperator","filename":"docker.py","lineno":71}
{"timestamp":"2026-05-20T22:58:04.354441Z","level":"info","event":"\tat org.apache.spark.rdd.MapPartitionsRDD.compute(MapPartitionsRDD.scala:52)","logger":"airflow.task.operators.airflow.providers.docker.operators.docker.DockerOperator","filename":"docker.py","lineno":71}
{"timestamp":"2026-05-20T22:58:04.354494Z","level":"info","event":"\tat org.apache.spark.rdd.RDD.computeOrReadCheckpoint(RDD.scala:364)","logger":"airflow.task.operators.airflow.providers.docker.operators.docker.DockerOperator","filename":"docker.py","lineno":71}
{"timestamp":"2026-05-20T22:58:04.354544Z","level":"info","event":"\tat org.apache.spark.rdd.RDD.iterator(RDD.scala:328)","logger":"airflow.task.operators.airflow.providers.docker.operators.docker.DockerOperator","filename":"docker.py","lineno":71}
{"timestamp":"2026-05-20T22:58:04.354594Z","level":"info","event":"\tat org.apache.spark.scheduler.ResultTask.runTask(ResultTask.scala:93)","logger":"airflow.task.operators.airflow.providers.docker.operators.docker.DockerOperator","filename":"docker.py","lineno":71}
{"timestamp":"2026-05-20T22:58:04.354646Z","level":"info","event":"\tat org.apache.spark.TaskContext.runTaskWithListeners(TaskContext.scala:161)","logger":"airflow.task.operators.airflow.providers.docker.operators.docker.DockerOperator","filename":"docker.py","lineno":71}
{"timestamp":"2026-05-20T22:58:04.354698Z","level":"info","event":"\tat org.apache.spark.scheduler.Task.run(Task.scala:141)","logger":"airflow.task.operators.airflow.providers.docker.operators.docker.DockerOperator","filename":"docker.py","lineno":71}
{"timestamp":"2026-05-20T22:58:04.354752Z","level":"info","event":"\tat org.apache.spark.executor.Executor$TaskRunner.$anonfun$run$4(Executor.scala:620)","logger":"airflow.task.operators.airflow.providers.docker.operators.docker.DockerOperator","filename":"docker.py","lineno":71}
{"timestamp":"2026-05-20T22:58:04.354808Z","level":"info","event":"\tat org.apache.spark.util.SparkErrorUtils.tryWithSafeFinally(SparkErrorUtils.scala:64)","logger":"airflow.task.operators.airflow.providers.docker.operators.docker.DockerOperator","filename":"docker.py","lineno":71}
{"timestamp":"2026-05-20T22:58:04.354910Z","level":"info","event":"\tat org.apache.spark.util.SparkErrorUtils.tryWithSafeFinally$(SparkErrorUtils.scala:61)","logger":"airflow.task.operators.airflow.providers.docker.operators.docker.DockerOperator","filename":"docker.py","lineno":71}
{"timestamp":"2026-05-20T22:58:04.354978Z","level":"info","event":"\tat org.apache.spark.util.Utils$.tryWithSafeFinally(Utils.scala:94)","logger":"airflow.task.operators.airflow.providers.docker.operators.docker.DockerOperator","filename":"docker.py","lineno":71}
{"timestamp":"2026-05-20T22:58:04.355032Z","level":"info","event":"\tat org.apache.spark.executor.Executor$TaskRunner.run(Executor.scala:623)","logger":"airflow.task.operators.airflow.providers.docker.operators.docker.DockerOperator","filename":"docker.py","lineno":71}
{"timestamp":"2026-05-20T22:58:04.355086Z","level":"info","event":"\tat java.base/java.util.concurrent.ThreadPoolExecutor.runWorker(Unknown Source)","logger":"airflow.task.operators.airflow.providers.docker.operators.docker.DockerOperator","filename":"docker.py","lineno":71}
{"timestamp":"2026-05-20T22:58:04.355144Z","level":"info","event":"\tat java.base/java.util.concurrent.ThreadPoolExecutor$Worker.run(Unknown Source)","logger":"airflow.task.operators.airflow.providers.docker.operators.docker.DockerOperator","filename":"docker.py","lineno":71}
{"timestamp":"2026-05-20T22:58:04.355200Z","level":"info","event":"\tat java.base/java.lang.Thread.run(Unknown Source)","logger":"airflow.task.operators.airflow.providers.docker.operators.docker.DockerOperator","filename":"docker.py","lineno":71}
{"timestamp":"2026-05-20T22:58:04.355257Z","level":"info","event":"Caused by: java.lang.ClassNotFoundException: Class org.apache.hadoop.fs.s3a.S3AFileSystem not found","logger":"airflow.task.operators.airflow.providers.docker.operators.docker.DockerOperator","filename":"docker.py","lineno":71}
{"timestamp":"2026-05-20T22:58:04.355312Z","level":"info","event":"\tat org.apache.hadoop.conf.Configuration.getClassByName(Configuration.java:2592)","logger":"airflow.task.operators.airflow.providers.docker.operators.docker.DockerOperator","filename":"docker.py","lineno":71}
{"timestamp":"2026-05-20T22:58:04.355424Z","level":"info","event":"\tat org.apache.hadoop.conf.Configuration.getClass(Configuration.java:2686)","logger":"airflow.task.operators.airflow.providers.docker.operators.docker.DockerOperator","filename":"docker.py","lineno":71}
{"timestamp":"2026-05-20T22:58:04.355562Z","level":"info","event":"\t... 37 more","logger":"airflow.task.operators.airflow.providers.docker.operators.docker.DockerOperator","filename":"docker.py","lineno":71}
{"timestamp":"2026-05-20T22:58:04.355634Z","level":"info","event":"","logger":"airflow.task.operators.airflow.providers.docker.operators.docker.DockerOperator","filename":"docker.py","lineno":71}
{"timestamp":"2026-05-20T22:58:04.356063Z","level":"info","event":"26/05/20 22:58:04 WARN TaskSetManager: Lost task 0.0 in stage 4.0 (TID 4) (172.20.0.21 executor 1): java.lang.RuntimeException: java.lang.ClassNotFoundException: Class org.apache.hadoop.fs.s3a.S3AFileSystem not found","logger":"airflow.task.operators.airflow.providers.docker.operators.docker.DockerOperator","filename":"docker.py","lineno":71}
{"timestamp":"2026-05-20T22:58:04.356146Z","level":"info","event":"\tat org.apache.hadoop.conf.Configuration.getClass(Configuration.java:2688)","logger":"airflow.task.operators.airflow.providers.docker.operators.docker.DockerOperator","filename":"docker.py","lineno":71}
{"timestamp":"2026-05-20T22:58:04.356188Z","level":"info","event":"\tat org.apache.hadoop.fs.FileSystem.getFileSystemClass(FileSystem.java:3431)","logger":"airflow.task.operators.airflow.providers.docker.operators.docker.DockerOperator","filename":"docker.py","lineno":71}
{"timestamp":"2026-05-20T22:58:04.356227Z","level":"info","event":"\tat org.apache.hadoop.fs.FileSystem.createFileSystem(FileSystem.java:3466)","logger":"airflow.task.operators.airflow.providers.docker.operators.docker.DockerOperator","filename":"docker.py","lineno":71}
{"timestamp":"2026-05-20T22:58:04.356276Z","level":"info","event":"\tat org.apache.hadoop.fs.FileSystem.access$300(FileSystem.java:174)","logger":"airflow.task.operators.airflow.providers.docker.operators.docker.DockerOperator","filename":"docker.py","lineno":71}
{"timestamp":"2026-05-20T22:58:04.356341Z","level":"info","event":"\tat org.apache.hadoop.fs.FileSystem$Cache.getInternal(FileSystem.java:3574)","logger":"airflow.task.operators.airflow.providers.docker.operators.docker.DockerOperator","filename":"docker.py","lineno":71}
{"timestamp":"2026-05-20T22:58:04.356403Z","level":"info","event":"\tat org.apache.hadoop.fs.FileSystem$Cache.get(FileSystem.java:3521)","logger":"airflow.task.operators.airflow.providers.docker.operators.docker.DockerOperator","filename":"docker.py","lineno":71}
{"timestamp":"2026-05-20T22:58:04.356473Z","level":"info","event":"\tat org.apache.hadoop.fs.FileSystem.get(FileSystem.java:540)","logger":"airflow.task.operators.airflow.providers.docker.operators.docker.DockerOperator","filename":"docker.py","lineno":71}
{"timestamp":"2026-05-20T22:58:04.356539Z","level":"info","event":"\tat org.apache.hadoop.fs.Path.getFileSystem(Path.java:365)","logger":"airflow.task.operators.airflow.providers.docker.operators.docker.DockerOperator","filename":"docker.py","lineno":71}
{"timestamp":"2026-05-20T22:58:04.356580Z","level":"info","event":"\tat org.apache.hadoop.mapreduce.lib.input.LineRecordReader.initialize(LineRecordReader.java:88)","logger":"airflow.task.operators.airflow.providers.docker.operators.docker.DockerOperator","filename":"docker.py","lineno":71}
{"timestamp":"2026-05-20T22:58:04.356613Z","level":"info","event":"\tat org.apache.spark.sql.execution.datasources.HadoopFileLinesReader.<init>(HadoopFileLinesReader.scala:63)","logger":"airflow.task.operators.airflow.providers.docker.operators.docker.DockerOperator","filename":"docker.py","lineno":71}
{"timestamp":"2026-05-20T22:58:04.356645Z","level":"info","event":"\tat org.apache.spark.sql.execution.datasources.json.TextInputJsonDataSource$.readFile(JsonDataSource.scala:132)","logger":"airflow.task.operators.airflow.providers.docker.operators.docker.DockerOperator","filename":"docker.py","lineno":71}
{"timestamp":"2026-05-20T22:58:04.356677Z","level":"info","event":"\tat org.apache.spark.sql.execution.datasources.json.JsonFileFormat.$anonfun$buildReader$2(JsonFileFormat.scala:126)","logger":"airflow.task.operators.airflow.providers.docker.operators.docker.DockerOperator","filename":"docker.py","lineno":71}
{"timestamp":"2026-05-20T22:58:04.356707Z","level":"info","event":"\tat org.apache.spark.sql.execution.datasources.FileFormat$$anon$1.apply(FileFormat.scala:160)","logger":"airflow.task.operators.airflow.providers.docker.operators.docker.DockerOperator","filename":"docker.py","lineno":71}
{"timestamp":"2026-05-20T22:58:04.356737Z","level":"info","event":"\tat org.apache.spark.sql.execution.datasources.FileFormat$$anon$1.apply(FileFormat.scala:140)","logger":"airflow.task.operators.airflow.providers.docker.operators.docker.DockerOperator","filename":"docker.py","lineno":71}
{"timestamp":"2026-05-20T22:58:04.356767Z","level":"info","event":"\tat org.apache.spark.sql.execution.datasources.FileScanRDD$$anon$1.org$apache$spark$sql$execution$datasources$FileScanRDD$$anon$$readCurrentFile(FileScanRDD.scala:217)","logger":"airflow.task.operators.airflow.providers.docker.operators.docker.DockerOperator","filename":"docker.py","lineno":71}
{"timestamp":"2026-05-20T22:58:04.356797Z","level":"info","event":"\tat org.apache.spark.sql.execution.datasources.FileScanRDD$$anon$1.nextIterator(FileScanRDD.scala:279)","logger":"airflow.task.operators.airflow.providers.docker.operators.docker.DockerOperator","filename":"docker.py","lineno":71}
{"timestamp":"2026-05-20T22:58:04.356861Z","level":"info","event":"\tat org.apache.spark.sql.execution.datasources.FileScanRDD$$anon$1.hasNext(FileScanRDD.scala:129)","logger":"airflow.task.operators.airflow.providers.docker.operators.docker.DockerOperator","filename":"docker.py","lineno":71}
{"timestamp":"2026-05-20T22:58:04.356936Z","level":"info","event":"\tat scala.collection.Iterator$$anon$10.hasNext(Iterator.scala:460)","logger":"airflow.task.operators.airflow.providers.docker.operators.docker.DockerOperator","filename":"docker.py","lineno":71}
{"timestamp":"2026-05-20T22:58:04.356974Z","level":"info","event":"\tat org.apache.spark.sql.catalyst.expressions.GeneratedClass$GeneratedIteratorForCodegenStage1.processNext(Unknown Source)","logger":"airflow.task.operators.airflow.providers.docker.operators.docker.DockerOperator","filename":"docker.py","lineno":71}
{"timestamp":"2026-05-20T22:58:04.357007Z","level":"info","event":"\tat org.apache.spark.sql.execution.BufferedRowIterator.hasNext(BufferedRowIterator.java:43)","logger":"airflow.task.operators.airflow.providers.docker.operators.docker.DockerOperator","filename":"docker.py","lineno":71}
{"timestamp":"2026-05-20T22:58:04.357038Z","level":"info","event":"\tat org.apache.spark.sql.execution.WholeStageCodegenEvaluatorFactory$WholeStageCodegenPartitionEvaluator$$anon$1.hasNext(WholeStageCodegenEvaluatorFactory.scala:43)","logger":"airflow.task.operators.airflow.providers.docker.operators.docker.DockerOperator","filename":"docker.py","lineno":71}
{"timestamp":"2026-05-20T22:58:04.357070Z","level":"info","event":"\tat org.apache.spark.sql.execution.SparkPlan.$anonfun$getByteArrayRdd$1(SparkPlan.scala:388)","logger":"airflow.task.operators.airflow.providers.docker.operators.docker.DockerOperator","filename":"docker.py","lineno":71}
{"timestamp":"2026-05-20T22:58:04.357099Z","level":"info","event":"\tat org.apache.spark.rdd.RDD.$anonfun$mapPartitionsInternal$2(RDD.scala:890)","logger":"airflow.task.operators.airflow.providers.docker.operators.docker.DockerOperator","filename":"docker.py","lineno":71}
{"timestamp":"2026-05-20T22:58:04.357128Z","level":"info","event":"\tat org.apache.spark.rdd.RDD.$anonfun$mapPartitionsInternal$2$adapted(RDD.scala:890)","logger":"airflow.task.operators.airflow.providers.docker.operators.docker.DockerOperator","filename":"docker.py","lineno":71}
{"timestamp":"2026-05-20T22:58:04.357157Z","level":"info","event":"\tat org.apache.spark.rdd.MapPartitionsRDD.compute(MapPartitionsRDD.scala:52)","logger":"airflow.task.operators.airflow.providers.docker.operators.docker.DockerOperator","filename":"docker.py","lineno":71}
{"timestamp":"2026-05-20T22:58:04.357185Z","level":"info","event":"\tat org.apache.spark.rdd.RDD.computeOrReadCheckpoint(RDD.scala:364)","logger":"airflow.task.operators.airflow.providers.docker.operators.docker.DockerOperator","filename":"docker.py","lineno":71}
{"timestamp":"2026-05-20T22:58:04.357213Z","level":"info","event":"\tat org.apache.spark.rdd.RDD.iterator(RDD.scala:328)","logger":"airflow.task.operators.airflow.providers.docker.operators.docker.DockerOperator","filename":"docker.py","lineno":71}
{"timestamp":"2026-05-20T22:58:04.357241Z","level":"info","event":"\tat org.apache.spark.scheduler.ResultTask.runTask(ResultTask.scala:93)","logger":"airflow.task.operators.airflow.providers.docker.operators.docker.DockerOperator","filename":"docker.py","lineno":71}
{"timestamp":"2026-05-20T22:58:04.357268Z","level":"info","event":"\tat org.apache.spark.TaskContext.runTaskWithListeners(TaskContext.scala:161)","logger":"airflow.task.operators.airflow.providers.docker.operators.docker.DockerOperator","filename":"docker.py","lineno":71}
{"timestamp":"2026-05-20T22:58:04.357296Z","level":"info","event":"\tat org.apache.spark.scheduler.Task.run(Task.scala:141)","logger":"airflow.task.operators.airflow.providers.docker.operators.docker.DockerOperator","filename":"docker.py","lineno":71}
{"timestamp":"2026-05-20T22:58:04.357325Z","level":"info","event":"\tat org.apache.spark.executor.Executor$TaskRunner.$anonfun$run$4(Executor.scala:620)","logger":"airflow.task.operators.airflow.providers.docker.operators.docker.DockerOperator","filename":"docker.py","lineno":71}
{"timestamp":"2026-05-20T22:58:04.357352Z","level":"info","event":"\tat org.apache.spark.util.SparkErrorUtils.tryWithSafeFinally(SparkErrorUtils.scala:64)","logger":"airflow.task.operators.airflow.providers.docker.operators.docker.DockerOperator","filename":"docker.py","lineno":71}
{"timestamp":"2026-05-20T22:58:04.357381Z","level":"info","event":"\tat org.apache.spark.util.SparkErrorUtils.tryWithSafeFinally$(SparkErrorUtils.scala:61)","logger":"airflow.task.operators.airflow.providers.docker.operators.docker.DockerOperator","filename":"docker.py","lineno":71}
{"timestamp":"2026-05-20T22:58:04.357415Z","level":"info","event":"\tat org.apache.spark.util.Utils$.tryWithSafeFinally(Utils.scala:94)","logger":"airflow.task.operators.airflow.providers.docker.operators.docker.DockerOperator","filename":"docker.py","lineno":71}
{"timestamp":"2026-05-20T22:58:04.357446Z","level":"info","event":"\tat org.apache.spark.executor.Executor$TaskRunner.run(Executor.scala:623)","logger":"airflow.task.operators.airflow.providers.docker.operators.docker.DockerOperator","filename":"docker.py","lineno":71}
{"timestamp":"2026-05-20T22:58:04.357474Z","level":"info","event":"\tat java.base/java.util.concurrent.ThreadPoolExecutor.runWorker(Unknown Source)","logger":"airflow.task.operators.airflow.providers.docker.operators.docker.DockerOperator","filename":"docker.py","lineno":71}
{"timestamp":"2026-05-20T22:58:04.357502Z","level":"info","event":"\tat java.base/java.util.concurrent.ThreadPoolExecutor$Worker.run(Unknown Source)","logger":"airflow.task.operators.airflow.providers.docker.operators.docker.DockerOperator","filename":"docker.py","lineno":71}
{"timestamp":"2026-05-20T22:58:04.357530Z","level":"info","event":"\tat java.base/java.lang.Thread.run(Unknown Source)","logger":"airflow.task.operators.airflow.providers.docker.operators.docker.DockerOperator","filename":"docker.py","lineno":71}
{"timestamp":"2026-05-20T22:58:04.357558Z","level":"info","event":"Caused by: java.lang.ClassNotFoundException: Class org.apache.hadoop.fs.s3a.S3AFileSystem not found","logger":"airflow.task.operators.airflow.providers.docker.operators.docker.DockerOperator","filename":"docker.py","lineno":71}
{"timestamp":"2026-05-20T22:58:04.357586Z","level":"info","event":"\tat org.apache.hadoop.conf.Configuration.getClassByName(Configuration.java:2592)","logger":"airflow.task.operators.airflow.providers.docker.operators.docker.DockerOperator","filename":"docker.py","lineno":71}
{"timestamp":"2026-05-20T22:58:04.357613Z","level":"info","event":"\tat org.apache.hadoop.conf.Configuration.getClass(Configuration.java:2686)","logger":"airflow.task.operators.airflow.providers.docker.operators.docker.DockerOperator","filename":"docker.py","lineno":71}
{"timestamp":"2026-05-20T22:58:04.357640Z","level":"info","event":"\t... 37 more","logger":"airflow.task.operators.airflow.providers.docker.operators.docker.DockerOperator","filename":"docker.py","lineno":71}
{"timestamp":"2026-05-20T22:58:04.357668Z","level":"info","event":"","logger":"airflow.task.operators.airflow.providers.docker.operators.docker.DockerOperator","filename":"docker.py","lineno":71}
{"timestamp":"2026-05-20T22:58:04.358098Z","level":"info","event":"26/05/20 22:58:04 INFO TaskSetManager: Starting task 0.1 in stage 2.0 (TID 7) (172.20.0.21, executor 1, partition 0, PROCESS_LOCAL, 8319 bytes)","logger":"airflow.task.operators.airflow.providers.docker.operators.docker.DockerOperator","filename":"docker.py","lineno":71}
{"timestamp":"2026-05-20T22:58:04.363142Z","level":"info","event":"26/05/20 22:58:04 INFO TaskSetManager: Starting task 0.1 in stage 4.0 (TID 8) (172.20.0.21, executor 1, partition 0, PROCESS_LOCAL, 8323 bytes)","logger":"airflow.task.operators.airflow.providers.docker.operators.docker.DockerOperator","filename":"docker.py","lineno":71}
{"timestamp":"2026-05-20T22:58:04.489278Z","level":"info","event":"26/05/20 22:58:04 INFO TaskSetManager: Lost task 0.1 in stage 2.0 (TID 7) on 172.20.0.21, executor 1: java.lang.RuntimeException (java.lang.ClassNotFoundException: Class org.apache.hadoop.fs.s3a.S3AFileSystem not found) [duplicate 1]","logger":"airflow.task.operators.airflow.providers.docker.operators.docker.DockerOperator","filename":"docker.py","lineno":71}
{"timestamp":"2026-05-20T22:58:04.502285Z","level":"info","event":"26/05/20 22:58:04 INFO TaskSetManager: Starting task 0.2 in stage 2.0 (TID 9) (172.20.0.21, executor 1, partition 0, PROCESS_LOCAL, 8319 bytes)","logger":"airflow.task.operators.airflow.providers.docker.operators.docker.DockerOperator","filename":"docker.py","lineno":71}
{"timestamp":"2026-05-20T22:58:04.531069Z","level":"info","event":"26/05/20 22:58:04 INFO TaskSetManager: Lost task 0.1 in stage 4.0 (TID 8) on 172.20.0.21, executor 1: java.lang.RuntimeException (java.lang.ClassNotFoundException: Class org.apache.hadoop.fs.s3a.S3AFileSystem not found) [duplicate 1]","logger":"airflow.task.operators.airflow.providers.docker.operators.docker.DockerOperator","filename":"docker.py","lineno":71}
{"timestamp":"2026-05-20T22:58:04.535734Z","level":"info","event":"26/05/20 22:58:04 INFO TaskSetManager: Starting task 0.2 in stage 4.0 (TID 10) (172.20.0.21, executor 1, partition 0, PROCESS_LOCAL, 8323 bytes)","logger":"airflow.task.operators.airflow.providers.docker.operators.docker.DockerOperator","filename":"docker.py","lineno":71}
{"timestamp":"2026-05-20T22:58:04.602015Z","level":"info","event":"26/05/20 22:58:04 INFO TaskSetManager: Lost task 0.2 in stage 2.0 (TID 9) on 172.20.0.21, executor 1: java.lang.RuntimeException (java.lang.ClassNotFoundException: Class org.apache.hadoop.fs.s3a.S3AFileSystem not found) [duplicate 2]","logger":"airflow.task.operators.airflow.providers.docker.operators.docker.DockerOperator","filename":"docker.py","lineno":71}
{"timestamp":"2026-05-20T22:58:04.607848Z","level":"info","event":"26/05/20 22:58:04 INFO TaskSetManager: Starting task 0.3 in stage 2.0 (TID 11) (172.20.0.20, executor 0, partition 0, PROCESS_LOCAL, 8319 bytes)","logger":"airflow.task.operators.airflow.providers.docker.operators.docker.DockerOperator","filename":"docker.py","lineno":71}
{"timestamp":"2026-05-20T22:58:04.622355Z","level":"info","event":"26/05/20 22:58:04 INFO TaskSetManager: Lost task 0.2 in stage 4.0 (TID 10) on 172.20.0.21, executor 1: java.lang.RuntimeException (java.lang.ClassNotFoundException: Class org.apache.hadoop.fs.s3a.S3AFileSystem not found) [duplicate 2]","logger":"airflow.task.operators.airflow.providers.docker.operators.docker.DockerOperator","filename":"docker.py","lineno":71}
{"timestamp":"2026-05-20T22:58:04.623884Z","level":"info","event":"26/05/20 22:58:04 INFO TaskSetManager: Starting task 0.3 in stage 4.0 (TID 12) (172.20.0.21, executor 1, partition 0, PROCESS_LOCAL, 8323 bytes)","logger":"airflow.task.operators.airflow.providers.docker.operators.docker.DockerOperator","filename":"docker.py","lineno":71}
{"timestamp":"2026-05-20T22:58:04.679098Z","level":"info","event":"26/05/20 22:58:04 INFO BlockManagerInfo: Added broadcast_9_piece0 in memory on 172.20.0.20:36959 (size: 13.7 KiB, free: 434.1 MiB)","logger":"airflow.task.operators.airflow.providers.docker.operators.docker.DockerOperator","filename":"docker.py","lineno":71}
{"timestamp":"2026-05-20T22:58:04.704352Z","level":"info","event":"26/05/20 22:58:04 INFO TaskSetManager: Lost task 0.3 in stage 4.0 (TID 12) on 172.20.0.21, executor 1: java.lang.RuntimeException (java.lang.ClassNotFoundException: Class org.apache.hadoop.fs.s3a.S3AFileSystem not found) [duplicate 3]","logger":"airflow.task.operators.airflow.providers.docker.operators.docker.DockerOperator","filename":"docker.py","lineno":71}
{"timestamp":"2026-05-20T22:58:04.706546Z","level":"info","event":"26/05/20 22:58:04 ERROR TaskSetManager: Task 0 in stage 4.0 failed 4 times; aborting job","logger":"airflow.task.operators.airflow.providers.docker.operators.docker.DockerOperator","filename":"docker.py","lineno":71}
{"timestamp":"2026-05-20T22:58:04.715147Z","level":"info","event":"26/05/20 22:58:04 INFO TaskSchedulerImpl: Removed TaskSet 4.0, whose tasks have all completed, from pool","logger":"airflow.task.operators.airflow.providers.docker.operators.docker.DockerOperator","filename":"docker.py","lineno":71}
{"timestamp":"2026-05-20T22:58:04.723200Z","level":"info","event":"26/05/20 22:58:04 WARN TaskSetManager: Lost task 0.0 in stage 3.0 (TID 3) (172.20.0.20 executor 0): java.lang.RuntimeException: java.lang.ClassNotFoundException: Class org.apache.hadoop.fs.s3a.S3AFileSystem not found","logger":"airflow.task.operators.airflow.providers.docker.operators.docker.DockerOperator","filename":"docker.py","lineno":71}
{"timestamp":"2026-05-20T22:58:04.723486Z","level":"info","event":"\tat org.apache.hadoop.conf.Configuration.getClass(Configuration.java:2688)","logger":"airflow.task.operators.airflow.providers.docker.operators.docker.DockerOperator","filename":"docker.py","lineno":71}
{"timestamp":"2026-05-20T22:58:04.723580Z","level":"info","event":"\tat org.apache.hadoop.fs.FileSystem.getFileSystemClass(FileSystem.java:3431)","logger":"airflow.task.operators.airflow.providers.docker.operators.docker.DockerOperator","filename":"docker.py","lineno":71}
{"timestamp":"2026-05-20T22:58:04.723654Z","level":"info","event":"\tat org.apache.hadoop.fs.FileSystem.createFileSystem(FileSystem.java:3466)","logger":"airflow.task.operators.airflow.providers.docker.operators.docker.DockerOperator","filename":"docker.py","lineno":71}
{"timestamp":"2026-05-20T22:58:04.723726Z","level":"info","event":"\tat org.apache.hadoop.fs.FileSystem.access$300(FileSystem.java:174)","logger":"airflow.task.operators.airflow.providers.docker.operators.docker.DockerOperator","filename":"docker.py","lineno":71}
{"timestamp":"2026-05-20T22:58:04.723899Z","level":"info","event":"\tat org.apache.hadoop.fs.FileSystem$Cache.getInternal(FileSystem.java:3574)","logger":"airflow.task.operators.airflow.providers.docker.operators.docker.DockerOperator","filename":"docker.py","lineno":71}
{"timestamp":"2026-05-20T22:58:04.723978Z","level":"info","event":"\tat org.apache.hadoop.fs.FileSystem$Cache.get(FileSystem.java:3521)","logger":"airflow.task.operators.airflow.providers.docker.operators.docker.DockerOperator","filename":"docker.py","lineno":71}
{"timestamp":"2026-05-20T22:58:04.724043Z","level":"info","event":"\tat org.apache.hadoop.fs.FileSystem.get(FileSystem.java:540)","logger":"airflow.task.operators.airflow.providers.docker.operators.docker.DockerOperator","filename":"docker.py","lineno":71}
{"timestamp":"2026-05-20T22:58:04.724102Z","level":"info","event":"\tat org.apache.hadoop.fs.Path.getFileSystem(Path.java:365)","logger":"airflow.task.operators.airflow.providers.docker.operators.docker.DockerOperator","filename":"docker.py","lineno":71}
{"timestamp":"2026-05-20T22:58:04.724156Z","level":"info","event":"\tat org.apache.hadoop.mapreduce.lib.input.LineRecordReader.initialize(LineRecordReader.java:88)","logger":"airflow.task.operators.airflow.providers.docker.operators.docker.DockerOperator","filename":"docker.py","lineno":71}
{"timestamp":"2026-05-20T22:58:04.724210Z","level":"info","event":"\tat org.apache.spark.sql.execution.datasources.HadoopFileLinesReader.<init>(HadoopFileLinesReader.scala:63)","logger":"airflow.task.operators.airflow.providers.docker.operators.docker.DockerOperator","filename":"docker.py","lineno":71}
{"timestamp":"2026-05-20T22:58:04.724276Z","level":"info","event":"\tat org.apache.spark.sql.execution.datasources.json.TextInputJsonDataSource$.readFile(JsonDataSource.scala:132)","logger":"airflow.task.operators.airflow.providers.docker.operators.docker.DockerOperator","filename":"docker.py","lineno":71}
{"timestamp":"2026-05-20T22:58:04.724345Z","level":"info","event":"\tat org.apache.spark.sql.execution.datasources.json.JsonFileFormat.$anonfun$buildReader$2(JsonFileFormat.scala:126)","logger":"airflow.task.operators.airflow.providers.docker.operators.docker.DockerOperator","filename":"docker.py","lineno":71}
{"timestamp":"2026-05-20T22:58:04.724409Z","level":"info","event":"\tat org.apache.spark.sql.execution.datasources.FileFormat$$anon$1.apply(FileFormat.scala:160)","logger":"airflow.task.operators.airflow.providers.docker.operators.docker.DockerOperator","filename":"docker.py","lineno":71}
{"timestamp":"2026-05-20T22:58:04.724477Z","level":"info","event":"\tat org.apache.spark.sql.execution.datasources.FileFormat$$anon$1.apply(FileFormat.scala:140)","logger":"airflow.task.operators.airflow.providers.docker.operators.docker.DockerOperator","filename":"docker.py","lineno":71}
{"timestamp":"2026-05-20T22:58:04.724553Z","level":"info","event":"\tat org.apache.spark.sql.execution.datasources.FileScanRDD$$anon$1.org$apache$spark$sql$execution$datasources$FileScanRDD$$anon$$readCurrentFile(FileScanRDD.scala:217)","logger":"airflow.task.operators.airflow.providers.docker.operators.docker.DockerOperator","filename":"docker.py","lineno":71}
{"timestamp":"2026-05-20T22:58:04.724625Z","level":"info","event":"\tat org.apache.spark.sql.execution.datasources.FileScanRDD$$anon$1.nextIterator(FileScanRDD.scala:279)","logger":"airflow.task.operators.airflow.providers.docker.operators.docker.DockerOperator","filename":"docker.py","lineno":71}
{"timestamp":"2026-05-20T22:58:04.724694Z","level":"info","event":"\tat org.apache.spark.sql.execution.datasources.FileScanRDD$$anon$1.hasNext(FileScanRDD.scala:129)","logger":"airflow.task.operators.airflow.providers.docker.operators.docker.DockerOperator","filename":"docker.py","lineno":71}
{"timestamp":"2026-05-20T22:58:04.724768Z","level":"info","event":"\tat scala.collection.Iterator$$anon$10.hasNext(Iterator.scala:460)","logger":"airflow.task.operators.airflow.providers.docker.operators.docker.DockerOperator","filename":"docker.py","lineno":71}
{"timestamp":"2026-05-20T22:58:04.724857Z","level":"info","event":"\tat org.apache.spark.sql.catalyst.expressions.GeneratedClass$GeneratedIteratorForCodegenStage1.processNext(Unknown Source)","logger":"airflow.task.operators.airflow.providers.docker.operators.docker.DockerOperator","filename":"docker.py","lineno":71}
{"timestamp":"2026-05-20T22:58:04.724936Z","level":"info","event":"\tat org.apache.spark.sql.execution.BufferedRowIterator.hasNext(BufferedRowIterator.java:43)","logger":"airflow.task.operators.airflow.providers.docker.operators.docker.DockerOperator","filename":"docker.py","lineno":71}
{"timestamp":"2026-05-20T22:58:04.725012Z","level":"info","event":"\tat org.apache.spark.sql.execution.WholeStageCodegenEvaluatorFactory$WholeStageCodegenPartitionEvaluator$$anon$1.hasNext(WholeStageCodegenEvaluatorFactory.scala:43)","logger":"airflow.task.operators.airflow.providers.docker.operators.docker.DockerOperator","filename":"docker.py","lineno":71}
{"timestamp":"2026-05-20T22:58:04.725085Z","level":"info","event":"\tat org.apache.spark.sql.execution.SparkPlan.$anonfun$getByteArrayRdd$1(SparkPlan.scala:388)","logger":"airflow.task.operators.airflow.providers.docker.operators.docker.DockerOperator","filename":"docker.py","lineno":71}
{"timestamp":"2026-05-20T22:58:04.725155Z","level":"info","event":"\tat org.apache.spark.rdd.RDD.$anonfun$mapPartitionsInternal$2(RDD.scala:890)","logger":"airflow.task.operators.airflow.providers.docker.operators.docker.DockerOperator","filename":"docker.py","lineno":71}
{"timestamp":"2026-05-20T22:58:04.725229Z","level":"info","event":"\tat org.apache.spark.rdd.RDD.$anonfun$mapPartitionsInternal$2$adapted(RDD.scala:890)","logger":"airflow.task.operators.airflow.providers.docker.operators.docker.DockerOperator","filename":"docker.py","lineno":71}
{"timestamp":"2026-05-20T22:58:04.725301Z","level":"info","event":"\tat org.apache.spark.rdd.MapPartitionsRDD.compute(MapPartitionsRDD.scala:52)","logger":"airflow.task.operators.airflow.providers.docker.operators.docker.DockerOperator","filename":"docker.py","lineno":71}
{"timestamp":"2026-05-20T22:58:04.725367Z","level":"info","event":"\tat org.apache.spark.rdd.RDD.computeOrReadCheckpoint(RDD.scala:364)","logger":"airflow.task.operators.airflow.providers.docker.operators.docker.DockerOperator","filename":"docker.py","lineno":71}
{"timestamp":"2026-05-20T22:58:04.725420Z","level":"info","event":"\tat org.apache.spark.rdd.RDD.iterator(RDD.scala:328)","logger":"airflow.task.operators.airflow.providers.docker.operators.docker.DockerOperator","filename":"docker.py","lineno":71}
{"timestamp":"2026-05-20T22:58:04.725492Z","level":"info","event":"\tat org.apache.spark.scheduler.ResultTask.runTask(ResultTask.scala:93)","logger":"airflow.task.operators.airflow.providers.docker.operators.docker.DockerOperator","filename":"docker.py","lineno":71}
{"timestamp":"2026-05-20T22:58:04.725559Z","level":"info","event":"\tat org.apache.spark.TaskContext.runTaskWithListeners(TaskContext.scala:161)","logger":"airflow.task.operators.airflow.providers.docker.operators.docker.DockerOperator","filename":"docker.py","lineno":71}
{"timestamp":"2026-05-20T22:58:04.725623Z","level":"info","event":"\tat org.apache.spark.scheduler.Task.run(Task.scala:141)","logger":"airflow.task.operators.airflow.providers.docker.operators.docker.DockerOperator","filename":"docker.py","lineno":71}
{"timestamp":"2026-05-20T22:58:04.725681Z","level":"info","event":"\tat org.apache.spark.executor.Executor$TaskRunner.$anonfun$run$4(Executor.scala:620)","logger":"airflow.task.operators.airflow.providers.docker.operators.docker.DockerOperator","filename":"docker.py","lineno":71}
{"timestamp":"2026-05-20T22:58:04.725736Z","level":"info","event":"\tat org.apache.spark.util.SparkErrorUtils.tryWithSafeFinally(SparkErrorUtils.scala:64)","logger":"airflow.task.operators.airflow.providers.docker.operators.docker.DockerOperator","filename":"docker.py","lineno":71}
{"timestamp":"2026-05-20T22:58:04.725788Z","level":"info","event":"\tat org.apache.spark.util.SparkErrorUtils.tryWithSafeFinally$(SparkErrorUtils.scala:61)","logger":"airflow.task.operators.airflow.providers.docker.operators.docker.DockerOperator","filename":"docker.py","lineno":71}
{"timestamp":"2026-05-20T22:58:04.725871Z","level":"info","event":"\tat org.apache.spark.util.Utils$.tryWithSafeFinally(Utils.scala:94)","logger":"airflow.task.operators.airflow.providers.docker.operators.docker.DockerOperator","filename":"docker.py","lineno":71}
{"timestamp":"2026-05-20T22:58:04.725942Z","level":"info","event":"\tat org.apache.spark.executor.Executor$TaskRunner.run(Executor.scala:623)","logger":"airflow.task.operators.airflow.providers.docker.operators.docker.DockerOperator","filename":"docker.py","lineno":71}
{"timestamp":"2026-05-20T22:58:04.726011Z","level":"info","event":"\tat java.base/java.util.concurrent.ThreadPoolExecutor.runWorker(Unknown Source)","logger":"airflow.task.operators.airflow.providers.docker.operators.docker.DockerOperator","filename":"docker.py","lineno":71}
{"timestamp":"2026-05-20T22:58:04.726067Z","level":"info","event":"\tat java.base/java.util.concurrent.ThreadPoolExecutor$Worker.run(Unknown Source)","logger":"airflow.task.operators.airflow.providers.docker.operators.docker.DockerOperator","filename":"docker.py","lineno":71}
{"timestamp":"2026-05-20T22:58:04.726118Z","level":"info","event":"\tat java.base/java.lang.Thread.run(Unknown Source)","logger":"airflow.task.operators.airflow.providers.docker.operators.docker.DockerOperator","filename":"docker.py","lineno":71}
{"timestamp":"2026-05-20T22:58:04.726170Z","level":"info","event":"Caused by: java.lang.ClassNotFoundException: Class org.apache.hadoop.fs.s3a.S3AFileSystem not found","logger":"airflow.task.operators.airflow.providers.docker.operators.docker.DockerOperator","filename":"docker.py","lineno":71}
{"timestamp":"2026-05-20T22:58:04.726230Z","level":"info","event":"\tat org.apache.hadoop.conf.Configuration.getClassByName(Configuration.java:2592)","logger":"airflow.task.operators.airflow.providers.docker.operators.docker.DockerOperator","filename":"docker.py","lineno":71}
{"timestamp":"2026-05-20T22:58:04.726291Z","level":"info","event":"\tat org.apache.hadoop.conf.Configuration.getClass(Configuration.java:2686)","logger":"airflow.task.operators.airflow.providers.docker.operators.docker.DockerOperator","filename":"docker.py","lineno":71}
{"timestamp":"2026-05-20T22:58:04.726349Z","level":"info","event":"\t... 37 more","logger":"airflow.task.operators.airflow.providers.docker.operators.docker.DockerOperator","filename":"docker.py","lineno":71}
{"timestamp":"2026-05-20T22:58:04.726488Z","level":"info","event":"","logger":"airflow.task.operators.airflow.providers.docker.operators.docker.DockerOperator","filename":"docker.py","lineno":71}
{"timestamp":"2026-05-20T22:58:04.727184Z","level":"info","event":"26/05/20 22:58:04 WARN TaskSetManager: Lost task 0.0 in stage 5.0 (TID 5) (172.20.0.20 executor 0): java.lang.RuntimeException: java.lang.ClassNotFoundException: Class org.apache.hadoop.fs.s3a.S3AFileSystem not found","logger":"airflow.task.operators.airflow.providers.docker.operators.docker.DockerOperator","filename":"docker.py","lineno":71}
{"timestamp":"2026-05-20T22:58:04.727286Z","level":"info","event":"\tat org.apache.hadoop.conf.Configuration.getClass(Configuration.java:2688)","logger":"airflow.task.operators.airflow.providers.docker.operators.docker.DockerOperator","filename":"docker.py","lineno":71}
{"timestamp":"2026-05-20T22:58:04.727365Z","level":"info","event":"\tat org.apache.hadoop.fs.FileSystem.getFileSystemClass(FileSystem.java:3431)","logger":"airflow.task.operators.airflow.providers.docker.operators.docker.DockerOperator","filename":"docker.py","lineno":71}
{"timestamp":"2026-05-20T22:58:04.727434Z","level":"info","event":"\tat org.apache.hadoop.fs.FileSystem.createFileSystem(FileSystem.java:3466)","logger":"airflow.task.operators.airflow.providers.docker.operators.docker.DockerOperator","filename":"docker.py","lineno":71}
{"timestamp":"2026-05-20T22:58:04.727512Z","level":"info","event":"\tat org.apache.hadoop.fs.FileSystem.access$300(FileSystem.java:174)","logger":"airflow.task.operators.airflow.providers.docker.operators.docker.DockerOperator","filename":"docker.py","lineno":71}
{"timestamp":"2026-05-20T22:58:04.727576Z","level":"info","event":"\tat org.apache.hadoop.fs.FileSystem$Cache.getInternal(FileSystem.java:3574)","logger":"airflow.task.operators.airflow.providers.docker.operators.docker.DockerOperator","filename":"docker.py","lineno":71}
{"timestamp":"2026-05-20T22:58:04.727639Z","level":"info","event":"\tat org.apache.hadoop.fs.FileSystem$Cache.get(FileSystem.java:3521)","logger":"airflow.task.operators.airflow.providers.docker.operators.docker.DockerOperator","filename":"docker.py","lineno":71}
{"timestamp":"2026-05-20T22:58:04.727705Z","level":"info","event":"\tat org.apache.hadoop.fs.FileSystem.get(FileSystem.java:540)","logger":"airflow.task.operators.airflow.providers.docker.operators.docker.DockerOperator","filename":"docker.py","lineno":71}
{"timestamp":"2026-05-20T22:58:04.727773Z","level":"info","event":"\tat org.apache.hadoop.fs.Path.getFileSystem(Path.java:365)","logger":"airflow.task.operators.airflow.providers.docker.operators.docker.DockerOperator","filename":"docker.py","lineno":71}
{"timestamp":"2026-05-20T22:58:04.727864Z","level":"info","event":"\tat org.apache.hadoop.mapreduce.lib.input.LineRecordReader.initialize(LineRecordReader.java:88)","logger":"airflow.task.operators.airflow.providers.docker.operators.docker.DockerOperator","filename":"docker.py","lineno":71}
{"timestamp":"2026-05-20T22:58:04.727928Z","level":"info","event":"\tat org.apache.spark.sql.execution.datasources.HadoopFileLinesReader.<init>(HadoopFileLinesReader.scala:63)","logger":"airflow.task.operators.airflow.providers.docker.operators.docker.DockerOperator","filename":"docker.py","lineno":71}
{"timestamp":"2026-05-20T22:58:04.727998Z","level":"info","event":"\tat org.apache.spark.sql.execution.datasources.json.TextInputJsonDataSource$.readFile(JsonDataSource.scala:132)","logger":"airflow.task.operators.airflow.providers.docker.operators.docker.DockerOperator","filename":"docker.py","lineno":71}
{"timestamp":"2026-05-20T22:58:04.728061Z","level":"info","event":"\tat org.apache.spark.sql.execution.datasources.json.JsonFileFormat.$anonfun$buildReader$2(JsonFileFormat.scala:126)","logger":"airflow.task.operators.airflow.providers.docker.operators.docker.DockerOperator","filename":"docker.py","lineno":71}
{"timestamp":"2026-05-20T22:58:04.728119Z","level":"info","event":"\tat org.apache.spark.sql.execution.datasources.FileFormat$$anon$1.apply(FileFormat.scala:160)","logger":"airflow.task.operators.airflow.providers.docker.operators.docker.DockerOperator","filename":"docker.py","lineno":71}
{"timestamp":"2026-05-20T22:58:04.728185Z","level":"info","event":"\tat org.apache.spark.sql.execution.datasources.FileFormat$$anon$1.apply(FileFormat.scala:140)","logger":"airflow.task.operators.airflow.providers.docker.operators.docker.DockerOperator","filename":"docker.py","lineno":71}
{"timestamp":"2026-05-20T22:58:04.728247Z","level":"info","event":"\tat org.apache.spark.sql.execution.datasources.FileScanRDD$$anon$1.org$apache$spark$sql$execution$datasources$FileScanRDD$$anon$$readCurrentFile(FileScanRDD.scala:217)","logger":"airflow.task.operators.airflow.providers.docker.operators.docker.DockerOperator","filename":"docker.py","lineno":71}
{"timestamp":"2026-05-20T22:58:04.728304Z","level":"info","event":"\tat org.apache.spark.sql.execution.datasources.FileScanRDD$$anon$1.nextIterator(FileScanRDD.scala:279)","logger":"airflow.task.operators.airflow.providers.docker.operators.docker.DockerOperator","filename":"docker.py","lineno":71}
{"timestamp":"2026-05-20T22:58:04.728357Z","level":"info","event":"\tat org.apache.spark.sql.execution.datasources.FileScanRDD$$anon$1.hasNext(FileScanRDD.scala:129)","logger":"airflow.task.operators.airflow.providers.docker.operators.docker.DockerOperator","filename":"docker.py","lineno":71}
{"timestamp":"2026-05-20T22:58:04.728420Z","level":"info","event":"\tat scala.collection.Iterator$$anon$10.hasNext(Iterator.scala:460)","logger":"airflow.task.operators.airflow.providers.docker.operators.docker.DockerOperator","filename":"docker.py","lineno":71}
{"timestamp":"2026-05-20T22:58:04.728490Z","level":"info","event":"\tat org.apache.spark.sql.catalyst.expressions.GeneratedClass$GeneratedIteratorForCodegenStage1.processNext(Unknown Source)","logger":"airflow.task.operators.airflow.providers.docker.operators.docker.DockerOperator","filename":"docker.py","lineno":71}
{"timestamp":"2026-05-20T22:58:04.728549Z","level":"info","event":"\tat org.apache.spark.sql.execution.BufferedRowIterator.hasNext(BufferedRowIterator.java:43)","logger":"airflow.task.operators.airflow.providers.docker.operators.docker.DockerOperator","filename":"docker.py","lineno":71}
{"timestamp":"2026-05-20T22:58:04.728609Z","level":"info","event":"\tat org.apache.spark.sql.execution.WholeStageCodegenEvaluatorFactory$WholeStageCodegenPartitionEvaluator$$anon$1.hasNext(WholeStageCodegenEvaluatorFactory.scala:43)","logger":"airflow.task.operators.airflow.providers.docker.operators.docker.DockerOperator","filename":"docker.py","lineno":71}
{"timestamp":"2026-05-20T22:58:04.728665Z","level":"info","event":"\tat org.apache.spark.sql.execution.SparkPlan.$anonfun$getByteArrayRdd$1(SparkPlan.scala:388)","logger":"airflow.task.operators.airflow.providers.docker.operators.docker.DockerOperator","filename":"docker.py","lineno":71}
{"timestamp":"2026-05-20T22:58:04.728715Z","level":"info","event":"\tat org.apache.spark.rdd.RDD.$anonfun$mapPartitionsInternal$2(RDD.scala:890)","logger":"airflow.task.operators.airflow.providers.docker.operators.docker.DockerOperator","filename":"docker.py","lineno":71}
{"timestamp":"2026-05-20T22:58:04.728763Z","level":"info","event":"\tat org.apache.spark.rdd.RDD.$anonfun$mapPartitionsInternal$2$adapted(RDD.scala:890)","logger":"airflow.task.operators.airflow.providers.docker.operators.docker.DockerOperator","filename":"docker.py","lineno":71}
{"timestamp":"2026-05-20T22:58:04.728813Z","level":"info","event":"\tat org.apache.spark.rdd.MapPartitionsRDD.compute(MapPartitionsRDD.scala:52)","logger":"airflow.task.operators.airflow.providers.docker.operators.docker.DockerOperator","filename":"docker.py","lineno":71}
{"timestamp":"2026-05-20T22:58:04.728894Z","level":"info","event":"\tat org.apache.spark.rdd.RDD.computeOrReadCheckpoint(RDD.scala:364)","logger":"airflow.task.operators.airflow.providers.docker.operators.docker.DockerOperator","filename":"docker.py","lineno":71}
{"timestamp":"2026-05-20T22:58:04.728952Z","level":"info","event":"\tat org.apache.spark.rdd.RDD.iterator(RDD.scala:328)","logger":"airflow.task.operators.airflow.providers.docker.operators.docker.DockerOperator","filename":"docker.py","lineno":71}
{"timestamp":"2026-05-20T22:58:04.729007Z","level":"info","event":"\tat org.apache.spark.scheduler.ResultTask.runTask(ResultTask.scala:93)","logger":"airflow.task.operators.airflow.providers.docker.operators.docker.DockerOperator","filename":"docker.py","lineno":71}
{"timestamp":"2026-05-20T22:58:04.729058Z","level":"info","event":"\tat org.apache.spark.TaskContext.runTaskWithListeners(TaskContext.scala:161)","logger":"airflow.task.operators.airflow.providers.docker.operators.docker.DockerOperator","filename":"docker.py","lineno":71}
{"timestamp":"2026-05-20T22:58:04.729108Z","level":"info","event":"\tat org.apache.spark.scheduler.Task.run(Task.scala:141)","logger":"airflow.task.operators.airflow.providers.docker.operators.docker.DockerOperator","filename":"docker.py","lineno":71}
{"timestamp":"2026-05-20T22:58:04.729156Z","level":"info","event":"\tat org.apache.spark.executor.Executor$TaskRunner.$anonfun$run$4(Executor.scala:620)","logger":"airflow.task.operators.airflow.providers.docker.operators.docker.DockerOperator","filename":"docker.py","lineno":71}
{"timestamp":"2026-05-20T22:58:04.729203Z","level":"info","event":"\tat org.apache.spark.util.SparkErrorUtils.tryWithSafeFinally(SparkErrorUtils.scala:64)","logger":"airflow.task.operators.airflow.providers.docker.operators.docker.DockerOperator","filename":"docker.py","lineno":71}
{"timestamp":"2026-05-20T22:58:04.729251Z","level":"info","event":"\tat org.apache.spark.util.SparkErrorUtils.tryWithSafeFinally$(SparkErrorUtils.scala:61)","logger":"airflow.task.operators.airflow.providers.docker.operators.docker.DockerOperator","filename":"docker.py","lineno":71}
{"timestamp":"2026-05-20T22:58:04.729298Z","level":"info","event":"\tat org.apache.spark.util.Utils$.tryWithSafeFinally(Utils.scala:94)","logger":"airflow.task.operators.airflow.providers.docker.operators.docker.DockerOperator","filename":"docker.py","lineno":71}
{"timestamp":"2026-05-20T22:58:04.729345Z","level":"info","event":"\tat org.apache.spark.executor.Executor$TaskRunner.run(Executor.scala:623)","logger":"airflow.task.operators.airflow.providers.docker.operators.docker.DockerOperator","filename":"docker.py","lineno":71}
{"timestamp":"2026-05-20T22:58:04.729393Z","level":"info","event":"\tat java.base/java.util.concurrent.ThreadPoolExecutor.runWorker(Unknown Source)","logger":"airflow.task.operators.airflow.providers.docker.operators.docker.DockerOperator","filename":"docker.py","lineno":71}
{"timestamp":"2026-05-20T22:58:04.729442Z","level":"info","event":"\tat java.base/java.util.concurrent.ThreadPoolExecutor$Worker.run(Unknown Source)","logger":"airflow.task.operators.airflow.providers.docker.operators.docker.DockerOperator","filename":"docker.py","lineno":71}
{"timestamp":"2026-05-20T22:58:04.729503Z","level":"info","event":"\tat java.base/java.lang.Thread.run(Unknown Source)","logger":"airflow.task.operators.airflow.providers.docker.operators.docker.DockerOperator","filename":"docker.py","lineno":71}
{"timestamp":"2026-05-20T22:58:04.729555Z","level":"info","event":"Caused by: java.lang.ClassNotFoundException: Class org.apache.hadoop.fs.s3a.S3AFileSystem not found","logger":"airflow.task.operators.airflow.providers.docker.operators.docker.DockerOperator","filename":"docker.py","lineno":71}
{"timestamp":"2026-05-20T22:58:04.729609Z","level":"info","event":"\tat org.apache.hadoop.conf.Configuration.getClassByName(Configuration.java:2592)","logger":"airflow.task.operators.airflow.providers.docker.operators.docker.DockerOperator","filename":"docker.py","lineno":71}
{"timestamp":"2026-05-20T22:58:04.729661Z","level":"info","event":"\tat org.apache.hadoop.conf.Configuration.getClass(Configuration.java:2686)","logger":"airflow.task.operators.airflow.providers.docker.operators.docker.DockerOperator","filename":"docker.py","lineno":71}
{"timestamp":"2026-05-20T22:58:04.729712Z","level":"info","event":"\t... 37 more","logger":"airflow.task.operators.airflow.providers.docker.operators.docker.DockerOperator","filename":"docker.py","lineno":71}
{"timestamp":"2026-05-20T22:58:04.729761Z","level":"info","event":"","logger":"airflow.task.operators.airflow.providers.docker.operators.docker.DockerOperator","filename":"docker.py","lineno":71}
{"timestamp":"2026-05-20T22:58:04.729955Z","level":"info","event":"26/05/20 22:58:04 WARN TaskSetManager: Lost task 0.0 in stage 1.0 (TID 1) (172.20.0.20 executor 0): java.lang.RuntimeException: java.lang.ClassNotFoundException: Class org.apache.hadoop.fs.s3a.S3AFileSystem not found","logger":"airflow.task.operators.airflow.providers.docker.operators.docker.DockerOperator","filename":"docker.py","lineno":71}
{"timestamp":"2026-05-20T22:58:04.730069Z","level":"info","event":"\tat org.apache.hadoop.conf.Configuration.getClass(Configuration.java:2688)","logger":"airflow.task.operators.airflow.providers.docker.operators.docker.DockerOperator","filename":"docker.py","lineno":71}
{"timestamp":"2026-05-20T22:58:04.730133Z","level":"info","event":"\tat org.apache.hadoop.fs.FileSystem.getFileSystemClass(FileSystem.java:3431)","logger":"airflow.task.operators.airflow.providers.docker.operators.docker.DockerOperator","filename":"docker.py","lineno":71}
{"timestamp":"2026-05-20T22:58:04.730188Z","level":"info","event":"\tat org.apache.hadoop.fs.FileSystem.createFileSystem(FileSystem.java:3466)","logger":"airflow.task.operators.airflow.providers.docker.operators.docker.DockerOperator","filename":"docker.py","lineno":71}
{"timestamp":"2026-05-20T22:58:04.730245Z","level":"info","event":"\tat org.apache.hadoop.fs.FileSystem.access$300(FileSystem.java:174)","logger":"airflow.task.operators.airflow.providers.docker.operators.docker.DockerOperator","filename":"docker.py","lineno":71}
{"timestamp":"2026-05-20T22:58:04.730296Z","level":"info","event":"\tat org.apache.hadoop.fs.FileSystem$Cache.getInternal(FileSystem.java:3574)","logger":"airflow.task.operators.airflow.providers.docker.operators.docker.DockerOperator","filename":"docker.py","lineno":71}
{"timestamp":"2026-05-20T22:58:04.730341Z","level":"info","event":"\tat org.apache.hadoop.fs.FileSystem$Cache.get(FileSystem.java:3521)","logger":"airflow.task.operators.airflow.providers.docker.operators.docker.DockerOperator","filename":"docker.py","lineno":71}
{"timestamp":"2026-05-20T22:58:04.730388Z","level":"info","event":"\tat org.apache.hadoop.fs.FileSystem.get(FileSystem.java:540)","logger":"airflow.task.operators.airflow.providers.docker.operators.docker.DockerOperator","filename":"docker.py","lineno":71}
{"timestamp":"2026-05-20T22:58:04.730436Z","level":"info","event":"\tat org.apache.hadoop.fs.Path.getFileSystem(Path.java:365)","logger":"airflow.task.operators.airflow.providers.docker.operators.docker.DockerOperator","filename":"docker.py","lineno":71}
{"timestamp":"2026-05-20T22:58:04.730493Z","level":"info","event":"\tat org.apache.hadoop.mapreduce.lib.input.LineRecordReader.initialize(LineRecordReader.java:88)","logger":"airflow.task.operators.airflow.providers.docker.operators.docker.DockerOperator","filename":"docker.py","lineno":71}
{"timestamp":"2026-05-20T22:58:04.730545Z","level":"info","event":"\tat org.apache.spark.sql.execution.datasources.HadoopFileLinesReader.<init>(HadoopFileLinesReader.scala:63)","logger":"airflow.task.operators.airflow.providers.docker.operators.docker.DockerOperator","filename":"docker.py","lineno":71}
{"timestamp":"2026-05-20T22:58:04.730602Z","level":"info","event":"\tat org.apache.spark.sql.execution.datasources.json.TextInputJsonDataSource$.readFile(JsonDataSource.scala:132)","logger":"airflow.task.operators.airflow.providers.docker.operators.docker.DockerOperator","filename":"docker.py","lineno":71}
{"timestamp":"2026-05-20T22:58:04.730651Z","level":"info","event":"\tat org.apache.spark.sql.execution.datasources.json.JsonFileFormat.$anonfun$buildReader$2(JsonFileFormat.scala:126)","logger":"airflow.task.operators.airflow.providers.docker.operators.docker.DockerOperator","filename":"docker.py","lineno":71}
{"timestamp":"2026-05-20T22:58:04.730698Z","level":"info","event":"\tat org.apache.spark.sql.execution.datasources.FileFormat$$anon$1.apply(FileFormat.scala:160)","logger":"airflow.task.operators.airflow.providers.docker.operators.docker.DockerOperator","filename":"docker.py","lineno":71}
{"timestamp":"2026-05-20T22:58:04.730751Z","level":"info","event":"\tat org.apache.spark.sql.execution.datasources.FileFormat$$anon$1.apply(FileFormat.scala:140)","logger":"airflow.task.operators.airflow.providers.docker.operators.docker.DockerOperator","filename":"docker.py","lineno":71}
{"timestamp":"2026-05-20T22:58:04.730801Z","level":"info","event":"\tat org.apache.spark.sql.execution.datasources.FileScanRDD$$anon$1.org$apache$spark$sql$execution$datasources$FileScanRDD$$anon$$readCurrentFile(FileScanRDD.scala:217)","logger":"airflow.task.operators.airflow.providers.docker.operators.docker.DockerOperator","filename":"docker.py","lineno":71}
{"timestamp":"2026-05-20T22:58:04.730875Z","level":"info","event":"\tat org.apache.spark.sql.execution.datasources.FileScanRDD$$anon$1.nextIterator(FileScanRDD.scala:279)","logger":"airflow.task.operators.airflow.providers.docker.operators.docker.DockerOperator","filename":"docker.py","lineno":71}
{"timestamp":"2026-05-20T22:58:04.730973Z","level":"info","event":"\tat org.apache.spark.sql.execution.datasources.FileScanRDD$$anon$1.hasNext(FileScanRDD.scala:129)","logger":"airflow.task.operators.airflow.providers.docker.operators.docker.DockerOperator","filename":"docker.py","lineno":71}
{"timestamp":"2026-05-20T22:58:04.731033Z","level":"info","event":"\tat scala.collection.Iterator$$anon$10.hasNext(Iterator.scala:460)","logger":"airflow.task.operators.airflow.providers.docker.operators.docker.DockerOperator","filename":"docker.py","lineno":71}
{"timestamp":"2026-05-20T22:58:04.731083Z","level":"info","event":"\tat org.apache.spark.sql.catalyst.expressions.GeneratedClass$GeneratedIteratorForCodegenStage1.processNext(Unknown Source)","logger":"airflow.task.operators.airflow.providers.docker.operators.docker.DockerOperator","filename":"docker.py","lineno":71}
{"timestamp":"2026-05-20T22:58:04.731136Z","level":"info","event":"\tat org.apache.spark.sql.execution.BufferedRowIterator.hasNext(BufferedRowIterator.java:43)","logger":"airflow.task.operators.airflow.providers.docker.operators.docker.DockerOperator","filename":"docker.py","lineno":71}
{"timestamp":"2026-05-20T22:58:04.731190Z","level":"info","event":"\tat org.apache.spark.sql.execution.WholeStageCodegenEvaluatorFactory$WholeStageCodegenPartitionEvaluator$$anon$1.hasNext(WholeStageCodegenEvaluatorFactory.scala:43)","logger":"airflow.task.operators.airflow.providers.docker.operators.docker.DockerOperator","filename":"docker.py","lineno":71}
{"timestamp":"2026-05-20T22:58:04.731250Z","level":"info","event":"\tat org.apache.spark.sql.execution.SparkPlan.$anonfun$getByteArrayRdd$1(SparkPlan.scala:388)","logger":"airflow.task.operators.airflow.providers.docker.operators.docker.DockerOperator","filename":"docker.py","lineno":71}
{"timestamp":"2026-05-20T22:58:04.731310Z","level":"info","event":"\tat org.apache.spark.rdd.RDD.$anonfun$mapPartitionsInternal$2(RDD.scala:890)","logger":"airflow.task.operators.airflow.providers.docker.operators.docker.DockerOperator","filename":"docker.py","lineno":71}
{"timestamp":"2026-05-20T22:58:04.731365Z","level":"info","event":"\tat org.apache.spark.rdd.RDD.$anonfun$mapPartitionsInternal$2$adapted(RDD.scala:890)","logger":"airflow.task.operators.airflow.providers.docker.operators.docker.DockerOperator","filename":"docker.py","lineno":71}
{"timestamp":"2026-05-20T22:58:04.731422Z","level":"info","event":"\tat org.apache.spark.rdd.MapPartitionsRDD.compute(MapPartitionsRDD.scala:52)","logger":"airflow.task.operators.airflow.providers.docker.operators.docker.DockerOperator","filename":"docker.py","lineno":71}
{"timestamp":"2026-05-20T22:58:04.731490Z","level":"info","event":"\tat org.apache.spark.rdd.RDD.computeOrReadCheckpoint(RDD.scala:364)","logger":"airflow.task.operators.airflow.providers.docker.operators.docker.DockerOperator","filename":"docker.py","lineno":71}
{"timestamp":"2026-05-20T22:58:04.731549Z","level":"info","event":"\tat org.apache.spark.rdd.RDD.iterator(RDD.scala:328)","logger":"airflow.task.operators.airflow.providers.docker.operators.docker.DockerOperator","filename":"docker.py","lineno":71}
{"timestamp":"2026-05-20T22:58:04.731604Z","level":"info","event":"\tat org.apache.spark.scheduler.ResultTask.runTask(ResultTask.scala:93)","logger":"airflow.task.operators.airflow.providers.docker.operators.docker.DockerOperator","filename":"docker.py","lineno":71}
{"timestamp":"2026-05-20T22:58:04.731659Z","level":"info","event":"\tat org.apache.spark.TaskContext.runTaskWithListeners(TaskContext.scala:161)","logger":"airflow.task.operators.airflow.providers.docker.operators.docker.DockerOperator","filename":"docker.py","lineno":71}
{"timestamp":"2026-05-20T22:58:04.731710Z","level":"info","event":"\tat org.apache.spark.scheduler.Task.run(Task.scala:141)","logger":"airflow.task.operators.airflow.providers.docker.operators.docker.DockerOperator","filename":"docker.py","lineno":71}
{"timestamp":"2026-05-20T22:58:04.731758Z","level":"info","event":"\tat org.apache.spark.executor.Executor$TaskRunner.$anonfun$run$4(Executor.scala:620)","logger":"airflow.task.operators.airflow.providers.docker.operators.docker.DockerOperator","filename":"docker.py","lineno":71}
{"timestamp":"2026-05-20T22:58:04.731807Z","level":"info","event":"\tat org.apache.spark.util.SparkErrorUtils.tryWithSafeFinally(SparkErrorUtils.scala:64)","logger":"airflow.task.operators.airflow.providers.docker.operators.docker.DockerOperator","filename":"docker.py","lineno":71}
{"timestamp":"2026-05-20T22:58:04.731884Z","level":"info","event":"\tat org.apache.spark.util.SparkErrorUtils.tryWithSafeFinally$(SparkErrorUtils.scala:61)","logger":"airflow.task.operators.airflow.providers.docker.operators.docker.DockerOperator","filename":"docker.py","lineno":71}
{"timestamp":"2026-05-20T22:58:04.731935Z","level":"info","event":"\tat org.apache.spark.util.Utils$.tryWithSafeFinally(Utils.scala:94)","logger":"airflow.task.operators.airflow.providers.docker.operators.docker.DockerOperator","filename":"docker.py","lineno":71}
{"timestamp":"2026-05-20T22:58:04.731984Z","level":"info","event":"\tat org.apache.spark.executor.Executor$TaskRunner.run(Executor.scala:623)","logger":"airflow.task.operators.airflow.providers.docker.operators.docker.DockerOperator","filename":"docker.py","lineno":71}
{"timestamp":"2026-05-20T22:58:04.732033Z","level":"info","event":"\tat java.base/java.util.concurrent.ThreadPoolExecutor.runWorker(Unknown Source)","logger":"airflow.task.operators.airflow.providers.docker.operators.docker.DockerOperator","filename":"docker.py","lineno":71}
{"timestamp":"2026-05-20T22:58:04.732080Z","level":"info","event":"\tat java.base/java.util.concurrent.ThreadPoolExecutor$Worker.run(Unknown Source)","logger":"airflow.task.operators.airflow.providers.docker.operators.docker.DockerOperator","filename":"docker.py","lineno":71}
{"timestamp":"2026-05-20T22:58:04.732133Z","level":"info","event":"\tat java.base/java.lang.Thread.run(Unknown Source)","logger":"airflow.task.operators.airflow.providers.docker.operators.docker.DockerOperator","filename":"docker.py","lineno":71}
{"timestamp":"2026-05-20T22:58:04.732183Z","level":"info","event":"Caused by: java.lang.ClassNotFoundException: Class org.apache.hadoop.fs.s3a.S3AFileSystem not found","logger":"airflow.task.operators.airflow.providers.docker.operators.docker.DockerOperator","filename":"docker.py","lineno":71}
{"timestamp":"2026-05-20T22:58:04.732232Z","level":"info","event":"\tat org.apache.hadoop.conf.Configuration.getClassByName(Configuration.java:2592)","logger":"airflow.task.operators.airflow.providers.docker.operators.docker.DockerOperator","filename":"docker.py","lineno":71}
{"timestamp":"2026-05-20T22:58:04.732278Z","level":"info","event":"\tat org.apache.hadoop.conf.Configuration.getClass(Configuration.java:2686)","logger":"airflow.task.operators.airflow.providers.docker.operators.docker.DockerOperator","filename":"docker.py","lineno":71}
{"timestamp":"2026-05-20T22:58:04.732325Z","level":"info","event":"\t... 37 more","logger":"airflow.task.operators.airflow.providers.docker.operators.docker.DockerOperator","filename":"docker.py","lineno":71}
{"timestamp":"2026-05-20T22:58:04.732371Z","level":"info","event":"","logger":"airflow.task.operators.airflow.providers.docker.operators.docker.DockerOperator","filename":"docker.py","lineno":71}
{"timestamp":"2026-05-20T22:58:04.732587Z","level":"info","event":"26/05/20 22:58:04 WARN TaskSetManager: Lost task 0.0 in stage 0.0 (TID 0) (172.20.0.20 executor 0): java.lang.RuntimeException: java.lang.ClassNotFoundException: Class org.apache.hadoop.fs.s3a.S3AFileSystem not found","logger":"airflow.task.operators.airflow.providers.docker.operators.docker.DockerOperator","filename":"docker.py","lineno":71}
{"timestamp":"2026-05-20T22:58:04.732694Z","level":"info","event":"\tat org.apache.hadoop.conf.Configuration.getClass(Configuration.java:2688)","logger":"airflow.task.operators.airflow.providers.docker.operators.docker.DockerOperator","filename":"docker.py","lineno":71}
{"timestamp":"2026-05-20T22:58:04.732749Z","level":"info","event":"\tat org.apache.hadoop.fs.FileSystem.getFileSystemClass(FileSystem.java:3431)","logger":"airflow.task.operators.airflow.providers.docker.operators.docker.DockerOperator","filename":"docker.py","lineno":71}
{"timestamp":"2026-05-20T22:58:04.732799Z","level":"info","event":"\tat org.apache.hadoop.fs.FileSystem.createFileSystem(FileSystem.java:3466)","logger":"airflow.task.operators.airflow.providers.docker.operators.docker.DockerOperator","filename":"docker.py","lineno":71}
{"timestamp":"2026-05-20T22:58:04.732873Z","level":"info","event":"\tat org.apache.hadoop.fs.FileSystem.access$300(FileSystem.java:174)","logger":"airflow.task.operators.airflow.providers.docker.operators.docker.DockerOperator","filename":"docker.py","lineno":71}
{"timestamp":"2026-05-20T22:58:04.732925Z","level":"info","event":"\tat org.apache.hadoop.fs.FileSystem$Cache.getInternal(FileSystem.java:3574)","logger":"airflow.task.operators.airflow.providers.docker.operators.docker.DockerOperator","filename":"docker.py","lineno":71}
{"timestamp":"2026-05-20T22:58:04.732981Z","level":"info","event":"\tat org.apache.hadoop.fs.FileSystem$Cache.get(FileSystem.java:3521)","logger":"airflow.task.operators.airflow.providers.docker.operators.docker.DockerOperator","filename":"docker.py","lineno":71}
{"timestamp":"2026-05-20T22:58:04.733032Z","level":"info","event":"\tat org.apache.hadoop.fs.FileSystem.get(FileSystem.java:540)","logger":"airflow.task.operators.airflow.providers.docker.operators.docker.DockerOperator","filename":"docker.py","lineno":71}
{"timestamp":"2026-05-20T22:58:04.733095Z","level":"info","event":"\tat org.apache.hadoop.fs.Path.getFileSystem(Path.java:365)","logger":"airflow.task.operators.airflow.providers.docker.operators.docker.DockerOperator","filename":"docker.py","lineno":71}
{"timestamp":"2026-05-20T22:58:04.733150Z","level":"info","event":"\tat org.apache.hadoop.mapreduce.lib.input.LineRecordReader.initialize(LineRecordReader.java:88)","logger":"airflow.task.operators.airflow.providers.docker.operators.docker.DockerOperator","filename":"docker.py","lineno":71}
{"timestamp":"2026-05-20T22:58:04.733210Z","level":"info","event":"\tat org.apache.spark.sql.execution.datasources.HadoopFileLinesReader.<init>(HadoopFileLinesReader.scala:63)","logger":"airflow.task.operators.airflow.providers.docker.operators.docker.DockerOperator","filename":"docker.py","lineno":71}
{"timestamp":"2026-05-20T22:58:04.733267Z","level":"info","event":"\tat org.apache.spark.sql.execution.datasources.json.TextInputJsonDataSource$.readFile(JsonDataSource.scala:132)","logger":"airflow.task.operators.airflow.providers.docker.operators.docker.DockerOperator","filename":"docker.py","lineno":71}
{"timestamp":"2026-05-20T22:58:04.733368Z","level":"info","event":"\tat org.apache.spark.sql.execution.datasources.json.JsonFileFormat.$anonfun$buildReader$2(JsonFileFormat.scala:126)","logger":"airflow.task.operators.airflow.providers.docker.operators.docker.DockerOperator","filename":"docker.py","lineno":71}
{"timestamp":"2026-05-20T22:58:04.733430Z","level":"info","event":"\tat org.apache.spark.sql.execution.datasources.FileFormat$$anon$1.apply(FileFormat.scala:160)","logger":"airflow.task.operators.airflow.providers.docker.operators.docker.DockerOperator","filename":"docker.py","lineno":71}
{"timestamp":"2026-05-20T22:58:04.733507Z","level":"info","event":"\tat org.apache.spark.sql.execution.datasources.FileFormat$$anon$1.apply(FileFormat.scala:140)","logger":"airflow.task.operators.airflow.providers.docker.operators.docker.DockerOperator","filename":"docker.py","lineno":71}
{"timestamp":"2026-05-20T22:58:04.733577Z","level":"info","event":"\tat org.apache.spark.sql.execution.datasources.FileScanRDD$$anon$1.org$apache$spark$sql$execution$datasources$FileScanRDD$$anon$$readCurrentFile(FileScanRDD.scala:217)","logger":"airflow.task.operators.airflow.providers.docker.operators.docker.DockerOperator","filename":"docker.py","lineno":71}
{"timestamp":"2026-05-20T22:58:04.733636Z","level":"info","event":"\tat org.apache.spark.sql.execution.datasources.FileScanRDD$$anon$1.nextIterator(FileScanRDD.scala:279)","logger":"airflow.task.operators.airflow.providers.docker.operators.docker.DockerOperator","filename":"docker.py","lineno":71}
{"timestamp":"2026-05-20T22:58:04.733729Z","level":"info","event":"\tat org.apache.spark.sql.execution.datasources.FileScanRDD$$anon$1.hasNext(FileScanRDD.scala:129)","logger":"airflow.task.operators.airflow.providers.docker.operators.docker.DockerOperator","filename":"docker.py","lineno":71}
{"timestamp":"2026-05-20T22:58:04.733809Z","level":"info","event":"\tat scala.collection.Iterator$$anon$10.hasNext(Iterator.scala:460)","logger":"airflow.task.operators.airflow.providers.docker.operators.docker.DockerOperator","filename":"docker.py","lineno":71}
{"timestamp":"2026-05-20T22:58:04.733903Z","level":"info","event":"\tat org.apache.spark.sql.catalyst.expressions.GeneratedClass$GeneratedIteratorForCodegenStage1.processNext(Unknown Source)","logger":"airflow.task.operators.airflow.providers.docker.operators.docker.DockerOperator","filename":"docker.py","lineno":71}
{"timestamp":"2026-05-20T22:58:04.733989Z","level":"info","event":"\tat org.apache.spark.sql.execution.BufferedRowIterator.hasNext(BufferedRowIterator.java:43)","logger":"airflow.task.operators.airflow.providers.docker.operators.docker.DockerOperator","filename":"docker.py","lineno":71}
{"timestamp":"2026-05-20T22:58:04.734069Z","level":"info","event":"\tat org.apache.spark.sql.execution.WholeStageCodegenEvaluatorFactory$WholeStageCodegenPartitionEvaluator$$anon$1.hasNext(WholeStageCodegenEvaluatorFactory.scala:43)","logger":"airflow.task.operators.airflow.providers.docker.operators.docker.DockerOperator","filename":"docker.py","lineno":71}
{"timestamp":"2026-05-20T22:58:04.734136Z","level":"info","event":"\tat org.apache.spark.sql.execution.SparkPlan.$anonfun$getByteArrayRdd$1(SparkPlan.scala:388)","logger":"airflow.task.operators.airflow.providers.docker.operators.docker.DockerOperator","filename":"docker.py","lineno":71}
{"timestamp":"2026-05-20T22:58:04.734199Z","level":"info","event":"\tat org.apache.spark.rdd.RDD.$anonfun$mapPartitionsInternal$2(RDD.scala:890)","logger":"airflow.task.operators.airflow.providers.docker.operators.docker.DockerOperator","filename":"docker.py","lineno":71}
{"timestamp":"2026-05-20T22:58:04.734256Z","level":"info","event":"\tat org.apache.spark.rdd.RDD.$anonfun$mapPartitionsInternal$2$adapted(RDD.scala:890)","logger":"airflow.task.operators.airflow.providers.docker.operators.docker.DockerOperator","filename":"docker.py","lineno":71}
{"timestamp":"2026-05-20T22:58:04.734314Z","level":"info","event":"\tat org.apache.spark.rdd.MapPartitionsRDD.compute(MapPartitionsRDD.scala:52)","logger":"airflow.task.operators.airflow.providers.docker.operators.docker.DockerOperator","filename":"docker.py","lineno":71}
{"timestamp":"2026-05-20T22:58:04.734368Z","level":"info","event":"\tat org.apache.spark.rdd.RDD.computeOrReadCheckpoint(RDD.scala:364)","logger":"airflow.task.operators.airflow.providers.docker.operators.docker.DockerOperator","filename":"docker.py","lineno":71}
{"timestamp":"2026-05-20T22:58:04.734424Z","level":"info","event":"\tat org.apache.spark.rdd.RDD.iterator(RDD.scala:328)","logger":"airflow.task.operators.airflow.providers.docker.operators.docker.DockerOperator","filename":"docker.py","lineno":71}
{"timestamp":"2026-05-20T22:58:04.734714Z","level":"info","event":"\tat org.apache.spark.scheduler.ResultTask.runTask(ResultTask.scala:93)","logger":"airflow.task.operators.airflow.providers.docker.operators.docker.DockerOperator","filename":"docker.py","lineno":71}
{"timestamp":"2026-05-20T22:58:04.734792Z","level":"info","event":"\tat org.apache.spark.TaskContext.runTaskWithListeners(TaskContext.scala:161)","logger":"airflow.task.operators.airflow.providers.docker.operators.docker.DockerOperator","filename":"docker.py","lineno":71}
{"timestamp":"2026-05-20T22:58:04.734928Z","level":"info","event":"\tat org.apache.spark.scheduler.Task.run(Task.scala:141)","logger":"airflow.task.operators.airflow.providers.docker.operators.docker.DockerOperator","filename":"docker.py","lineno":71}
{"timestamp":"2026-05-20T22:58:04.735046Z","level":"info","event":"\tat org.apache.spark.executor.Executor$TaskRunner.$anonfun$run$4(Executor.scala:620)","logger":"airflow.task.operators.airflow.providers.docker.operators.docker.DockerOperator","filename":"docker.py","lineno":71}
{"timestamp":"2026-05-20T22:58:04.735117Z","level":"info","event":"\tat org.apache.spark.util.SparkErrorUtils.tryWithSafeFinally(SparkErrorUtils.scala:64)","logger":"airflow.task.operators.airflow.providers.docker.operators.docker.DockerOperator","filename":"docker.py","lineno":71}
{"timestamp":"2026-05-20T22:58:04.735175Z","level":"info","event":"\tat org.apache.spark.util.SparkErrorUtils.tryWithSafeFinally$(SparkErrorUtils.scala:61)","logger":"airflow.task.operators.airflow.providers.docker.operators.docker.DockerOperator","filename":"docker.py","lineno":71}
{"timestamp":"2026-05-20T22:58:04.735232Z","level":"info","event":"\tat org.apache.spark.util.Utils$.tryWithSafeFinally(Utils.scala:94)","logger":"airflow.task.operators.airflow.providers.docker.operators.docker.DockerOperator","filename":"docker.py","lineno":71}
{"timestamp":"2026-05-20T22:58:04.735322Z","level":"info","event":"\tat org.apache.spark.executor.Executor$TaskRunner.run(Executor.scala:623)","logger":"airflow.task.operators.airflow.providers.docker.operators.docker.DockerOperator","filename":"docker.py","lineno":71}
{"timestamp":"2026-05-20T22:58:04.735391Z","level":"info","event":"\tat java.base/java.util.concurrent.ThreadPoolExecutor.runWorker(Unknown Source)","logger":"airflow.task.operators.airflow.providers.docker.operators.docker.DockerOperator","filename":"docker.py","lineno":71}
{"timestamp":"2026-05-20T22:58:04.735454Z","level":"info","event":"\tat java.base/java.util.concurrent.ThreadPoolExecutor$Worker.run(Unknown Source)","logger":"airflow.task.operators.airflow.providers.docker.operators.docker.DockerOperator","filename":"docker.py","lineno":71}
{"timestamp":"2026-05-20T22:58:04.735526Z","level":"info","event":"\tat java.base/java.lang.Thread.run(Unknown Source)","logger":"airflow.task.operators.airflow.providers.docker.operators.docker.DockerOperator","filename":"docker.py","lineno":71}
{"timestamp":"2026-05-20T22:58:04.735581Z","level":"info","event":"Caused by: java.lang.ClassNotFoundException: Class org.apache.hadoop.fs.s3a.S3AFileSystem not found","logger":"airflow.task.operators.airflow.providers.docker.operators.docker.DockerOperator","filename":"docker.py","lineno":71}
{"timestamp":"2026-05-20T22:58:04.735636Z","level":"info","event":"\tat org.apache.hadoop.conf.Configuration.getClassByName(Configuration.java:2592)","logger":"airflow.task.operators.airflow.providers.docker.operators.docker.DockerOperator","filename":"docker.py","lineno":71}
{"timestamp":"2026-05-20T22:58:04.735689Z","level":"info","event":"\tat org.apache.hadoop.conf.Configuration.getClass(Configuration.java:2686)","logger":"airflow.task.operators.airflow.providers.docker.operators.docker.DockerOperator","filename":"docker.py","lineno":71}
{"timestamp":"2026-05-20T22:58:04.735744Z","level":"info","event":"\t... 37 more","logger":"airflow.task.operators.airflow.providers.docker.operators.docker.DockerOperator","filename":"docker.py","lineno":71}
{"timestamp":"2026-05-20T22:58:04.735800Z","level":"info","event":"","logger":"airflow.task.operators.airflow.providers.docker.operators.docker.DockerOperator","filename":"docker.py","lineno":71}
{"timestamp":"2026-05-20T22:58:04.736609Z","level":"info","event":"26/05/20 22:58:04 WARN TaskSetManager: Lost task 0.0 in stage 6.0 (TID 6) (172.20.0.20 executor 0): java.lang.RuntimeException: java.lang.ClassNotFoundException: Class org.apache.hadoop.fs.s3a.S3AFileSystem not found","logger":"airflow.task.operators.airflow.providers.docker.operators.docker.DockerOperator","filename":"docker.py","lineno":71}
{"timestamp":"2026-05-20T22:58:04.736710Z","level":"info","event":"\tat org.apache.hadoop.conf.Configuration.getClass(Configuration.java:2688)","logger":"airflow.task.operators.airflow.providers.docker.operators.docker.DockerOperator","filename":"docker.py","lineno":71}
{"timestamp":"2026-05-20T22:58:04.736783Z","level":"info","event":"\tat org.apache.hadoop.fs.FileSystem.getFileSystemClass(FileSystem.java:3431)","logger":"airflow.task.operators.airflow.providers.docker.operators.docker.DockerOperator","filename":"docker.py","lineno":71}
{"timestamp":"2026-05-20T22:58:04.736888Z","level":"info","event":"\tat org.apache.hadoop.fs.FileSystem.createFileSystem(FileSystem.java:3466)","logger":"airflow.task.operators.airflow.providers.docker.operators.docker.DockerOperator","filename":"docker.py","lineno":71}
{"timestamp":"2026-05-20T22:58:04.736961Z","level":"info","event":"\tat org.apache.hadoop.fs.FileSystem.access$300(FileSystem.java:174)","logger":"airflow.task.operators.airflow.providers.docker.operators.docker.DockerOperator","filename":"docker.py","lineno":71}
{"timestamp":"2026-05-20T22:58:04.737018Z","level":"info","event":"\tat org.apache.hadoop.fs.FileSystem$Cache.getInternal(FileSystem.java:3574)","logger":"airflow.task.operators.airflow.providers.docker.operators.docker.DockerOperator","filename":"docker.py","lineno":71}
{"timestamp":"2026-05-20T22:58:04.737073Z","level":"info","event":"\tat org.apache.hadoop.fs.FileSystem$Cache.get(FileSystem.java:3521)","logger":"airflow.task.operators.airflow.providers.docker.operators.docker.DockerOperator","filename":"docker.py","lineno":71}
{"timestamp":"2026-05-20T22:58:04.737130Z","level":"info","event":"\tat org.apache.hadoop.fs.FileSystem.get(FileSystem.java:540)","logger":"airflow.task.operators.airflow.providers.docker.operators.docker.DockerOperator","filename":"docker.py","lineno":71}
{"timestamp":"2026-05-20T22:58:04.737189Z","level":"info","event":"\tat org.apache.hadoop.fs.Path.getFileSystem(Path.java:365)","logger":"airflow.task.operators.airflow.providers.docker.operators.docker.DockerOperator","filename":"docker.py","lineno":71}
{"timestamp":"2026-05-20T22:58:04.737255Z","level":"info","event":"\tat org.apache.hadoop.mapreduce.lib.input.LineRecordReader.initialize(LineRecordReader.java:88)","logger":"airflow.task.operators.airflow.providers.docker.operators.docker.DockerOperator","filename":"docker.py","lineno":71}
{"timestamp":"2026-05-20T22:58:04.737324Z","level":"info","event":"\tat org.apache.spark.sql.execution.datasources.HadoopFileLinesReader.<init>(HadoopFileLinesReader.scala:63)","logger":"airflow.task.operators.airflow.providers.docker.operators.docker.DockerOperator","filename":"docker.py","lineno":71}
{"timestamp":"2026-05-20T22:58:04.737390Z","level":"info","event":"\tat org.apache.spark.sql.execution.datasources.json.TextInputJsonDataSource$.readFile(JsonDataSource.scala:132)","logger":"airflow.task.operators.airflow.providers.docker.operators.docker.DockerOperator","filename":"docker.py","lineno":71}
{"timestamp":"2026-05-20T22:58:04.737458Z","level":"info","event":"\tat org.apache.spark.sql.execution.datasources.json.JsonFileFormat.$anonfun$buildReader$2(JsonFileFormat.scala:126)","logger":"airflow.task.operators.airflow.providers.docker.operators.docker.DockerOperator","filename":"docker.py","lineno":71}
{"timestamp":"2026-05-20T22:58:04.737605Z","level":"info","event":"\tat org.apache.spark.sql.execution.datasources.FileFormat$$anon$1.apply(FileFormat.scala:160)","logger":"airflow.task.operators.airflow.providers.docker.operators.docker.DockerOperator","filename":"docker.py","lineno":71}
{"timestamp":"2026-05-20T22:58:04.737676Z","level":"info","event":"\tat org.apache.spark.sql.execution.datasources.FileFormat$$anon$1.apply(FileFormat.scala:140)","logger":"airflow.task.operators.airflow.providers.docker.operators.docker.DockerOperator","filename":"docker.py","lineno":71}
{"timestamp":"2026-05-20T22:58:04.737740Z","level":"info","event":"\tat org.apache.spark.sql.execution.datasources.FileScanRDD$$anon$1.org$apache$spark$sql$execution$datasources$FileScanRDD$$anon$$readCurrentFile(FileScanRDD.scala:217)","logger":"airflow.task.operators.airflow.providers.docker.operators.docker.DockerOperator","filename":"docker.py","lineno":71}
{"timestamp":"2026-05-20T22:58:04.737803Z","level":"info","event":"\tat org.apache.spark.sql.execution.datasources.FileScanRDD$$anon$1.nextIterator(FileScanRDD.scala:279)","logger":"airflow.task.operators.airflow.providers.docker.operators.docker.DockerOperator","filename":"docker.py","lineno":71}
{"timestamp":"2026-05-20T22:58:04.737929Z","level":"info","event":"\tat org.apache.spark.sql.execution.datasources.FileScanRDD$$anon$1.hasNext(FileScanRDD.scala:129)","logger":"airflow.task.operators.airflow.providers.docker.operators.docker.DockerOperator","filename":"docker.py","lineno":71}
{"timestamp":"2026-05-20T22:58:04.738024Z","level":"info","event":"\tat scala.collection.Iterator$$anon$10.hasNext(Iterator.scala:460)","logger":"airflow.task.operators.airflow.providers.docker.operators.docker.DockerOperator","filename":"docker.py","lineno":71}
{"timestamp":"2026-05-20T22:58:04.738086Z","level":"info","event":"\tat org.apache.spark.sql.catalyst.expressions.GeneratedClass$GeneratedIteratorForCodegenStage1.processNext(Unknown Source)","logger":"airflow.task.operators.airflow.providers.docker.operators.docker.DockerOperator","filename":"docker.py","lineno":71}
{"timestamp":"2026-05-20T22:58:04.738145Z","level":"info","event":"\tat org.apache.spark.sql.execution.BufferedRowIterator.hasNext(BufferedRowIterator.java:43)","logger":"airflow.task.operators.airflow.providers.docker.operators.docker.DockerOperator","filename":"docker.py","lineno":71}
{"timestamp":"2026-05-20T22:58:04.738203Z","level":"info","event":"\tat org.apache.spark.sql.execution.WholeStageCodegenEvaluatorFactory$WholeStageCodegenPartitionEvaluator$$anon$1.hasNext(WholeStageCodegenEvaluatorFactory.scala:43)","logger":"airflow.task.operators.airflow.providers.docker.operators.docker.DockerOperator","filename":"docker.py","lineno":71}
{"timestamp":"2026-05-20T22:58:04.738250Z","level":"info","event":"\tat org.apache.spark.sql.execution.SparkPlan.$anonfun$getByteArrayRdd$1(SparkPlan.scala:388)","logger":"airflow.task.operators.airflow.providers.docker.operators.docker.DockerOperator","filename":"docker.py","lineno":71}
{"timestamp":"2026-05-20T22:58:04.738295Z","level":"info","event":"\tat org.apache.spark.rdd.RDD.$anonfun$mapPartitionsInternal$2(RDD.scala:890)","logger":"airflow.task.operators.airflow.providers.docker.operators.docker.DockerOperator","filename":"docker.py","lineno":71}
{"timestamp":"2026-05-20T22:58:04.738337Z","level":"info","event":"\tat org.apache.spark.rdd.RDD.$anonfun$mapPartitionsInternal$2$adapted(RDD.scala:890)","logger":"airflow.task.operators.airflow.providers.docker.operators.docker.DockerOperator","filename":"docker.py","lineno":71}
{"timestamp":"2026-05-20T22:58:04.738380Z","level":"info","event":"\tat org.apache.spark.rdd.MapPartitionsRDD.compute(MapPartitionsRDD.scala:52)","logger":"airflow.task.operators.airflow.providers.docker.operators.docker.DockerOperator","filename":"docker.py","lineno":71}
{"timestamp":"2026-05-20T22:58:04.738439Z","level":"info","event":"\tat org.apache.spark.rdd.RDD.computeOrReadCheckpoint(RDD.scala:364)","logger":"airflow.task.operators.airflow.providers.docker.operators.docker.DockerOperator","filename":"docker.py","lineno":71}
{"timestamp":"2026-05-20T22:58:04.738519Z","level":"info","event":"\tat org.apache.spark.rdd.RDD.iterator(RDD.scala:328)","logger":"airflow.task.operators.airflow.providers.docker.operators.docker.DockerOperator","filename":"docker.py","lineno":71}
{"timestamp":"2026-05-20T22:58:04.738597Z","level":"info","event":"\tat org.apache.spark.scheduler.ResultTask.runTask(ResultTask.scala:93)","logger":"airflow.task.operators.airflow.providers.docker.operators.docker.DockerOperator","filename":"docker.py","lineno":71}
{"timestamp":"2026-05-20T22:58:04.738668Z","level":"info","event":"\tat org.apache.spark.TaskContext.runTaskWithListeners(TaskContext.scala:161)","logger":"airflow.task.operators.airflow.providers.docker.operators.docker.DockerOperator","filename":"docker.py","lineno":71}
{"timestamp":"2026-05-20T22:58:04.738729Z","level":"info","event":"\tat org.apache.spark.scheduler.Task.run(Task.scala:141)","logger":"airflow.task.operators.airflow.providers.docker.operators.docker.DockerOperator","filename":"docker.py","lineno":71}
{"timestamp":"2026-05-20T22:58:04.738800Z","level":"info","event":"\tat org.apache.spark.executor.Executor$TaskRunner.$anonfun$run$4(Executor.scala:620)","logger":"airflow.task.operators.airflow.providers.docker.operators.docker.DockerOperator","filename":"docker.py","lineno":71}
{"timestamp":"2026-05-20T22:58:04.738880Z","level":"info","event":"\tat org.apache.spark.util.SparkErrorUtils.tryWithSafeFinally(SparkErrorUtils.scala:64)","logger":"airflow.task.operators.airflow.providers.docker.operators.docker.DockerOperator","filename":"docker.py","lineno":71}
{"timestamp":"2026-05-20T22:58:04.738934Z","level":"info","event":"\tat org.apache.spark.util.SparkErrorUtils.tryWithSafeFinally$(SparkErrorUtils.scala:61)","logger":"airflow.task.operators.airflow.providers.docker.operators.docker.DockerOperator","filename":"docker.py","lineno":71}
{"timestamp":"2026-05-20T22:58:04.738991Z","level":"info","event":"\tat org.apache.spark.util.Utils$.tryWithSafeFinally(Utils.scala:94)","logger":"airflow.task.operators.airflow.providers.docker.operators.docker.DockerOperator","filename":"docker.py","lineno":71}
{"timestamp":"2026-05-20T22:58:04.739044Z","level":"info","event":"\tat org.apache.spark.executor.Executor$TaskRunner.run(Executor.scala:623)","logger":"airflow.task.operators.airflow.providers.docker.operators.docker.DockerOperator","filename":"docker.py","lineno":71}
{"timestamp":"2026-05-20T22:58:04.739097Z","level":"info","event":"\tat java.base/java.util.concurrent.ThreadPoolExecutor.runWorker(Unknown Source)","logger":"airflow.task.operators.airflow.providers.docker.operators.docker.DockerOperator","filename":"docker.py","lineno":71}
{"timestamp":"2026-05-20T22:58:04.739153Z","level":"info","event":"\tat java.base/java.util.concurrent.ThreadPoolExecutor$Worker.run(Unknown Source)","logger":"airflow.task.operators.airflow.providers.docker.operators.docker.DockerOperator","filename":"docker.py","lineno":71}
{"timestamp":"2026-05-20T22:58:04.739206Z","level":"info","event":"\tat java.base/java.lang.Thread.run(Unknown Source)","logger":"airflow.task.operators.airflow.providers.docker.operators.docker.DockerOperator","filename":"docker.py","lineno":71}
{"timestamp":"2026-05-20T22:58:04.739260Z","level":"info","event":"Caused by: java.lang.ClassNotFoundException: Class org.apache.hadoop.fs.s3a.S3AFileSystem not found","logger":"airflow.task.operators.airflow.providers.docker.operators.docker.DockerOperator","filename":"docker.py","lineno":71}
{"timestamp":"2026-05-20T22:58:04.739316Z","level":"info","event":"\tat org.apache.hadoop.conf.Configuration.getClassByName(Configuration.java:2592)","logger":"airflow.task.operators.airflow.providers.docker.operators.docker.DockerOperator","filename":"docker.py","lineno":71}
{"timestamp":"2026-05-20T22:58:04.739366Z","level":"info","event":"\tat org.apache.hadoop.conf.Configuration.getClass(Configuration.java:2686)","logger":"airflow.task.operators.airflow.providers.docker.operators.docker.DockerOperator","filename":"docker.py","lineno":71}
{"timestamp":"2026-05-20T22:58:04.739417Z","level":"info","event":"\t... 37 more","logger":"airflow.task.operators.airflow.providers.docker.operators.docker.DockerOperator","filename":"docker.py","lineno":71}
{"timestamp":"2026-05-20T22:58:04.739479Z","level":"info","event":"","logger":"airflow.task.operators.airflow.providers.docker.operators.docker.DockerOperator","filename":"docker.py","lineno":71}
{"timestamp":"2026-05-20T22:58:04.739596Z","level":"info","event":"26/05/20 22:58:04 INFO TaskSchedulerImpl: Cancelling stage 4","logger":"airflow.task.operators.airflow.providers.docker.operators.docker.DockerOperator","filename":"docker.py","lineno":71}
{"timestamp":"2026-05-20T22:58:04.739711Z","level":"info","event":"26/05/20 22:58:04 INFO TaskSchedulerImpl: Killing all running tasks in stage 4: Stage cancelled: Job aborted due to stage failure: Task 0 in stage 4.0 failed 4 times, most recent failure: Lost task 0.3 in stage 4.0 (TID 12) (172.20.0.21 executor 1): java.lang.RuntimeException: java.lang.ClassNotFoundException: Class org.apache.hadoop.fs.s3a.S3AFileSystem not found","logger":"airflow.task.operators.airflow.providers.docker.operators.docker.DockerOperator","filename":"docker.py","lineno":71}
{"timestamp":"2026-05-20T22:58:04.739776Z","level":"info","event":"\tat org.apache.hadoop.conf.Configuration.getClass(Configuration.java:2688)","logger":"airflow.task.operators.airflow.providers.docker.operators.docker.DockerOperator","filename":"docker.py","lineno":71}
{"timestamp":"2026-05-20T22:58:04.739857Z","level":"info","event":"\tat org.apache.hadoop.fs.FileSystem.getFileSystemClass(FileSystem.java:3431)","logger":"airflow.task.operators.airflow.providers.docker.operators.docker.DockerOperator","filename":"docker.py","lineno":71}
{"timestamp":"2026-05-20T22:58:04.739922Z","level":"info","event":"\tat org.apache.hadoop.fs.FileSystem.createFileSystem(FileSystem.java:3466)","logger":"airflow.task.operators.airflow.providers.docker.operators.docker.DockerOperator","filename":"docker.py","lineno":71}
{"timestamp":"2026-05-20T22:58:04.739979Z","level":"info","event":"\tat org.apache.hadoop.fs.FileSystem.access$300(FileSystem.java:174)","logger":"airflow.task.operators.airflow.providers.docker.operators.docker.DockerOperator","filename":"docker.py","lineno":71}
{"timestamp":"2026-05-20T22:58:04.740041Z","level":"info","event":"\tat org.apache.hadoop.fs.FileSystem$Cache.getInternal(FileSystem.java:3574)","logger":"airflow.task.operators.airflow.providers.docker.operators.docker.DockerOperator","filename":"docker.py","lineno":71}
{"timestamp":"2026-05-20T22:58:04.740115Z","level":"info","event":"\tat org.apache.hadoop.fs.FileSystem$Cache.get(FileSystem.java:3521)","logger":"airflow.task.operators.airflow.providers.docker.operators.docker.DockerOperator","filename":"docker.py","lineno":71}
{"timestamp":"2026-05-20T22:58:04.740180Z","level":"info","event":"\tat org.apache.hadoop.fs.FileSystem.get(FileSystem.java:540)","logger":"airflow.task.operators.airflow.providers.docker.operators.docker.DockerOperator","filename":"docker.py","lineno":71}
{"timestamp":"2026-05-20T22:58:04.740241Z","level":"info","event":"\tat org.apache.hadoop.fs.Path.getFileSystem(Path.java:365)","logger":"airflow.task.operators.airflow.providers.docker.operators.docker.DockerOperator","filename":"docker.py","lineno":71}
{"timestamp":"2026-05-20T22:58:04.740298Z","level":"info","event":"\tat org.apache.hadoop.mapreduce.lib.input.LineRecordReader.initialize(LineRecordReader.java:88)","logger":"airflow.task.operators.airflow.providers.docker.operators.docker.DockerOperator","filename":"docker.py","lineno":71}
{"timestamp":"2026-05-20T22:58:04.740352Z","level":"info","event":"\tat org.apache.spark.sql.execution.datasources.HadoopFileLinesReader.<init>(HadoopFileLinesReader.scala:63)","logger":"airflow.task.operators.airflow.providers.docker.operators.docker.DockerOperator","filename":"docker.py","lineno":71}
{"timestamp":"2026-05-20T22:58:04.740405Z","level":"info","event":"\tat org.apache.spark.sql.execution.datasources.json.TextInputJsonDataSource$.readFile(JsonDataSource.scala:132)","logger":"airflow.task.operators.airflow.providers.docker.operators.docker.DockerOperator","filename":"docker.py","lineno":71}
{"timestamp":"2026-05-20T22:58:04.740459Z","level":"info","event":"\tat org.apache.spark.sql.execution.datasources.json.JsonFileFormat.$anonfun$buildReader$2(JsonFileFormat.scala:126)","logger":"airflow.task.operators.airflow.providers.docker.operators.docker.DockerOperator","filename":"docker.py","lineno":71}
{"timestamp":"2026-05-20T22:58:04.740528Z","level":"info","event":"\tat org.apache.spark.sql.execution.datasources.FileFormat$$anon$1.apply(FileFormat.scala:160)","logger":"airflow.task.operators.airflow.providers.docker.operators.docker.DockerOperator","filename":"docker.py","lineno":71}
{"timestamp":"2026-05-20T22:58:04.740597Z","level":"info","event":"\tat org.apache.spark.sql.execution.datasources.FileFormat$$anon$1.apply(FileFormat.scala:140)","logger":"airflow.task.operators.airflow.providers.docker.operators.docker.DockerOperator","filename":"docker.py","lineno":71}
{"timestamp":"2026-05-20T22:58:04.740656Z","level":"info","event":"\tat org.apache.spark.sql.execution.datasources.FileScanRDD$$anon$1.org$apache$spark$sql$execution$datasources$FileScanRDD$$anon$$readCurrentFile(FileScanRDD.scala:217)","logger":"airflow.task.operators.airflow.providers.docker.operators.docker.DockerOperator","filename":"docker.py","lineno":71}
{"timestamp":"2026-05-20T22:58:04.740713Z","level":"info","event":"\tat org.apache.spark.sql.execution.datasources.FileScanRDD$$anon$1.nextIterator(FileScanRDD.scala:279)","logger":"airflow.task.operators.airflow.providers.docker.operators.docker.DockerOperator","filename":"docker.py","lineno":71}
{"timestamp":"2026-05-20T22:58:04.740767Z","level":"info","event":"\tat org.apache.spark.sql.execution.datasources.FileScanRDD$$anon$1.hasNext(FileScanRDD.scala:129)","logger":"airflow.task.operators.airflow.providers.docker.operators.docker.DockerOperator","filename":"docker.py","lineno":71}
{"timestamp":"2026-05-20T22:58:04.740817Z","level":"info","event":"\tat scala.collection.Iterator$$anon$10.hasNext(Iterator.scala:460)","logger":"airflow.task.operators.airflow.providers.docker.operators.docker.DockerOperator","filename":"docker.py","lineno":71}
{"timestamp":"2026-05-20T22:58:04.740893Z","level":"info","event":"\tat org.apache.spark.sql.catalyst.expressions.GeneratedClass$GeneratedIteratorForCodegenStage1.processNext(Unknown Source)","logger":"airflow.task.operators.airflow.providers.docker.operators.docker.DockerOperator","filename":"docker.py","lineno":71}
{"timestamp":"2026-05-20T22:58:04.740953Z","level":"info","event":"\tat org.apache.spark.sql.execution.BufferedRowIterator.hasNext(BufferedRowIterator.java:43)","logger":"airflow.task.operators.airflow.providers.docker.operators.docker.DockerOperator","filename":"docker.py","lineno":71}
{"timestamp":"2026-05-20T22:58:04.741019Z","level":"info","event":"\tat org.apache.spark.sql.execution.WholeStageCodegenEvaluatorFactory$WholeStageCodegenPartitionEvaluator$$anon$1.hasNext(WholeStageCodegenEvaluatorFactory.scala:43)","logger":"airflow.task.operators.airflow.providers.docker.operators.docker.DockerOperator","filename":"docker.py","lineno":71}
{"timestamp":"2026-05-20T22:58:04.741079Z","level":"info","event":"\tat org.apache.spark.sql.execution.SparkPlan.$anonfun$getByteArrayRdd$1(SparkPlan.scala:388)","logger":"airflow.task.operators.airflow.providers.docker.operators.docker.DockerOperator","filename":"docker.py","lineno":71}
{"timestamp":"2026-05-20T22:58:04.741140Z","level":"info","event":"\tat org.apache.spark.rdd.RDD.$anonfun$mapPartitionsInternal$2(RDD.scala:890)","logger":"airflow.task.operators.airflow.providers.docker.operators.docker.DockerOperator","filename":"docker.py","lineno":71}
{"timestamp":"2026-05-20T22:58:04.741200Z","level":"info","event":"\tat org.apache.spark.rdd.RDD.$anonfun$mapPartitionsInternal$2$adapted(RDD.scala:890)","logger":"airflow.task.operators.airflow.providers.docker.operators.docker.DockerOperator","filename":"docker.py","lineno":71}
{"timestamp":"2026-05-20T22:58:04.741248Z","level":"info","event":"\tat org.apache.spark.rdd.MapPartitionsRDD.compute(MapPartitionsRDD.scala:52)","logger":"airflow.task.operators.airflow.providers.docker.operators.docker.DockerOperator","filename":"docker.py","lineno":71}
{"timestamp":"2026-05-20T22:58:04.741294Z","level":"info","event":"\tat org.apache.spark.rdd.RDD.computeOrReadCheckpoint(RDD.scala:364)","logger":"airflow.task.operators.airflow.providers.docker.operators.docker.DockerOperator","filename":"docker.py","lineno":71}
{"timestamp":"2026-05-20T22:58:04.741343Z","level":"info","event":"\tat org.apache.spark.rdd.RDD.iterator(RDD.scala:328)","logger":"airflow.task.operators.airflow.providers.docker.operators.docker.DockerOperator","filename":"docker.py","lineno":71}
{"timestamp":"2026-05-20T22:58:04.741386Z","level":"info","event":"\tat org.apache.spark.scheduler.ResultTask.runTask(ResultTask.scala:93)","logger":"airflow.task.operators.airflow.providers.docker.operators.docker.DockerOperator","filename":"docker.py","lineno":71}
{"timestamp":"2026-05-20T22:58:04.741436Z","level":"info","event":"\tat org.apache.spark.TaskContext.runTaskWithListeners(TaskContext.scala:161)","logger":"airflow.task.operators.airflow.providers.docker.operators.docker.DockerOperator","filename":"docker.py","lineno":71}
{"timestamp":"2026-05-20T22:58:04.741511Z","level":"info","event":"\tat org.apache.spark.scheduler.Task.run(Task.scala:141)","logger":"airflow.task.operators.airflow.providers.docker.operators.docker.DockerOperator","filename":"docker.py","lineno":71}
{"timestamp":"2026-05-20T22:58:04.741578Z","level":"info","event":"\tat org.apache.spark.executor.Executor$TaskRunner.$anonfun$run$4(Executor.scala:620)","logger":"airflow.task.operators.airflow.providers.docker.operators.docker.DockerOperator","filename":"docker.py","lineno":71}
{"timestamp":"2026-05-20T22:58:04.741639Z","level":"info","event":"\tat org.apache.spark.util.SparkErrorUtils.tryWithSafeFinally(SparkErrorUtils.scala:64)","logger":"airflow.task.operators.airflow.providers.docker.operators.docker.DockerOperator","filename":"docker.py","lineno":71}
{"timestamp":"2026-05-20T22:58:04.741699Z","level":"info","event":"\tat org.apache.spark.util.SparkErrorUtils.tryWithSafeFinally$(SparkErrorUtils.scala:61)","logger":"airflow.task.operators.airflow.providers.docker.operators.docker.DockerOperator","filename":"docker.py","lineno":71}
{"timestamp":"2026-05-20T22:58:04.741754Z","level":"info","event":"\tat org.apache.spark.util.Utils$.tryWithSafeFinally(Utils.scala:94)","logger":"airflow.task.operators.airflow.providers.docker.operators.docker.DockerOperator","filename":"docker.py","lineno":71}
{"timestamp":"2026-05-20T22:58:04.741811Z","level":"info","event":"\tat org.apache.spark.executor.Executor$TaskRunner.run(Executor.scala:623)","logger":"airflow.task.operators.airflow.providers.docker.operators.docker.DockerOperator","filename":"docker.py","lineno":71}
{"timestamp":"2026-05-20T22:58:04.741928Z","level":"info","event":"\tat java.base/java.util.concurrent.ThreadPoolExecutor.runWorker(Unknown Source)","logger":"airflow.task.operators.airflow.providers.docker.operators.docker.DockerOperator","filename":"docker.py","lineno":71}
{"timestamp":"2026-05-20T22:58:04.742018Z","level":"info","event":"\tat java.base/java.util.concurrent.ThreadPoolExecutor$Worker.run(Unknown Source)","logger":"airflow.task.operators.airflow.providers.docker.operators.docker.DockerOperator","filename":"docker.py","lineno":71}
{"timestamp":"2026-05-20T22:58:04.742085Z","level":"info","event":"\tat java.base/java.lang.Thread.run(Unknown Source)","logger":"airflow.task.operators.airflow.providers.docker.operators.docker.DockerOperator","filename":"docker.py","lineno":71}
{"timestamp":"2026-05-20T22:58:04.742149Z","level":"info","event":"Caused by: java.lang.ClassNotFoundException: Class org.apache.hadoop.fs.s3a.S3AFileSystem not found","logger":"airflow.task.operators.airflow.providers.docker.operators.docker.DockerOperator","filename":"docker.py","lineno":71}
{"timestamp":"2026-05-20T22:58:04.742207Z","level":"info","event":"\tat org.apache.hadoop.conf.Configuration.getClassByName(Configuration.java:2592)","logger":"airflow.task.operators.airflow.providers.docker.operators.docker.DockerOperator","filename":"docker.py","lineno":71}
{"timestamp":"2026-05-20T22:58:04.742265Z","level":"info","event":"\tat org.apache.hadoop.conf.Configuration.getClass(Configuration.java:2686)","logger":"airflow.task.operators.airflow.providers.docker.operators.docker.DockerOperator","filename":"docker.py","lineno":71}
{"timestamp":"2026-05-20T22:58:04.742310Z","level":"info","event":"\t... 37 more","logger":"airflow.task.operators.airflow.providers.docker.operators.docker.DockerOperator","filename":"docker.py","lineno":71}
{"timestamp":"2026-05-20T22:58:04.742368Z","level":"info","event":"","logger":"airflow.task.operators.airflow.providers.docker.operators.docker.DockerOperator","filename":"docker.py","lineno":71}
{"timestamp":"2026-05-20T22:58:04.742521Z","level":"info","event":"Driver stacktrace:","logger":"airflow.task.operators.airflow.providers.docker.operators.docker.DockerOperator","filename":"docker.py","lineno":71}
{"timestamp":"2026-05-20T22:58:04.743917Z","level":"info","event":"26/05/20 22:58:04 INFO DAGScheduler: ResultStage 4 (toString at <unknown>:0) failed in 3.043 s due to Job aborted due to stage failure: Task 0 in stage 4.0 failed 4 times, most recent failure: Lost task 0.3 in stage 4.0 (TID 12) (172.20.0.21 executor 1): java.lang.RuntimeException: java.lang.ClassNotFoundException: Class org.apache.hadoop.fs.s3a.S3AFileSystem not found","logger":"airflow.task.operators.airflow.providers.docker.operators.docker.DockerOperator","filename":"docker.py","lineno":71}
{"timestamp":"2026-05-20T22:58:04.744033Z","level":"info","event":"\tat org.apache.hadoop.conf.Configuration.getClass(Configuration.java:2688)","logger":"airflow.task.operators.airflow.providers.docker.operators.docker.DockerOperator","filename":"docker.py","lineno":71}
{"timestamp":"2026-05-20T22:58:04.744105Z","level":"info","event":"\tat org.apache.hadoop.fs.FileSystem.getFileSystemClass(FileSystem.java:3431)","logger":"airflow.task.operators.airflow.providers.docker.operators.docker.DockerOperator","filename":"docker.py","lineno":71}
{"timestamp":"2026-05-20T22:58:04.744167Z","level":"info","event":"\tat org.apache.hadoop.fs.FileSystem.createFileSystem(FileSystem.java:3466)","logger":"airflow.task.operators.airflow.providers.docker.operators.docker.DockerOperator","filename":"docker.py","lineno":71}
{"timestamp":"2026-05-20T22:58:04.744234Z","level":"info","event":"\tat org.apache.hadoop.fs.FileSystem.access$300(FileSystem.java:174)","logger":"airflow.task.operators.airflow.providers.docker.operators.docker.DockerOperator","filename":"docker.py","lineno":71}
{"timestamp":"2026-05-20T22:58:04.744293Z","level":"info","event":"\tat org.apache.hadoop.fs.FileSystem$Cache.getInternal(FileSystem.java:3574)","logger":"airflow.task.operators.airflow.providers.docker.operators.docker.DockerOperator","filename":"docker.py","lineno":71}
{"timestamp":"2026-05-20T22:58:04.744354Z","level":"info","event":"\tat org.apache.hadoop.fs.FileSystem$Cache.get(FileSystem.java:3521)","logger":"airflow.task.operators.airflow.providers.docker.operators.docker.DockerOperator","filename":"docker.py","lineno":71}
{"timestamp":"2026-05-20T22:58:04.744411Z","level":"info","event":"\tat org.apache.hadoop.fs.FileSystem.get(FileSystem.java:540)","logger":"airflow.task.operators.airflow.providers.docker.operators.docker.DockerOperator","filename":"docker.py","lineno":71}
{"timestamp":"2026-05-20T22:58:04.744498Z","level":"info","event":"\tat org.apache.hadoop.fs.Path.getFileSystem(Path.java:365)","logger":"airflow.task.operators.airflow.providers.docker.operators.docker.DockerOperator","filename":"docker.py","lineno":71}
{"timestamp":"2026-05-20T22:58:04.744569Z","level":"info","event":"\tat org.apache.hadoop.mapreduce.lib.input.LineRecordReader.initialize(LineRecordReader.java:88)","logger":"airflow.task.operators.airflow.providers.docker.operators.docker.DockerOperator","filename":"docker.py","lineno":71}
{"timestamp":"2026-05-20T22:58:04.744627Z","level":"info","event":"\tat org.apache.spark.sql.execution.datasources.HadoopFileLinesReader.<init>(HadoopFileLinesReader.scala:63)","logger":"airflow.task.operators.airflow.providers.docker.operators.docker.DockerOperator","filename":"docker.py","lineno":71}
{"timestamp":"2026-05-20T22:58:04.744680Z","level":"info","event":"\tat org.apache.spark.sql.execution.datasources.json.TextInputJsonDataSource$.readFile(JsonDataSource.scala:132)","logger":"airflow.task.operators.airflow.providers.docker.operators.docker.DockerOperator","filename":"docker.py","lineno":71}
{"timestamp":"2026-05-20T22:58:04.744728Z","level":"info","event":"\tat org.apache.spark.sql.execution.datasources.json.JsonFileFormat.$anonfun$buildReader$2(JsonFileFormat.scala:126)","logger":"airflow.task.operators.airflow.providers.docker.operators.docker.DockerOperator","filename":"docker.py","lineno":71}
{"timestamp":"2026-05-20T22:58:04.744776Z","level":"info","event":"\tat org.apache.spark.sql.execution.datasources.FileFormat$$anon$1.apply(FileFormat.scala:160)","logger":"airflow.task.operators.airflow.providers.docker.operators.docker.DockerOperator","filename":"docker.py","lineno":71}
{"timestamp":"2026-05-20T22:58:04.744856Z","level":"info","event":"\tat org.apache.spark.sql.execution.datasources.FileFormat$$anon$1.apply(FileFormat.scala:140)","logger":"airflow.task.operators.airflow.providers.docker.operators.docker.DockerOperator","filename":"docker.py","lineno":71}
{"timestamp":"2026-05-20T22:58:04.744926Z","level":"info","event":"\tat org.apache.spark.sql.execution.datasources.FileScanRDD$$anon$1.org$apache$spark$sql$execution$datasources$FileScanRDD$$anon$$readCurrentFile(FileScanRDD.scala:217)","logger":"airflow.task.operators.airflow.providers.docker.operators.docker.DockerOperator","filename":"docker.py","lineno":71}
{"timestamp":"2026-05-20T22:58:04.744992Z","level":"info","event":"\tat org.apache.spark.sql.execution.datasources.FileScanRDD$$anon$1.nextIterator(FileScanRDD.scala:279)","logger":"airflow.task.operators.airflow.providers.docker.operators.docker.DockerOperator","filename":"docker.py","lineno":71}
{"timestamp":"2026-05-20T22:58:04.745100Z","level":"info","event":"\tat org.apache.spark.sql.execution.datasources.FileScanRDD$$anon$1.hasNext(FileScanRDD.scala:129)","logger":"airflow.task.operators.airflow.providers.docker.operators.docker.DockerOperator","filename":"docker.py","lineno":71}
{"timestamp":"2026-05-20T22:58:04.745179Z","level":"info","event":"\tat scala.collection.Iterator$$anon$10.hasNext(Iterator.scala:460)","logger":"airflow.task.operators.airflow.providers.docker.operators.docker.DockerOperator","filename":"docker.py","lineno":71}
{"timestamp":"2026-05-20T22:58:04.745243Z","level":"info","event":"\tat org.apache.spark.sql.catalyst.expressions.GeneratedClass$GeneratedIteratorForCodegenStage1.processNext(Unknown Source)","logger":"airflow.task.operators.airflow.providers.docker.operators.docker.DockerOperator","filename":"docker.py","lineno":71}
{"timestamp":"2026-05-20T22:58:04.745305Z","level":"info","event":"\tat org.apache.spark.sql.execution.BufferedRowIterator.hasNext(BufferedRowIterator.java:43)","logger":"airflow.task.operators.airflow.providers.docker.operators.docker.DockerOperator","filename":"docker.py","lineno":71}
{"timestamp":"2026-05-20T22:58:04.745360Z","level":"info","event":"\tat org.apache.spark.sql.execution.WholeStageCodegenEvaluatorFactory$WholeStageCodegenPartitionEvaluator$$anon$1.hasNext(WholeStageCodegenEvaluatorFactory.scala:43)","logger":"airflow.task.operators.airflow.providers.docker.operators.docker.DockerOperator","filename":"docker.py","lineno":71}
{"timestamp":"2026-05-20T22:58:04.745419Z","level":"info","event":"\tat org.apache.spark.sql.execution.SparkPlan.$anonfun$getByteArrayRdd$1(SparkPlan.scala:388)","logger":"airflow.task.operators.airflow.providers.docker.operators.docker.DockerOperator","filename":"docker.py","lineno":71}
{"timestamp":"2026-05-20T22:58:04.745488Z","level":"info","event":"\tat org.apache.spark.rdd.RDD.$anonfun$mapPartitionsInternal$2(RDD.scala:890)","logger":"airflow.task.operators.airflow.providers.docker.operators.docker.DockerOperator","filename":"docker.py","lineno":71}
{"timestamp":"2026-05-20T22:58:04.745548Z","level":"info","event":"\tat org.apache.spark.rdd.RDD.$anonfun$mapPartitionsInternal$2$adapted(RDD.scala:890)","logger":"airflow.task.operators.airflow.providers.docker.operators.docker.DockerOperator","filename":"docker.py","lineno":71}
{"timestamp":"2026-05-20T22:58:04.745606Z","level":"info","event":"\tat org.apache.spark.rdd.MapPartitionsRDD.compute(MapPartitionsRDD.scala:52)","logger":"airflow.task.operators.airflow.providers.docker.operators.docker.DockerOperator","filename":"docker.py","lineno":71}
{"timestamp":"2026-05-20T22:58:04.745658Z","level":"info","event":"\tat org.apache.spark.rdd.RDD.computeOrReadCheckpoint(RDD.scala:364)","logger":"airflow.task.operators.airflow.providers.docker.operators.docker.DockerOperator","filename":"docker.py","lineno":71}
{"timestamp":"2026-05-20T22:58:04.745709Z","level":"info","event":"\tat org.apache.spark.rdd.RDD.iterator(RDD.scala:328)","logger":"airflow.task.operators.airflow.providers.docker.operators.docker.DockerOperator","filename":"docker.py","lineno":71}
{"timestamp":"2026-05-20T22:58:04.745769Z","level":"info","event":"\tat org.apache.spark.scheduler.ResultTask.runTask(ResultTask.scala:93)","logger":"airflow.task.operators.airflow.providers.docker.operators.docker.DockerOperator","filename":"docker.py","lineno":71}
{"timestamp":"2026-05-20T22:58:04.745860Z","level":"info","event":"\tat org.apache.spark.TaskContext.runTaskWithListeners(TaskContext.scala:161)","logger":"airflow.task.operators.airflow.providers.docker.operators.docker.DockerOperator","filename":"docker.py","lineno":71}
{"timestamp":"2026-05-20T22:58:04.745935Z","level":"info","event":"\tat org.apache.spark.scheduler.Task.run(Task.scala:141)","logger":"airflow.task.operators.airflow.providers.docker.operators.docker.DockerOperator","filename":"docker.py","lineno":71}
{"timestamp":"2026-05-20T22:58:04.746004Z","level":"info","event":"\tat org.apache.spark.executor.Executor$TaskRunner.$anonfun$run$4(Executor.scala:620)","logger":"airflow.task.operators.airflow.providers.docker.operators.docker.DockerOperator","filename":"docker.py","lineno":71}
{"timestamp":"2026-05-20T22:58:04.746070Z","level":"info","event":"\tat org.apache.spark.util.SparkErrorUtils.tryWithSafeFinally(SparkErrorUtils.scala:64)","logger":"airflow.task.operators.airflow.providers.docker.operators.docker.DockerOperator","filename":"docker.py","lineno":71}
{"timestamp":"2026-05-20T22:58:04.746140Z","level":"info","event":"\tat org.apache.spark.util.SparkErrorUtils.tryWithSafeFinally$(SparkErrorUtils.scala:61)","logger":"airflow.task.operators.airflow.providers.docker.operators.docker.DockerOperator","filename":"docker.py","lineno":71}
{"timestamp":"2026-05-20T22:58:04.746212Z","level":"info","event":"\tat org.apache.spark.util.Utils$.tryWithSafeFinally(Utils.scala:94)","logger":"airflow.task.operators.airflow.providers.docker.operators.docker.DockerOperator","filename":"docker.py","lineno":71}
{"timestamp":"2026-05-20T22:58:04.746284Z","level":"info","event":"\tat org.apache.spark.executor.Executor$TaskRunner.run(Executor.scala:623)","logger":"airflow.task.operators.airflow.providers.docker.operators.docker.DockerOperator","filename":"docker.py","lineno":71}
{"timestamp":"2026-05-20T22:58:04.746356Z","level":"info","event":"\tat java.base/java.util.concurrent.ThreadPoolExecutor.runWorker(Unknown Source)","logger":"airflow.task.operators.airflow.providers.docker.operators.docker.DockerOperator","filename":"docker.py","lineno":71}
{"timestamp":"2026-05-20T22:58:04.746426Z","level":"info","event":"\tat java.base/java.util.concurrent.ThreadPoolExecutor$Worker.run(Unknown Source)","logger":"airflow.task.operators.airflow.providers.docker.operators.docker.DockerOperator","filename":"docker.py","lineno":71}
{"timestamp":"2026-05-20T22:58:04.746551Z","level":"info","event":"\tat java.base/java.lang.Thread.run(Unknown Source)","logger":"airflow.task.operators.airflow.providers.docker.operators.docker.DockerOperator","filename":"docker.py","lineno":71}
{"timestamp":"2026-05-20T22:58:04.746626Z","level":"info","event":"Caused by: java.lang.ClassNotFoundException: Class org.apache.hadoop.fs.s3a.S3AFileSystem not found","logger":"airflow.task.operators.airflow.providers.docker.operators.docker.DockerOperator","filename":"docker.py","lineno":71}
{"timestamp":"2026-05-20T22:58:04.746685Z","level":"info","event":"\tat org.apache.hadoop.conf.Configuration.getClassByName(Configuration.java:2592)","logger":"airflow.task.operators.airflow.providers.docker.operators.docker.DockerOperator","filename":"docker.py","lineno":71}
{"timestamp":"2026-05-20T22:58:04.746747Z","level":"info","event":"\tat org.apache.hadoop.conf.Configuration.getClass(Configuration.java:2686)","logger":"airflow.task.operators.airflow.providers.docker.operators.docker.DockerOperator","filename":"docker.py","lineno":71}
{"timestamp":"2026-05-20T22:58:04.746809Z","level":"info","event":"\t... 37 more","logger":"airflow.task.operators.airflow.providers.docker.operators.docker.DockerOperator","filename":"docker.py","lineno":71}
{"timestamp":"2026-05-20T22:58:04.746909Z","level":"info","event":"","logger":"airflow.task.operators.airflow.providers.docker.operators.docker.DockerOperator","filename":"docker.py","lineno":71}
{"timestamp":"2026-05-20T22:58:04.746985Z","level":"info","event":"Driver stacktrace:","logger":"airflow.task.operators.airflow.providers.docker.operators.docker.DockerOperator","filename":"docker.py","lineno":71}
{"timestamp":"2026-05-20T22:58:04.747144Z","level":"info","event":"26/05/20 22:58:04 INFO TaskSetManager: Starting task 0.1 in stage 5.0 (TID 13) (172.20.0.20, executor 0, partition 0, PROCESS_LOCAL, 8331 bytes)","logger":"airflow.task.operators.airflow.providers.docker.operators.docker.DockerOperator","filename":"docker.py","lineno":71}
{"timestamp":"2026-05-20T22:58:04.747298Z","level":"info","event":"26/05/20 22:58:04 INFO TaskSetManager: Starting task 0.1 in stage 0.0 (TID 14) (172.20.0.20, executor 0, partition 0, PROCESS_LOCAL, 8327 bytes)","logger":"airflow.task.operators.airflow.providers.docker.operators.docker.DockerOperator","filename":"docker.py","lineno":71}
{"timestamp":"2026-05-20T22:58:04.749343Z","level":"info","event":"26/05/20 22:58:04 INFO TaskSetManager: Starting task 0.1 in stage 6.0 (TID 15) (172.20.0.20, executor 0, partition 0, PROCESS_LOCAL, 8320 bytes)","logger":"airflow.task.operators.airflow.providers.docker.operators.docker.DockerOperator","filename":"docker.py","lineno":71}
{"timestamp":"2026-05-20T22:58:04.749514Z","level":"info","event":"26/05/20 22:58:04 INFO TaskSetManager: Starting task 0.1 in stage 3.0 (TID 16) (172.20.0.20, executor 0, partition 0, PROCESS_LOCAL, 8317 bytes)","logger":"airflow.task.operators.airflow.providers.docker.operators.docker.DockerOperator","filename":"docker.py","lineno":71}
{"timestamp":"2026-05-20T22:58:04.750784Z","level":"info","event":"26/05/20 22:58:04 INFO TaskSetManager: Starting task 0.1 in stage 1.0 (TID 17) (172.20.0.20, executor 0, partition 0, PROCESS_LOCAL, 8319 bytes)","logger":"airflow.task.operators.airflow.providers.docker.operators.docker.DockerOperator","filename":"docker.py","lineno":71}
{"timestamp":"2026-05-20T22:58:04.770030Z","level":"info","event":"26/05/20 22:58:04 INFO DAGScheduler: Job 4 failed: toString at <unknown>:0, took 3.289318 s","logger":"airflow.task.operators.airflow.providers.docker.operators.docker.DockerOperator","filename":"docker.py","lineno":71}
{"timestamp":"2026-05-20T22:58:04.837612Z","level":"info","event":"26/05/20 22:58:04 INFO TaskSetManager: Lost task 0.1 in stage 1.0 (TID 17) on 172.20.0.20, executor 0: java.lang.RuntimeException (java.lang.ClassNotFoundException: Class org.apache.hadoop.fs.s3a.S3AFileSystem not found) [duplicate 1]","logger":"airflow.task.operators.airflow.providers.docker.operators.docker.DockerOperator","filename":"docker.py","lineno":71}
{"timestamp":"2026-05-20T22:58:04.840239Z","level":"info","event":"26/05/20 22:58:04 INFO TaskSetManager: Starting task 0.2 in stage 1.0 (TID 18) (172.20.0.20, executor 0, partition 0, PROCESS_LOCAL, 8319 bytes)","logger":"airflow.task.operators.airflow.providers.docker.operators.docker.DockerOperator","filename":"docker.py","lineno":71}
{"timestamp":"2026-05-20T22:58:04.859190Z","level":"info","event":"26/05/20 22:58:04 INFO TaskSetManager: Lost task 0.1 in stage 0.0 (TID 14) on 172.20.0.20, executor 0: java.lang.RuntimeException (java.lang.ClassNotFoundException: Class org.apache.hadoop.fs.s3a.S3AFileSystem not found) [duplicate 1]","logger":"airflow.task.operators.airflow.providers.docker.operators.docker.DockerOperator","filename":"docker.py","lineno":71}
{"timestamp":"2026-05-20T22:58:04.860969Z","level":"info","event":"26/05/20 22:58:04 INFO TaskSetManager: Starting task 0.2 in stage 0.0 (TID 19) (172.20.0.20, executor 0, partition 0, PROCESS_LOCAL, 8327 bytes)","logger":"airflow.task.operators.airflow.providers.docker.operators.docker.DockerOperator","filename":"docker.py","lineno":71}
{"timestamp":"2026-05-20T22:58:04.876796Z","level":"info","event":"26/05/20 22:58:04 INFO TaskSetManager: Lost task 0.1 in stage 5.0 (TID 13) on 172.20.0.20, executor 0: java.lang.RuntimeException (java.lang.ClassNotFoundException: Class org.apache.hadoop.fs.s3a.S3AFileSystem not found) [duplicate 1]","logger":"airflow.task.operators.airflow.providers.docker.operators.docker.DockerOperator","filename":"docker.py","lineno":71}
{"timestamp":"2026-05-20T22:58:04.879614Z","level":"info","event":"26/05/20 22:58:04 INFO TaskSetManager: Lost task 0.1 in stage 6.0 (TID 15) on 172.20.0.20, executor 0: java.lang.RuntimeException (java.lang.ClassNotFoundException: Class org.apache.hadoop.fs.s3a.S3AFileSystem not found) [duplicate 1]","logger":"airflow.task.operators.airflow.providers.docker.operators.docker.DockerOperator","filename":"docker.py","lineno":71}
{"timestamp":"2026-05-20T22:58:04.892903Z","level":"info","event":"26/05/20 22:58:04 INFO BlockManagerInfo: Added broadcast_0_piece0 in memory on 172.20.0.20:36959 (size: 34.9 KiB, free: 434.1 MiB)","logger":"airflow.task.operators.airflow.providers.docker.operators.docker.DockerOperator","filename":"docker.py","lineno":71}
{"timestamp":"2026-05-20T22:58:04.894145Z","level":"info","event":"26/05/20 22:58:04 INFO TaskSetManager: Starting task 0.2 in stage 5.0 (TID 20) (172.20.0.20, executor 0, partition 0, PROCESS_LOCAL, 8331 bytes)","logger":"airflow.task.operators.airflow.providers.docker.operators.docker.DockerOperator","filename":"docker.py","lineno":71}
{"timestamp":"2026-05-20T22:58:04.895498Z","level":"info","event":"26/05/20 22:58:04 INFO TaskSetManager: Starting task 0.2 in stage 6.0 (TID 21) (172.20.0.20, executor 0, partition 0, PROCESS_LOCAL, 8320 bytes)","logger":"airflow.task.operators.airflow.providers.docker.operators.docker.DockerOperator","filename":"docker.py","lineno":71}
{"timestamp":"2026-05-20T22:58:04.909269Z","level":"info","event":"26/05/20 22:58:04 INFO TaskSetManager: Lost task 0.1 in stage 3.0 (TID 16) on 172.20.0.20, executor 0: java.lang.RuntimeException (java.lang.ClassNotFoundException: Class org.apache.hadoop.fs.s3a.S3AFileSystem not found) [duplicate 1]","logger":"airflow.task.operators.airflow.providers.docker.operators.docker.DockerOperator","filename":"docker.py","lineno":71}
{"timestamp":"2026-05-20T22:58:04.910972Z","level":"info","event":"26/05/20 22:58:04 INFO TaskSetManager: Starting task 0.2 in stage 3.0 (TID 22) (172.20.0.20, executor 0, partition 0, PROCESS_LOCAL, 8317 bytes)","logger":"airflow.task.operators.airflow.providers.docker.operators.docker.DockerOperator","filename":"docker.py","lineno":71}
{"timestamp":"2026-05-20T22:58:04.916647Z","level":"info","event":"26/05/20 22:58:04 INFO TaskSetManager: Lost task 0.2 in stage 1.0 (TID 18) on 172.20.0.20, executor 0: java.lang.RuntimeException (java.lang.ClassNotFoundException: Class org.apache.hadoop.fs.s3a.S3AFileSystem not found) [duplicate 2]","logger":"airflow.task.operators.airflow.providers.docker.operators.docker.DockerOperator","filename":"docker.py","lineno":71}
{"timestamp":"2026-05-20T22:58:04.923867Z","level":"info","event":"26/05/20 22:58:04 INFO TaskSetManager: Starting task 0.3 in stage 1.0 (TID 23) (172.20.0.21, executor 1, partition 0, PROCESS_LOCAL, 8319 bytes)","logger":"airflow.task.operators.airflow.providers.docker.operators.docker.DockerOperator","filename":"docker.py","lineno":71}
{"timestamp":"2026-05-20T22:58:04.943481Z","level":"info","event":"26/05/20 22:58:04 INFO TaskSetManager: Lost task 0.2 in stage 0.0 (TID 19) on 172.20.0.20, executor 0: java.lang.RuntimeException (java.lang.ClassNotFoundException: Class org.apache.hadoop.fs.s3a.S3AFileSystem not found) [duplicate 2]","logger":"airflow.task.operators.airflow.providers.docker.operators.docker.DockerOperator","filename":"docker.py","lineno":71}
{"timestamp":"2026-05-20T22:58:04.945896Z","level":"info","event":"26/05/20 22:58:04 INFO TaskSetManager: Starting task 0.3 in stage 0.0 (TID 24) (172.20.0.20, executor 0, partition 0, PROCESS_LOCAL, 8327 bytes)","logger":"airflow.task.operators.airflow.providers.docker.operators.docker.DockerOperator","filename":"docker.py","lineno":71}
{"timestamp":"2026-05-20T22:58:04.957935Z","level":"info","event":"26/05/20 22:58:04 INFO TaskSetManager: Lost task 0.3 in stage 2.0 (TID 11) on 172.20.0.20, executor 0: java.lang.RuntimeException (java.lang.ClassNotFoundException: Class org.apache.hadoop.fs.s3a.S3AFileSystem not found) [duplicate 3]","logger":"airflow.task.operators.airflow.providers.docker.operators.docker.DockerOperator","filename":"docker.py","lineno":71}
{"timestamp":"2026-05-20T22:58:04.958246Z","level":"info","event":"26/05/20 22:58:04 ERROR TaskSetManager: Task 0 in stage 2.0 failed 4 times; aborting job","logger":"airflow.task.operators.airflow.providers.docker.operators.docker.DockerOperator","filename":"docker.py","lineno":71}
{"timestamp":"2026-05-20T22:58:04.958376Z","level":"info","event":"26/05/20 22:58:04 INFO TaskSchedulerImpl: Removed TaskSet 2.0, whose tasks have all completed, from pool","logger":"airflow.task.operators.airflow.providers.docker.operators.docker.DockerOperator","filename":"docker.py","lineno":71}
{"timestamp":"2026-05-20T22:58:04.958559Z","level":"info","event":"26/05/20 22:58:04 INFO TaskSchedulerImpl: Cancelling stage 2","logger":"airflow.task.operators.airflow.providers.docker.operators.docker.DockerOperator","filename":"docker.py","lineno":71}
{"timestamp":"2026-05-20T22:58:04.961755Z","level":"info","event":"26/05/20 22:58:04 INFO TaskSchedulerImpl: Killing all running tasks in stage 2: Stage cancelled: Job aborted due to stage failure: Task 0 in stage 2.0 failed 4 times, most recent failure: Lost task 0.3 in stage 2.0 (TID 11) (172.20.0.20 executor 0): java.lang.RuntimeException: java.lang.ClassNotFoundException: Class org.apache.hadoop.fs.s3a.S3AFileSystem not found","logger":"airflow.task.operators.airflow.providers.docker.operators.docker.DockerOperator","filename":"docker.py","lineno":71}
{"timestamp":"2026-05-20T22:58:04.961933Z","level":"info","event":"\tat org.apache.hadoop.conf.Configuration.getClass(Configuration.java:2688)","logger":"airflow.task.operators.airflow.providers.docker.operators.docker.DockerOperator","filename":"docker.py","lineno":71}
{"timestamp":"2026-05-20T22:58:04.962018Z","level":"info","event":"\tat org.apache.hadoop.fs.FileSystem.getFileSystemClass(FileSystem.java:3431)","logger":"airflow.task.operators.airflow.providers.docker.operators.docker.DockerOperator","filename":"docker.py","lineno":71}
{"timestamp":"2026-05-20T22:58:04.962081Z","level":"info","event":"\tat org.apache.hadoop.fs.FileSystem.createFileSystem(FileSystem.java:3466)","logger":"airflow.task.operators.airflow.providers.docker.operators.docker.DockerOperator","filename":"docker.py","lineno":71}
{"timestamp":"2026-05-20T22:58:04.962143Z","level":"info","event":"\tat org.apache.hadoop.fs.FileSystem.access$300(FileSystem.java:174)","logger":"airflow.task.operators.airflow.providers.docker.operators.docker.DockerOperator","filename":"docker.py","lineno":71}
{"timestamp":"2026-05-20T22:58:04.962592Z","level":"info","event":"\tat org.apache.hadoop.fs.FileSystem$Cache.getInternal(FileSystem.java:3574)","logger":"airflow.task.operators.airflow.providers.docker.operators.docker.DockerOperator","filename":"docker.py","lineno":71}
{"timestamp":"2026-05-20T22:58:04.962672Z","level":"info","event":"\tat org.apache.hadoop.fs.FileSystem$Cache.get(FileSystem.java:3521)","logger":"airflow.task.operators.airflow.providers.docker.operators.docker.DockerOperator","filename":"docker.py","lineno":71}
{"timestamp":"2026-05-20T22:58:04.962734Z","level":"info","event":"\tat org.apache.hadoop.fs.FileSystem.get(FileSystem.java:540)","logger":"airflow.task.operators.airflow.providers.docker.operators.docker.DockerOperator","filename":"docker.py","lineno":71}
{"timestamp":"2026-05-20T22:58:04.962788Z","level":"info","event":"\tat org.apache.hadoop.fs.Path.getFileSystem(Path.java:365)","logger":"airflow.task.operators.airflow.providers.docker.operators.docker.DockerOperator","filename":"docker.py","lineno":71}
{"timestamp":"2026-05-20T22:58:04.962863Z","level":"info","event":"\tat org.apache.hadoop.mapreduce.lib.input.LineRecordReader.initialize(LineRecordReader.java:88)","logger":"airflow.task.operators.airflow.providers.docker.operators.docker.DockerOperator","filename":"docker.py","lineno":71}
{"timestamp":"2026-05-20T22:58:04.962923Z","level":"info","event":"\tat org.apache.spark.sql.execution.datasources.HadoopFileLinesReader.<init>(HadoopFileLinesReader.scala:63)","logger":"airflow.task.operators.airflow.providers.docker.operators.docker.DockerOperator","filename":"docker.py","lineno":71}
{"timestamp":"2026-05-20T22:58:04.962979Z","level":"info","event":"\tat org.apache.spark.sql.execution.datasources.json.TextInputJsonDataSource$.readFile(JsonDataSource.scala:132)","logger":"airflow.task.operators.airflow.providers.docker.operators.docker.DockerOperator","filename":"docker.py","lineno":71}
{"timestamp":"2026-05-20T22:58:04.963034Z","level":"info","event":"\tat org.apache.spark.sql.execution.datasources.json.JsonFileFormat.$anonfun$buildReader$2(JsonFileFormat.scala:126)","logger":"airflow.task.operators.airflow.providers.docker.operators.docker.DockerOperator","filename":"docker.py","lineno":71}
{"timestamp":"2026-05-20T22:58:04.963088Z","level":"info","event":"\tat org.apache.spark.sql.execution.datasources.FileFormat$$anon$1.apply(FileFormat.scala:160)","logger":"airflow.task.operators.airflow.providers.docker.operators.docker.DockerOperator","filename":"docker.py","lineno":71}
{"timestamp":"2026-05-20T22:58:04.963141Z","level":"info","event":"\tat org.apache.spark.sql.execution.datasources.FileFormat$$anon$1.apply(FileFormat.scala:140)","logger":"airflow.task.operators.airflow.providers.docker.operators.docker.DockerOperator","filename":"docker.py","lineno":71}
{"timestamp":"2026-05-20T22:58:04.963195Z","level":"info","event":"\tat org.apache.spark.sql.execution.datasources.FileScanRDD$$anon$1.org$apache$spark$sql$execution$datasources$FileScanRDD$$anon$$readCurrentFile(FileScanRDD.scala:217)","logger":"airflow.task.operators.airflow.providers.docker.operators.docker.DockerOperator","filename":"docker.py","lineno":71}
{"timestamp":"2026-05-20T22:58:04.963251Z","level":"info","event":"\tat org.apache.spark.sql.execution.datasources.FileScanRDD$$anon$1.nextIterator(FileScanRDD.scala:279)","logger":"airflow.task.operators.airflow.providers.docker.operators.docker.DockerOperator","filename":"docker.py","lineno":71}
{"timestamp":"2026-05-20T22:58:04.963305Z","level":"info","event":"\tat org.apache.spark.sql.execution.datasources.FileScanRDD$$anon$1.hasNext(FileScanRDD.scala:129)","logger":"airflow.task.operators.airflow.providers.docker.operators.docker.DockerOperator","filename":"docker.py","lineno":71}
{"timestamp":"2026-05-20T22:58:04.963359Z","level":"info","event":"\tat scala.collection.Iterator$$anon$10.hasNext(Iterator.scala:460)","logger":"airflow.task.operators.airflow.providers.docker.operators.docker.DockerOperator","filename":"docker.py","lineno":71}
{"timestamp":"2026-05-20T22:58:04.964946Z","level":"info","event":"\tat org.apache.spark.sql.catalyst.expressions.GeneratedClass$GeneratedIteratorForCodegenStage1.processNext(Unknown Source)","logger":"airflow.task.operators.airflow.providers.docker.operators.docker.DockerOperator","filename":"docker.py","lineno":71}
{"timestamp":"2026-05-20T22:58:04.965020Z","level":"info","event":"\tat org.apache.spark.sql.execution.BufferedRowIterator.hasNext(BufferedRowIterator.java:43)","logger":"airflow.task.operators.airflow.providers.docker.operators.docker.DockerOperator","filename":"docker.py","lineno":71}
{"timestamp":"2026-05-20T22:58:04.965074Z","level":"info","event":"\tat org.apache.spark.sql.execution.WholeStageCodegenEvaluatorFactory$WholeStageCodegenPartitionEvaluator$$anon$1.hasNext(WholeStageCodegenEvaluatorFactory.scala:43)","logger":"airflow.task.operators.airflow.providers.docker.operators.docker.DockerOperator","filename":"docker.py","lineno":71}
{"timestamp":"2026-05-20T22:58:04.965123Z","level":"info","event":"\tat org.apache.spark.sql.execution.SparkPlan.$anonfun$getByteArrayRdd$1(SparkPlan.scala:388)","logger":"airflow.task.operators.airflow.providers.docker.operators.docker.DockerOperator","filename":"docker.py","lineno":71}
{"timestamp":"2026-05-20T22:58:04.965180Z","level":"info","event":"\tat org.apache.spark.rdd.RDD.$anonfun$mapPartitionsInternal$2(RDD.scala:890)","logger":"airflow.task.operators.airflow.providers.docker.operators.docker.DockerOperator","filename":"docker.py","lineno":71}
{"timestamp":"2026-05-20T22:58:04.965236Z","level":"info","event":"\tat org.apache.spark.rdd.RDD.$anonfun$mapPartitionsInternal$2$adapted(RDD.scala:890)","logger":"airflow.task.operators.airflow.providers.docker.operators.docker.DockerOperator","filename":"docker.py","lineno":71}
{"timestamp":"2026-05-20T22:58:04.965291Z","level":"info","event":"\tat org.apache.spark.rdd.MapPartitionsRDD.compute(MapPartitionsRDD.scala:52)","logger":"airflow.task.operators.airflow.providers.docker.operators.docker.DockerOperator","filename":"docker.py","lineno":71}
{"timestamp":"2026-05-20T22:58:04.965341Z","level":"info","event":"\tat org.apache.spark.rdd.RDD.computeOrReadCheckpoint(RDD.scala:364)","logger":"airflow.task.operators.airflow.providers.docker.operators.docker.DockerOperator","filename":"docker.py","lineno":71}
{"timestamp":"2026-05-20T22:58:04.965398Z","level":"info","event":"\tat org.apache.spark.rdd.RDD.iterator(RDD.scala:328)","logger":"airflow.task.operators.airflow.providers.docker.operators.docker.DockerOperator","filename":"docker.py","lineno":71}
{"timestamp":"2026-05-20T22:58:04.965463Z","level":"info","event":"\tat org.apache.spark.scheduler.ResultTask.runTask(ResultTask.scala:93)","logger":"airflow.task.operators.airflow.providers.docker.operators.docker.DockerOperator","filename":"docker.py","lineno":71}
{"timestamp":"2026-05-20T22:58:04.965518Z","level":"info","event":"\tat org.apache.spark.TaskContext.runTaskWithListeners(TaskContext.scala:161)","logger":"airflow.task.operators.airflow.providers.docker.operators.docker.DockerOperator","filename":"docker.py","lineno":71}
{"timestamp":"2026-05-20T22:58:04.965580Z","level":"info","event":"\tat org.apache.spark.scheduler.Task.run(Task.scala:141)","logger":"airflow.task.operators.airflow.providers.docker.operators.docker.DockerOperator","filename":"docker.py","lineno":71}
{"timestamp":"2026-05-20T22:58:04.965644Z","level":"info","event":"\tat org.apache.spark.executor.Executor$TaskRunner.$anonfun$run$4(Executor.scala:620)","logger":"airflow.task.operators.airflow.providers.docker.operators.docker.DockerOperator","filename":"docker.py","lineno":71}
{"timestamp":"2026-05-20T22:58:04.965701Z","level":"info","event":"\tat org.apache.spark.util.SparkErrorUtils.tryWithSafeFinally(SparkErrorUtils.scala:64)","logger":"airflow.task.operators.airflow.providers.docker.operators.docker.DockerOperator","filename":"docker.py","lineno":71}
{"timestamp":"2026-05-20T22:58:04.965755Z","level":"info","event":"\tat org.apache.spark.util.SparkErrorUtils.tryWithSafeFinally$(SparkErrorUtils.scala:61)","logger":"airflow.task.operators.airflow.providers.docker.operators.docker.DockerOperator","filename":"docker.py","lineno":71}
{"timestamp":"2026-05-20T22:58:04.965808Z","level":"info","event":"\tat org.apache.spark.util.Utils$.tryWithSafeFinally(Utils.scala:94)","logger":"airflow.task.operators.airflow.providers.docker.operators.docker.DockerOperator","filename":"docker.py","lineno":71}
{"timestamp":"2026-05-20T22:58:04.965891Z","level":"info","event":"\tat org.apache.spark.executor.Executor$TaskRunner.run(Executor.scala:623)","logger":"airflow.task.operators.airflow.providers.docker.operators.docker.DockerOperator","filename":"docker.py","lineno":71}
{"timestamp":"2026-05-20T22:58:04.965950Z","level":"info","event":"\tat java.base/java.util.concurrent.ThreadPoolExecutor.runWorker(Unknown Source)","logger":"airflow.task.operators.airflow.providers.docker.operators.docker.DockerOperator","filename":"docker.py","lineno":71}
{"timestamp":"2026-05-20T22:58:04.966008Z","level":"info","event":"\tat java.base/java.util.concurrent.ThreadPoolExecutor$Worker.run(Unknown Source)","logger":"airflow.task.operators.airflow.providers.docker.operators.docker.DockerOperator","filename":"docker.py","lineno":71}
{"timestamp":"2026-05-20T22:58:04.966059Z","level":"info","event":"\tat java.base/java.lang.Thread.run(Unknown Source)","logger":"airflow.task.operators.airflow.providers.docker.operators.docker.DockerOperator","filename":"docker.py","lineno":71}
{"timestamp":"2026-05-20T22:58:04.966111Z","level":"info","event":"Caused by: java.lang.ClassNotFoundException: Class org.apache.hadoop.fs.s3a.S3AFileSystem not found","logger":"airflow.task.operators.airflow.providers.docker.operators.docker.DockerOperator","filename":"docker.py","lineno":71}
{"timestamp":"2026-05-20T22:58:04.966165Z","level":"info","event":"\tat org.apache.hadoop.conf.Configuration.getClassByName(Configuration.java:2592)","logger":"airflow.task.operators.airflow.providers.docker.operators.docker.DockerOperator","filename":"docker.py","lineno":71}
{"timestamp":"2026-05-20T22:58:04.966223Z","level":"info","event":"\tat org.apache.hadoop.conf.Configuration.getClass(Configuration.java:2686)","logger":"airflow.task.operators.airflow.providers.docker.operators.docker.DockerOperator","filename":"docker.py","lineno":71}
{"timestamp":"2026-05-20T22:58:04.966345Z","level":"info","event":"\t... 37 more","logger":"airflow.task.operators.airflow.providers.docker.operators.docker.DockerOperator","filename":"docker.py","lineno":71}
{"timestamp":"2026-05-20T22:58:04.966477Z","level":"info","event":"","logger":"airflow.task.operators.airflow.providers.docker.operators.docker.DockerOperator","filename":"docker.py","lineno":71}
{"timestamp":"2026-05-20T22:58:04.966584Z","level":"info","event":"Driver stacktrace:","logger":"airflow.task.operators.airflow.providers.docker.operators.docker.DockerOperator","filename":"docker.py","lineno":71}
{"timestamp":"2026-05-20T22:58:04.966774Z","level":"info","event":"26/05/20 22:58:04 INFO DAGScheduler: ResultStage 2 (toString at <unknown>:0) failed in 3.331 s due to Job aborted due to stage failure: Task 0 in stage 2.0 failed 4 times, most recent failure: Lost task 0.3 in stage 2.0 (TID 11) (172.20.0.20 executor 0): java.lang.RuntimeException: java.lang.ClassNotFoundException: Class org.apache.hadoop.fs.s3a.S3AFileSystem not found","logger":"airflow.task.operators.airflow.providers.docker.operators.docker.DockerOperator","filename":"docker.py","lineno":71}
{"timestamp":"2026-05-20T22:58:04.968902Z","level":"info","event":"\tat org.apache.hadoop.conf.Configuration.getClass(Configuration.java:2688)","logger":"airflow.task.operators.airflow.providers.docker.operators.docker.DockerOperator","filename":"docker.py","lineno":71}
{"timestamp":"2026-05-20T22:58:04.968991Z","level":"info","event":"\tat org.apache.hadoop.fs.FileSystem.getFileSystemClass(FileSystem.java:3431)","logger":"airflow.task.operators.airflow.providers.docker.operators.docker.DockerOperator","filename":"docker.py","lineno":71}
{"timestamp":"2026-05-20T22:58:04.969058Z","level":"info","event":"\tat org.apache.hadoop.fs.FileSystem.createFileSystem(FileSystem.java:3466)","logger":"airflow.task.operators.airflow.providers.docker.operators.docker.DockerOperator","filename":"docker.py","lineno":71}
{"timestamp":"2026-05-20T22:58:04.969125Z","level":"info","event":"\tat org.apache.hadoop.fs.FileSystem.access$300(FileSystem.java:174)","logger":"airflow.task.operators.airflow.providers.docker.operators.docker.DockerOperator","filename":"docker.py","lineno":71}
{"timestamp":"2026-05-20T22:58:04.969188Z","level":"info","event":"\tat org.apache.hadoop.fs.FileSystem$Cache.getInternal(FileSystem.java:3574)","logger":"airflow.task.operators.airflow.providers.docker.operators.docker.DockerOperator","filename":"docker.py","lineno":71}
{"timestamp":"2026-05-20T22:58:04.969246Z","level":"info","event":"\tat org.apache.hadoop.fs.FileSystem$Cache.get(FileSystem.java:3521)","logger":"airflow.task.operators.airflow.providers.docker.operators.docker.DockerOperator","filename":"docker.py","lineno":71}
{"timestamp":"2026-05-20T22:58:04.969303Z","level":"info","event":"\tat org.apache.hadoop.fs.FileSystem.get(FileSystem.java:540)","logger":"airflow.task.operators.airflow.providers.docker.operators.docker.DockerOperator","filename":"docker.py","lineno":71}
{"timestamp":"2026-05-20T22:58:04.969406Z","level":"info","event":"\tat org.apache.hadoop.fs.Path.getFileSystem(Path.java:365)","logger":"airflow.task.operators.airflow.providers.docker.operators.docker.DockerOperator","filename":"docker.py","lineno":71}
{"timestamp":"2026-05-20T22:58:04.969529Z","level":"info","event":"\tat org.apache.hadoop.mapreduce.lib.input.LineRecordReader.initialize(LineRecordReader.java:88)","logger":"airflow.task.operators.airflow.providers.docker.operators.docker.DockerOperator","filename":"docker.py","lineno":71}
{"timestamp":"2026-05-20T22:58:04.969605Z","level":"info","event":"\tat org.apache.spark.sql.execution.datasources.HadoopFileLinesReader.<init>(HadoopFileLinesReader.scala:63)","logger":"airflow.task.operators.airflow.providers.docker.operators.docker.DockerOperator","filename":"docker.py","lineno":71}
{"timestamp":"2026-05-20T22:58:04.969665Z","level":"info","event":"\tat org.apache.spark.sql.execution.datasources.json.TextInputJsonDataSource$.readFile(JsonDataSource.scala:132)","logger":"airflow.task.operators.airflow.providers.docker.operators.docker.DockerOperator","filename":"docker.py","lineno":71}
{"timestamp":"2026-05-20T22:58:04.969703Z","level":"info","event":"\tat org.apache.spark.sql.execution.datasources.json.JsonFileFormat.$anonfun$buildReader$2(JsonFileFormat.scala:126)","logger":"airflow.task.operators.airflow.providers.docker.operators.docker.DockerOperator","filename":"docker.py","lineno":71}
{"timestamp":"2026-05-20T22:58:04.969736Z","level":"info","event":"\tat org.apache.spark.sql.execution.datasources.FileFormat$$anon$1.apply(FileFormat.scala:160)","logger":"airflow.task.operators.airflow.providers.docker.operators.docker.DockerOperator","filename":"docker.py","lineno":71}
{"timestamp":"2026-05-20T22:58:04.969770Z","level":"info","event":"\tat org.apache.spark.sql.execution.datasources.FileFormat$$anon$1.apply(FileFormat.scala:140)","logger":"airflow.task.operators.airflow.providers.docker.operators.docker.DockerOperator","filename":"docker.py","lineno":71}
{"timestamp":"2026-05-20T22:58:04.969863Z","level":"info","event":"\tat org.apache.spark.sql.execution.datasources.FileScanRDD$$anon$1.org$apache$spark$sql$execution$datasources$FileScanRDD$$anon$$readCurrentFile(FileScanRDD.scala:217)","logger":"airflow.task.operators.airflow.providers.docker.operators.docker.DockerOperator","filename":"docker.py","lineno":71}
{"timestamp":"2026-05-20T22:58:04.969934Z","level":"info","event":"\tat org.apache.spark.sql.execution.datasources.FileScanRDD$$anon$1.nextIterator(FileScanRDD.scala:279)","logger":"airflow.task.operators.airflow.providers.docker.operators.docker.DockerOperator","filename":"docker.py","lineno":71}
{"timestamp":"2026-05-20T22:58:04.969995Z","level":"info","event":"\tat org.apache.spark.sql.execution.datasources.FileScanRDD$$anon$1.hasNext(FileScanRDD.scala:129)","logger":"airflow.task.operators.airflow.providers.docker.operators.docker.DockerOperator","filename":"docker.py","lineno":71}
{"timestamp":"2026-05-20T22:58:04.970112Z","level":"info","event":"\tat scala.collection.Iterator$$anon$10.hasNext(Iterator.scala:460)","logger":"airflow.task.operators.airflow.providers.docker.operators.docker.DockerOperator","filename":"docker.py","lineno":71}
{"timestamp":"2026-05-20T22:58:04.970196Z","level":"info","event":"\tat org.apache.spark.sql.catalyst.expressions.GeneratedClass$GeneratedIteratorForCodegenStage1.processNext(Unknown Source)","logger":"airflow.task.operators.airflow.providers.docker.operators.docker.DockerOperator","filename":"docker.py","lineno":71}
{"timestamp":"2026-05-20T22:58:04.970276Z","level":"info","event":"\tat org.apache.spark.sql.execution.BufferedRowIterator.hasNext(BufferedRowIterator.java:43)","logger":"airflow.task.operators.airflow.providers.docker.operators.docker.DockerOperator","filename":"docker.py","lineno":71}
{"timestamp":"2026-05-20T22:58:04.970350Z","level":"info","event":"\tat org.apache.spark.sql.execution.WholeStageCodegenEvaluatorFactory$WholeStageCodegenPartitionEvaluator$$anon$1.hasNext(WholeStageCodegenEvaluatorFactory.scala:43)","logger":"airflow.task.operators.airflow.providers.docker.operators.docker.DockerOperator","filename":"docker.py","lineno":71}
{"timestamp":"2026-05-20T22:58:04.970432Z","level":"info","event":"\tat org.apache.spark.sql.execution.SparkPlan.$anonfun$getByteArrayRdd$1(SparkPlan.scala:388)","logger":"airflow.task.operators.airflow.providers.docker.operators.docker.DockerOperator","filename":"docker.py","lineno":71}
{"timestamp":"2026-05-20T22:58:04.970508Z","level":"info","event":"\tat org.apache.spark.rdd.RDD.$anonfun$mapPartitionsInternal$2(RDD.scala:890)","logger":"airflow.task.operators.airflow.providers.docker.operators.docker.DockerOperator","filename":"docker.py","lineno":71}
{"timestamp":"2026-05-20T22:58:04.970575Z","level":"info","event":"\tat org.apache.spark.rdd.RDD.$anonfun$mapPartitionsInternal$2$adapted(RDD.scala:890)","logger":"airflow.task.operators.airflow.providers.docker.operators.docker.DockerOperator","filename":"docker.py","lineno":71}
{"timestamp":"2026-05-20T22:58:04.970644Z","level":"info","event":"\tat org.apache.spark.rdd.MapPartitionsRDD.compute(MapPartitionsRDD.scala:52)","logger":"airflow.task.operators.airflow.providers.docker.operators.docker.DockerOperator","filename":"docker.py","lineno":71}
{"timestamp":"2026-05-20T22:58:04.970713Z","level":"info","event":"\tat org.apache.spark.rdd.RDD.computeOrReadCheckpoint(RDD.scala:364)","logger":"airflow.task.operators.airflow.providers.docker.operators.docker.DockerOperator","filename":"docker.py","lineno":71}
{"timestamp":"2026-05-20T22:58:04.970776Z","level":"info","event":"\tat org.apache.spark.rdd.RDD.iterator(RDD.scala:328)","logger":"airflow.task.operators.airflow.providers.docker.operators.docker.DockerOperator","filename":"docker.py","lineno":71}
{"timestamp":"2026-05-20T22:58:04.970861Z","level":"info","event":"\tat org.apache.spark.scheduler.ResultTask.runTask(ResultTask.scala:93)","logger":"airflow.task.operators.airflow.providers.docker.operators.docker.DockerOperator","filename":"docker.py","lineno":71}
{"timestamp":"2026-05-20T22:58:04.970930Z","level":"info","event":"\tat org.apache.spark.TaskContext.runTaskWithListeners(TaskContext.scala:161)","logger":"airflow.task.operators.airflow.providers.docker.operators.docker.DockerOperator","filename":"docker.py","lineno":71}
{"timestamp":"2026-05-20T22:58:04.970996Z","level":"info","event":"\tat org.apache.spark.scheduler.Task.run(Task.scala:141)","logger":"airflow.task.operators.airflow.providers.docker.operators.docker.DockerOperator","filename":"docker.py","lineno":71}
{"timestamp":"2026-05-20T22:58:04.974915Z","level":"info","event":"\tat org.apache.spark.executor.Executor$TaskRunner.$anonfun$run$4(Executor.scala:620)","logger":"airflow.task.operators.airflow.providers.docker.operators.docker.DockerOperator","filename":"docker.py","lineno":71}
{"timestamp":"2026-05-20T22:58:04.975020Z","level":"info","event":"\tat org.apache.spark.util.SparkErrorUtils.tryWithSafeFinally(SparkErrorUtils.scala:64)","logger":"airflow.task.operators.airflow.providers.docker.operators.docker.DockerOperator","filename":"docker.py","lineno":71}
{"timestamp":"2026-05-20T22:58:04.975094Z","level":"info","event":"\tat org.apache.spark.util.SparkErrorUtils.tryWithSafeFinally$(SparkErrorUtils.scala:61)","logger":"airflow.task.operators.airflow.providers.docker.operators.docker.DockerOperator","filename":"docker.py","lineno":71}
{"timestamp":"2026-05-20T22:58:04.975169Z","level":"info","event":"\tat org.apache.spark.util.Utils$.tryWithSafeFinally(Utils.scala:94)","logger":"airflow.task.operators.airflow.providers.docker.operators.docker.DockerOperator","filename":"docker.py","lineno":71}
{"timestamp":"2026-05-20T22:58:04.975259Z","level":"info","event":"\tat org.apache.spark.executor.Executor$TaskRunner.run(Executor.scala:623)","logger":"airflow.task.operators.airflow.providers.docker.operators.docker.DockerOperator","filename":"docker.py","lineno":71}
{"timestamp":"2026-05-20T22:58:04.975346Z","level":"info","event":"\tat java.base/java.util.concurrent.ThreadPoolExecutor.runWorker(Unknown Source)","logger":"airflow.task.operators.airflow.providers.docker.operators.docker.DockerOperator","filename":"docker.py","lineno":71}
{"timestamp":"2026-05-20T22:58:04.975409Z","level":"info","event":"\tat java.base/java.util.concurrent.ThreadPoolExecutor$Worker.run(Unknown Source)","logger":"airflow.task.operators.airflow.providers.docker.operators.docker.DockerOperator","filename":"docker.py","lineno":71}
{"timestamp":"2026-05-20T22:58:04.975485Z","level":"info","event":"\tat java.base/java.lang.Thread.run(Unknown Source)","logger":"airflow.task.operators.airflow.providers.docker.operators.docker.DockerOperator","filename":"docker.py","lineno":71}
{"timestamp":"2026-05-20T22:58:04.975536Z","level":"info","event":"Caused by: java.lang.ClassNotFoundException: Class org.apache.hadoop.fs.s3a.S3AFileSystem not found","logger":"airflow.task.operators.airflow.providers.docker.operators.docker.DockerOperator","filename":"docker.py","lineno":71}
{"timestamp":"2026-05-20T22:58:04.975591Z","level":"info","event":"\tat org.apache.hadoop.conf.Configuration.getClassByName(Configuration.java:2592)","logger":"airflow.task.operators.airflow.providers.docker.operators.docker.DockerOperator","filename":"docker.py","lineno":71}
{"timestamp":"2026-05-20T22:58:04.975651Z","level":"info","event":"\tat org.apache.hadoop.conf.Configuration.getClass(Configuration.java:2686)","logger":"airflow.task.operators.airflow.providers.docker.operators.docker.DockerOperator","filename":"docker.py","lineno":71}
{"timestamp":"2026-05-20T22:58:04.975711Z","level":"info","event":"\t... 37 more","logger":"airflow.task.operators.airflow.providers.docker.operators.docker.DockerOperator","filename":"docker.py","lineno":71}
{"timestamp":"2026-05-20T22:58:04.975772Z","level":"info","event":"","logger":"airflow.task.operators.airflow.providers.docker.operators.docker.DockerOperator","filename":"docker.py","lineno":71}
{"timestamp":"2026-05-20T22:58:04.975868Z","level":"info","event":"Driver stacktrace:","logger":"airflow.task.operators.airflow.providers.docker.operators.docker.DockerOperator","filename":"docker.py","lineno":71}
{"timestamp":"2026-05-20T22:58:04.976099Z","level":"info","event":"26/05/20 22:58:04 INFO DAGScheduler: Job 1 failed: toString at <unknown>:0, took 3.487032 s","logger":"airflow.task.operators.airflow.providers.docker.operators.docker.DockerOperator","filename":"docker.py","lineno":71}
{"timestamp":"2026-05-20T22:58:04.981990Z","level":"info","event":"26/05/20 22:58:04 INFO TaskSetManager: Lost task 0.2 in stage 3.0 (TID 22) on 172.20.0.20, executor 0: java.lang.RuntimeException (java.lang.ClassNotFoundException: Class org.apache.hadoop.fs.s3a.S3AFileSystem not found) [duplicate 2]","logger":"airflow.task.operators.airflow.providers.docker.operators.docker.DockerOperator","filename":"docker.py","lineno":71}
{"timestamp":"2026-05-20T22:58:04.984607Z","level":"info","event":"26/05/20 22:58:04 INFO TaskSetManager: Starting task 0.3 in stage 3.0 (TID 25) (172.20.0.20, executor 0, partition 0, PROCESS_LOCAL, 8317 bytes)","logger":"airflow.task.operators.airflow.providers.docker.operators.docker.DockerOperator","filename":"docker.py","lineno":71}
{"timestamp":"2026-05-20T22:58:04.988521Z","level":"info","event":"26/05/20 22:58:04 INFO TaskSetManager: Lost task 0.2 in stage 6.0 (TID 21) on 172.20.0.20, executor 0: java.lang.RuntimeException (java.lang.ClassNotFoundException: Class org.apache.hadoop.fs.s3a.S3AFileSystem not found) [duplicate 2]","logger":"airflow.task.operators.airflow.providers.docker.operators.docker.DockerOperator","filename":"docker.py","lineno":71}
{"timestamp":"2026-05-20T22:58:04.990292Z","level":"info","event":"26/05/20 22:58:04 INFO TaskSetManager: Lost task 0.2 in stage 5.0 (TID 20) on 172.20.0.20, executor 0: java.lang.RuntimeException (java.lang.ClassNotFoundException: Class org.apache.hadoop.fs.s3a.S3AFileSystem not found) [duplicate 2]","logger":"airflow.task.operators.airflow.providers.docker.operators.docker.DockerOperator","filename":"docker.py","lineno":71}
{"timestamp":"2026-05-20T22:58:04.994249Z","level":"info","event":"26/05/20 22:58:04 INFO TaskSetManager: Starting task 0.3 in stage 5.0 (TID 26) (172.20.0.21, executor 1, partition 0, PROCESS_LOCAL, 8331 bytes)","logger":"airflow.task.operators.airflow.providers.docker.operators.docker.DockerOperator","filename":"docker.py","lineno":71}
{"timestamp":"2026-05-20T22:58:05.008416Z","level":"info","event":"26/05/20 22:58:05 INFO TaskSetManager: Starting task 0.3 in stage 6.0 (TID 27) (172.20.0.21, executor 1, partition 0, PROCESS_LOCAL, 8320 bytes)","logger":"airflow.task.operators.airflow.providers.docker.operators.docker.DockerOperator","filename":"docker.py","lineno":71}
{"timestamp":"2026-05-20T22:58:05.053328Z","level":"info","event":"26/05/20 22:58:05 INFO TaskSetManager: Lost task 0.3 in stage 0.0 (TID 24) on 172.20.0.20, executor 0: java.lang.RuntimeException (java.lang.ClassNotFoundException: Class org.apache.hadoop.fs.s3a.S3AFileSystem not found) [duplicate 3]","logger":"airflow.task.operators.airflow.providers.docker.operators.docker.DockerOperator","filename":"docker.py","lineno":71}
{"timestamp":"2026-05-20T22:58:05.057402Z","level":"info","event":"26/05/20 22:58:05 ERROR TaskSetManager: Task 0 in stage 0.0 failed 4 times; aborting job","logger":"airflow.task.operators.airflow.providers.docker.operators.docker.DockerOperator","filename":"docker.py","lineno":71}
{"timestamp":"2026-05-20T22:58:05.060050Z","level":"info","event":"26/05/20 22:58:05 INFO TaskSchedulerImpl: Removed TaskSet 0.0, whose tasks have all completed, from pool","logger":"airflow.task.operators.airflow.providers.docker.operators.docker.DockerOperator","filename":"docker.py","lineno":71}
{"timestamp":"2026-05-20T22:58:05.060364Z","level":"info","event":"26/05/20 22:58:05 INFO TaskSchedulerImpl: Cancelling stage 0","logger":"airflow.task.operators.airflow.providers.docker.operators.docker.DockerOperator","filename":"docker.py","lineno":71}
{"timestamp":"2026-05-20T22:58:05.060534Z","level":"info","event":"26/05/20 22:58:05 INFO TaskSchedulerImpl: Killing all running tasks in stage 0: Stage cancelled: Job aborted due to stage failure: Task 0 in stage 0.0 failed 4 times, most recent failure: Lost task 0.3 in stage 0.0 (TID 24) (172.20.0.20 executor 0): java.lang.RuntimeException: java.lang.ClassNotFoundException: Class org.apache.hadoop.fs.s3a.S3AFileSystem not found","logger":"airflow.task.operators.airflow.providers.docker.operators.docker.DockerOperator","filename":"docker.py","lineno":71}
{"timestamp":"2026-05-20T22:58:05.060654Z","level":"info","event":"\tat org.apache.hadoop.conf.Configuration.getClass(Configuration.java:2688)","logger":"airflow.task.operators.airflow.providers.docker.operators.docker.DockerOperator","filename":"docker.py","lineno":71}
{"timestamp":"2026-05-20T22:58:05.060741Z","level":"info","event":"\tat org.apache.hadoop.fs.FileSystem.getFileSystemClass(FileSystem.java:3431)","logger":"airflow.task.operators.airflow.providers.docker.operators.docker.DockerOperator","filename":"docker.py","lineno":71}
{"timestamp":"2026-05-20T22:58:05.060907Z","level":"info","event":"\tat org.apache.hadoop.fs.FileSystem.createFileSystem(FileSystem.java:3466)","logger":"airflow.task.operators.airflow.providers.docker.operators.docker.DockerOperator","filename":"docker.py","lineno":71}
{"timestamp":"2026-05-20T22:58:05.061012Z","level":"info","event":"\tat org.apache.hadoop.fs.FileSystem.access$300(FileSystem.java:174)","logger":"airflow.task.operators.airflow.providers.docker.operators.docker.DockerOperator","filename":"docker.py","lineno":71}
{"timestamp":"2026-05-20T22:58:05.061091Z","level":"info","event":"\tat org.apache.hadoop.fs.FileSystem$Cache.getInternal(FileSystem.java:3574)","logger":"airflow.task.operators.airflow.providers.docker.operators.docker.DockerOperator","filename":"docker.py","lineno":71}
{"timestamp":"2026-05-20T22:58:05.061160Z","level":"info","event":"\tat org.apache.hadoop.fs.FileSystem$Cache.get(FileSystem.java:3521)","logger":"airflow.task.operators.airflow.providers.docker.operators.docker.DockerOperator","filename":"docker.py","lineno":71}
{"timestamp":"2026-05-20T22:58:05.061224Z","level":"info","event":"\tat org.apache.hadoop.fs.FileSystem.get(FileSystem.java:540)","logger":"airflow.task.operators.airflow.providers.docker.operators.docker.DockerOperator","filename":"docker.py","lineno":71}
{"timestamp":"2026-05-20T22:58:05.061287Z","level":"info","event":"\tat org.apache.hadoop.fs.Path.getFileSystem(Path.java:365)","logger":"airflow.task.operators.airflow.providers.docker.operators.docker.DockerOperator","filename":"docker.py","lineno":71}
{"timestamp":"2026-05-20T22:58:05.061369Z","level":"info","event":"\tat org.apache.hadoop.mapreduce.lib.input.LineRecordReader.initialize(LineRecordReader.java:88)","logger":"airflow.task.operators.airflow.providers.docker.operators.docker.DockerOperator","filename":"docker.py","lineno":71}
{"timestamp":"2026-05-20T22:58:05.061433Z","level":"info","event":"\tat org.apache.spark.sql.execution.datasources.HadoopFileLinesReader.<init>(HadoopFileLinesReader.scala:63)","logger":"airflow.task.operators.airflow.providers.docker.operators.docker.DockerOperator","filename":"docker.py","lineno":71}
{"timestamp":"2026-05-20T22:58:05.061493Z","level":"info","event":"\tat org.apache.spark.sql.execution.datasources.json.TextInputJsonDataSource$.readFile(JsonDataSource.scala:132)","logger":"airflow.task.operators.airflow.providers.docker.operators.docker.DockerOperator","filename":"docker.py","lineno":71}
{"timestamp":"2026-05-20T22:58:05.061550Z","level":"info","event":"\tat org.apache.spark.sql.execution.datasources.json.JsonFileFormat.$anonfun$buildReader$2(JsonFileFormat.scala:126)","logger":"airflow.task.operators.airflow.providers.docker.operators.docker.DockerOperator","filename":"docker.py","lineno":71}
{"timestamp":"2026-05-20T22:58:05.061609Z","level":"info","event":"\tat org.apache.spark.sql.execution.datasources.FileFormat$$anon$1.apply(FileFormat.scala:160)","logger":"airflow.task.operators.airflow.providers.docker.operators.docker.DockerOperator","filename":"docker.py","lineno":71}
{"timestamp":"2026-05-20T22:58:05.061667Z","level":"info","event":"\tat org.apache.spark.sql.execution.datasources.FileFormat$$anon$1.apply(FileFormat.scala:140)","logger":"airflow.task.operators.airflow.providers.docker.operators.docker.DockerOperator","filename":"docker.py","lineno":71}
{"timestamp":"2026-05-20T22:58:05.061723Z","level":"info","event":"\tat org.apache.spark.sql.execution.datasources.FileScanRDD$$anon$1.org$apache$spark$sql$execution$datasources$FileScanRDD$$anon$$readCurrentFile(FileScanRDD.scala:217)","logger":"airflow.task.operators.airflow.providers.docker.operators.docker.DockerOperator","filename":"docker.py","lineno":71}
{"timestamp":"2026-05-20T22:58:05.061784Z","level":"info","event":"\tat org.apache.spark.sql.execution.datasources.FileScanRDD$$anon$1.nextIterator(FileScanRDD.scala:279)","logger":"airflow.task.operators.airflow.providers.docker.operators.docker.DockerOperator","filename":"docker.py","lineno":71}
{"timestamp":"2026-05-20T22:58:05.061890Z","level":"info","event":"\tat org.apache.spark.sql.execution.datasources.FileScanRDD$$anon$1.hasNext(FileScanRDD.scala:129)","logger":"airflow.task.operators.airflow.providers.docker.operators.docker.DockerOperator","filename":"docker.py","lineno":71}
{"timestamp":"2026-05-20T22:58:05.061958Z","level":"info","event":"\tat scala.collection.Iterator$$anon$10.hasNext(Iterator.scala:460)","logger":"airflow.task.operators.airflow.providers.docker.operators.docker.DockerOperator","filename":"docker.py","lineno":71}
{"timestamp":"2026-05-20T22:58:05.062015Z","level":"info","event":"\tat org.apache.spark.sql.catalyst.expressions.GeneratedClass$GeneratedIteratorForCodegenStage1.processNext(Unknown Source)","logger":"airflow.task.operators.airflow.providers.docker.operators.docker.DockerOperator","filename":"docker.py","lineno":71}
{"timestamp":"2026-05-20T22:58:05.062074Z","level":"info","event":"\tat org.apache.spark.sql.execution.BufferedRowIterator.hasNext(BufferedRowIterator.java:43)","logger":"airflow.task.operators.airflow.providers.docker.operators.docker.DockerOperator","filename":"docker.py","lineno":71}
{"timestamp":"2026-05-20T22:58:05.062133Z","level":"info","event":"\tat org.apache.spark.sql.execution.WholeStageCodegenEvaluatorFactory$WholeStageCodegenPartitionEvaluator$$anon$1.hasNext(WholeStageCodegenEvaluatorFactory.scala:43)","logger":"airflow.task.operators.airflow.providers.docker.operators.docker.DockerOperator","filename":"docker.py","lineno":71}
{"timestamp":"2026-05-20T22:58:05.062189Z","level":"info","event":"\tat org.apache.spark.sql.execution.SparkPlan.$anonfun$getByteArrayRdd$1(SparkPlan.scala:388)","logger":"airflow.task.operators.airflow.providers.docker.operators.docker.DockerOperator","filename":"docker.py","lineno":71}
{"timestamp":"2026-05-20T22:58:05.062249Z","level":"info","event":"\tat org.apache.spark.rdd.RDD.$anonfun$mapPartitionsInternal$2(RDD.scala:890)","logger":"airflow.task.operators.airflow.providers.docker.operators.docker.DockerOperator","filename":"docker.py","lineno":71}
{"timestamp":"2026-05-20T22:58:05.062310Z","level":"info","event":"\tat org.apache.spark.rdd.RDD.$anonfun$mapPartitionsInternal$2$adapted(RDD.scala:890)","logger":"airflow.task.operators.airflow.providers.docker.operators.docker.DockerOperator","filename":"docker.py","lineno":71}
{"timestamp":"2026-05-20T22:58:05.062385Z","level":"info","event":"\tat org.apache.spark.rdd.MapPartitionsRDD.compute(MapPartitionsRDD.scala:52)","logger":"airflow.task.operators.airflow.providers.docker.operators.docker.DockerOperator","filename":"docker.py","lineno":71}
{"timestamp":"2026-05-20T22:58:05.062448Z","level":"info","event":"\tat org.apache.spark.rdd.RDD.computeOrReadCheckpoint(RDD.scala:364)","logger":"airflow.task.operators.airflow.providers.docker.operators.docker.DockerOperator","filename":"docker.py","lineno":71}
{"timestamp":"2026-05-20T22:58:05.062508Z","level":"info","event":"\tat org.apache.spark.rdd.RDD.iterator(RDD.scala:328)","logger":"airflow.task.operators.airflow.providers.docker.operators.docker.DockerOperator","filename":"docker.py","lineno":71}
{"timestamp":"2026-05-20T22:58:05.062567Z","level":"info","event":"\tat org.apache.spark.scheduler.ResultTask.runTask(ResultTask.scala:93)","logger":"airflow.task.operators.airflow.providers.docker.operators.docker.DockerOperator","filename":"docker.py","lineno":71}
{"timestamp":"2026-05-20T22:58:05.062630Z","level":"info","event":"\tat org.apache.spark.TaskContext.runTaskWithListeners(TaskContext.scala:161)","logger":"airflow.task.operators.airflow.providers.docker.operators.docker.DockerOperator","filename":"docker.py","lineno":71}
{"timestamp":"2026-05-20T22:58:05.062696Z","level":"info","event":"\tat org.apache.spark.scheduler.Task.run(Task.scala:141)","logger":"airflow.task.operators.airflow.providers.docker.operators.docker.DockerOperator","filename":"docker.py","lineno":71}
{"timestamp":"2026-05-20T22:58:05.062761Z","level":"info","event":"\tat org.apache.spark.executor.Executor$TaskRunner.$anonfun$run$4(Executor.scala:620)","logger":"airflow.task.operators.airflow.providers.docker.operators.docker.DockerOperator","filename":"docker.py","lineno":71}
{"timestamp":"2026-05-20T22:58:05.062846Z","level":"info","event":"\tat org.apache.spark.util.SparkErrorUtils.tryWithSafeFinally(SparkErrorUtils.scala:64)","logger":"airflow.task.operators.airflow.providers.docker.operators.docker.DockerOperator","filename":"docker.py","lineno":71}
{"timestamp":"2026-05-20T22:58:05.062938Z","level":"info","event":"\tat org.apache.spark.util.SparkErrorUtils.tryWithSafeFinally$(SparkErrorUtils.scala:61)","logger":"airflow.task.operators.airflow.providers.docker.operators.docker.DockerOperator","filename":"docker.py","lineno":71}
{"timestamp":"2026-05-20T22:58:05.063001Z","level":"info","event":"\tat org.apache.spark.util.Utils$.tryWithSafeFinally(Utils.scala:94)","logger":"airflow.task.operators.airflow.providers.docker.operators.docker.DockerOperator","filename":"docker.py","lineno":71}
{"timestamp":"2026-05-20T22:58:05.063064Z","level":"info","event":"\tat org.apache.spark.executor.Executor$TaskRunner.run(Executor.scala:623)","logger":"airflow.task.operators.airflow.providers.docker.operators.docker.DockerOperator","filename":"docker.py","lineno":71}
{"timestamp":"2026-05-20T22:58:05.063131Z","level":"info","event":"\tat java.base/java.util.concurrent.ThreadPoolExecutor.runWorker(Unknown Source)","logger":"airflow.task.operators.airflow.providers.docker.operators.docker.DockerOperator","filename":"docker.py","lineno":71}
{"timestamp":"2026-05-20T22:58:05.063197Z","level":"info","event":"\tat java.base/java.util.concurrent.ThreadPoolExecutor$Worker.run(Unknown Source)","logger":"airflow.task.operators.airflow.providers.docker.operators.docker.DockerOperator","filename":"docker.py","lineno":71}
{"timestamp":"2026-05-20T22:58:05.063262Z","level":"info","event":"\tat java.base/java.lang.Thread.run(Unknown Source)","logger":"airflow.task.operators.airflow.providers.docker.operators.docker.DockerOperator","filename":"docker.py","lineno":71}
{"timestamp":"2026-05-20T22:58:05.063337Z","level":"info","event":"Caused by: java.lang.ClassNotFoundException: Class org.apache.hadoop.fs.s3a.S3AFileSystem not found","logger":"airflow.task.operators.airflow.providers.docker.operators.docker.DockerOperator","filename":"docker.py","lineno":71}
{"timestamp":"2026-05-20T22:58:05.063408Z","level":"info","event":"\tat org.apache.hadoop.conf.Configuration.getClassByName(Configuration.java:2592)","logger":"airflow.task.operators.airflow.providers.docker.operators.docker.DockerOperator","filename":"docker.py","lineno":71}
{"timestamp":"2026-05-20T22:58:05.063474Z","level":"info","event":"\tat org.apache.hadoop.conf.Configuration.getClass(Configuration.java:2686)","logger":"airflow.task.operators.airflow.providers.docker.operators.docker.DockerOperator","filename":"docker.py","lineno":71}
{"timestamp":"2026-05-20T22:58:05.063566Z","level":"info","event":"\t... 37 more","logger":"airflow.task.operators.airflow.providers.docker.operators.docker.DockerOperator","filename":"docker.py","lineno":71}
{"timestamp":"2026-05-20T22:58:05.063639Z","level":"info","event":"","logger":"airflow.task.operators.airflow.providers.docker.operators.docker.DockerOperator","filename":"docker.py","lineno":71}
{"timestamp":"2026-05-20T22:58:05.063705Z","level":"info","event":"Driver stacktrace:","logger":"airflow.task.operators.airflow.providers.docker.operators.docker.DockerOperator","filename":"docker.py","lineno":71}
{"timestamp":"2026-05-20T22:58:05.063773Z","level":"info","event":"26/05/20 22:58:05 INFO DAGScheduler: ResultStage 0 (toString at <unknown>:0) failed in 3.530 s due to Job aborted due to stage failure: Task 0 in stage 0.0 failed 4 times, most recent failure: Lost task 0.3 in stage 0.0 (TID 24) (172.20.0.20 executor 0): java.lang.RuntimeException: java.lang.ClassNotFoundException: Class org.apache.hadoop.fs.s3a.S3AFileSystem not found","logger":"airflow.task.operators.airflow.providers.docker.operators.docker.DockerOperator","filename":"docker.py","lineno":71}
{"timestamp":"2026-05-20T22:58:05.063884Z","level":"info","event":"\tat org.apache.hadoop.conf.Configuration.getClass(Configuration.java:2688)","logger":"airflow.task.operators.airflow.providers.docker.operators.docker.DockerOperator","filename":"docker.py","lineno":71}
{"timestamp":"2026-05-20T22:58:05.063966Z","level":"info","event":"\tat org.apache.hadoop.fs.FileSystem.getFileSystemClass(FileSystem.java:3431)","logger":"airflow.task.operators.airflow.providers.docker.operators.docker.DockerOperator","filename":"docker.py","lineno":71}
{"timestamp":"2026-05-20T22:58:05.064034Z","level":"info","event":"\tat org.apache.hadoop.fs.FileSystem.createFileSystem(FileSystem.java:3466)","logger":"airflow.task.operators.airflow.providers.docker.operators.docker.DockerOperator","filename":"docker.py","lineno":71}
{"timestamp":"2026-05-20T22:58:05.064094Z","level":"info","event":"\tat org.apache.hadoop.fs.FileSystem.access$300(FileSystem.java:174)","logger":"airflow.task.operators.airflow.providers.docker.operators.docker.DockerOperator","filename":"docker.py","lineno":71}
{"timestamp":"2026-05-20T22:58:05.064146Z","level":"info","event":"\tat org.apache.hadoop.fs.FileSystem$Cache.getInternal(FileSystem.java:3574)","logger":"airflow.task.operators.airflow.providers.docker.operators.docker.DockerOperator","filename":"docker.py","lineno":71}
{"timestamp":"2026-05-20T22:58:05.064200Z","level":"info","event":"\tat org.apache.hadoop.fs.FileSystem$Cache.get(FileSystem.java:3521)","logger":"airflow.task.operators.airflow.providers.docker.operators.docker.DockerOperator","filename":"docker.py","lineno":71}
{"timestamp":"2026-05-20T22:58:05.064252Z","level":"info","event":"\tat org.apache.hadoop.fs.FileSystem.get(FileSystem.java:540)","logger":"airflow.task.operators.airflow.providers.docker.operators.docker.DockerOperator","filename":"docker.py","lineno":71}
{"timestamp":"2026-05-20T22:58:05.064302Z","level":"info","event":"\tat org.apache.hadoop.fs.Path.getFileSystem(Path.java:365)","logger":"airflow.task.operators.airflow.providers.docker.operators.docker.DockerOperator","filename":"docker.py","lineno":71}
{"timestamp":"2026-05-20T22:58:05.064371Z","level":"info","event":"\tat org.apache.hadoop.mapreduce.lib.input.LineRecordReader.initialize(LineRecordReader.java:88)","logger":"airflow.task.operators.airflow.providers.docker.operators.docker.DockerOperator","filename":"docker.py","lineno":71}
{"timestamp":"2026-05-20T22:58:05.064425Z","level":"info","event":"\tat org.apache.spark.sql.execution.datasources.HadoopFileLinesReader.<init>(HadoopFileLinesReader.scala:63)","logger":"airflow.task.operators.airflow.providers.docker.operators.docker.DockerOperator","filename":"docker.py","lineno":71}
{"timestamp":"2026-05-20T22:58:05.064481Z","level":"info","event":"\tat org.apache.spark.sql.execution.datasources.json.TextInputJsonDataSource$.readFile(JsonDataSource.scala:132)","logger":"airflow.task.operators.airflow.providers.docker.operators.docker.DockerOperator","filename":"docker.py","lineno":71}
{"timestamp":"2026-05-20T22:58:05.064536Z","level":"info","event":"\tat org.apache.spark.sql.execution.datasources.json.JsonFileFormat.$anonfun$buildReader$2(JsonFileFormat.scala:126)","logger":"airflow.task.operators.airflow.providers.docker.operators.docker.DockerOperator","filename":"docker.py","lineno":71}
{"timestamp":"2026-05-20T22:58:05.064592Z","level":"info","event":"\tat org.apache.spark.sql.execution.datasources.FileFormat$$anon$1.apply(FileFormat.scala:160)","logger":"airflow.task.operators.airflow.providers.docker.operators.docker.DockerOperator","filename":"docker.py","lineno":71}
{"timestamp":"2026-05-20T22:58:05.064646Z","level":"info","event":"\tat org.apache.spark.sql.execution.datasources.FileFormat$$anon$1.apply(FileFormat.scala:140)","logger":"airflow.task.operators.airflow.providers.docker.operators.docker.DockerOperator","filename":"docker.py","lineno":71}
{"timestamp":"2026-05-20T22:58:05.064701Z","level":"info","event":"\tat org.apache.spark.sql.execution.datasources.FileScanRDD$$anon$1.org$apache$spark$sql$execution$datasources$FileScanRDD$$anon$$readCurrentFile(FileScanRDD.scala:217)","logger":"airflow.task.operators.airflow.providers.docker.operators.docker.DockerOperator","filename":"docker.py","lineno":71}
{"timestamp":"2026-05-20T22:58:05.064756Z","level":"info","event":"\tat org.apache.spark.sql.execution.datasources.FileScanRDD$$anon$1.nextIterator(FileScanRDD.scala:279)","logger":"airflow.task.operators.airflow.providers.docker.operators.docker.DockerOperator","filename":"docker.py","lineno":71}
{"timestamp":"2026-05-20T22:58:05.064814Z","level":"info","event":"\tat org.apache.spark.sql.execution.datasources.FileScanRDD$$anon$1.hasNext(FileScanRDD.scala:129)","logger":"airflow.task.operators.airflow.providers.docker.operators.docker.DockerOperator","filename":"docker.py","lineno":71}
{"timestamp":"2026-05-20T22:58:05.064897Z","level":"info","event":"\tat scala.collection.Iterator$$anon$10.hasNext(Iterator.scala:460)","logger":"airflow.task.operators.airflow.providers.docker.operators.docker.DockerOperator","filename":"docker.py","lineno":71}
{"timestamp":"2026-05-20T22:58:05.064957Z","level":"info","event":"\tat org.apache.spark.sql.catalyst.expressions.GeneratedClass$GeneratedIteratorForCodegenStage1.processNext(Unknown Source)","logger":"airflow.task.operators.airflow.providers.docker.operators.docker.DockerOperator","filename":"docker.py","lineno":71}
{"timestamp":"2026-05-20T22:58:05.065013Z","level":"info","event":"\tat org.apache.spark.sql.execution.BufferedRowIterator.hasNext(BufferedRowIterator.java:43)","logger":"airflow.task.operators.airflow.providers.docker.operators.docker.DockerOperator","filename":"docker.py","lineno":71}
{"timestamp":"2026-05-20T22:58:05.065068Z","level":"info","event":"\tat org.apache.spark.sql.execution.WholeStageCodegenEvaluatorFactory$WholeStageCodegenPartitionEvaluator$$anon$1.hasNext(WholeStageCodegenEvaluatorFactory.scala:43)","logger":"airflow.task.operators.airflow.providers.docker.operators.docker.DockerOperator","filename":"docker.py","lineno":71}
{"timestamp":"2026-05-20T22:58:05.065128Z","level":"info","event":"\tat org.apache.spark.sql.execution.SparkPlan.$anonfun$getByteArrayRdd$1(SparkPlan.scala:388)","logger":"airflow.task.operators.airflow.providers.docker.operators.docker.DockerOperator","filename":"docker.py","lineno":71}
{"timestamp":"2026-05-20T22:58:05.065184Z","level":"info","event":"\tat org.apache.spark.rdd.RDD.$anonfun$mapPartitionsInternal$2(RDD.scala:890)","logger":"airflow.task.operators.airflow.providers.docker.operators.docker.DockerOperator","filename":"docker.py","lineno":71}
{"timestamp":"2026-05-20T22:58:05.065238Z","level":"info","event":"\tat org.apache.spark.rdd.RDD.$anonfun$mapPartitionsInternal$2$adapted(RDD.scala:890)","logger":"airflow.task.operators.airflow.providers.docker.operators.docker.DockerOperator","filename":"docker.py","lineno":71}
{"timestamp":"2026-05-20T22:58:05.065297Z","level":"info","event":"\tat org.apache.spark.rdd.MapPartitionsRDD.compute(MapPartitionsRDD.scala:52)","logger":"airflow.task.operators.airflow.providers.docker.operators.docker.DockerOperator","filename":"docker.py","lineno":71}
{"timestamp":"2026-05-20T22:58:05.065370Z","level":"info","event":"\tat org.apache.spark.rdd.RDD.computeOrReadCheckpoint(RDD.scala:364)","logger":"airflow.task.operators.airflow.providers.docker.operators.docker.DockerOperator","filename":"docker.py","lineno":71}
{"timestamp":"2026-05-20T22:58:05.065427Z","level":"info","event":"\tat org.apache.spark.rdd.RDD.iterator(RDD.scala:328)","logger":"airflow.task.operators.airflow.providers.docker.operators.docker.DockerOperator","filename":"docker.py","lineno":71}
{"timestamp":"2026-05-20T22:58:05.065484Z","level":"info","event":"\tat org.apache.spark.scheduler.ResultTask.runTask(ResultTask.scala:93)","logger":"airflow.task.operators.airflow.providers.docker.operators.docker.DockerOperator","filename":"docker.py","lineno":71}
{"timestamp":"2026-05-20T22:58:05.065540Z","level":"info","event":"\tat org.apache.spark.TaskContext.runTaskWithListeners(TaskContext.scala:161)","logger":"airflow.task.operators.airflow.providers.docker.operators.docker.DockerOperator","filename":"docker.py","lineno":71}
{"timestamp":"2026-05-20T22:58:05.065598Z","level":"info","event":"\tat org.apache.spark.scheduler.Task.run(Task.scala:141)","logger":"airflow.task.operators.airflow.providers.docker.operators.docker.DockerOperator","filename":"docker.py","lineno":71}
{"timestamp":"2026-05-20T22:58:05.065653Z","level":"info","event":"\tat org.apache.spark.executor.Executor$TaskRunner.$anonfun$run$4(Executor.scala:620)","logger":"airflow.task.operators.airflow.providers.docker.operators.docker.DockerOperator","filename":"docker.py","lineno":71}
{"timestamp":"2026-05-20T22:58:05.065709Z","level":"info","event":"\tat org.apache.spark.util.SparkErrorUtils.tryWithSafeFinally(SparkErrorUtils.scala:64)","logger":"airflow.task.operators.airflow.providers.docker.operators.docker.DockerOperator","filename":"docker.py","lineno":71}
{"timestamp":"2026-05-20T22:58:05.065763Z","level":"info","event":"\tat org.apache.spark.util.SparkErrorUtils.tryWithSafeFinally$(SparkErrorUtils.scala:61)","logger":"airflow.task.operators.airflow.providers.docker.operators.docker.DockerOperator","filename":"docker.py","lineno":71}
{"timestamp":"2026-05-20T22:58:05.065820Z","level":"info","event":"\tat org.apache.spark.util.Utils$.tryWithSafeFinally(Utils.scala:94)","logger":"airflow.task.operators.airflow.providers.docker.operators.docker.DockerOperator","filename":"docker.py","lineno":71}
{"timestamp":"2026-05-20T22:58:05.065906Z","level":"info","event":"\tat org.apache.spark.executor.Executor$TaskRunner.run(Executor.scala:623)","logger":"airflow.task.operators.airflow.providers.docker.operators.docker.DockerOperator","filename":"docker.py","lineno":71}
{"timestamp":"2026-05-20T22:58:05.065964Z","level":"info","event":"\tat java.base/java.util.concurrent.ThreadPoolExecutor.runWorker(Unknown Source)","logger":"airflow.task.operators.airflow.providers.docker.operators.docker.DockerOperator","filename":"docker.py","lineno":71}
{"timestamp":"2026-05-20T22:58:05.066023Z","level":"info","event":"\tat java.base/java.util.concurrent.ThreadPoolExecutor$Worker.run(Unknown Source)","logger":"airflow.task.operators.airflow.providers.docker.operators.docker.DockerOperator","filename":"docker.py","lineno":71}
{"timestamp":"2026-05-20T22:58:05.066082Z","level":"info","event":"\tat java.base/java.lang.Thread.run(Unknown Source)","logger":"airflow.task.operators.airflow.providers.docker.operators.docker.DockerOperator","filename":"docker.py","lineno":71}
{"timestamp":"2026-05-20T22:58:05.066138Z","level":"info","event":"Caused by: java.lang.ClassNotFoundException: Class org.apache.hadoop.fs.s3a.S3AFileSystem not found","logger":"airflow.task.operators.airflow.providers.docker.operators.docker.DockerOperator","filename":"docker.py","lineno":71}
{"timestamp":"2026-05-20T22:58:05.066195Z","level":"info","event":"\tat org.apache.hadoop.conf.Configuration.getClassByName(Configuration.java:2592)","logger":"airflow.task.operators.airflow.providers.docker.operators.docker.DockerOperator","filename":"docker.py","lineno":71}
{"timestamp":"2026-05-20T22:58:05.066252Z","level":"info","event":"\tat org.apache.hadoop.conf.Configuration.getClass(Configuration.java:2686)","logger":"airflow.task.operators.airflow.providers.docker.operators.docker.DockerOperator","filename":"docker.py","lineno":71}
{"timestamp":"2026-05-20T22:58:05.066308Z","level":"info","event":"\t... 37 more","logger":"airflow.task.operators.airflow.providers.docker.operators.docker.DockerOperator","filename":"docker.py","lineno":71}
{"timestamp":"2026-05-20T22:58:05.066378Z","level":"info","event":"","logger":"airflow.task.operators.airflow.providers.docker.operators.docker.DockerOperator","filename":"docker.py","lineno":71}
{"timestamp":"2026-05-20T22:58:05.066436Z","level":"info","event":"Driver stacktrace:","logger":"airflow.task.operators.airflow.providers.docker.operators.docker.DockerOperator","filename":"docker.py","lineno":71}
{"timestamp":"2026-05-20T22:58:05.066586Z","level":"info","event":"26/05/20 22:58:05 INFO DAGScheduler: Job 2 failed: toString at <unknown>:0, took 3.581649 s","logger":"airflow.task.operators.airflow.providers.docker.operators.docker.DockerOperator","filename":"docker.py","lineno":71}
{"timestamp":"2026-05-20T22:58:05.068584Z","level":"info","event":"26/05/20 22:58:05 INFO BlockManagerInfo: Added broadcast_8_piece0 in memory on 172.20.0.21:46005 (size: 13.7 KiB, free: 434.3 MiB)","logger":"airflow.task.operators.airflow.providers.docker.operators.docker.DockerOperator","filename":"docker.py","lineno":71}
{"timestamp":"2026-05-20T22:58:05.071614Z","level":"info","event":"26/05/20 22:58:05 INFO TaskSetManager: Lost task 0.3 in stage 3.0 (TID 25) on 172.20.0.20, executor 0: java.lang.RuntimeException (java.lang.ClassNotFoundException: Class org.apache.hadoop.fs.s3a.S3AFileSystem not found) [duplicate 3]","logger":"airflow.task.operators.airflow.providers.docker.operators.docker.DockerOperator","filename":"docker.py","lineno":71}
{"timestamp":"2026-05-20T22:58:05.072662Z","level":"info","event":"26/05/20 22:58:05 ERROR TaskSetManager: Task 0 in stage 3.0 failed 4 times; aborting job","logger":"airflow.task.operators.airflow.providers.docker.operators.docker.DockerOperator","filename":"docker.py","lineno":71}
{"timestamp":"2026-05-20T22:58:05.075690Z","level":"info","event":"26/05/20 22:58:05 INFO TaskSchedulerImpl: Removed TaskSet 3.0, whose tasks have all completed, from pool","logger":"airflow.task.operators.airflow.providers.docker.operators.docker.DockerOperator","filename":"docker.py","lineno":71}
{"timestamp":"2026-05-20T22:58:05.080914Z","level":"info","event":"26/05/20 22:58:05 INFO TaskSchedulerImpl: Cancelling stage 3","logger":"airflow.task.operators.airflow.providers.docker.operators.docker.DockerOperator","filename":"docker.py","lineno":71}
{"timestamp":"2026-05-20T22:58:05.081335Z","level":"info","event":"26/05/20 22:58:05 INFO TaskSchedulerImpl: Killing all running tasks in stage 3: Stage cancelled: Job aborted due to stage failure: Task 0 in stage 3.0 failed 4 times, most recent failure: Lost task 0.3 in stage 3.0 (TID 25) (172.20.0.20 executor 0): java.lang.RuntimeException: java.lang.ClassNotFoundException: Class org.apache.hadoop.fs.s3a.S3AFileSystem not found","logger":"airflow.task.operators.airflow.providers.docker.operators.docker.DockerOperator","filename":"docker.py","lineno":71}
{"timestamp":"2026-05-20T22:58:05.081487Z","level":"info","event":"\tat org.apache.hadoop.conf.Configuration.getClass(Configuration.java:2688)","logger":"airflow.task.operators.airflow.providers.docker.operators.docker.DockerOperator","filename":"docker.py","lineno":71}
{"timestamp":"2026-05-20T22:58:05.081573Z","level":"info","event":"\tat org.apache.hadoop.fs.FileSystem.getFileSystemClass(FileSystem.java:3431)","logger":"airflow.task.operators.airflow.providers.docker.operators.docker.DockerOperator","filename":"docker.py","lineno":71}
{"timestamp":"2026-05-20T22:58:05.081643Z","level":"info","event":"\tat org.apache.hadoop.fs.FileSystem.createFileSystem(FileSystem.java:3466)","logger":"airflow.task.operators.airflow.providers.docker.operators.docker.DockerOperator","filename":"docker.py","lineno":71}
{"timestamp":"2026-05-20T22:58:05.081712Z","level":"info","event":"\tat org.apache.hadoop.fs.FileSystem.access$300(FileSystem.java:174)","logger":"airflow.task.operators.airflow.providers.docker.operators.docker.DockerOperator","filename":"docker.py","lineno":71}
{"timestamp":"2026-05-20T22:58:05.081773Z","level":"info","event":"\tat org.apache.hadoop.fs.FileSystem$Cache.getInternal(FileSystem.java:3574)","logger":"airflow.task.operators.airflow.providers.docker.operators.docker.DockerOperator","filename":"docker.py","lineno":71}
{"timestamp":"2026-05-20T22:58:05.081877Z","level":"info","event":"\tat org.apache.hadoop.fs.FileSystem$Cache.get(FileSystem.java:3521)","logger":"airflow.task.operators.airflow.providers.docker.operators.docker.DockerOperator","filename":"docker.py","lineno":71}
{"timestamp":"2026-05-20T22:58:05.081951Z","level":"info","event":"\tat org.apache.hadoop.fs.FileSystem.get(FileSystem.java:540)","logger":"airflow.task.operators.airflow.providers.docker.operators.docker.DockerOperator","filename":"docker.py","lineno":71}
{"timestamp":"2026-05-20T22:58:05.082012Z","level":"info","event":"\tat org.apache.hadoop.fs.Path.getFileSystem(Path.java:365)","logger":"airflow.task.operators.airflow.providers.docker.operators.docker.DockerOperator","filename":"docker.py","lineno":71}
{"timestamp":"2026-05-20T22:58:05.082077Z","level":"info","event":"\tat org.apache.hadoop.mapreduce.lib.input.LineRecordReader.initialize(LineRecordReader.java:88)","logger":"airflow.task.operators.airflow.providers.docker.operators.docker.DockerOperator","filename":"docker.py","lineno":71}
{"timestamp":"2026-05-20T22:58:05.082137Z","level":"info","event":"\tat org.apache.spark.sql.execution.datasources.HadoopFileLinesReader.<init>(HadoopFileLinesReader.scala:63)","logger":"airflow.task.operators.airflow.providers.docker.operators.docker.DockerOperator","filename":"docker.py","lineno":71}
{"timestamp":"2026-05-20T22:58:05.082201Z","level":"info","event":"\tat org.apache.spark.sql.execution.datasources.json.TextInputJsonDataSource$.readFile(JsonDataSource.scala:132)","logger":"airflow.task.operators.airflow.providers.docker.operators.docker.DockerOperator","filename":"docker.py","lineno":71}
{"timestamp":"2026-05-20T22:58:05.082265Z","level":"info","event":"\tat org.apache.spark.sql.execution.datasources.json.JsonFileFormat.$anonfun$buildReader$2(JsonFileFormat.scala:126)","logger":"airflow.task.operators.airflow.providers.docker.operators.docker.DockerOperator","filename":"docker.py","lineno":71}
{"timestamp":"2026-05-20T22:58:05.082334Z","level":"info","event":"\tat org.apache.spark.sql.execution.datasources.FileFormat$$anon$1.apply(FileFormat.scala:160)","logger":"airflow.task.operators.airflow.providers.docker.operators.docker.DockerOperator","filename":"docker.py","lineno":71}
{"timestamp":"2026-05-20T22:58:05.082396Z","level":"info","event":"\tat org.apache.spark.sql.execution.datasources.FileFormat$$anon$1.apply(FileFormat.scala:140)","logger":"airflow.task.operators.airflow.providers.docker.operators.docker.DockerOperator","filename":"docker.py","lineno":71}
{"timestamp":"2026-05-20T22:58:05.082465Z","level":"info","event":"\tat org.apache.spark.sql.execution.datasources.FileScanRDD$$anon$1.org$apache$spark$sql$execution$datasources$FileScanRDD$$anon$$readCurrentFile(FileScanRDD.scala:217)","logger":"airflow.task.operators.airflow.providers.docker.operators.docker.DockerOperator","filename":"docker.py","lineno":71}
{"timestamp":"2026-05-20T22:58:05.082534Z","level":"info","event":"\tat org.apache.spark.sql.execution.datasources.FileScanRDD$$anon$1.nextIterator(FileScanRDD.scala:279)","logger":"airflow.task.operators.airflow.providers.docker.operators.docker.DockerOperator","filename":"docker.py","lineno":71}
{"timestamp":"2026-05-20T22:58:05.082604Z","level":"info","event":"\tat org.apache.spark.sql.execution.datasources.FileScanRDD$$anon$1.hasNext(FileScanRDD.scala:129)","logger":"airflow.task.operators.airflow.providers.docker.operators.docker.DockerOperator","filename":"docker.py","lineno":71}
{"timestamp":"2026-05-20T22:58:05.082669Z","level":"info","event":"\tat scala.collection.Iterator$$anon$10.hasNext(Iterator.scala:460)","logger":"airflow.task.operators.airflow.providers.docker.operators.docker.DockerOperator","filename":"docker.py","lineno":71}
{"timestamp":"2026-05-20T22:58:05.082741Z","level":"info","event":"\tat org.apache.spark.sql.catalyst.expressions.GeneratedClass$GeneratedIteratorForCodegenStage1.processNext(Unknown Source)","logger":"airflow.task.operators.airflow.providers.docker.operators.docker.DockerOperator","filename":"docker.py","lineno":71}
{"timestamp":"2026-05-20T22:58:05.082847Z","level":"info","event":"\tat org.apache.spark.sql.execution.BufferedRowIterator.hasNext(BufferedRowIterator.java:43)","logger":"airflow.task.operators.airflow.providers.docker.operators.docker.DockerOperator","filename":"docker.py","lineno":71}
{"timestamp":"2026-05-20T22:58:05.082929Z","level":"info","event":"\tat org.apache.spark.sql.execution.WholeStageCodegenEvaluatorFactory$WholeStageCodegenPartitionEvaluator$$anon$1.hasNext(WholeStageCodegenEvaluatorFactory.scala:43)","logger":"airflow.task.operators.airflow.providers.docker.operators.docker.DockerOperator","filename":"docker.py","lineno":71}
{"timestamp":"2026-05-20T22:58:05.082993Z","level":"info","event":"\tat org.apache.spark.sql.execution.SparkPlan.$anonfun$getByteArrayRdd$1(SparkPlan.scala:388)","logger":"airflow.task.operators.airflow.providers.docker.operators.docker.DockerOperator","filename":"docker.py","lineno":71}
{"timestamp":"2026-05-20T22:58:05.083061Z","level":"info","event":"\tat org.apache.spark.rdd.RDD.$anonfun$mapPartitionsInternal$2(RDD.scala:890)","logger":"airflow.task.operators.airflow.providers.docker.operators.docker.DockerOperator","filename":"docker.py","lineno":71}
{"timestamp":"2026-05-20T22:58:05.083126Z","level":"info","event":"\tat org.apache.spark.rdd.RDD.$anonfun$mapPartitionsInternal$2$adapted(RDD.scala:890)","logger":"airflow.task.operators.airflow.providers.docker.operators.docker.DockerOperator","filename":"docker.py","lineno":71}
{"timestamp":"2026-05-20T22:58:05.083194Z","level":"info","event":"\tat org.apache.spark.rdd.MapPartitionsRDD.compute(MapPartitionsRDD.scala:52)","logger":"airflow.task.operators.airflow.providers.docker.operators.docker.DockerOperator","filename":"docker.py","lineno":71}
{"timestamp":"2026-05-20T22:58:05.083267Z","level":"info","event":"\tat org.apache.spark.rdd.RDD.computeOrReadCheckpoint(RDD.scala:364)","logger":"airflow.task.operators.airflow.providers.docker.operators.docker.DockerOperator","filename":"docker.py","lineno":71}
{"timestamp":"2026-05-20T22:58:05.083339Z","level":"info","event":"\tat org.apache.spark.rdd.RDD.iterator(RDD.scala:328)","logger":"airflow.task.operators.airflow.providers.docker.operators.docker.DockerOperator","filename":"docker.py","lineno":71}
{"timestamp":"2026-05-20T22:58:05.083409Z","level":"info","event":"\tat org.apache.spark.scheduler.ResultTask.runTask(ResultTask.scala:93)","logger":"airflow.task.operators.airflow.providers.docker.operators.docker.DockerOperator","filename":"docker.py","lineno":71}
{"timestamp":"2026-05-20T22:58:05.083470Z","level":"info","event":"\tat org.apache.spark.TaskContext.runTaskWithListeners(TaskContext.scala:161)","logger":"airflow.task.operators.airflow.providers.docker.operators.docker.DockerOperator","filename":"docker.py","lineno":71}
{"timestamp":"2026-05-20T22:58:05.083530Z","level":"info","event":"\tat org.apache.spark.scheduler.Task.run(Task.scala:141)","logger":"airflow.task.operators.airflow.providers.docker.operators.docker.DockerOperator","filename":"docker.py","lineno":71}
{"timestamp":"2026-05-20T22:58:05.083625Z","level":"info","event":"\tat org.apache.spark.executor.Executor$TaskRunner.$anonfun$run$4(Executor.scala:620)","logger":"airflow.task.operators.airflow.providers.docker.operators.docker.DockerOperator","filename":"docker.py","lineno":71}
{"timestamp":"2026-05-20T22:58:05.083699Z","level":"info","event":"\tat org.apache.spark.util.SparkErrorUtils.tryWithSafeFinally(SparkErrorUtils.scala:64)","logger":"airflow.task.operators.airflow.providers.docker.operators.docker.DockerOperator","filename":"docker.py","lineno":71}
{"timestamp":"2026-05-20T22:58:05.083768Z","level":"info","event":"\tat org.apache.spark.util.SparkErrorUtils.tryWithSafeFinally$(SparkErrorUtils.scala:61)","logger":"airflow.task.operators.airflow.providers.docker.operators.docker.DockerOperator","filename":"docker.py","lineno":71}
{"timestamp":"2026-05-20T22:58:05.087934Z","level":"info","event":"\tat org.apache.spark.util.Utils$.tryWithSafeFinally(Utils.scala:94)","logger":"airflow.task.operators.airflow.providers.docker.operators.docker.DockerOperator","filename":"docker.py","lineno":71}
{"timestamp":"2026-05-20T22:58:05.088093Z","level":"info","event":"\tat org.apache.spark.executor.Executor$TaskRunner.run(Executor.scala:623)","logger":"airflow.task.operators.airflow.providers.docker.operators.docker.DockerOperator","filename":"docker.py","lineno":71}
{"timestamp":"2026-05-20T22:58:05.088186Z","level":"info","event":"\tat java.base/java.util.concurrent.ThreadPoolExecutor.runWorker(Unknown Source)","logger":"airflow.task.operators.airflow.providers.docker.operators.docker.DockerOperator","filename":"docker.py","lineno":71}
{"timestamp":"2026-05-20T22:58:05.088269Z","level":"info","event":"\tat java.base/java.util.concurrent.ThreadPoolExecutor$Worker.run(Unknown Source)","logger":"airflow.task.operators.airflow.providers.docker.operators.docker.DockerOperator","filename":"docker.py","lineno":71}
{"timestamp":"2026-05-20T22:58:05.088343Z","level":"info","event":"\tat java.base/java.lang.Thread.run(Unknown Source)","logger":"airflow.task.operators.airflow.providers.docker.operators.docker.DockerOperator","filename":"docker.py","lineno":71}
{"timestamp":"2026-05-20T22:58:05.088416Z","level":"info","event":"Caused by: java.lang.ClassNotFoundException: Class org.apache.hadoop.fs.s3a.S3AFileSystem not found","logger":"airflow.task.operators.airflow.providers.docker.operators.docker.DockerOperator","filename":"docker.py","lineno":71}
{"timestamp":"2026-05-20T22:58:05.088480Z","level":"info","event":"\tat org.apache.hadoop.conf.Configuration.getClassByName(Configuration.java:2592)","logger":"airflow.task.operators.airflow.providers.docker.operators.docker.DockerOperator","filename":"docker.py","lineno":71}
{"timestamp":"2026-05-20T22:58:05.088554Z","level":"info","event":"\tat org.apache.hadoop.conf.Configuration.getClass(Configuration.java:2686)","logger":"airflow.task.operators.airflow.providers.docker.operators.docker.DockerOperator","filename":"docker.py","lineno":71}
{"timestamp":"2026-05-20T22:58:05.088634Z","level":"info","event":"\t... 37 more","logger":"airflow.task.operators.airflow.providers.docker.operators.docker.DockerOperator","filename":"docker.py","lineno":71}
{"timestamp":"2026-05-20T22:58:05.088718Z","level":"info","event":"","logger":"airflow.task.operators.airflow.providers.docker.operators.docker.DockerOperator","filename":"docker.py","lineno":71}
{"timestamp":"2026-05-20T22:58:05.088783Z","level":"info","event":"Driver stacktrace:","logger":"airflow.task.operators.airflow.providers.docker.operators.docker.DockerOperator","filename":"docker.py","lineno":71}
{"timestamp":"2026-05-20T22:58:05.089042Z","level":"info","event":"26/05/20 22:58:05 INFO DAGScheduler: ResultStage 3 (toString at <unknown>:0) failed in 3.415 s due to Job aborted due to stage failure: Task 0 in stage 3.0 failed 4 times, most recent failure: Lost task 0.3 in stage 3.0 (TID 25) (172.20.0.20 executor 0): java.lang.RuntimeException: java.lang.ClassNotFoundException: Class org.apache.hadoop.fs.s3a.S3AFileSystem not found","logger":"airflow.task.operators.airflow.providers.docker.operators.docker.DockerOperator","filename":"docker.py","lineno":71}
{"timestamp":"2026-05-20T22:58:05.089151Z","level":"info","event":"\tat org.apache.hadoop.conf.Configuration.getClass(Configuration.java:2688)","logger":"airflow.task.operators.airflow.providers.docker.operators.docker.DockerOperator","filename":"docker.py","lineno":71}
{"timestamp":"2026-05-20T22:58:05.089221Z","level":"info","event":"\tat org.apache.hadoop.fs.FileSystem.getFileSystemClass(FileSystem.java:3431)","logger":"airflow.task.operators.airflow.providers.docker.operators.docker.DockerOperator","filename":"docker.py","lineno":71}
{"timestamp":"2026-05-20T22:58:05.089279Z","level":"info","event":"\tat org.apache.hadoop.fs.FileSystem.createFileSystem(FileSystem.java:3466)","logger":"airflow.task.operators.airflow.providers.docker.operators.docker.DockerOperator","filename":"docker.py","lineno":71}
{"timestamp":"2026-05-20T22:58:05.089338Z","level":"info","event":"\tat org.apache.hadoop.fs.FileSystem.access$300(FileSystem.java:174)","logger":"airflow.task.operators.airflow.providers.docker.operators.docker.DockerOperator","filename":"docker.py","lineno":71}
{"timestamp":"2026-05-20T22:58:05.089391Z","level":"info","event":"\tat org.apache.hadoop.fs.FileSystem$Cache.getInternal(FileSystem.java:3574)","logger":"airflow.task.operators.airflow.providers.docker.operators.docker.DockerOperator","filename":"docker.py","lineno":71}
{"timestamp":"2026-05-20T22:58:05.089446Z","level":"info","event":"\tat org.apache.hadoop.fs.FileSystem$Cache.get(FileSystem.java:3521)","logger":"airflow.task.operators.airflow.providers.docker.operators.docker.DockerOperator","filename":"docker.py","lineno":71}
{"timestamp":"2026-05-20T22:58:05.089501Z","level":"info","event":"\tat org.apache.hadoop.fs.FileSystem.get(FileSystem.java:540)","logger":"airflow.task.operators.airflow.providers.docker.operators.docker.DockerOperator","filename":"docker.py","lineno":71}
{"timestamp":"2026-05-20T22:58:05.089565Z","level":"info","event":"\tat org.apache.hadoop.fs.Path.getFileSystem(Path.java:365)","logger":"airflow.task.operators.airflow.providers.docker.operators.docker.DockerOperator","filename":"docker.py","lineno":71}
{"timestamp":"2026-05-20T22:58:05.089631Z","level":"info","event":"\tat org.apache.hadoop.mapreduce.lib.input.LineRecordReader.initialize(LineRecordReader.java:88)","logger":"airflow.task.operators.airflow.providers.docker.operators.docker.DockerOperator","filename":"docker.py","lineno":71}
{"timestamp":"2026-05-20T22:58:05.089691Z","level":"info","event":"\tat org.apache.spark.sql.execution.datasources.HadoopFileLinesReader.<init>(HadoopFileLinesReader.scala:63)","logger":"airflow.task.operators.airflow.providers.docker.operators.docker.DockerOperator","filename":"docker.py","lineno":71}
{"timestamp":"2026-05-20T22:58:05.093025Z","level":"info","event":"\tat org.apache.spark.sql.execution.datasources.json.TextInputJsonDataSource$.readFile(JsonDataSource.scala:132)","logger":"airflow.task.operators.airflow.providers.docker.operators.docker.DockerOperator","filename":"docker.py","lineno":71}
{"timestamp":"2026-05-20T22:58:05.093134Z","level":"info","event":"\tat org.apache.spark.sql.execution.datasources.json.JsonFileFormat.$anonfun$buildReader$2(JsonFileFormat.scala:126)","logger":"airflow.task.operators.airflow.providers.docker.operators.docker.DockerOperator","filename":"docker.py","lineno":71}
{"timestamp":"2026-05-20T22:58:05.093213Z","level":"info","event":"\tat org.apache.spark.sql.execution.datasources.FileFormat$$anon$1.apply(FileFormat.scala:160)","logger":"airflow.task.operators.airflow.providers.docker.operators.docker.DockerOperator","filename":"docker.py","lineno":71}
{"timestamp":"2026-05-20T22:58:05.093284Z","level":"info","event":"\tat org.apache.spark.sql.execution.datasources.FileFormat$$anon$1.apply(FileFormat.scala:140)","logger":"airflow.task.operators.airflow.providers.docker.operators.docker.DockerOperator","filename":"docker.py","lineno":71}
{"timestamp":"2026-05-20T22:58:05.093353Z","level":"info","event":"\tat org.apache.spark.sql.execution.datasources.FileScanRDD$$anon$1.org$apache$spark$sql$execution$datasources$FileScanRDD$$anon$$readCurrentFile(FileScanRDD.scala:217)","logger":"airflow.task.operators.airflow.providers.docker.operators.docker.DockerOperator","filename":"docker.py","lineno":71}
{"timestamp":"2026-05-20T22:58:05.093418Z","level":"info","event":"\tat org.apache.spark.sql.execution.datasources.FileScanRDD$$anon$1.nextIterator(FileScanRDD.scala:279)","logger":"airflow.task.operators.airflow.providers.docker.operators.docker.DockerOperator","filename":"docker.py","lineno":71}
{"timestamp":"2026-05-20T22:58:05.093525Z","level":"info","event":"\tat org.apache.spark.sql.execution.datasources.FileScanRDD$$anon$1.hasNext(FileScanRDD.scala:129)","logger":"airflow.task.operators.airflow.providers.docker.operators.docker.DockerOperator","filename":"docker.py","lineno":71}
{"timestamp":"2026-05-20T22:58:05.093599Z","level":"info","event":"\tat scala.collection.Iterator$$anon$10.hasNext(Iterator.scala:460)","logger":"airflow.task.operators.airflow.providers.docker.operators.docker.DockerOperator","filename":"docker.py","lineno":71}
{"timestamp":"2026-05-20T22:58:05.093656Z","level":"info","event":"\tat org.apache.spark.sql.catalyst.expressions.GeneratedClass$GeneratedIteratorForCodegenStage1.processNext(Unknown Source)","logger":"airflow.task.operators.airflow.providers.docker.operators.docker.DockerOperator","filename":"docker.py","lineno":71}
{"timestamp":"2026-05-20T22:58:05.093710Z","level":"info","event":"\tat org.apache.spark.sql.execution.BufferedRowIterator.hasNext(BufferedRowIterator.java:43)","logger":"airflow.task.operators.airflow.providers.docker.operators.docker.DockerOperator","filename":"docker.py","lineno":71}
{"timestamp":"2026-05-20T22:58:05.093763Z","level":"info","event":"\tat org.apache.spark.sql.execution.WholeStageCodegenEvaluatorFactory$WholeStageCodegenPartitionEvaluator$$anon$1.hasNext(WholeStageCodegenEvaluatorFactory.scala:43)","logger":"airflow.task.operators.airflow.providers.docker.operators.docker.DockerOperator","filename":"docker.py","lineno":71}
{"timestamp":"2026-05-20T22:58:05.093850Z","level":"info","event":"\tat org.apache.spark.sql.execution.SparkPlan.$anonfun$getByteArrayRdd$1(SparkPlan.scala:388)","logger":"airflow.task.operators.airflow.providers.docker.operators.docker.DockerOperator","filename":"docker.py","lineno":71}
{"timestamp":"2026-05-20T22:58:05.093920Z","level":"info","event":"\tat org.apache.spark.rdd.RDD.$anonfun$mapPartitionsInternal$2(RDD.scala:890)","logger":"airflow.task.operators.airflow.providers.docker.operators.docker.DockerOperator","filename":"docker.py","lineno":71}
{"timestamp":"2026-05-20T22:58:05.093975Z","level":"info","event":"\tat org.apache.spark.rdd.RDD.$anonfun$mapPartitionsInternal$2$adapted(RDD.scala:890)","logger":"airflow.task.operators.airflow.providers.docker.operators.docker.DockerOperator","filename":"docker.py","lineno":71}
{"timestamp":"2026-05-20T22:58:05.094026Z","level":"info","event":"\tat org.apache.spark.rdd.MapPartitionsRDD.compute(MapPartitionsRDD.scala:52)","logger":"airflow.task.operators.airflow.providers.docker.operators.docker.DockerOperator","filename":"docker.py","lineno":71}
{"timestamp":"2026-05-20T22:58:05.094078Z","level":"info","event":"\tat org.apache.spark.rdd.RDD.computeOrReadCheckpoint(RDD.scala:364)","logger":"airflow.task.operators.airflow.providers.docker.operators.docker.DockerOperator","filename":"docker.py","lineno":71}
{"timestamp":"2026-05-20T22:58:05.094128Z","level":"info","event":"\tat org.apache.spark.rdd.RDD.iterator(RDD.scala:328)","logger":"airflow.task.operators.airflow.providers.docker.operators.docker.DockerOperator","filename":"docker.py","lineno":71}
{"timestamp":"2026-05-20T22:58:05.094176Z","level":"info","event":"\tat org.apache.spark.scheduler.ResultTask.runTask(ResultTask.scala:93)","logger":"airflow.task.operators.airflow.providers.docker.operators.docker.DockerOperator","filename":"docker.py","lineno":71}
{"timestamp":"2026-05-20T22:58:05.094224Z","level":"info","event":"\tat org.apache.spark.TaskContext.runTaskWithListeners(TaskContext.scala:161)","logger":"airflow.task.operators.airflow.providers.docker.operators.docker.DockerOperator","filename":"docker.py","lineno":71}
{"timestamp":"2026-05-20T22:58:05.094277Z","level":"info","event":"\tat org.apache.spark.scheduler.Task.run(Task.scala:141)","logger":"airflow.task.operators.airflow.providers.docker.operators.docker.DockerOperator","filename":"docker.py","lineno":71}
{"timestamp":"2026-05-20T22:58:05.094331Z","level":"info","event":"\tat org.apache.spark.executor.Executor$TaskRunner.$anonfun$run$4(Executor.scala:620)","logger":"airflow.task.operators.airflow.providers.docker.operators.docker.DockerOperator","filename":"docker.py","lineno":71}
{"timestamp":"2026-05-20T22:58:05.094380Z","level":"info","event":"\tat org.apache.spark.util.SparkErrorUtils.tryWithSafeFinally(SparkErrorUtils.scala:64)","logger":"airflow.task.operators.airflow.providers.docker.operators.docker.DockerOperator","filename":"docker.py","lineno":71}
{"timestamp":"2026-05-20T22:58:05.094428Z","level":"info","event":"\tat org.apache.spark.util.SparkErrorUtils.tryWithSafeFinally$(SparkErrorUtils.scala:61)","logger":"airflow.task.operators.airflow.providers.docker.operators.docker.DockerOperator","filename":"docker.py","lineno":71}
{"timestamp":"2026-05-20T22:58:05.094477Z","level":"info","event":"\tat org.apache.spark.util.Utils$.tryWithSafeFinally(Utils.scala:94)","logger":"airflow.task.operators.airflow.providers.docker.operators.docker.DockerOperator","filename":"docker.py","lineno":71}
{"timestamp":"2026-05-20T22:58:05.094532Z","level":"info","event":"\tat org.apache.spark.executor.Executor$TaskRunner.run(Executor.scala:623)","logger":"airflow.task.operators.airflow.providers.docker.operators.docker.DockerOperator","filename":"docker.py","lineno":71}
{"timestamp":"2026-05-20T22:58:05.094588Z","level":"info","event":"\tat java.base/java.util.concurrent.ThreadPoolExecutor.runWorker(Unknown Source)","logger":"airflow.task.operators.airflow.providers.docker.operators.docker.DockerOperator","filename":"docker.py","lineno":71}
{"timestamp":"2026-05-20T22:58:05.094650Z","level":"info","event":"\tat java.base/java.util.concurrent.ThreadPoolExecutor$Worker.run(Unknown Source)","logger":"airflow.task.operators.airflow.providers.docker.operators.docker.DockerOperator","filename":"docker.py","lineno":71}
{"timestamp":"2026-05-20T22:58:05.094714Z","level":"info","event":"\tat java.base/java.lang.Thread.run(Unknown Source)","logger":"airflow.task.operators.airflow.providers.docker.operators.docker.DockerOperator","filename":"docker.py","lineno":71}
{"timestamp":"2026-05-20T22:58:05.094773Z","level":"info","event":"Caused by: java.lang.ClassNotFoundException: Class org.apache.hadoop.fs.s3a.S3AFileSystem not found","logger":"airflow.task.operators.airflow.providers.docker.operators.docker.DockerOperator","filename":"docker.py","lineno":71}
{"timestamp":"2026-05-20T22:58:05.094868Z","level":"info","event":"\tat org.apache.hadoop.conf.Configuration.getClassByName(Configuration.java:2592)","logger":"airflow.task.operators.airflow.providers.docker.operators.docker.DockerOperator","filename":"docker.py","lineno":71}
{"timestamp":"2026-05-20T22:58:05.094939Z","level":"info","event":"\tat org.apache.hadoop.conf.Configuration.getClass(Configuration.java:2686)","logger":"airflow.task.operators.airflow.providers.docker.operators.docker.DockerOperator","filename":"docker.py","lineno":71}
{"timestamp":"2026-05-20T22:58:05.095003Z","level":"info","event":"\t... 37 more","logger":"airflow.task.operators.airflow.providers.docker.operators.docker.DockerOperator","filename":"docker.py","lineno":71}
{"timestamp":"2026-05-20T22:58:05.095064Z","level":"info","event":"","logger":"airflow.task.operators.airflow.providers.docker.operators.docker.DockerOperator","filename":"docker.py","lineno":71}
{"timestamp":"2026-05-20T22:58:05.095120Z","level":"info","event":"Driver stacktrace:","logger":"airflow.task.operators.airflow.providers.docker.operators.docker.DockerOperator","filename":"docker.py","lineno":71}
{"timestamp":"2026-05-20T22:58:05.095343Z","level":"info","event":"26/05/20 22:58:05 INFO DAGScheduler: Job 5 failed: toString at <unknown>:0, took 3.609987 s","logger":"airflow.task.operators.airflow.providers.docker.operators.docker.DockerOperator","filename":"docker.py","lineno":71}
{"timestamp":"2026-05-20T22:58:05.102635Z","level":"info","event":"26/05/20 22:58:05 INFO BlockManagerInfo: Added broadcast_12_piece0 in memory on 172.20.0.21:46005 (size: 13.7 KiB, free: 434.3 MiB)","logger":"airflow.task.operators.airflow.providers.docker.operators.docker.DockerOperator","filename":"docker.py","lineno":71}
{"timestamp":"2026-05-20T22:58:05.103620Z","level":"info","event":"26/05/20 22:58:05 INFO BlockManagerInfo: Added broadcast_13_piece0 in memory on 172.20.0.21:46005 (size: 13.7 KiB, free: 434.3 MiB)","logger":"airflow.task.operators.airflow.providers.docker.operators.docker.DockerOperator","filename":"docker.py","lineno":71}
{"timestamp":"2026-05-20T22:58:05.154914Z","level":"info","event":"26/05/20 22:58:05 INFO BlockManagerInfo: Added broadcast_5_piece0 in memory on 172.20.0.21:46005 (size: 34.9 KiB, free: 434.2 MiB)","logger":"airflow.task.operators.airflow.providers.docker.operators.docker.DockerOperator","filename":"docker.py","lineno":71}
{"timestamp":"2026-05-20T22:58:05.178360Z","level":"info","event":"26/05/20 22:58:05 INFO BlockManagerInfo: Added broadcast_4_piece0 in memory on 172.20.0.21:46005 (size: 34.9 KiB, free: 434.2 MiB)","logger":"airflow.task.operators.airflow.providers.docker.operators.docker.DockerOperator","filename":"docker.py","lineno":71}
{"timestamp":"2026-05-20T22:58:05.202257Z","level":"info","event":"26/05/20 22:58:05 INFO BlockManagerInfo: Added broadcast_3_piece0 in memory on 172.20.0.21:46005 (size: 34.9 KiB, free: 434.2 MiB)","logger":"airflow.task.operators.airflow.providers.docker.operators.docker.DockerOperator","filename":"docker.py","lineno":71}
{"timestamp":"2026-05-20T22:58:05.262864Z","level":"info","event":"26/05/20 22:58:05 INFO TaskSetManager: Lost task 0.3 in stage 1.0 (TID 23) on 172.20.0.21, executor 1: java.lang.RuntimeException (java.lang.ClassNotFoundException: Class org.apache.hadoop.fs.s3a.S3AFileSystem not found) [duplicate 3]","logger":"airflow.task.operators.airflow.providers.docker.operators.docker.DockerOperator","filename":"docker.py","lineno":71}
{"timestamp":"2026-05-20T22:58:05.268635Z","level":"info","event":"26/05/20 22:58:05 ERROR TaskSetManager: Task 0 in stage 1.0 failed 4 times; aborting job","logger":"airflow.task.operators.airflow.providers.docker.operators.docker.DockerOperator","filename":"docker.py","lineno":71}
{"timestamp":"2026-05-20T22:58:05.268861Z","level":"info","event":"26/05/20 22:58:05 INFO TaskSchedulerImpl: Removed TaskSet 1.0, whose tasks have all completed, from pool","logger":"airflow.task.operators.airflow.providers.docker.operators.docker.DockerOperator","filename":"docker.py","lineno":71}
{"timestamp":"2026-05-20T22:58:05.272178Z","level":"info","event":"26/05/20 22:58:05 INFO TaskSchedulerImpl: Cancelling stage 1","logger":"airflow.task.operators.airflow.providers.docker.operators.docker.DockerOperator","filename":"docker.py","lineno":71}
{"timestamp":"2026-05-20T22:58:05.273297Z","level":"info","event":"26/05/20 22:58:05 INFO TaskSchedulerImpl: Killing all running tasks in stage 1: Stage cancelled: Job aborted due to stage failure: Task 0 in stage 1.0 failed 4 times, most recent failure: Lost task 0.3 in stage 1.0 (TID 23) (172.20.0.21 executor 1): java.lang.RuntimeException: java.lang.ClassNotFoundException: Class org.apache.hadoop.fs.s3a.S3AFileSystem not found","logger":"airflow.task.operators.airflow.providers.docker.operators.docker.DockerOperator","filename":"docker.py","lineno":71}
{"timestamp":"2026-05-20T22:58:05.273441Z","level":"info","event":"\tat org.apache.hadoop.conf.Configuration.getClass(Configuration.java:2688)","logger":"airflow.task.operators.airflow.providers.docker.operators.docker.DockerOperator","filename":"docker.py","lineno":71}
{"timestamp":"2026-05-20T22:58:05.273522Z","level":"info","event":"\tat org.apache.hadoop.fs.FileSystem.getFileSystemClass(FileSystem.java:3431)","logger":"airflow.task.operators.airflow.providers.docker.operators.docker.DockerOperator","filename":"docker.py","lineno":71}
{"timestamp":"2026-05-20T22:58:05.273577Z","level":"info","event":"\tat org.apache.hadoop.fs.FileSystem.createFileSystem(FileSystem.java:3466)","logger":"airflow.task.operators.airflow.providers.docker.operators.docker.DockerOperator","filename":"docker.py","lineno":71}
{"timestamp":"2026-05-20T22:58:05.273627Z","level":"info","event":"\tat org.apache.hadoop.fs.FileSystem.access$300(FileSystem.java:174)","logger":"airflow.task.operators.airflow.providers.docker.operators.docker.DockerOperator","filename":"docker.py","lineno":71}
{"timestamp":"2026-05-20T22:58:05.273679Z","level":"info","event":"\tat org.apache.hadoop.fs.FileSystem$Cache.getInternal(FileSystem.java:3574)","logger":"airflow.task.operators.airflow.providers.docker.operators.docker.DockerOperator","filename":"docker.py","lineno":71}
{"timestamp":"2026-05-20T22:58:05.273722Z","level":"info","event":"\tat org.apache.hadoop.fs.FileSystem$Cache.get(FileSystem.java:3521)","logger":"airflow.task.operators.airflow.providers.docker.operators.docker.DockerOperator","filename":"docker.py","lineno":71}
{"timestamp":"2026-05-20T22:58:05.273763Z","level":"info","event":"\tat org.apache.hadoop.fs.FileSystem.get(FileSystem.java:540)","logger":"airflow.task.operators.airflow.providers.docker.operators.docker.DockerOperator","filename":"docker.py","lineno":71}
{"timestamp":"2026-05-20T22:58:05.273804Z","level":"info","event":"\tat org.apache.hadoop.fs.Path.getFileSystem(Path.java:365)","logger":"airflow.task.operators.airflow.providers.docker.operators.docker.DockerOperator","filename":"docker.py","lineno":71}
{"timestamp":"2026-05-20T22:58:05.273866Z","level":"info","event":"\tat org.apache.hadoop.mapreduce.lib.input.LineRecordReader.initialize(LineRecordReader.java:88)","logger":"airflow.task.operators.airflow.providers.docker.operators.docker.DockerOperator","filename":"docker.py","lineno":71}
{"timestamp":"2026-05-20T22:58:05.273911Z","level":"info","event":"\tat org.apache.spark.sql.execution.datasources.HadoopFileLinesReader.<init>(HadoopFileLinesReader.scala:63)","logger":"airflow.task.operators.airflow.providers.docker.operators.docker.DockerOperator","filename":"docker.py","lineno":71}
{"timestamp":"2026-05-20T22:58:05.273952Z","level":"info","event":"\tat org.apache.spark.sql.execution.datasources.json.TextInputJsonDataSource$.readFile(JsonDataSource.scala:132)","logger":"airflow.task.operators.airflow.providers.docker.operators.docker.DockerOperator","filename":"docker.py","lineno":71}
{"timestamp":"2026-05-20T22:58:05.273993Z","level":"info","event":"\tat org.apache.spark.sql.execution.datasources.json.JsonFileFormat.$anonfun$buildReader$2(JsonFileFormat.scala:126)","logger":"airflow.task.operators.airflow.providers.docker.operators.docker.DockerOperator","filename":"docker.py","lineno":71}
{"timestamp":"2026-05-20T22:58:05.274038Z","level":"info","event":"\tat org.apache.spark.sql.execution.datasources.FileFormat$$anon$1.apply(FileFormat.scala:160)","logger":"airflow.task.operators.airflow.providers.docker.operators.docker.DockerOperator","filename":"docker.py","lineno":71}
{"timestamp":"2026-05-20T22:58:05.274081Z","level":"info","event":"\tat org.apache.spark.sql.execution.datasources.FileFormat$$anon$1.apply(FileFormat.scala:140)","logger":"airflow.task.operators.airflow.providers.docker.operators.docker.DockerOperator","filename":"docker.py","lineno":71}
{"timestamp":"2026-05-20T22:58:05.274123Z","level":"info","event":"\tat org.apache.spark.sql.execution.datasources.FileScanRDD$$anon$1.org$apache$spark$sql$execution$datasources$FileScanRDD$$anon$$readCurrentFile(FileScanRDD.scala:217)","logger":"airflow.task.operators.airflow.providers.docker.operators.docker.DockerOperator","filename":"docker.py","lineno":71}
{"timestamp":"2026-05-20T22:58:05.274166Z","level":"info","event":"\tat org.apache.spark.sql.execution.datasources.FileScanRDD$$anon$1.nextIterator(FileScanRDD.scala:279)","logger":"airflow.task.operators.airflow.providers.docker.operators.docker.DockerOperator","filename":"docker.py","lineno":71}
{"timestamp":"2026-05-20T22:58:05.274241Z","level":"info","event":"\tat org.apache.spark.sql.execution.datasources.FileScanRDD$$anon$1.hasNext(FileScanRDD.scala:129)","logger":"airflow.task.operators.airflow.providers.docker.operators.docker.DockerOperator","filename":"docker.py","lineno":71}
{"timestamp":"2026-05-20T22:58:05.274297Z","level":"info","event":"\tat scala.collection.Iterator$$anon$10.hasNext(Iterator.scala:460)","logger":"airflow.task.operators.airflow.providers.docker.operators.docker.DockerOperator","filename":"docker.py","lineno":71}
{"timestamp":"2026-05-20T22:58:05.274343Z","level":"info","event":"\tat org.apache.spark.sql.catalyst.expressions.GeneratedClass$GeneratedIteratorForCodegenStage1.processNext(Unknown Source)","logger":"airflow.task.operators.airflow.providers.docker.operators.docker.DockerOperator","filename":"docker.py","lineno":71}
{"timestamp":"2026-05-20T22:58:05.274389Z","level":"info","event":"\tat org.apache.spark.sql.execution.BufferedRowIterator.hasNext(BufferedRowIterator.java:43)","logger":"airflow.task.operators.airflow.providers.docker.operators.docker.DockerOperator","filename":"docker.py","lineno":71}
{"timestamp":"2026-05-20T22:58:05.274432Z","level":"info","event":"\tat org.apache.spark.sql.execution.WholeStageCodegenEvaluatorFactory$WholeStageCodegenPartitionEvaluator$$anon$1.hasNext(WholeStageCodegenEvaluatorFactory.scala:43)","logger":"airflow.task.operators.airflow.providers.docker.operators.docker.DockerOperator","filename":"docker.py","lineno":71}
{"timestamp":"2026-05-20T22:58:05.274474Z","level":"info","event":"\tat org.apache.spark.sql.execution.SparkPlan.$anonfun$getByteArrayRdd$1(SparkPlan.scala:388)","logger":"airflow.task.operators.airflow.providers.docker.operators.docker.DockerOperator","filename":"docker.py","lineno":71}
{"timestamp":"2026-05-20T22:58:05.274526Z","level":"info","event":"\tat org.apache.spark.rdd.RDD.$anonfun$mapPartitionsInternal$2(RDD.scala:890)","logger":"airflow.task.operators.airflow.providers.docker.operators.docker.DockerOperator","filename":"docker.py","lineno":71}
{"timestamp":"2026-05-20T22:58:05.274568Z","level":"info","event":"\tat org.apache.spark.rdd.RDD.$anonfun$mapPartitionsInternal$2$adapted(RDD.scala:890)","logger":"airflow.task.operators.airflow.providers.docker.operators.docker.DockerOperator","filename":"docker.py","lineno":71}
{"timestamp":"2026-05-20T22:58:05.274608Z","level":"info","event":"\tat org.apache.spark.rdd.MapPartitionsRDD.compute(MapPartitionsRDD.scala:52)","logger":"airflow.task.operators.airflow.providers.docker.operators.docker.DockerOperator","filename":"docker.py","lineno":71}
{"timestamp":"2026-05-20T22:58:05.274648Z","level":"info","event":"\tat org.apache.spark.rdd.RDD.computeOrReadCheckpoint(RDD.scala:364)","logger":"airflow.task.operators.airflow.providers.docker.operators.docker.DockerOperator","filename":"docker.py","lineno":71}
{"timestamp":"2026-05-20T22:58:05.274688Z","level":"info","event":"\tat org.apache.spark.rdd.RDD.iterator(RDD.scala:328)","logger":"airflow.task.operators.airflow.providers.docker.operators.docker.DockerOperator","filename":"docker.py","lineno":71}
{"timestamp":"2026-05-20T22:58:05.274730Z","level":"info","event":"\tat org.apache.spark.scheduler.ResultTask.runTask(ResultTask.scala:93)","logger":"airflow.task.operators.airflow.providers.docker.operators.docker.DockerOperator","filename":"docker.py","lineno":71}
{"timestamp":"2026-05-20T22:58:05.274773Z","level":"info","event":"\tat org.apache.spark.TaskContext.runTaskWithListeners(TaskContext.scala:161)","logger":"airflow.task.operators.airflow.providers.docker.operators.docker.DockerOperator","filename":"docker.py","lineno":71}
{"timestamp":"2026-05-20T22:58:05.274814Z","level":"info","event":"\tat org.apache.spark.scheduler.Task.run(Task.scala:141)","logger":"airflow.task.operators.airflow.providers.docker.operators.docker.DockerOperator","filename":"docker.py","lineno":71}
{"timestamp":"2026-05-20T22:58:05.274878Z","level":"info","event":"\tat org.apache.spark.executor.Executor$TaskRunner.$anonfun$run$4(Executor.scala:620)","logger":"airflow.task.operators.airflow.providers.docker.operators.docker.DockerOperator","filename":"docker.py","lineno":71}
{"timestamp":"2026-05-20T22:58:05.274924Z","level":"info","event":"\tat org.apache.spark.util.SparkErrorUtils.tryWithSafeFinally(SparkErrorUtils.scala:64)","logger":"airflow.task.operators.airflow.providers.docker.operators.docker.DockerOperator","filename":"docker.py","lineno":71}
{"timestamp":"2026-05-20T22:58:05.274965Z","level":"info","event":"\tat org.apache.spark.util.SparkErrorUtils.tryWithSafeFinally$(SparkErrorUtils.scala:61)","logger":"airflow.task.operators.airflow.providers.docker.operators.docker.DockerOperator","filename":"docker.py","lineno":71}
{"timestamp":"2026-05-20T22:58:05.275006Z","level":"info","event":"\tat org.apache.spark.util.Utils$.tryWithSafeFinally(Utils.scala:94)","logger":"airflow.task.operators.airflow.providers.docker.operators.docker.DockerOperator","filename":"docker.py","lineno":71}
{"timestamp":"2026-05-20T22:58:05.275050Z","level":"info","event":"\tat org.apache.spark.executor.Executor$TaskRunner.run(Executor.scala:623)","logger":"airflow.task.operators.airflow.providers.docker.operators.docker.DockerOperator","filename":"docker.py","lineno":71}
{"timestamp":"2026-05-20T22:58:05.275089Z","level":"info","event":"\tat java.base/java.util.concurrent.ThreadPoolExecutor.runWorker(Unknown Source)","logger":"airflow.task.operators.airflow.providers.docker.operators.docker.DockerOperator","filename":"docker.py","lineno":71}
{"timestamp":"2026-05-20T22:58:05.275128Z","level":"info","event":"\tat java.base/java.util.concurrent.ThreadPoolExecutor$Worker.run(Unknown Source)","logger":"airflow.task.operators.airflow.providers.docker.operators.docker.DockerOperator","filename":"docker.py","lineno":71}
{"timestamp":"2026-05-20T22:58:05.275166Z","level":"info","event":"\tat java.base/java.lang.Thread.run(Unknown Source)","logger":"airflow.task.operators.airflow.providers.docker.operators.docker.DockerOperator","filename":"docker.py","lineno":71}
{"timestamp":"2026-05-20T22:58:05.275205Z","level":"info","event":"Caused by: java.lang.ClassNotFoundException: Class org.apache.hadoop.fs.s3a.S3AFileSystem not found","logger":"airflow.task.operators.airflow.providers.docker.operators.docker.DockerOperator","filename":"docker.py","lineno":71}
{"timestamp":"2026-05-20T22:58:05.275246Z","level":"info","event":"\tat org.apache.hadoop.conf.Configuration.getClassByName(Configuration.java:2592)","logger":"airflow.task.operators.airflow.providers.docker.operators.docker.DockerOperator","filename":"docker.py","lineno":71}
{"timestamp":"2026-05-20T22:58:05.275290Z","level":"info","event":"\tat org.apache.hadoop.conf.Configuration.getClass(Configuration.java:2686)","logger":"airflow.task.operators.airflow.providers.docker.operators.docker.DockerOperator","filename":"docker.py","lineno":71}
{"timestamp":"2026-05-20T22:58:05.275334Z","level":"info","event":"\t... 37 more","logger":"airflow.task.operators.airflow.providers.docker.operators.docker.DockerOperator","filename":"docker.py","lineno":71}
{"timestamp":"2026-05-20T22:58:05.275381Z","level":"info","event":"","logger":"airflow.task.operators.airflow.providers.docker.operators.docker.DockerOperator","filename":"docker.py","lineno":71}
{"timestamp":"2026-05-20T22:58:05.275426Z","level":"info","event":"Driver stacktrace:","logger":"airflow.task.operators.airflow.providers.docker.operators.docker.DockerOperator","filename":"docker.py","lineno":71}
{"timestamp":"2026-05-20T22:58:05.275470Z","level":"info","event":"26/05/20 22:58:05 INFO DAGScheduler: ResultStage 1 (toString at <unknown>:0) failed in 3.675 s due to Job aborted due to stage failure: Task 0 in stage 1.0 failed 4 times, most recent failure: Lost task 0.3 in stage 1.0 (TID 23) (172.20.0.21 executor 1): java.lang.RuntimeException: java.lang.ClassNotFoundException: Class org.apache.hadoop.fs.s3a.S3AFileSystem not found","logger":"airflow.task.operators.airflow.providers.docker.operators.docker.DockerOperator","filename":"docker.py","lineno":71}
{"timestamp":"2026-05-20T22:58:05.275535Z","level":"info","event":"\tat org.apache.hadoop.conf.Configuration.getClass(Configuration.java:2688)","logger":"airflow.task.operators.airflow.providers.docker.operators.docker.DockerOperator","filename":"docker.py","lineno":71}
{"timestamp":"2026-05-20T22:58:05.275584Z","level":"info","event":"\tat org.apache.hadoop.fs.FileSystem.getFileSystemClass(FileSystem.java:3431)","logger":"airflow.task.operators.airflow.providers.docker.operators.docker.DockerOperator","filename":"docker.py","lineno":71}
{"timestamp":"2026-05-20T22:58:05.275629Z","level":"info","event":"\tat org.apache.hadoop.fs.FileSystem.createFileSystem(FileSystem.java:3466)","logger":"airflow.task.operators.airflow.providers.docker.operators.docker.DockerOperator","filename":"docker.py","lineno":71}
{"timestamp":"2026-05-20T22:58:05.275671Z","level":"info","event":"\tat org.apache.hadoop.fs.FileSystem.access$300(FileSystem.java:174)","logger":"airflow.task.operators.airflow.providers.docker.operators.docker.DockerOperator","filename":"docker.py","lineno":71}
{"timestamp":"2026-05-20T22:58:05.275713Z","level":"info","event":"\tat org.apache.hadoop.fs.FileSystem$Cache.getInternal(FileSystem.java:3574)","logger":"airflow.task.operators.airflow.providers.docker.operators.docker.DockerOperator","filename":"docker.py","lineno":71}
{"timestamp":"2026-05-20T22:58:05.275757Z","level":"info","event":"\tat org.apache.hadoop.fs.FileSystem$Cache.get(FileSystem.java:3521)","logger":"airflow.task.operators.airflow.providers.docker.operators.docker.DockerOperator","filename":"docker.py","lineno":71}
{"timestamp":"2026-05-20T22:58:05.275801Z","level":"info","event":"\tat org.apache.hadoop.fs.FileSystem.get(FileSystem.java:540)","logger":"airflow.task.operators.airflow.providers.docker.operators.docker.DockerOperator","filename":"docker.py","lineno":71}
{"timestamp":"2026-05-20T22:58:05.275870Z","level":"info","event":"\tat org.apache.hadoop.fs.Path.getFileSystem(Path.java:365)","logger":"airflow.task.operators.airflow.providers.docker.operators.docker.DockerOperator","filename":"docker.py","lineno":71}
{"timestamp":"2026-05-20T22:58:05.275929Z","level":"info","event":"\tat org.apache.hadoop.mapreduce.lib.input.LineRecordReader.initialize(LineRecordReader.java:88)","logger":"airflow.task.operators.airflow.providers.docker.operators.docker.DockerOperator","filename":"docker.py","lineno":71}
{"timestamp":"2026-05-20T22:58:05.276003Z","level":"info","event":"\tat org.apache.spark.sql.execution.datasources.HadoopFileLinesReader.<init>(HadoopFileLinesReader.scala:63)","logger":"airflow.task.operators.airflow.providers.docker.operators.docker.DockerOperator","filename":"docker.py","lineno":71}
{"timestamp":"2026-05-20T22:58:05.276065Z","level":"info","event":"\tat org.apache.spark.sql.execution.datasources.json.TextInputJsonDataSource$.readFile(JsonDataSource.scala:132)","logger":"airflow.task.operators.airflow.providers.docker.operators.docker.DockerOperator","filename":"docker.py","lineno":71}
{"timestamp":"2026-05-20T22:58:05.276126Z","level":"info","event":"\tat org.apache.spark.sql.execution.datasources.json.JsonFileFormat.$anonfun$buildReader$2(JsonFileFormat.scala:126)","logger":"airflow.task.operators.airflow.providers.docker.operators.docker.DockerOperator","filename":"docker.py","lineno":71}
{"timestamp":"2026-05-20T22:58:05.276179Z","level":"info","event":"\tat org.apache.spark.sql.execution.datasources.FileFormat$$anon$1.apply(FileFormat.scala:160)","logger":"airflow.task.operators.airflow.providers.docker.operators.docker.DockerOperator","filename":"docker.py","lineno":71}
{"timestamp":"2026-05-20T22:58:05.276236Z","level":"info","event":"\tat org.apache.spark.sql.execution.datasources.FileFormat$$anon$1.apply(FileFormat.scala:140)","logger":"airflow.task.operators.airflow.providers.docker.operators.docker.DockerOperator","filename":"docker.py","lineno":71}
{"timestamp":"2026-05-20T22:58:05.279875Z","level":"info","event":"\tat org.apache.spark.sql.execution.datasources.FileScanRDD$$anon$1.org$apache$spark$sql$execution$datasources$FileScanRDD$$anon$$readCurrentFile(FileScanRDD.scala:217)","logger":"airflow.task.operators.airflow.providers.docker.operators.docker.DockerOperator","filename":"docker.py","lineno":71}
{"timestamp":"2026-05-20T22:58:05.280013Z","level":"info","event":"\tat org.apache.spark.sql.execution.datasources.FileScanRDD$$anon$1.nextIterator(FileScanRDD.scala:279)","logger":"airflow.task.operators.airflow.providers.docker.operators.docker.DockerOperator","filename":"docker.py","lineno":71}
{"timestamp":"2026-05-20T22:58:05.280079Z","level":"info","event":"\tat org.apache.spark.sql.execution.datasources.FileScanRDD$$anon$1.hasNext(FileScanRDD.scala:129)","logger":"airflow.task.operators.airflow.providers.docker.operators.docker.DockerOperator","filename":"docker.py","lineno":71}
{"timestamp":"2026-05-20T22:58:05.280134Z","level":"info","event":"\tat scala.collection.Iterator$$anon$10.hasNext(Iterator.scala:460)","logger":"airflow.task.operators.airflow.providers.docker.operators.docker.DockerOperator","filename":"docker.py","lineno":71}
{"timestamp":"2026-05-20T22:58:05.280189Z","level":"info","event":"\tat org.apache.spark.sql.catalyst.expressions.GeneratedClass$GeneratedIteratorForCodegenStage1.processNext(Unknown Source)","logger":"airflow.task.operators.airflow.providers.docker.operators.docker.DockerOperator","filename":"docker.py","lineno":71}
{"timestamp":"2026-05-20T22:58:05.280237Z","level":"info","event":"\tat org.apache.spark.sql.execution.BufferedRowIterator.hasNext(BufferedRowIterator.java:43)","logger":"airflow.task.operators.airflow.providers.docker.operators.docker.DockerOperator","filename":"docker.py","lineno":71}
{"timestamp":"2026-05-20T22:58:05.280282Z","level":"info","event":"\tat org.apache.spark.sql.execution.WholeStageCodegenEvaluatorFactory$WholeStageCodegenPartitionEvaluator$$anon$1.hasNext(WholeStageCodegenEvaluatorFactory.scala:43)","logger":"airflow.task.operators.airflow.providers.docker.operators.docker.DockerOperator","filename":"docker.py","lineno":71}
{"timestamp":"2026-05-20T22:58:05.280329Z","level":"info","event":"\tat org.apache.spark.sql.execution.SparkPlan.$anonfun$getByteArrayRdd$1(SparkPlan.scala:388)","logger":"airflow.task.operators.airflow.providers.docker.operators.docker.DockerOperator","filename":"docker.py","lineno":71}
{"timestamp":"2026-05-20T22:58:05.280375Z","level":"info","event":"\tat org.apache.spark.rdd.RDD.$anonfun$mapPartitionsInternal$2(RDD.scala:890)","logger":"airflow.task.operators.airflow.providers.docker.operators.docker.DockerOperator","filename":"docker.py","lineno":71}
{"timestamp":"2026-05-20T22:58:05.280420Z","level":"info","event":"\tat org.apache.spark.rdd.RDD.$anonfun$mapPartitionsInternal$2$adapted(RDD.scala:890)","logger":"airflow.task.operators.airflow.providers.docker.operators.docker.DockerOperator","filename":"docker.py","lineno":71}
{"timestamp":"2026-05-20T22:58:05.280463Z","level":"info","event":"\tat org.apache.spark.rdd.MapPartitionsRDD.compute(MapPartitionsRDD.scala:52)","logger":"airflow.task.operators.airflow.providers.docker.operators.docker.DockerOperator","filename":"docker.py","lineno":71}
{"timestamp":"2026-05-20T22:58:05.280516Z","level":"info","event":"\tat org.apache.spark.rdd.RDD.computeOrReadCheckpoint(RDD.scala:364)","logger":"airflow.task.operators.airflow.providers.docker.operators.docker.DockerOperator","filename":"docker.py","lineno":71}
{"timestamp":"2026-05-20T22:58:05.280566Z","level":"info","event":"\tat org.apache.spark.rdd.RDD.iterator(RDD.scala:328)","logger":"airflow.task.operators.airflow.providers.docker.operators.docker.DockerOperator","filename":"docker.py","lineno":71}
{"timestamp":"2026-05-20T22:58:05.280615Z","level":"info","event":"\tat org.apache.spark.scheduler.ResultTask.runTask(ResultTask.scala:93)","logger":"airflow.task.operators.airflow.providers.docker.operators.docker.DockerOperator","filename":"docker.py","lineno":71}
{"timestamp":"2026-05-20T22:58:05.280663Z","level":"info","event":"\tat org.apache.spark.TaskContext.runTaskWithListeners(TaskContext.scala:161)","logger":"airflow.task.operators.airflow.providers.docker.operators.docker.DockerOperator","filename":"docker.py","lineno":71}
{"timestamp":"2026-05-20T22:58:05.280707Z","level":"info","event":"\tat org.apache.spark.scheduler.Task.run(Task.scala:141)","logger":"airflow.task.operators.airflow.providers.docker.operators.docker.DockerOperator","filename":"docker.py","lineno":71}
{"timestamp":"2026-05-20T22:58:05.280753Z","level":"info","event":"\tat org.apache.spark.executor.Executor$TaskRunner.$anonfun$run$4(Executor.scala:620)","logger":"airflow.task.operators.airflow.providers.docker.operators.docker.DockerOperator","filename":"docker.py","lineno":71}
{"timestamp":"2026-05-20T22:58:05.280798Z","level":"info","event":"\tat org.apache.spark.util.SparkErrorUtils.tryWithSafeFinally(SparkErrorUtils.scala:64)","logger":"airflow.task.operators.airflow.providers.docker.operators.docker.DockerOperator","filename":"docker.py","lineno":71}
{"timestamp":"2026-05-20T22:58:05.280866Z","level":"info","event":"\tat org.apache.spark.util.SparkErrorUtils.tryWithSafeFinally$(SparkErrorUtils.scala:61)","logger":"airflow.task.operators.airflow.providers.docker.operators.docker.DockerOperator","filename":"docker.py","lineno":71}
{"timestamp":"2026-05-20T22:58:05.280936Z","level":"info","event":"\tat org.apache.spark.util.Utils$.tryWithSafeFinally(Utils.scala:94)","logger":"airflow.task.operators.airflow.providers.docker.operators.docker.DockerOperator","filename":"docker.py","lineno":71}
{"timestamp":"2026-05-20T22:58:05.280986Z","level":"info","event":"\tat org.apache.spark.executor.Executor$TaskRunner.run(Executor.scala:623)","logger":"airflow.task.operators.airflow.providers.docker.operators.docker.DockerOperator","filename":"docker.py","lineno":71}
{"timestamp":"2026-05-20T22:58:05.281036Z","level":"info","event":"\tat java.base/java.util.concurrent.ThreadPoolExecutor.runWorker(Unknown Source)","logger":"airflow.task.operators.airflow.providers.docker.operators.docker.DockerOperator","filename":"docker.py","lineno":71}
{"timestamp":"2026-05-20T22:58:05.281083Z","level":"info","event":"\tat java.base/java.util.concurrent.ThreadPoolExecutor$Worker.run(Unknown Source)","logger":"airflow.task.operators.airflow.providers.docker.operators.docker.DockerOperator","filename":"docker.py","lineno":71}
{"timestamp":"2026-05-20T22:58:05.281127Z","level":"info","event":"\tat java.base/java.lang.Thread.run(Unknown Source)","logger":"airflow.task.operators.airflow.providers.docker.operators.docker.DockerOperator","filename":"docker.py","lineno":71}
{"timestamp":"2026-05-20T22:58:05.281170Z","level":"info","event":"Caused by: java.lang.ClassNotFoundException: Class org.apache.hadoop.fs.s3a.S3AFileSystem not found","logger":"airflow.task.operators.airflow.providers.docker.operators.docker.DockerOperator","filename":"docker.py","lineno":71}
{"timestamp":"2026-05-20T22:58:05.281213Z","level":"info","event":"\tat org.apache.hadoop.conf.Configuration.getClassByName(Configuration.java:2592)","logger":"airflow.task.operators.airflow.providers.docker.operators.docker.DockerOperator","filename":"docker.py","lineno":71}
{"timestamp":"2026-05-20T22:58:05.281258Z","level":"info","event":"\tat org.apache.hadoop.conf.Configuration.getClass(Configuration.java:2686)","logger":"airflow.task.operators.airflow.providers.docker.operators.docker.DockerOperator","filename":"docker.py","lineno":71}
{"timestamp":"2026-05-20T22:58:05.281303Z","level":"info","event":"\t... 37 more","logger":"airflow.task.operators.airflow.providers.docker.operators.docker.DockerOperator","filename":"docker.py","lineno":71}
{"timestamp":"2026-05-20T22:58:05.281346Z","level":"info","event":"","logger":"airflow.task.operators.airflow.providers.docker.operators.docker.DockerOperator","filename":"docker.py","lineno":71}
{"timestamp":"2026-05-20T22:58:05.281389Z","level":"info","event":"Driver stacktrace:","logger":"airflow.task.operators.airflow.providers.docker.operators.docker.DockerOperator","filename":"docker.py","lineno":71}
{"timestamp":"2026-05-20T22:58:05.285067Z","level":"info","event":"26/05/20 22:58:05 INFO DAGScheduler: Job 6 failed: toString at <unknown>:0, took 3.806194 s","logger":"airflow.task.operators.airflow.providers.docker.operators.docker.DockerOperator","filename":"docker.py","lineno":71}
{"timestamp":"2026-05-20T22:58:05.290999Z","level":"info","event":"26/05/20 22:58:05 INFO TaskSetManager: Lost task 0.3 in stage 6.0 (TID 27) on 172.20.0.21, executor 1: java.lang.RuntimeException (java.lang.ClassNotFoundException: Class org.apache.hadoop.fs.s3a.S3AFileSystem not found) [duplicate 3]","logger":"airflow.task.operators.airflow.providers.docker.operators.docker.DockerOperator","filename":"docker.py","lineno":71}
{"timestamp":"2026-05-20T22:58:05.292978Z","level":"info","event":"26/05/20 22:58:05 ERROR TaskSetManager: Task 0 in stage 6.0 failed 4 times; aborting job","logger":"airflow.task.operators.airflow.providers.docker.operators.docker.DockerOperator","filename":"docker.py","lineno":71}
{"timestamp":"2026-05-20T22:58:05.295577Z","level":"info","event":"26/05/20 22:58:05 INFO TaskSchedulerImpl: Removed TaskSet 6.0, whose tasks have all completed, from pool","logger":"airflow.task.operators.airflow.providers.docker.operators.docker.DockerOperator","filename":"docker.py","lineno":71}
{"timestamp":"2026-05-20T22:58:05.296625Z","level":"info","event":"26/05/20 22:58:05 INFO TaskSchedulerImpl: Cancelling stage 6","logger":"airflow.task.operators.airflow.providers.docker.operators.docker.DockerOperator","filename":"docker.py","lineno":71}
{"timestamp":"2026-05-20T22:58:05.303191Z","level":"info","event":"26/05/20 22:58:05 INFO TaskSchedulerImpl: Killing all running tasks in stage 6: Stage cancelled: Job aborted due to stage failure: Task 0 in stage 6.0 failed 4 times, most recent failure: Lost task 0.3 in stage 6.0 (TID 27) (172.20.0.21 executor 1): java.lang.RuntimeException: java.lang.ClassNotFoundException: Class org.apache.hadoop.fs.s3a.S3AFileSystem not found","logger":"airflow.task.operators.airflow.providers.docker.operators.docker.DockerOperator","filename":"docker.py","lineno":71}
{"timestamp":"2026-05-20T22:58:05.304998Z","level":"info","event":"\tat org.apache.hadoop.conf.Configuration.getClass(Configuration.java:2688)","logger":"airflow.task.operators.airflow.providers.docker.operators.docker.DockerOperator","filename":"docker.py","lineno":71}
{"timestamp":"2026-05-20T22:58:05.305273Z","level":"info","event":"\tat org.apache.hadoop.fs.FileSystem.getFileSystemClass(FileSystem.java:3431)","logger":"airflow.task.operators.airflow.providers.docker.operators.docker.DockerOperator","filename":"docker.py","lineno":71}
{"timestamp":"2026-05-20T22:58:05.305379Z","level":"info","event":"\tat org.apache.hadoop.fs.FileSystem.createFileSystem(FileSystem.java:3466)","logger":"airflow.task.operators.airflow.providers.docker.operators.docker.DockerOperator","filename":"docker.py","lineno":71}
{"timestamp":"2026-05-20T22:58:05.305455Z","level":"info","event":"\tat org.apache.hadoop.fs.FileSystem.access$300(FileSystem.java:174)","logger":"airflow.task.operators.airflow.providers.docker.operators.docker.DockerOperator","filename":"docker.py","lineno":71}
{"timestamp":"2026-05-20T22:58:05.305516Z","level":"info","event":"\tat org.apache.hadoop.fs.FileSystem$Cache.getInternal(FileSystem.java:3574)","logger":"airflow.task.operators.airflow.providers.docker.operators.docker.DockerOperator","filename":"docker.py","lineno":71}
{"timestamp":"2026-05-20T22:58:05.305573Z","level":"info","event":"\tat org.apache.hadoop.fs.FileSystem$Cache.get(FileSystem.java:3521)","logger":"airflow.task.operators.airflow.providers.docker.operators.docker.DockerOperator","filename":"docker.py","lineno":71}
{"timestamp":"2026-05-20T22:58:05.305628Z","level":"info","event":"\tat org.apache.hadoop.fs.FileSystem.get(FileSystem.java:540)","logger":"airflow.task.operators.airflow.providers.docker.operators.docker.DockerOperator","filename":"docker.py","lineno":71}
{"timestamp":"2026-05-20T22:58:05.305693Z","level":"info","event":"\tat org.apache.hadoop.fs.Path.getFileSystem(Path.java:365)","logger":"airflow.task.operators.airflow.providers.docker.operators.docker.DockerOperator","filename":"docker.py","lineno":71}
{"timestamp":"2026-05-20T22:58:05.305750Z","level":"info","event":"\tat org.apache.hadoop.mapreduce.lib.input.LineRecordReader.initialize(LineRecordReader.java:88)","logger":"airflow.task.operators.airflow.providers.docker.operators.docker.DockerOperator","filename":"docker.py","lineno":71}
{"timestamp":"2026-05-20T22:58:05.305808Z","level":"info","event":"\tat org.apache.spark.sql.execution.datasources.HadoopFileLinesReader.<init>(HadoopFileLinesReader.scala:63)","logger":"airflow.task.operators.airflow.providers.docker.operators.docker.DockerOperator","filename":"docker.py","lineno":71}
{"timestamp":"2026-05-20T22:58:05.305896Z","level":"info","event":"\tat org.apache.spark.sql.execution.datasources.json.TextInputJsonDataSource$.readFile(JsonDataSource.scala:132)","logger":"airflow.task.operators.airflow.providers.docker.operators.docker.DockerOperator","filename":"docker.py","lineno":71}
{"timestamp":"2026-05-20T22:58:05.305972Z","level":"info","event":"\tat org.apache.spark.sql.execution.datasources.json.JsonFileFormat.$anonfun$buildReader$2(JsonFileFormat.scala:126)","logger":"airflow.task.operators.airflow.providers.docker.operators.docker.DockerOperator","filename":"docker.py","lineno":71}
{"timestamp":"2026-05-20T22:58:05.306024Z","level":"info","event":"\tat org.apache.spark.sql.execution.datasources.FileFormat$$anon$1.apply(FileFormat.scala:160)","logger":"airflow.task.operators.airflow.providers.docker.operators.docker.DockerOperator","filename":"docker.py","lineno":71}
{"timestamp":"2026-05-20T22:58:05.306077Z","level":"info","event":"\tat org.apache.spark.sql.execution.datasources.FileFormat$$anon$1.apply(FileFormat.scala:140)","logger":"airflow.task.operators.airflow.providers.docker.operators.docker.DockerOperator","filename":"docker.py","lineno":71}
{"timestamp":"2026-05-20T22:58:05.306129Z","level":"info","event":"\tat org.apache.spark.sql.execution.datasources.FileScanRDD$$anon$1.org$apache$spark$sql$execution$datasources$FileScanRDD$$anon$$readCurrentFile(FileScanRDD.scala:217)","logger":"airflow.task.operators.airflow.providers.docker.operators.docker.DockerOperator","filename":"docker.py","lineno":71}
{"timestamp":"2026-05-20T22:58:05.306182Z","level":"info","event":"\tat org.apache.spark.sql.execution.datasources.FileScanRDD$$anon$1.nextIterator(FileScanRDD.scala:279)","logger":"airflow.task.operators.airflow.providers.docker.operators.docker.DockerOperator","filename":"docker.py","lineno":71}
{"timestamp":"2026-05-20T22:58:05.306236Z","level":"info","event":"\tat org.apache.spark.sql.execution.datasources.FileScanRDD$$anon$1.hasNext(FileScanRDD.scala:129)","logger":"airflow.task.operators.airflow.providers.docker.operators.docker.DockerOperator","filename":"docker.py","lineno":71}
{"timestamp":"2026-05-20T22:58:05.306292Z","level":"info","event":"\tat scala.collection.Iterator$$anon$10.hasNext(Iterator.scala:460)","logger":"airflow.task.operators.airflow.providers.docker.operators.docker.DockerOperator","filename":"docker.py","lineno":71}
{"timestamp":"2026-05-20T22:58:05.306347Z","level":"info","event":"\tat org.apache.spark.sql.catalyst.expressions.GeneratedClass$GeneratedIteratorForCodegenStage1.processNext(Unknown Source)","logger":"airflow.task.operators.airflow.providers.docker.operators.docker.DockerOperator","filename":"docker.py","lineno":71}
{"timestamp":"2026-05-20T22:58:05.306399Z","level":"info","event":"\tat org.apache.spark.sql.execution.BufferedRowIterator.hasNext(BufferedRowIterator.java:43)","logger":"airflow.task.operators.airflow.providers.docker.operators.docker.DockerOperator","filename":"docker.py","lineno":71}
{"timestamp":"2026-05-20T22:58:05.306455Z","level":"info","event":"\tat org.apache.spark.sql.execution.WholeStageCodegenEvaluatorFactory$WholeStageCodegenPartitionEvaluator$$anon$1.hasNext(WholeStageCodegenEvaluatorFactory.scala:43)","logger":"airflow.task.operators.airflow.providers.docker.operators.docker.DockerOperator","filename":"docker.py","lineno":71}
{"timestamp":"2026-05-20T22:58:05.306508Z","level":"info","event":"\tat org.apache.spark.sql.execution.SparkPlan.$anonfun$getByteArrayRdd$1(SparkPlan.scala:388)","logger":"airflow.task.operators.airflow.providers.docker.operators.docker.DockerOperator","filename":"docker.py","lineno":71}
{"timestamp":"2026-05-20T22:58:05.306555Z","level":"info","event":"\tat org.apache.spark.rdd.RDD.$anonfun$mapPartitionsInternal$2(RDD.scala:890)","logger":"airflow.task.operators.airflow.providers.docker.operators.docker.DockerOperator","filename":"docker.py","lineno":71}
{"timestamp":"2026-05-20T22:58:05.306601Z","level":"info","event":"\tat org.apache.spark.rdd.RDD.$anonfun$mapPartitionsInternal$2$adapted(RDD.scala:890)","logger":"airflow.task.operators.airflow.providers.docker.operators.docker.DockerOperator","filename":"docker.py","lineno":71}
{"timestamp":"2026-05-20T22:58:05.306646Z","level":"info","event":"\tat org.apache.spark.rdd.MapPartitionsRDD.compute(MapPartitionsRDD.scala:52)","logger":"airflow.task.operators.airflow.providers.docker.operators.docker.DockerOperator","filename":"docker.py","lineno":71}
{"timestamp":"2026-05-20T22:58:05.306692Z","level":"info","event":"\tat org.apache.spark.rdd.RDD.computeOrReadCheckpoint(RDD.scala:364)","logger":"airflow.task.operators.airflow.providers.docker.operators.docker.DockerOperator","filename":"docker.py","lineno":71}
{"timestamp":"2026-05-20T22:58:05.306744Z","level":"info","event":"\tat org.apache.spark.rdd.RDD.iterator(RDD.scala:328)","logger":"airflow.task.operators.airflow.providers.docker.operators.docker.DockerOperator","filename":"docker.py","lineno":71}
{"timestamp":"2026-05-20T22:58:05.306792Z","level":"info","event":"\tat org.apache.spark.scheduler.ResultTask.runTask(ResultTask.scala:93)","logger":"airflow.task.operators.airflow.providers.docker.operators.docker.DockerOperator","filename":"docker.py","lineno":71}
{"timestamp":"2026-05-20T22:58:05.306873Z","level":"info","event":"\tat org.apache.spark.TaskContext.runTaskWithListeners(TaskContext.scala:161)","logger":"airflow.task.operators.airflow.providers.docker.operators.docker.DockerOperator","filename":"docker.py","lineno":71}
{"timestamp":"2026-05-20T22:58:05.306940Z","level":"info","event":"\tat org.apache.spark.scheduler.Task.run(Task.scala:141)","logger":"airflow.task.operators.airflow.providers.docker.operators.docker.DockerOperator","filename":"docker.py","lineno":71}
{"timestamp":"2026-05-20T22:58:05.306989Z","level":"info","event":"\tat org.apache.spark.executor.Executor$TaskRunner.$anonfun$run$4(Executor.scala:620)","logger":"airflow.task.operators.airflow.providers.docker.operators.docker.DockerOperator","filename":"docker.py","lineno":71}
{"timestamp":"2026-05-20T22:58:05.307035Z","level":"info","event":"\tat org.apache.spark.util.SparkErrorUtils.tryWithSafeFinally(SparkErrorUtils.scala:64)","logger":"airflow.task.operators.airflow.providers.docker.operators.docker.DockerOperator","filename":"docker.py","lineno":71}
{"timestamp":"2026-05-20T22:58:05.307080Z","level":"info","event":"\tat org.apache.spark.util.SparkErrorUtils.tryWithSafeFinally$(SparkErrorUtils.scala:61)","logger":"airflow.task.operators.airflow.providers.docker.operators.docker.DockerOperator","filename":"docker.py","lineno":71}
{"timestamp":"2026-05-20T22:58:05.307126Z","level":"info","event":"\tat org.apache.spark.util.Utils$.tryWithSafeFinally(Utils.scala:94)","logger":"airflow.task.operators.airflow.providers.docker.operators.docker.DockerOperator","filename":"docker.py","lineno":71}
{"timestamp":"2026-05-20T22:58:05.307176Z","level":"info","event":"\tat org.apache.spark.executor.Executor$TaskRunner.run(Executor.scala:623)","logger":"airflow.task.operators.airflow.providers.docker.operators.docker.DockerOperator","filename":"docker.py","lineno":71}
{"timestamp":"2026-05-20T22:58:05.307223Z","level":"info","event":"\tat java.base/java.util.concurrent.ThreadPoolExecutor.runWorker(Unknown Source)","logger":"airflow.task.operators.airflow.providers.docker.operators.docker.DockerOperator","filename":"docker.py","lineno":71}
{"timestamp":"2026-05-20T22:58:05.307272Z","level":"info","event":"\tat java.base/java.util.concurrent.ThreadPoolExecutor$Worker.run(Unknown Source)","logger":"airflow.task.operators.airflow.providers.docker.operators.docker.DockerOperator","filename":"docker.py","lineno":71}
{"timestamp":"2026-05-20T22:58:05.307321Z","level":"info","event":"\tat java.base/java.lang.Thread.run(Unknown Source)","logger":"airflow.task.operators.airflow.providers.docker.operators.docker.DockerOperator","filename":"docker.py","lineno":71}
{"timestamp":"2026-05-20T22:58:05.307368Z","level":"info","event":"Caused by: java.lang.ClassNotFoundException: Class org.apache.hadoop.fs.s3a.S3AFileSystem not found","logger":"airflow.task.operators.airflow.providers.docker.operators.docker.DockerOperator","filename":"docker.py","lineno":71}
{"timestamp":"2026-05-20T22:58:05.307417Z","level":"info","event":"\tat org.apache.hadoop.conf.Configuration.getClassByName(Configuration.java:2592)","logger":"airflow.task.operators.airflow.providers.docker.operators.docker.DockerOperator","filename":"docker.py","lineno":71}
{"timestamp":"2026-05-20T22:58:05.307469Z","level":"info","event":"\tat org.apache.hadoop.conf.Configuration.getClass(Configuration.java:2686)","logger":"airflow.task.operators.airflow.providers.docker.operators.docker.DockerOperator","filename":"docker.py","lineno":71}
{"timestamp":"2026-05-20T22:58:05.307518Z","level":"info","event":"\t... 37 more","logger":"airflow.task.operators.airflow.providers.docker.operators.docker.DockerOperator","filename":"docker.py","lineno":71}
{"timestamp":"2026-05-20T22:58:05.307567Z","level":"info","event":"","logger":"airflow.task.operators.airflow.providers.docker.operators.docker.DockerOperator","filename":"docker.py","lineno":71}
{"timestamp":"2026-05-20T22:58:05.307614Z","level":"info","event":"Driver stacktrace:","logger":"airflow.task.operators.airflow.providers.docker.operators.docker.DockerOperator","filename":"docker.py","lineno":71}
{"timestamp":"2026-05-20T22:58:05.310994Z","level":"info","event":"26/05/20 22:58:05 INFO DAGScheduler: ResultStage 6 (toString at <unknown>:0) failed in 3.530 s due to Job aborted due to stage failure: Task 0 in stage 6.0 failed 4 times, most recent failure: Lost task 0.3 in stage 6.0 (TID 27) (172.20.0.21 executor 1): java.lang.RuntimeException: java.lang.ClassNotFoundException: Class org.apache.hadoop.fs.s3a.S3AFileSystem not found","logger":"airflow.task.operators.airflow.providers.docker.operators.docker.DockerOperator","filename":"docker.py","lineno":71}
{"timestamp":"2026-05-20T22:58:05.311192Z","level":"info","event":"\tat org.apache.hadoop.conf.Configuration.getClass(Configuration.java:2688)","logger":"airflow.task.operators.airflow.providers.docker.operators.docker.DockerOperator","filename":"docker.py","lineno":71}
{"timestamp":"2026-05-20T22:58:05.311269Z","level":"info","event":"\tat org.apache.hadoop.fs.FileSystem.getFileSystemClass(FileSystem.java:3431)","logger":"airflow.task.operators.airflow.providers.docker.operators.docker.DockerOperator","filename":"docker.py","lineno":71}
{"timestamp":"2026-05-20T22:58:05.311323Z","level":"info","event":"\tat org.apache.hadoop.fs.FileSystem.createFileSystem(FileSystem.java:3466)","logger":"airflow.task.operators.airflow.providers.docker.operators.docker.DockerOperator","filename":"docker.py","lineno":71}
{"timestamp":"2026-05-20T22:58:05.311375Z","level":"info","event":"\tat org.apache.hadoop.fs.FileSystem.access$300(FileSystem.java:174)","logger":"airflow.task.operators.airflow.providers.docker.operators.docker.DockerOperator","filename":"docker.py","lineno":71}
{"timestamp":"2026-05-20T22:58:05.311434Z","level":"info","event":"\tat org.apache.hadoop.fs.FileSystem$Cache.getInternal(FileSystem.java:3574)","logger":"airflow.task.operators.airflow.providers.docker.operators.docker.DockerOperator","filename":"docker.py","lineno":71}
{"timestamp":"2026-05-20T22:58:05.311487Z","level":"info","event":"\tat org.apache.hadoop.fs.FileSystem$Cache.get(FileSystem.java:3521)","logger":"airflow.task.operators.airflow.providers.docker.operators.docker.DockerOperator","filename":"docker.py","lineno":71}
{"timestamp":"2026-05-20T22:58:05.311533Z","level":"info","event":"\tat org.apache.hadoop.fs.FileSystem.get(FileSystem.java:540)","logger":"airflow.task.operators.airflow.providers.docker.operators.docker.DockerOperator","filename":"docker.py","lineno":71}
{"timestamp":"2026-05-20T22:58:05.311579Z","level":"info","event":"\tat org.apache.hadoop.fs.Path.getFileSystem(Path.java:365)","logger":"airflow.task.operators.airflow.providers.docker.operators.docker.DockerOperator","filename":"docker.py","lineno":71}
{"timestamp":"2026-05-20T22:58:05.311628Z","level":"info","event":"\tat org.apache.hadoop.mapreduce.lib.input.LineRecordReader.initialize(LineRecordReader.java:88)","logger":"airflow.task.operators.airflow.providers.docker.operators.docker.DockerOperator","filename":"docker.py","lineno":71}
{"timestamp":"2026-05-20T22:58:05.311676Z","level":"info","event":"\tat org.apache.spark.sql.execution.datasources.HadoopFileLinesReader.<init>(HadoopFileLinesReader.scala:63)","logger":"airflow.task.operators.airflow.providers.docker.operators.docker.DockerOperator","filename":"docker.py","lineno":71}
{"timestamp":"2026-05-20T22:58:05.311723Z","level":"info","event":"\tat org.apache.spark.sql.execution.datasources.json.TextInputJsonDataSource$.readFile(JsonDataSource.scala:132)","logger":"airflow.task.operators.airflow.providers.docker.operators.docker.DockerOperator","filename":"docker.py","lineno":71}
{"timestamp":"2026-05-20T22:58:05.311781Z","level":"info","event":"\tat org.apache.spark.sql.execution.datasources.json.JsonFileFormat.$anonfun$buildReader$2(JsonFileFormat.scala:126)","logger":"airflow.task.operators.airflow.providers.docker.operators.docker.DockerOperator","filename":"docker.py","lineno":71}
{"timestamp":"2026-05-20T22:58:05.311850Z","level":"info","event":"\tat org.apache.spark.sql.execution.datasources.FileFormat$$anon$1.apply(FileFormat.scala:160)","logger":"airflow.task.operators.airflow.providers.docker.operators.docker.DockerOperator","filename":"docker.py","lineno":71}
{"timestamp":"2026-05-20T22:58:05.311915Z","level":"info","event":"\tat org.apache.spark.sql.execution.datasources.FileFormat$$anon$1.apply(FileFormat.scala:140)","logger":"airflow.task.operators.airflow.providers.docker.operators.docker.DockerOperator","filename":"docker.py","lineno":71}
{"timestamp":"2026-05-20T22:58:05.311965Z","level":"info","event":"\tat org.apache.spark.sql.execution.datasources.FileScanRDD$$anon$1.org$apache$spark$sql$execution$datasources$FileScanRDD$$anon$$readCurrentFile(FileScanRDD.scala:217)","logger":"airflow.task.operators.airflow.providers.docker.operators.docker.DockerOperator","filename":"docker.py","lineno":71}
{"timestamp":"2026-05-20T22:58:05.312014Z","level":"info","event":"\tat org.apache.spark.sql.execution.datasources.FileScanRDD$$anon$1.nextIterator(FileScanRDD.scala:279)","logger":"airflow.task.operators.airflow.providers.docker.operators.docker.DockerOperator","filename":"docker.py","lineno":71}
{"timestamp":"2026-05-20T22:58:05.312101Z","level":"info","event":"\tat org.apache.spark.sql.execution.datasources.FileScanRDD$$anon$1.hasNext(FileScanRDD.scala:129)","logger":"airflow.task.operators.airflow.providers.docker.operators.docker.DockerOperator","filename":"docker.py","lineno":71}
{"timestamp":"2026-05-20T22:58:05.312169Z","level":"info","event":"\tat scala.collection.Iterator$$anon$10.hasNext(Iterator.scala:460)","logger":"airflow.task.operators.airflow.providers.docker.operators.docker.DockerOperator","filename":"docker.py","lineno":71}
{"timestamp":"2026-05-20T22:58:05.312220Z","level":"info","event":"\tat org.apache.spark.sql.catalyst.expressions.GeneratedClass$GeneratedIteratorForCodegenStage1.processNext(Unknown Source)","logger":"airflow.task.operators.airflow.providers.docker.operators.docker.DockerOperator","filename":"docker.py","lineno":71}
{"timestamp":"2026-05-20T22:58:05.312267Z","level":"info","event":"\tat org.apache.spark.sql.execution.BufferedRowIterator.hasNext(BufferedRowIterator.java:43)","logger":"airflow.task.operators.airflow.providers.docker.operators.docker.DockerOperator","filename":"docker.py","lineno":71}
{"timestamp":"2026-05-20T22:58:05.312316Z","level":"info","event":"\tat org.apache.spark.sql.execution.WholeStageCodegenEvaluatorFactory$WholeStageCodegenPartitionEvaluator$$anon$1.hasNext(WholeStageCodegenEvaluatorFactory.scala:43)","logger":"airflow.task.operators.airflow.providers.docker.operators.docker.DockerOperator","filename":"docker.py","lineno":71}
{"timestamp":"2026-05-20T22:58:05.312365Z","level":"info","event":"\tat org.apache.spark.sql.execution.SparkPlan.$anonfun$getByteArrayRdd$1(SparkPlan.scala:388)","logger":"airflow.task.operators.airflow.providers.docker.operators.docker.DockerOperator","filename":"docker.py","lineno":71}
{"timestamp":"2026-05-20T22:58:05.312422Z","level":"info","event":"\tat org.apache.spark.rdd.RDD.$anonfun$mapPartitionsInternal$2(RDD.scala:890)","logger":"airflow.task.operators.airflow.providers.docker.operators.docker.DockerOperator","filename":"docker.py","lineno":71}
{"timestamp":"2026-05-20T22:58:05.312470Z","level":"info","event":"\tat org.apache.spark.rdd.RDD.$anonfun$mapPartitionsInternal$2$adapted(RDD.scala:890)","logger":"airflow.task.operators.airflow.providers.docker.operators.docker.DockerOperator","filename":"docker.py","lineno":71}
{"timestamp":"2026-05-20T22:58:05.312519Z","level":"info","event":"\tat org.apache.spark.rdd.MapPartitionsRDD.compute(MapPartitionsRDD.scala:52)","logger":"airflow.task.operators.airflow.providers.docker.operators.docker.DockerOperator","filename":"docker.py","lineno":71}
{"timestamp":"2026-05-20T22:58:05.312565Z","level":"info","event":"\tat org.apache.spark.rdd.RDD.computeOrReadCheckpoint(RDD.scala:364)","logger":"airflow.task.operators.airflow.providers.docker.operators.docker.DockerOperator","filename":"docker.py","lineno":71}
{"timestamp":"2026-05-20T22:58:05.312612Z","level":"info","event":"\tat org.apache.spark.rdd.RDD.iterator(RDD.scala:328)","logger":"airflow.task.operators.airflow.providers.docker.operators.docker.DockerOperator","filename":"docker.py","lineno":71}
{"timestamp":"2026-05-20T22:58:05.312659Z","level":"info","event":"\tat org.apache.spark.scheduler.ResultTask.runTask(ResultTask.scala:93)","logger":"airflow.task.operators.airflow.providers.docker.operators.docker.DockerOperator","filename":"docker.py","lineno":71}
{"timestamp":"2026-05-20T22:58:05.312705Z","level":"info","event":"\tat org.apache.spark.TaskContext.runTaskWithListeners(TaskContext.scala:161)","logger":"airflow.task.operators.airflow.providers.docker.operators.docker.DockerOperator","filename":"docker.py","lineno":71}
{"timestamp":"2026-05-20T22:58:05.312750Z","level":"info","event":"\tat org.apache.spark.scheduler.Task.run(Task.scala:141)","logger":"airflow.task.operators.airflow.providers.docker.operators.docker.DockerOperator","filename":"docker.py","lineno":71}
{"timestamp":"2026-05-20T22:58:05.312797Z","level":"info","event":"\tat org.apache.spark.executor.Executor$TaskRunner.$anonfun$run$4(Executor.scala:620)","logger":"airflow.task.operators.airflow.providers.docker.operators.docker.DockerOperator","filename":"docker.py","lineno":71}
{"timestamp":"2026-05-20T22:58:05.312876Z","level":"info","event":"\tat org.apache.spark.util.SparkErrorUtils.tryWithSafeFinally(SparkErrorUtils.scala:64)","logger":"airflow.task.operators.airflow.providers.docker.operators.docker.DockerOperator","filename":"docker.py","lineno":71}
{"timestamp":"2026-05-20T22:58:05.313047Z","level":"info","event":"\tat org.apache.spark.util.SparkErrorUtils.tryWithSafeFinally$(SparkErrorUtils.scala:61)","logger":"airflow.task.operators.airflow.providers.docker.operators.docker.DockerOperator","filename":"docker.py","lineno":71}
{"timestamp":"2026-05-20T22:58:05.313107Z","level":"info","event":"\tat org.apache.spark.util.Utils$.tryWithSafeFinally(Utils.scala:94)","logger":"airflow.task.operators.airflow.providers.docker.operators.docker.DockerOperator","filename":"docker.py","lineno":71}
{"timestamp":"2026-05-20T22:58:05.313162Z","level":"info","event":"\tat org.apache.spark.executor.Executor$TaskRunner.run(Executor.scala:623)","logger":"airflow.task.operators.airflow.providers.docker.operators.docker.DockerOperator","filename":"docker.py","lineno":71}
{"timestamp":"2026-05-20T22:58:05.313213Z","level":"info","event":"\tat java.base/java.util.concurrent.ThreadPoolExecutor.runWorker(Unknown Source)","logger":"airflow.task.operators.airflow.providers.docker.operators.docker.DockerOperator","filename":"docker.py","lineno":71}
{"timestamp":"2026-05-20T22:58:05.313265Z","level":"info","event":"\tat java.base/java.util.concurrent.ThreadPoolExecutor$Worker.run(Unknown Source)","logger":"airflow.task.operators.airflow.providers.docker.operators.docker.DockerOperator","filename":"docker.py","lineno":71}
{"timestamp":"2026-05-20T22:58:05.313315Z","level":"info","event":"\tat java.base/java.lang.Thread.run(Unknown Source)","logger":"airflow.task.operators.airflow.providers.docker.operators.docker.DockerOperator","filename":"docker.py","lineno":71}
{"timestamp":"2026-05-20T22:58:05.313366Z","level":"info","event":"Caused by: java.lang.ClassNotFoundException: Class org.apache.hadoop.fs.s3a.S3AFileSystem not found","logger":"airflow.task.operators.airflow.providers.docker.operators.docker.DockerOperator","filename":"docker.py","lineno":71}
{"timestamp":"2026-05-20T22:58:05.313430Z","level":"info","event":"\tat org.apache.hadoop.conf.Configuration.getClassByName(Configuration.java:2592)","logger":"airflow.task.operators.airflow.providers.docker.operators.docker.DockerOperator","filename":"docker.py","lineno":71}
{"timestamp":"2026-05-20T22:58:05.313483Z","level":"info","event":"\tat org.apache.hadoop.conf.Configuration.getClass(Configuration.java:2686)","logger":"airflow.task.operators.airflow.providers.docker.operators.docker.DockerOperator","filename":"docker.py","lineno":71}
{"timestamp":"2026-05-20T22:58:05.313529Z","level":"info","event":"\t... 37 more","logger":"airflow.task.operators.airflow.providers.docker.operators.docker.DockerOperator","filename":"docker.py","lineno":71}
{"timestamp":"2026-05-20T22:58:05.313575Z","level":"info","event":"","logger":"airflow.task.operators.airflow.providers.docker.operators.docker.DockerOperator","filename":"docker.py","lineno":71}
{"timestamp":"2026-05-20T22:58:05.313623Z","level":"info","event":"Driver stacktrace:","logger":"airflow.task.operators.airflow.providers.docker.operators.docker.DockerOperator","filename":"docker.py","lineno":71}
{"timestamp":"2026-05-20T22:58:05.318549Z","level":"info","event":"26/05/20 22:58:05 INFO DAGScheduler: Job 3 failed: toString at <unknown>:0, took 3.836685 s","logger":"airflow.task.operators.airflow.providers.docker.operators.docker.DockerOperator","filename":"docker.py","lineno":71}
{"timestamp":"2026-05-20T22:58:05.328234Z","level":"info","event":"26/05/20 22:58:05 INFO TaskSetManager: Lost task 0.3 in stage 5.0 (TID 26) on 172.20.0.21, executor 1: java.lang.RuntimeException (java.lang.ClassNotFoundException: Class org.apache.hadoop.fs.s3a.S3AFileSystem not found) [duplicate 3]","logger":"airflow.task.operators.airflow.providers.docker.operators.docker.DockerOperator","filename":"docker.py","lineno":71}
{"timestamp":"2026-05-20T22:58:05.328577Z","level":"info","event":"26/05/20 22:58:05 ERROR TaskSetManager: Task 0 in stage 5.0 failed 4 times; aborting job","logger":"airflow.task.operators.airflow.providers.docker.operators.docker.DockerOperator","filename":"docker.py","lineno":71}
{"timestamp":"2026-05-20T22:58:05.328721Z","level":"info","event":"26/05/20 22:58:05 INFO TaskSchedulerImpl: Removed TaskSet 5.0, whose tasks have all completed, from pool","logger":"airflow.task.operators.airflow.providers.docker.operators.docker.DockerOperator","filename":"docker.py","lineno":71}
{"timestamp":"2026-05-20T22:58:05.334351Z","level":"info","event":"26/05/20 22:58:05 INFO TaskSchedulerImpl: Cancelling stage 5","logger":"airflow.task.operators.airflow.providers.docker.operators.docker.DockerOperator","filename":"docker.py","lineno":71}
{"timestamp":"2026-05-20T22:58:05.337251Z","level":"info","event":"26/05/20 22:58:05 INFO TaskSchedulerImpl: Killing all running tasks in stage 5: Stage cancelled: Job aborted due to stage failure: Task 0 in stage 5.0 failed 4 times, most recent failure: Lost task 0.3 in stage 5.0 (TID 26) (172.20.0.21 executor 1): java.lang.RuntimeException: java.lang.ClassNotFoundException: Class org.apache.hadoop.fs.s3a.S3AFileSystem not found","logger":"airflow.task.operators.airflow.providers.docker.operators.docker.DockerOperator","filename":"docker.py","lineno":71}
{"timestamp":"2026-05-20T22:58:05.337508Z","level":"info","event":"\tat org.apache.hadoop.conf.Configuration.getClass(Configuration.java:2688)","logger":"airflow.task.operators.airflow.providers.docker.operators.docker.DockerOperator","filename":"docker.py","lineno":71}
{"timestamp":"2026-05-20T22:58:05.337596Z","level":"info","event":"\tat org.apache.hadoop.fs.FileSystem.getFileSystemClass(FileSystem.java:3431)","logger":"airflow.task.operators.airflow.providers.docker.operators.docker.DockerOperator","filename":"docker.py","lineno":71}
{"timestamp":"2026-05-20T22:58:05.337654Z","level":"info","event":"\tat org.apache.hadoop.fs.FileSystem.createFileSystem(FileSystem.java:3466)","logger":"airflow.task.operators.airflow.providers.docker.operators.docker.DockerOperator","filename":"docker.py","lineno":71}
{"timestamp":"2026-05-20T22:58:05.337703Z","level":"info","event":"\tat org.apache.hadoop.fs.FileSystem.access$300(FileSystem.java:174)","logger":"airflow.task.operators.airflow.providers.docker.operators.docker.DockerOperator","filename":"docker.py","lineno":71}
{"timestamp":"2026-05-20T22:58:05.337748Z","level":"info","event":"\tat org.apache.hadoop.fs.FileSystem$Cache.getInternal(FileSystem.java:3574)","logger":"airflow.task.operators.airflow.providers.docker.operators.docker.DockerOperator","filename":"docker.py","lineno":71}
{"timestamp":"2026-05-20T22:58:05.337793Z","level":"info","event":"\tat org.apache.hadoop.fs.FileSystem$Cache.get(FileSystem.java:3521)","logger":"airflow.task.operators.airflow.providers.docker.operators.docker.DockerOperator","filename":"docker.py","lineno":71}
{"timestamp":"2026-05-20T22:58:05.337869Z","level":"info","event":"\tat org.apache.hadoop.fs.FileSystem.get(FileSystem.java:540)","logger":"airflow.task.operators.airflow.providers.docker.operators.docker.DockerOperator","filename":"docker.py","lineno":71}
{"timestamp":"2026-05-20T22:58:05.337928Z","level":"info","event":"\tat org.apache.hadoop.fs.Path.getFileSystem(Path.java:365)","logger":"airflow.task.operators.airflow.providers.docker.operators.docker.DockerOperator","filename":"docker.py","lineno":71}
{"timestamp":"2026-05-20T22:58:05.337976Z","level":"info","event":"\tat org.apache.hadoop.mapreduce.lib.input.LineRecordReader.initialize(LineRecordReader.java:88)","logger":"airflow.task.operators.airflow.providers.docker.operators.docker.DockerOperator","filename":"docker.py","lineno":71}
{"timestamp":"2026-05-20T22:58:05.338024Z","level":"info","event":"\tat org.apache.spark.sql.execution.datasources.HadoopFileLinesReader.<init>(HadoopFileLinesReader.scala:63)","logger":"airflow.task.operators.airflow.providers.docker.operators.docker.DockerOperator","filename":"docker.py","lineno":71}
{"timestamp":"2026-05-20T22:58:05.338069Z","level":"info","event":"\tat org.apache.spark.sql.execution.datasources.json.TextInputJsonDataSource$.readFile(JsonDataSource.scala:132)","logger":"airflow.task.operators.airflow.providers.docker.operators.docker.DockerOperator","filename":"docker.py","lineno":71}
{"timestamp":"2026-05-20T22:58:05.338110Z","level":"info","event":"\tat org.apache.spark.sql.execution.datasources.json.JsonFileFormat.$anonfun$buildReader$2(JsonFileFormat.scala:126)","logger":"airflow.task.operators.airflow.providers.docker.operators.docker.DockerOperator","filename":"docker.py","lineno":71}
{"timestamp":"2026-05-20T22:58:05.338154Z","level":"info","event":"\tat org.apache.spark.sql.execution.datasources.FileFormat$$anon$1.apply(FileFormat.scala:160)","logger":"airflow.task.operators.airflow.providers.docker.operators.docker.DockerOperator","filename":"docker.py","lineno":71}
{"timestamp":"2026-05-20T22:58:05.338197Z","level":"info","event":"\tat org.apache.spark.sql.execution.datasources.FileFormat$$anon$1.apply(FileFormat.scala:140)","logger":"airflow.task.operators.airflow.providers.docker.operators.docker.DockerOperator","filename":"docker.py","lineno":71}
{"timestamp":"2026-05-20T22:58:05.338240Z","level":"info","event":"\tat org.apache.spark.sql.execution.datasources.FileScanRDD$$anon$1.org$apache$spark$sql$execution$datasources$FileScanRDD$$anon$$readCurrentFile(FileScanRDD.scala:217)","logger":"airflow.task.operators.airflow.providers.docker.operators.docker.DockerOperator","filename":"docker.py","lineno":71}
{"timestamp":"2026-05-20T22:58:05.338283Z","level":"info","event":"\tat org.apache.spark.sql.execution.datasources.FileScanRDD$$anon$1.nextIterator(FileScanRDD.scala:279)","logger":"airflow.task.operators.airflow.providers.docker.operators.docker.DockerOperator","filename":"docker.py","lineno":71}
{"timestamp":"2026-05-20T22:58:05.338327Z","level":"info","event":"\tat org.apache.spark.sql.execution.datasources.FileScanRDD$$anon$1.hasNext(FileScanRDD.scala:129)","logger":"airflow.task.operators.airflow.providers.docker.operators.docker.DockerOperator","filename":"docker.py","lineno":71}
{"timestamp":"2026-05-20T22:58:05.338384Z","level":"info","event":"\tat scala.collection.Iterator$$anon$10.hasNext(Iterator.scala:460)","logger":"airflow.task.operators.airflow.providers.docker.operators.docker.DockerOperator","filename":"docker.py","lineno":71}
{"timestamp":"2026-05-20T22:58:05.338427Z","level":"info","event":"\tat org.apache.spark.sql.catalyst.expressions.GeneratedClass$GeneratedIteratorForCodegenStage1.processNext(Unknown Source)","logger":"airflow.task.operators.airflow.providers.docker.operators.docker.DockerOperator","filename":"docker.py","lineno":71}
{"timestamp":"2026-05-20T22:58:05.338471Z","level":"info","event":"\tat org.apache.spark.sql.execution.BufferedRowIterator.hasNext(BufferedRowIterator.java:43)","logger":"airflow.task.operators.airflow.providers.docker.operators.docker.DockerOperator","filename":"docker.py","lineno":71}
{"timestamp":"2026-05-20T22:58:05.338513Z","level":"info","event":"\tat org.apache.spark.sql.execution.WholeStageCodegenEvaluatorFactory$WholeStageCodegenPartitionEvaluator$$anon$1.hasNext(WholeStageCodegenEvaluatorFactory.scala:43)","logger":"airflow.task.operators.airflow.providers.docker.operators.docker.DockerOperator","filename":"docker.py","lineno":71}
{"timestamp":"2026-05-20T22:58:05.338564Z","level":"info","event":"\tat org.apache.spark.sql.execution.SparkPlan.$anonfun$getByteArrayRdd$1(SparkPlan.scala:388)","logger":"airflow.task.operators.airflow.providers.docker.operators.docker.DockerOperator","filename":"docker.py","lineno":71}
{"timestamp":"2026-05-20T22:58:05.338613Z","level":"info","event":"\tat org.apache.spark.rdd.RDD.$anonfun$mapPartitionsInternal$2(RDD.scala:890)","logger":"airflow.task.operators.airflow.providers.docker.operators.docker.DockerOperator","filename":"docker.py","lineno":71}
{"timestamp":"2026-05-20T22:58:05.338656Z","level":"info","event":"\tat org.apache.spark.rdd.RDD.$anonfun$mapPartitionsInternal$2$adapted(RDD.scala:890)","logger":"airflow.task.operators.airflow.providers.docker.operators.docker.DockerOperator","filename":"docker.py","lineno":71}
{"timestamp":"2026-05-20T22:58:05.338697Z","level":"info","event":"\tat org.apache.spark.rdd.MapPartitionsRDD.compute(MapPartitionsRDD.scala:52)","logger":"airflow.task.operators.airflow.providers.docker.operators.docker.DockerOperator","filename":"docker.py","lineno":71}
{"timestamp":"2026-05-20T22:58:05.338739Z","level":"info","event":"\tat org.apache.spark.rdd.RDD.computeOrReadCheckpoint(RDD.scala:364)","logger":"airflow.task.operators.airflow.providers.docker.operators.docker.DockerOperator","filename":"docker.py","lineno":71}
{"timestamp":"2026-05-20T22:58:05.338782Z","level":"info","event":"\tat org.apache.spark.rdd.RDD.iterator(RDD.scala:328)","logger":"airflow.task.operators.airflow.providers.docker.operators.docker.DockerOperator","filename":"docker.py","lineno":71}
{"timestamp":"2026-05-20T22:58:05.338853Z","level":"info","event":"\tat org.apache.spark.scheduler.ResultTask.runTask(ResultTask.scala:93)","logger":"airflow.task.operators.airflow.providers.docker.operators.docker.DockerOperator","filename":"docker.py","lineno":71}
{"timestamp":"2026-05-20T22:58:05.338904Z","level":"info","event":"\tat org.apache.spark.TaskContext.runTaskWithListeners(TaskContext.scala:161)","logger":"airflow.task.operators.airflow.providers.docker.operators.docker.DockerOperator","filename":"docker.py","lineno":71}
{"timestamp":"2026-05-20T22:58:05.338948Z","level":"info","event":"\tat org.apache.spark.scheduler.Task.run(Task.scala:141)","logger":"airflow.task.operators.airflow.providers.docker.operators.docker.DockerOperator","filename":"docker.py","lineno":71}
{"timestamp":"2026-05-20T22:58:05.338990Z","level":"info","event":"\tat org.apache.spark.executor.Executor$TaskRunner.$anonfun$run$4(Executor.scala:620)","logger":"airflow.task.operators.airflow.providers.docker.operators.docker.DockerOperator","filename":"docker.py","lineno":71}
{"timestamp":"2026-05-20T22:58:05.339032Z","level":"info","event":"\tat org.apache.spark.util.SparkErrorUtils.tryWithSafeFinally(SparkErrorUtils.scala:64)","logger":"airflow.task.operators.airflow.providers.docker.operators.docker.DockerOperator","filename":"docker.py","lineno":71}
{"timestamp":"2026-05-20T22:58:05.339073Z","level":"info","event":"\tat org.apache.spark.util.SparkErrorUtils.tryWithSafeFinally$(SparkErrorUtils.scala:61)","logger":"airflow.task.operators.airflow.providers.docker.operators.docker.DockerOperator","filename":"docker.py","lineno":71}
{"timestamp":"2026-05-20T22:58:05.339115Z","level":"info","event":"\tat org.apache.spark.util.Utils$.tryWithSafeFinally(Utils.scala:94)","logger":"airflow.task.operators.airflow.providers.docker.operators.docker.DockerOperator","filename":"docker.py","lineno":71}
{"timestamp":"2026-05-20T22:58:05.339156Z","level":"info","event":"\tat org.apache.spark.executor.Executor$TaskRunner.run(Executor.scala:623)","logger":"airflow.task.operators.airflow.providers.docker.operators.docker.DockerOperator","filename":"docker.py","lineno":71}
{"timestamp":"2026-05-20T22:58:05.339197Z","level":"info","event":"\tat java.base/java.util.concurrent.ThreadPoolExecutor.runWorker(Unknown Source)","logger":"airflow.task.operators.airflow.providers.docker.operators.docker.DockerOperator","filename":"docker.py","lineno":71}
{"timestamp":"2026-05-20T22:58:05.339236Z","level":"info","event":"\tat java.base/java.util.concurrent.ThreadPoolExecutor$Worker.run(Unknown Source)","logger":"airflow.task.operators.airflow.providers.docker.operators.docker.DockerOperator","filename":"docker.py","lineno":71}
{"timestamp":"2026-05-20T22:58:05.339277Z","level":"info","event":"\tat java.base/java.lang.Thread.run(Unknown Source)","logger":"airflow.task.operators.airflow.providers.docker.operators.docker.DockerOperator","filename":"docker.py","lineno":71}
{"timestamp":"2026-05-20T22:58:05.339318Z","level":"info","event":"Caused by: java.lang.ClassNotFoundException: Class org.apache.hadoop.fs.s3a.S3AFileSystem not found","logger":"airflow.task.operators.airflow.providers.docker.operators.docker.DockerOperator","filename":"docker.py","lineno":71}
{"timestamp":"2026-05-20T22:58:05.339371Z","level":"info","event":"\tat org.apache.hadoop.conf.Configuration.getClassByName(Configuration.java:2592)","logger":"airflow.task.operators.airflow.providers.docker.operators.docker.DockerOperator","filename":"docker.py","lineno":71}
{"timestamp":"2026-05-20T22:58:05.339414Z","level":"info","event":"\tat org.apache.hadoop.conf.Configuration.getClass(Configuration.java:2686)","logger":"airflow.task.operators.airflow.providers.docker.operators.docker.DockerOperator","filename":"docker.py","lineno":71}
{"timestamp":"2026-05-20T22:58:05.339455Z","level":"info","event":"\t... 37 more","logger":"airflow.task.operators.airflow.providers.docker.operators.docker.DockerOperator","filename":"docker.py","lineno":71}
{"timestamp":"2026-05-20T22:58:05.339498Z","level":"info","event":"","logger":"airflow.task.operators.airflow.providers.docker.operators.docker.DockerOperator","filename":"docker.py","lineno":71}
{"timestamp":"2026-05-20T22:58:05.339541Z","level":"info","event":"Driver stacktrace:","logger":"airflow.task.operators.airflow.providers.docker.operators.docker.DockerOperator","filename":"docker.py","lineno":71}
{"timestamp":"2026-05-20T22:58:05.339714Z","level":"info","event":"26/05/20 22:58:05 INFO DAGScheduler: ResultStage 5 (toString at <unknown>:0) failed in 3.599 s due to Job aborted due to stage failure: Task 0 in stage 5.0 failed 4 times, most recent failure: Lost task 0.3 in stage 5.0 (TID 26) (172.20.0.21 executor 1): java.lang.RuntimeException: java.lang.ClassNotFoundException: Class org.apache.hadoop.fs.s3a.S3AFileSystem not found","logger":"airflow.task.operators.airflow.providers.docker.operators.docker.DockerOperator","filename":"docker.py","lineno":71}
{"timestamp":"2026-05-20T22:58:05.339794Z","level":"info","event":"\tat org.apache.hadoop.conf.Configuration.getClass(Configuration.java:2688)","logger":"airflow.task.operators.airflow.providers.docker.operators.docker.DockerOperator","filename":"docker.py","lineno":71}
{"timestamp":"2026-05-20T22:58:05.341999Z","level":"info","event":"\tat org.apache.hadoop.fs.FileSystem.getFileSystemClass(FileSystem.java:3431)","logger":"airflow.task.operators.airflow.providers.docker.operators.docker.DockerOperator","filename":"docker.py","lineno":71}
{"timestamp":"2026-05-20T22:58:05.342109Z","level":"info","event":"\tat org.apache.hadoop.fs.FileSystem.createFileSystem(FileSystem.java:3466)","logger":"airflow.task.operators.airflow.providers.docker.operators.docker.DockerOperator","filename":"docker.py","lineno":71}
{"timestamp":"2026-05-20T22:58:05.342164Z","level":"info","event":"\tat org.apache.hadoop.fs.FileSystem.access$300(FileSystem.java:174)","logger":"airflow.task.operators.airflow.providers.docker.operators.docker.DockerOperator","filename":"docker.py","lineno":71}
{"timestamp":"2026-05-20T22:58:05.342208Z","level":"info","event":"\tat org.apache.hadoop.fs.FileSystem$Cache.getInternal(FileSystem.java:3574)","logger":"airflow.task.operators.airflow.providers.docker.operators.docker.DockerOperator","filename":"docker.py","lineno":71}
{"timestamp":"2026-05-20T22:58:05.342252Z","level":"info","event":"\tat org.apache.hadoop.fs.FileSystem$Cache.get(FileSystem.java:3521)","logger":"airflow.task.operators.airflow.providers.docker.operators.docker.DockerOperator","filename":"docker.py","lineno":71}
{"timestamp":"2026-05-20T22:58:05.342297Z","level":"info","event":"\tat org.apache.hadoop.fs.FileSystem.get(FileSystem.java:540)","logger":"airflow.task.operators.airflow.providers.docker.operators.docker.DockerOperator","filename":"docker.py","lineno":71}
{"timestamp":"2026-05-20T22:58:05.342353Z","level":"info","event":"\tat org.apache.hadoop.fs.Path.getFileSystem(Path.java:365)","logger":"airflow.task.operators.airflow.providers.docker.operators.docker.DockerOperator","filename":"docker.py","lineno":71}
{"timestamp":"2026-05-20T22:58:05.342401Z","level":"info","event":"\tat org.apache.hadoop.mapreduce.lib.input.LineRecordReader.initialize(LineRecordReader.java:88)","logger":"airflow.task.operators.airflow.providers.docker.operators.docker.DockerOperator","filename":"docker.py","lineno":71}
{"timestamp":"2026-05-20T22:58:05.342443Z","level":"info","event":"\tat org.apache.spark.sql.execution.datasources.HadoopFileLinesReader.<init>(HadoopFileLinesReader.scala:63)","logger":"airflow.task.operators.airflow.providers.docker.operators.docker.DockerOperator","filename":"docker.py","lineno":71}
{"timestamp":"2026-05-20T22:58:05.342486Z","level":"info","event":"\tat org.apache.spark.sql.execution.datasources.json.TextInputJsonDataSource$.readFile(JsonDataSource.scala:132)","logger":"airflow.task.operators.airflow.providers.docker.operators.docker.DockerOperator","filename":"docker.py","lineno":71}
{"timestamp":"2026-05-20T22:58:05.342527Z","level":"info","event":"\tat org.apache.spark.sql.execution.datasources.json.JsonFileFormat.$anonfun$buildReader$2(JsonFileFormat.scala:126)","logger":"airflow.task.operators.airflow.providers.docker.operators.docker.DockerOperator","filename":"docker.py","lineno":71}
{"timestamp":"2026-05-20T22:58:05.342569Z","level":"info","event":"\tat org.apache.spark.sql.execution.datasources.FileFormat$$anon$1.apply(FileFormat.scala:160)","logger":"airflow.task.operators.airflow.providers.docker.operators.docker.DockerOperator","filename":"docker.py","lineno":71}
{"timestamp":"2026-05-20T22:58:05.342610Z","level":"info","event":"\tat org.apache.spark.sql.execution.datasources.FileFormat$$anon$1.apply(FileFormat.scala:140)","logger":"airflow.task.operators.airflow.providers.docker.operators.docker.DockerOperator","filename":"docker.py","lineno":71}
{"timestamp":"2026-05-20T22:58:05.342651Z","level":"info","event":"\tat org.apache.spark.sql.execution.datasources.FileScanRDD$$anon$1.org$apache$spark$sql$execution$datasources$FileScanRDD$$anon$$readCurrentFile(FileScanRDD.scala:217)","logger":"airflow.task.operators.airflow.providers.docker.operators.docker.DockerOperator","filename":"docker.py","lineno":71}
{"timestamp":"2026-05-20T22:58:05.342696Z","level":"info","event":"\tat org.apache.spark.sql.execution.datasources.FileScanRDD$$anon$1.nextIterator(FileScanRDD.scala:279)","logger":"airflow.task.operators.airflow.providers.docker.operators.docker.DockerOperator","filename":"docker.py","lineno":71}
{"timestamp":"2026-05-20T22:58:05.342740Z","level":"info","event":"\tat org.apache.spark.sql.execution.datasources.FileScanRDD$$anon$1.hasNext(FileScanRDD.scala:129)","logger":"airflow.task.operators.airflow.providers.docker.operators.docker.DockerOperator","filename":"docker.py","lineno":71}
{"timestamp":"2026-05-20T22:58:05.342783Z","level":"info","event":"\tat scala.collection.Iterator$$anon$10.hasNext(Iterator.scala:460)","logger":"airflow.task.operators.airflow.providers.docker.operators.docker.DockerOperator","filename":"docker.py","lineno":71}
{"timestamp":"2026-05-20T22:58:05.342853Z","level":"info","event":"\tat org.apache.spark.sql.catalyst.expressions.GeneratedClass$GeneratedIteratorForCodegenStage1.processNext(Unknown Source)","logger":"airflow.task.operators.airflow.providers.docker.operators.docker.DockerOperator","filename":"docker.py","lineno":71}
{"timestamp":"2026-05-20T22:58:05.342912Z","level":"info","event":"\tat org.apache.spark.sql.execution.BufferedRowIterator.hasNext(BufferedRowIterator.java:43)","logger":"airflow.task.operators.airflow.providers.docker.operators.docker.DockerOperator","filename":"docker.py","lineno":71}
{"timestamp":"2026-05-20T22:58:05.342961Z","level":"info","event":"\tat org.apache.spark.sql.execution.WholeStageCodegenEvaluatorFactory$WholeStageCodegenPartitionEvaluator$$anon$1.hasNext(WholeStageCodegenEvaluatorFactory.scala:43)","logger":"airflow.task.operators.airflow.providers.docker.operators.docker.DockerOperator","filename":"docker.py","lineno":71}
{"timestamp":"2026-05-20T22:58:05.343012Z","level":"info","event":"\tat org.apache.spark.sql.execution.SparkPlan.$anonfun$getByteArrayRdd$1(SparkPlan.scala:388)","logger":"airflow.task.operators.airflow.providers.docker.operators.docker.DockerOperator","filename":"docker.py","lineno":71}
{"timestamp":"2026-05-20T22:58:05.343056Z","level":"info","event":"\tat org.apache.spark.rdd.RDD.$anonfun$mapPartitionsInternal$2(RDD.scala:890)","logger":"airflow.task.operators.airflow.providers.docker.operators.docker.DockerOperator","filename":"docker.py","lineno":71}
{"timestamp":"2026-05-20T22:58:05.343095Z","level":"info","event":"\tat org.apache.spark.rdd.RDD.$anonfun$mapPartitionsInternal$2$adapted(RDD.scala:890)","logger":"airflow.task.operators.airflow.providers.docker.operators.docker.DockerOperator","filename":"docker.py","lineno":71}
{"timestamp":"2026-05-20T22:58:05.343137Z","level":"info","event":"\tat org.apache.spark.rdd.MapPartitionsRDD.compute(MapPartitionsRDD.scala:52)","logger":"airflow.task.operators.airflow.providers.docker.operators.docker.DockerOperator","filename":"docker.py","lineno":71}
{"timestamp":"2026-05-20T22:58:05.343181Z","level":"info","event":"\tat org.apache.spark.rdd.RDD.computeOrReadCheckpoint(RDD.scala:364)","logger":"airflow.task.operators.airflow.providers.docker.operators.docker.DockerOperator","filename":"docker.py","lineno":71}
{"timestamp":"2026-05-20T22:58:05.343223Z","level":"info","event":"\tat org.apache.spark.rdd.RDD.iterator(RDD.scala:328)","logger":"airflow.task.operators.airflow.providers.docker.operators.docker.DockerOperator","filename":"docker.py","lineno":71}
{"timestamp":"2026-05-20T22:58:05.343267Z","level":"info","event":"\tat org.apache.spark.scheduler.ResultTask.runTask(ResultTask.scala:93)","logger":"airflow.task.operators.airflow.providers.docker.operators.docker.DockerOperator","filename":"docker.py","lineno":71}
{"timestamp":"2026-05-20T22:58:05.343311Z","level":"info","event":"\tat org.apache.spark.TaskContext.runTaskWithListeners(TaskContext.scala:161)","logger":"airflow.task.operators.airflow.providers.docker.operators.docker.DockerOperator","filename":"docker.py","lineno":71}
{"timestamp":"2026-05-20T22:58:05.343366Z","level":"info","event":"\tat org.apache.spark.scheduler.Task.run(Task.scala:141)","logger":"airflow.task.operators.airflow.providers.docker.operators.docker.DockerOperator","filename":"docker.py","lineno":71}
{"timestamp":"2026-05-20T22:58:05.343414Z","level":"info","event":"\tat org.apache.spark.executor.Executor$TaskRunner.$anonfun$run$4(Executor.scala:620)","logger":"airflow.task.operators.airflow.providers.docker.operators.docker.DockerOperator","filename":"docker.py","lineno":71}
{"timestamp":"2026-05-20T22:58:05.343457Z","level":"info","event":"\tat org.apache.spark.util.SparkErrorUtils.tryWithSafeFinally(SparkErrorUtils.scala:64)","logger":"airflow.task.operators.airflow.providers.docker.operators.docker.DockerOperator","filename":"docker.py","lineno":71}
{"timestamp":"2026-05-20T22:58:05.343500Z","level":"info","event":"\tat org.apache.spark.util.SparkErrorUtils.tryWithSafeFinally$(SparkErrorUtils.scala:61)","logger":"airflow.task.operators.airflow.providers.docker.operators.docker.DockerOperator","filename":"docker.py","lineno":71}
{"timestamp":"2026-05-20T22:58:05.343567Z","level":"info","event":"\tat org.apache.spark.util.Utils$.tryWithSafeFinally(Utils.scala:94)","logger":"airflow.task.operators.airflow.providers.docker.operators.docker.DockerOperator","filename":"docker.py","lineno":71}
{"timestamp":"2026-05-20T22:58:05.343616Z","level":"info","event":"\tat org.apache.spark.executor.Executor$TaskRunner.run(Executor.scala:623)","logger":"airflow.task.operators.airflow.providers.docker.operators.docker.DockerOperator","filename":"docker.py","lineno":71}
{"timestamp":"2026-05-20T22:58:05.343662Z","level":"info","event":"\tat java.base/java.util.concurrent.ThreadPoolExecutor.runWorker(Unknown Source)","logger":"airflow.task.operators.airflow.providers.docker.operators.docker.DockerOperator","filename":"docker.py","lineno":71}
{"timestamp":"2026-05-20T22:58:05.343706Z","level":"info","event":"\tat java.base/java.util.concurrent.ThreadPoolExecutor$Worker.run(Unknown Source)","logger":"airflow.task.operators.airflow.providers.docker.operators.docker.DockerOperator","filename":"docker.py","lineno":71}
{"timestamp":"2026-05-20T22:58:05.343755Z","level":"info","event":"\tat java.base/java.lang.Thread.run(Unknown Source)","logger":"airflow.task.operators.airflow.providers.docker.operators.docker.DockerOperator","filename":"docker.py","lineno":71}
{"timestamp":"2026-05-20T22:58:05.343802Z","level":"info","event":"Caused by: java.lang.ClassNotFoundException: Class org.apache.hadoop.fs.s3a.S3AFileSystem not found","logger":"airflow.task.operators.airflow.providers.docker.operators.docker.DockerOperator","filename":"docker.py","lineno":71}
{"timestamp":"2026-05-20T22:58:05.343880Z","level":"info","event":"\tat org.apache.hadoop.conf.Configuration.getClassByName(Configuration.java:2592)","logger":"airflow.task.operators.airflow.providers.docker.operators.docker.DockerOperator","filename":"docker.py","lineno":71}
{"timestamp":"2026-05-20T22:58:05.343932Z","level":"info","event":"\tat org.apache.hadoop.conf.Configuration.getClass(Configuration.java:2686)","logger":"airflow.task.operators.airflow.providers.docker.operators.docker.DockerOperator","filename":"docker.py","lineno":71}
{"timestamp":"2026-05-20T22:58:05.343979Z","level":"info","event":"\t... 37 more","logger":"airflow.task.operators.airflow.providers.docker.operators.docker.DockerOperator","filename":"docker.py","lineno":71}
{"timestamp":"2026-05-20T22:58:05.344022Z","level":"info","event":"","logger":"airflow.task.operators.airflow.providers.docker.operators.docker.DockerOperator","filename":"docker.py","lineno":71}
{"timestamp":"2026-05-20T22:58:05.344067Z","level":"info","event":"Driver stacktrace:","logger":"airflow.task.operators.airflow.providers.docker.operators.docker.DockerOperator","filename":"docker.py","lineno":71}
{"timestamp":"2026-05-20T22:58:05.354185Z","level":"info","event":"26/05/20 22:58:05 INFO DAGScheduler: Job 0 failed: toString at <unknown>:0, took 3.876242 s","logger":"airflow.task.operators.airflow.providers.docker.operators.docker.DockerOperator","filename":"docker.py","lineno":71}
{"timestamp":"2026-05-20T22:58:05.702316Z","level":"info","event":"26/05/20 22:58:05 INFO BlockManagerInfo: Removed broadcast_5_piece0 on 172.20.0.20:36959 in memory (size: 34.9 KiB, free: 434.1 MiB)","logger":"airflow.task.operators.airflow.providers.docker.operators.docker.DockerOperator","filename":"docker.py","lineno":71}
{"timestamp":"2026-05-20T22:58:05.730060Z","level":"info","event":"26/05/20 22:58:05 INFO BlockManagerInfo: Removed broadcast_5_piece0 on 92e75bdc4654:38479 in memory (size: 34.9 KiB, free: 434.1 MiB)","logger":"airflow.task.operators.airflow.providers.docker.operators.docker.DockerOperator","filename":"docker.py","lineno":71}
{"timestamp":"2026-05-20T22:58:05.731765Z","level":"info","event":"26/05/20 22:58:05 INFO BlockManagerInfo: Removed broadcast_5_piece0 on 172.20.0.21:46005 in memory (size: 34.9 KiB, free: 434.2 MiB)","logger":"airflow.task.operators.airflow.providers.docker.operators.docker.DockerOperator","filename":"docker.py","lineno":71}
{"timestamp":"2026-05-20T22:58:05.770268Z","level":"info","event":"26/05/20 22:58:05 INFO BlockManagerInfo: Removed broadcast_10_piece0 on 92e75bdc4654:38479 in memory (size: 13.7 KiB, free: 434.1 MiB)","logger":"airflow.task.operators.airflow.providers.docker.operators.docker.DockerOperator","filename":"docker.py","lineno":71}
{"timestamp":"2026-05-20T22:58:05.771850Z","level":"info","event":"26/05/20 22:58:05 INFO BlockManagerInfo: Removed broadcast_10_piece0 on 172.20.0.20:36959 in memory (size: 13.7 KiB, free: 434.2 MiB)","logger":"airflow.task.operators.airflow.providers.docker.operators.docker.DockerOperator","filename":"docker.py","lineno":71}
{"timestamp":"2026-05-20T22:58:05.802997Z","level":"info","event":"26/05/20 22:58:05 INFO BlockManagerInfo: Removed broadcast_12_piece0 on 172.20.0.20:36959 in memory (size: 13.7 KiB, free: 434.2 MiB)","logger":"airflow.task.operators.airflow.providers.docker.operators.docker.DockerOperator","filename":"docker.py","lineno":71}
{"timestamp":"2026-05-20T22:58:05.805634Z","level":"info","event":"26/05/20 22:58:05 INFO BlockManagerInfo: Removed broadcast_12_piece0 on 172.20.0.21:46005 in memory (size: 13.7 KiB, free: 434.2 MiB)","logger":"airflow.task.operators.airflow.providers.docker.operators.docker.DockerOperator","filename":"docker.py","lineno":71}
{"timestamp":"2026-05-20T22:58:05.809589Z","level":"info","event":"26/05/20 22:58:05 INFO BlockManagerInfo: Removed broadcast_12_piece0 on 92e75bdc4654:38479 in memory (size: 13.7 KiB, free: 434.1 MiB)","logger":"airflow.task.operators.airflow.providers.docker.operators.docker.DockerOperator","filename":"docker.py","lineno":71}
{"timestamp":"2026-05-20T22:58:05.827739Z","level":"info","event":"26/05/20 22:58:05 INFO BlockManagerInfo: Removed broadcast_6_piece0 on 92e75bdc4654:38479 in memory (size: 34.9 KiB, free: 434.2 MiB)","logger":"airflow.task.operators.airflow.providers.docker.operators.docker.DockerOperator","filename":"docker.py","lineno":71}
{"timestamp":"2026-05-20T22:58:05.831477Z","level":"info","event":"26/05/20 22:58:05 INFO BlockManagerInfo: Removed broadcast_6_piece0 on 172.20.0.20:36959 in memory (size: 34.9 KiB, free: 434.2 MiB)","logger":"airflow.task.operators.airflow.providers.docker.operators.docker.DockerOperator","filename":"docker.py","lineno":71}
{"timestamp":"2026-05-20T22:58:05.851240Z","level":"info","event":"26/05/20 22:58:05 INFO BlockManagerInfo: Removed broadcast_11_piece0 on 92e75bdc4654:38479 in memory (size: 13.7 KiB, free: 434.2 MiB)","logger":"airflow.task.operators.airflow.providers.docker.operators.docker.DockerOperator","filename":"docker.py","lineno":71}
{"timestamp":"2026-05-20T22:58:05.857206Z","level":"info","event":"26/05/20 22:58:05 INFO BlockManagerInfo: Removed broadcast_11_piece0 on 172.20.0.21:46005 in memory (size: 13.7 KiB, free: 434.2 MiB)","logger":"airflow.task.operators.airflow.providers.docker.operators.docker.DockerOperator","filename":"docker.py","lineno":71}
{"timestamp":"2026-05-20T22:58:05.874923Z","level":"info","event":"26/05/20 22:58:05 INFO BlockManagerInfo: Removed broadcast_9_piece0 on 92e75bdc4654:38479 in memory (size: 13.7 KiB, free: 434.2 MiB)","logger":"airflow.task.operators.airflow.providers.docker.operators.docker.DockerOperator","filename":"docker.py","lineno":71}
{"timestamp":"2026-05-20T22:58:05.884007Z","level":"info","event":"26/05/20 22:58:05 INFO BlockManagerInfo: Removed broadcast_9_piece0 on 172.20.0.20:36959 in memory (size: 13.7 KiB, free: 434.2 MiB)","logger":"airflow.task.operators.airflow.providers.docker.operators.docker.DockerOperator","filename":"docker.py","lineno":71}
{"timestamp":"2026-05-20T22:58:05.885120Z","level":"info","event":"26/05/20 22:58:05 INFO BlockManagerInfo: Removed broadcast_9_piece0 on 172.20.0.21:46005 in memory (size: 13.7 KiB, free: 434.2 MiB)","logger":"airflow.task.operators.airflow.providers.docker.operators.docker.DockerOperator","filename":"docker.py","lineno":71}
{"timestamp":"2026-05-20T22:58:05.901116Z","level":"info","event":"26/05/20 22:58:05 INFO BlockManagerInfo: Removed broadcast_7_piece0 on 92e75bdc4654:38479 in memory (size: 13.7 KiB, free: 434.2 MiB)","logger":"airflow.task.operators.airflow.providers.docker.operators.docker.DockerOperator","filename":"docker.py","lineno":71}
{"timestamp":"2026-05-20T22:58:05.904387Z","level":"info","event":"2026-05-20 22:58:05,902 - ERROR - Error processing table quantity_sales_per_product: An error occurred while calling o56.load.","logger":"airflow.task.operators.airflow.providers.docker.operators.docker.DockerOperator","filename":"docker.py","lineno":71}
{"timestamp":"2026-05-20T22:58:05.904596Z","level":"info","event":": org.apache.spark.SparkException: Job aborted due to stage failure: Task 0 in stage 0.0 failed 4 times, most recent failure: Lost task 0.3 in stage 0.0 (TID 24) (172.20.0.20 executor 0): java.lang.RuntimeException: java.lang.ClassNotFoundException: Class org.apache.hadoop.fs.s3a.S3AFileSystem not found","logger":"airflow.task.operators.airflow.providers.docker.operators.docker.DockerOperator","filename":"docker.py","lineno":71}
{"timestamp":"2026-05-20T22:58:05.904688Z","level":"info","event":"\tat org.apache.hadoop.conf.Configuration.getClass(Configuration.java:2688)","logger":"airflow.task.operators.airflow.providers.docker.operators.docker.DockerOperator","filename":"docker.py","lineno":71}
{"timestamp":"2026-05-20T22:58:05.904758Z","level":"info","event":"\tat org.apache.hadoop.fs.FileSystem.getFileSystemClass(FileSystem.java:3431)","logger":"airflow.task.operators.airflow.providers.docker.operators.docker.DockerOperator","filename":"docker.py","lineno":71}
{"timestamp":"2026-05-20T22:58:05.904819Z","level":"info","event":"\tat org.apache.hadoop.fs.FileSystem.createFileSystem(FileSystem.java:3466)","logger":"airflow.task.operators.airflow.providers.docker.operators.docker.DockerOperator","filename":"docker.py","lineno":71}
{"timestamp":"2026-05-20T22:58:05.904927Z","level":"info","event":"\tat org.apache.hadoop.fs.FileSystem.access$300(FileSystem.java:174)","logger":"airflow.task.operators.airflow.providers.docker.operators.docker.DockerOperator","filename":"docker.py","lineno":71}
{"timestamp":"2026-05-20T22:58:05.904983Z","level":"info","event":"\tat org.apache.hadoop.fs.FileSystem$Cache.getInternal(FileSystem.java:3574)","logger":"airflow.task.operators.airflow.providers.docker.operators.docker.DockerOperator","filename":"docker.py","lineno":71}
{"timestamp":"2026-05-20T22:58:05.905042Z","level":"info","event":"\tat org.apache.hadoop.fs.FileSystem$Cache.get(FileSystem.java:3521)","logger":"airflow.task.operators.airflow.providers.docker.operators.docker.DockerOperator","filename":"docker.py","lineno":71}
{"timestamp":"2026-05-20T22:58:05.905101Z","level":"info","event":"\tat org.apache.hadoop.fs.FileSystem.get(FileSystem.java:540)","logger":"airflow.task.operators.airflow.providers.docker.operators.docker.DockerOperator","filename":"docker.py","lineno":71}
{"timestamp":"2026-05-20T22:58:05.905156Z","level":"info","event":"\tat org.apache.hadoop.fs.Path.getFileSystem(Path.java:365)","logger":"airflow.task.operators.airflow.providers.docker.operators.docker.DockerOperator","filename":"docker.py","lineno":71}
{"timestamp":"2026-05-20T22:58:05.905211Z","level":"info","event":"\tat org.apache.hadoop.mapreduce.lib.input.LineRecordReader.initialize(LineRecordReader.java:88)","logger":"airflow.task.operators.airflow.providers.docker.operators.docker.DockerOperator","filename":"docker.py","lineno":71}
{"timestamp":"2026-05-20T22:58:05.905271Z","level":"info","event":"\tat org.apache.spark.sql.execution.datasources.HadoopFileLinesReader.<init>(HadoopFileLinesReader.scala:63)","logger":"airflow.task.operators.airflow.providers.docker.operators.docker.DockerOperator","filename":"docker.py","lineno":71}
{"timestamp":"2026-05-20T22:58:05.905330Z","level":"info","event":"\tat org.apache.spark.sql.execution.datasources.json.TextInputJsonDataSource$.readFile(JsonDataSource.scala:132)","logger":"airflow.task.operators.airflow.providers.docker.operators.docker.DockerOperator","filename":"docker.py","lineno":71}
{"timestamp":"2026-05-20T22:58:05.905388Z","level":"info","event":"\tat org.apache.spark.sql.execution.datasources.json.JsonFileFormat.$anonfun$buildReader$2(JsonFileFormat.scala:126)","logger":"airflow.task.operators.airflow.providers.docker.operators.docker.DockerOperator","filename":"docker.py","lineno":71}
{"timestamp":"2026-05-20T22:58:05.905446Z","level":"info","event":"\tat org.apache.spark.sql.execution.datasources.FileFormat$$anon$1.apply(FileFormat.scala:160)","logger":"airflow.task.operators.airflow.providers.docker.operators.docker.DockerOperator","filename":"docker.py","lineno":71}
{"timestamp":"2026-05-20T22:58:05.905502Z","level":"info","event":"\tat org.apache.spark.sql.execution.datasources.FileFormat$$anon$1.apply(FileFormat.scala:140)","logger":"airflow.task.operators.airflow.providers.docker.operators.docker.DockerOperator","filename":"docker.py","lineno":71}
{"timestamp":"2026-05-20T22:58:05.905554Z","level":"info","event":"\tat org.apache.spark.sql.execution.datasources.FileScanRDD$$anon$1.org$apache$spark$sql$execution$datasources$FileScanRDD$$anon$$readCurrentFile(FileScanRDD.scala:217)","logger":"airflow.task.operators.airflow.providers.docker.operators.docker.DockerOperator","filename":"docker.py","lineno":71}
{"timestamp":"2026-05-20T22:58:05.905619Z","level":"info","event":"\tat org.apache.spark.sql.execution.datasources.FileScanRDD$$anon$1.nextIterator(FileScanRDD.scala:279)","logger":"airflow.task.operators.airflow.providers.docker.operators.docker.DockerOperator","filename":"docker.py","lineno":71}
{"timestamp":"2026-05-20T22:58:05.905681Z","level":"info","event":"\tat org.apache.spark.sql.execution.datasources.FileScanRDD$$anon$1.hasNext(FileScanRDD.scala:129)","logger":"airflow.task.operators.airflow.providers.docker.operators.docker.DockerOperator","filename":"docker.py","lineno":71}
{"timestamp":"2026-05-20T22:58:05.905737Z","level":"info","event":"\tat scala.collection.Iterator$$anon$10.hasNext(Iterator.scala:460)","logger":"airflow.task.operators.airflow.providers.docker.operators.docker.DockerOperator","filename":"docker.py","lineno":71}
{"timestamp":"2026-05-20T22:58:05.905787Z","level":"info","event":"\tat org.apache.spark.sql.catalyst.expressions.GeneratedClass$GeneratedIteratorForCodegenStage1.processNext(Unknown Source)","logger":"airflow.task.operators.airflow.providers.docker.operators.docker.DockerOperator","filename":"docker.py","lineno":71}
{"timestamp":"2026-05-20T22:58:05.905869Z","level":"info","event":"\tat org.apache.spark.sql.execution.BufferedRowIterator.hasNext(BufferedRowIterator.java:43)","logger":"airflow.task.operators.airflow.providers.docker.operators.docker.DockerOperator","filename":"docker.py","lineno":71}
{"timestamp":"2026-05-20T22:58:05.905948Z","level":"info","event":"\tat org.apache.spark.sql.execution.WholeStageCodegenEvaluatorFactory$WholeStageCodegenPartitionEvaluator$$anon$1.hasNext(WholeStageCodegenEvaluatorFactory.scala:43)","logger":"airflow.task.operators.airflow.providers.docker.operators.docker.DockerOperator","filename":"docker.py","lineno":71}
{"timestamp":"2026-05-20T22:58:05.906012Z","level":"info","event":"\tat org.apache.spark.sql.execution.SparkPlan.$anonfun$getByteArrayRdd$1(SparkPlan.scala:388)","logger":"airflow.task.operators.airflow.providers.docker.operators.docker.DockerOperator","filename":"docker.py","lineno":71}
{"timestamp":"2026-05-20T22:58:05.906071Z","level":"info","event":"\tat org.apache.spark.rdd.RDD.$anonfun$mapPartitionsInternal$2(RDD.scala:890)","logger":"airflow.task.operators.airflow.providers.docker.operators.docker.DockerOperator","filename":"docker.py","lineno":71}
{"timestamp":"2026-05-20T22:58:05.906123Z","level":"info","event":"\tat org.apache.spark.rdd.RDD.$anonfun$mapPartitionsInternal$2$adapted(RDD.scala:890)","logger":"airflow.task.operators.airflow.providers.docker.operators.docker.DockerOperator","filename":"docker.py","lineno":71}
{"timestamp":"2026-05-20T22:58:05.906172Z","level":"info","event":"\tat org.apache.spark.rdd.MapPartitionsRDD.compute(MapPartitionsRDD.scala:52)","logger":"airflow.task.operators.airflow.providers.docker.operators.docker.DockerOperator","filename":"docker.py","lineno":71}
{"timestamp":"2026-05-20T22:58:05.906222Z","level":"info","event":"\tat org.apache.spark.rdd.RDD.computeOrReadCheckpoint(RDD.scala:364)","logger":"airflow.task.operators.airflow.providers.docker.operators.docker.DockerOperator","filename":"docker.py","lineno":71}
{"timestamp":"2026-05-20T22:58:05.906270Z","level":"info","event":"\tat org.apache.spark.rdd.RDD.iterator(RDD.scala:328)","logger":"airflow.task.operators.airflow.providers.docker.operators.docker.DockerOperator","filename":"docker.py","lineno":71}
{"timestamp":"2026-05-20T22:58:05.906317Z","level":"info","event":"\tat org.apache.spark.scheduler.ResultTask.runTask(ResultTask.scala:93)","logger":"airflow.task.operators.airflow.providers.docker.operators.docker.DockerOperator","filename":"docker.py","lineno":71}
{"timestamp":"2026-05-20T22:58:05.906366Z","level":"info","event":"\tat org.apache.spark.TaskContext.runTaskWithListeners(TaskContext.scala:161)","logger":"airflow.task.operators.airflow.providers.docker.operators.docker.DockerOperator","filename":"docker.py","lineno":71}
{"timestamp":"2026-05-20T22:58:05.906418Z","level":"info","event":"\tat org.apache.spark.scheduler.Task.run(Task.scala:141)","logger":"airflow.task.operators.airflow.providers.docker.operators.docker.DockerOperator","filename":"docker.py","lineno":71}
{"timestamp":"2026-05-20T22:58:05.906472Z","level":"info","event":"\tat org.apache.spark.executor.Executor$TaskRunner.$anonfun$run$4(Executor.scala:620)","logger":"airflow.task.operators.airflow.providers.docker.operators.docker.DockerOperator","filename":"docker.py","lineno":71}
{"timestamp":"2026-05-20T22:58:05.906521Z","level":"info","event":"\tat org.apache.spark.util.SparkErrorUtils.tryWithSafeFinally(SparkErrorUtils.scala:64)","logger":"airflow.task.operators.airflow.providers.docker.operators.docker.DockerOperator","filename":"docker.py","lineno":71}
{"timestamp":"2026-05-20T22:58:05.906569Z","level":"info","event":"\tat org.apache.spark.util.SparkErrorUtils.tryWithSafeFinally$(SparkErrorUtils.scala:61)","logger":"airflow.task.operators.airflow.providers.docker.operators.docker.DockerOperator","filename":"docker.py","lineno":71}
{"timestamp":"2026-05-20T22:58:05.906615Z","level":"info","event":"\tat org.apache.spark.util.Utils$.tryWithSafeFinally(Utils.scala:94)","logger":"airflow.task.operators.airflow.providers.docker.operators.docker.DockerOperator","filename":"docker.py","lineno":71}
{"timestamp":"2026-05-20T22:58:05.906669Z","level":"info","event":"\tat org.apache.spark.executor.Executor$TaskRunner.run(Executor.scala:623)","logger":"airflow.task.operators.airflow.providers.docker.operators.docker.DockerOperator","filename":"docker.py","lineno":71}
{"timestamp":"2026-05-20T22:58:05.906731Z","level":"info","event":"\tat java.base/java.util.concurrent.ThreadPoolExecutor.runWorker(Unknown Source)","logger":"airflow.task.operators.airflow.providers.docker.operators.docker.DockerOperator","filename":"docker.py","lineno":71}
{"timestamp":"2026-05-20T22:58:05.906778Z","level":"info","event":"\tat java.base/java.util.concurrent.ThreadPoolExecutor$Worker.run(Unknown Source)","logger":"airflow.task.operators.airflow.providers.docker.operators.docker.DockerOperator","filename":"docker.py","lineno":71}
{"timestamp":"2026-05-20T22:58:05.909879Z","level":"info","event":"\tat java.base/java.lang.Thread.run(Unknown Source)","logger":"airflow.task.operators.airflow.providers.docker.operators.docker.DockerOperator","filename":"docker.py","lineno":71}
{"timestamp":"2026-05-20T22:58:05.910030Z","level":"info","event":"Caused by: java.lang.ClassNotFoundException: Class org.apache.hadoop.fs.s3a.S3AFileSystem not found","logger":"airflow.task.operators.airflow.providers.docker.operators.docker.DockerOperator","filename":"docker.py","lineno":71}
{"timestamp":"2026-05-20T22:58:05.910094Z","level":"info","event":"\tat org.apache.hadoop.conf.Configuration.getClassByName(Configuration.java:2592)","logger":"airflow.task.operators.airflow.providers.docker.operators.docker.DockerOperator","filename":"docker.py","lineno":71}
{"timestamp":"2026-05-20T22:58:05.910157Z","level":"info","event":"\tat org.apache.hadoop.conf.Configuration.getClass(Configuration.java:2686)","logger":"airflow.task.operators.airflow.providers.docker.operators.docker.DockerOperator","filename":"docker.py","lineno":71}
{"timestamp":"2026-05-20T22:58:05.910228Z","level":"info","event":"\t... 37 more","logger":"airflow.task.operators.airflow.providers.docker.operators.docker.DockerOperator","filename":"docker.py","lineno":71}
{"timestamp":"2026-05-20T22:58:05.910299Z","level":"info","event":"","logger":"airflow.task.operators.airflow.providers.docker.operators.docker.DockerOperator","filename":"docker.py","lineno":71}
{"timestamp":"2026-05-20T22:58:05.910351Z","level":"info","event":"Driver stacktrace:","logger":"airflow.task.operators.airflow.providers.docker.operators.docker.DockerOperator","filename":"docker.py","lineno":71}
{"timestamp":"2026-05-20T22:58:05.910393Z","level":"info","event":"\tat org.apache.spark.scheduler.DAGScheduler.failJobAndIndependentStages(DAGScheduler.scala:2844)","logger":"airflow.task.operators.airflow.providers.docker.operators.docker.DockerOperator","filename":"docker.py","lineno":71}
{"timestamp":"2026-05-20T22:58:05.910437Z","level":"info","event":"\tat org.apache.spark.scheduler.DAGScheduler.$anonfun$abortStage$2(DAGScheduler.scala:2780)","logger":"airflow.task.operators.airflow.providers.docker.operators.docker.DockerOperator","filename":"docker.py","lineno":71}
{"timestamp":"2026-05-20T22:58:05.910477Z","level":"info","event":"\tat org.apache.spark.scheduler.DAGScheduler.$anonfun$abortStage$2$adapted(DAGScheduler.scala:2779)","logger":"airflow.task.operators.airflow.providers.docker.operators.docker.DockerOperator","filename":"docker.py","lineno":71}
{"timestamp":"2026-05-20T22:58:05.910514Z","level":"info","event":"\tat scala.collection.mutable.ResizableArray.foreach(ResizableArray.scala:62)","logger":"airflow.task.operators.airflow.providers.docker.operators.docker.DockerOperator","filename":"docker.py","lineno":71}
{"timestamp":"2026-05-20T22:58:05.910560Z","level":"info","event":"\tat scala.collection.mutable.ResizableArray.foreach$(ResizableArray.scala:55)","logger":"airflow.task.operators.airflow.providers.docker.operators.docker.DockerOperator","filename":"docker.py","lineno":71}
{"timestamp":"2026-05-20T22:58:05.910625Z","level":"info","event":"\tat scala.collection.mutable.ArrayBuffer.foreach(ArrayBuffer.scala:49)","logger":"airflow.task.operators.airflow.providers.docker.operators.docker.DockerOperator","filename":"docker.py","lineno":71}
{"timestamp":"2026-05-20T22:58:05.910673Z","level":"info","event":"\tat org.apache.spark.scheduler.DAGScheduler.abortStage(DAGScheduler.scala:2779)","logger":"airflow.task.operators.airflow.providers.docker.operators.docker.DockerOperator","filename":"docker.py","lineno":71}
{"timestamp":"2026-05-20T22:58:05.910717Z","level":"info","event":"\tat org.apache.spark.scheduler.DAGScheduler.$anonfun$handleTaskSetFailed$1(DAGScheduler.scala:1242)","logger":"airflow.task.operators.airflow.providers.docker.operators.docker.DockerOperator","filename":"docker.py","lineno":71}
{"timestamp":"2026-05-20T22:58:05.910760Z","level":"info","event":"\tat org.apache.spark.scheduler.DAGScheduler.$anonfun$handleTaskSetFailed$1$adapted(DAGScheduler.scala:1242)","logger":"airflow.task.operators.airflow.providers.docker.operators.docker.DockerOperator","filename":"docker.py","lineno":71}
{"timestamp":"2026-05-20T22:58:05.910803Z","level":"info","event":"\tat scala.Option.foreach(Option.scala:407)","logger":"airflow.task.operators.airflow.providers.docker.operators.docker.DockerOperator","filename":"docker.py","lineno":71}
{"timestamp":"2026-05-20T22:58:05.910876Z","level":"info","event":"\tat org.apache.spark.scheduler.DAGScheduler.handleTaskSetFailed(DAGScheduler.scala:1242)","logger":"airflow.task.operators.airflow.providers.docker.operators.docker.DockerOperator","filename":"docker.py","lineno":71}
{"timestamp":"2026-05-20T22:58:05.910933Z","level":"info","event":"\tat org.apache.spark.scheduler.DAGSchedulerEventProcessLoop.doOnReceive(DAGScheduler.scala:3048)","logger":"airflow.task.operators.airflow.providers.docker.operators.docker.DockerOperator","filename":"docker.py","lineno":71}
{"timestamp":"2026-05-20T22:58:05.910976Z","level":"info","event":"\tat org.apache.spark.scheduler.DAGSchedulerEventProcessLoop.onReceive(DAGScheduler.scala:2982)","logger":"airflow.task.operators.airflow.providers.docker.operators.docker.DockerOperator","filename":"docker.py","lineno":71}
{"timestamp":"2026-05-20T22:58:05.911016Z","level":"info","event":"\tat org.apache.spark.scheduler.DAGSchedulerEventProcessLoop.onReceive(DAGScheduler.scala:2971)","logger":"airflow.task.operators.airflow.providers.docker.operators.docker.DockerOperator","filename":"docker.py","lineno":71}
{"timestamp":"2026-05-20T22:58:05.911056Z","level":"info","event":"\tat org.apache.spark.util.EventLoop$$anon$1.run(EventLoop.scala:49)","logger":"airflow.task.operators.airflow.providers.docker.operators.docker.DockerOperator","filename":"docker.py","lineno":71}
{"timestamp":"2026-05-20T22:58:05.911098Z","level":"info","event":"\tat org.apache.spark.scheduler.DAGScheduler.runJob(DAGScheduler.scala:984)","logger":"airflow.task.operators.airflow.providers.docker.operators.docker.DockerOperator","filename":"docker.py","lineno":71}
{"timestamp":"2026-05-20T22:58:05.911138Z","level":"info","event":"\tat org.apache.spark.SparkContext.runJob(SparkContext.scala:2398)","logger":"airflow.task.operators.airflow.providers.docker.operators.docker.DockerOperator","filename":"docker.py","lineno":71}
{"timestamp":"2026-05-20T22:58:05.911178Z","level":"info","event":"\tat org.apache.spark.SparkContext.runJob(SparkContext.scala:2419)","logger":"airflow.task.operators.airflow.providers.docker.operators.docker.DockerOperator","filename":"docker.py","lineno":71}
{"timestamp":"2026-05-20T22:58:05.911217Z","level":"info","event":"\tat org.apache.spark.SparkContext.runJob(SparkContext.scala:2438)","logger":"airflow.task.operators.airflow.providers.docker.operators.docker.DockerOperator","filename":"docker.py","lineno":71}
{"timestamp":"2026-05-20T22:58:05.911258Z","level":"info","event":"\tat org.apache.spark.SparkContext.runJob(SparkContext.scala:2463)","logger":"airflow.task.operators.airflow.providers.docker.operators.docker.DockerOperator","filename":"docker.py","lineno":71}
{"timestamp":"2026-05-20T22:58:05.911298Z","level":"info","event":"\tat org.apache.spark.rdd.RDD.$anonfun$collect$1(RDD.scala:1046)","logger":"airflow.task.operators.airflow.providers.docker.operators.docker.DockerOperator","filename":"docker.py","lineno":71}
{"timestamp":"2026-05-20T22:58:05.911339Z","level":"info","event":"\tat org.apache.spark.rdd.RDDOperationScope$.withScope(RDDOperationScope.scala:151)","logger":"airflow.task.operators.airflow.providers.docker.operators.docker.DockerOperator","filename":"docker.py","lineno":71}
{"timestamp":"2026-05-20T22:58:05.911380Z","level":"info","event":"\tat org.apache.spark.rdd.RDDOperationScope$.withScope(RDDOperationScope.scala:112)","logger":"airflow.task.operators.airflow.providers.docker.operators.docker.DockerOperator","filename":"docker.py","lineno":71}
{"timestamp":"2026-05-20T22:58:05.911424Z","level":"info","event":"\tat org.apache.spark.rdd.RDD.withScope(RDD.scala:407)","logger":"airflow.task.operators.airflow.providers.docker.operators.docker.DockerOperator","filename":"docker.py","lineno":71}
{"timestamp":"2026-05-20T22:58:05.911473Z","level":"info","event":"\tat org.apache.spark.rdd.RDD.collect(RDD.scala:1045)","logger":"airflow.task.operators.airflow.providers.docker.operators.docker.DockerOperator","filename":"docker.py","lineno":71}
{"timestamp":"2026-05-20T22:58:05.911517Z","level":"info","event":"\tat org.apache.spark.sql.execution.SparkPlan.executeCollect(SparkPlan.scala:448)","logger":"airflow.task.operators.airflow.providers.docker.operators.docker.DockerOperator","filename":"docker.py","lineno":71}
{"timestamp":"2026-05-20T22:58:05.911563Z","level":"info","event":"\tat org.apache.spark.sql.Dataset.collectFromPlan(Dataset.scala:4344)","logger":"airflow.task.operators.airflow.providers.docker.operators.docker.DockerOperator","filename":"docker.py","lineno":71}
{"timestamp":"2026-05-20T22:58:05.911608Z","level":"info","event":"\tat org.apache.spark.sql.Dataset.$anonfun$collect$1(Dataset.scala:3585)","logger":"airflow.task.operators.airflow.providers.docker.operators.docker.DockerOperator","filename":"docker.py","lineno":71}
{"timestamp":"2026-05-20T22:58:05.911650Z","level":"info","event":"\tat org.apache.spark.sql.Dataset.$anonfun$withAction$2(Dataset.scala:4334)","logger":"airflow.task.operators.airflow.providers.docker.operators.docker.DockerOperator","filename":"docker.py","lineno":71}
{"timestamp":"2026-05-20T22:58:05.911692Z","level":"info","event":"\tat org.apache.spark.sql.execution.QueryExecution$.withInternalError(QueryExecution.scala:546)","logger":"airflow.task.operators.airflow.providers.docker.operators.docker.DockerOperator","filename":"docker.py","lineno":71}
{"timestamp":"2026-05-20T22:58:05.911731Z","level":"info","event":"\tat org.apache.spark.sql.Dataset.$anonfun$withAction$1(Dataset.scala:4332)","logger":"airflow.task.operators.airflow.providers.docker.operators.docker.DockerOperator","filename":"docker.py","lineno":71}
{"timestamp":"2026-05-20T22:58:05.911769Z","level":"info","event":"\tat org.apache.spark.sql.execution.SQLExecution$.$anonfun$withNewExecutionId$6(SQLExecution.scala:125)","logger":"airflow.task.operators.airflow.providers.docker.operators.docker.DockerOperator","filename":"docker.py","lineno":71}
{"timestamp":"2026-05-20T22:58:05.911812Z","level":"info","event":"\tat org.apache.spark.sql.execution.SQLExecution$.withSQLConfPropagated(SQLExecution.scala:201)","logger":"airflow.task.operators.airflow.providers.docker.operators.docker.DockerOperator","filename":"docker.py","lineno":71}
{"timestamp":"2026-05-20T22:58:05.911887Z","level":"info","event":"\tat org.apache.spark.sql.execution.SQLExecution$.$anonfun$withNewExecutionId$1(SQLExecution.scala:108)","logger":"airflow.task.operators.airflow.providers.docker.operators.docker.DockerOperator","filename":"docker.py","lineno":71}
{"timestamp":"2026-05-20T22:58:05.911954Z","level":"info","event":"\tat org.apache.spark.sql.SparkSession.withActive(SparkSession.scala:900)","logger":"airflow.task.operators.airflow.providers.docker.operators.docker.DockerOperator","filename":"docker.py","lineno":71}
{"timestamp":"2026-05-20T22:58:05.912006Z","level":"info","event":"\tat org.apache.spark.sql.execution.SQLExecution$.withNewExecutionId(SQLExecution.scala:66)","logger":"airflow.task.operators.airflow.providers.docker.operators.docker.DockerOperator","filename":"docker.py","lineno":71}
{"timestamp":"2026-05-20T22:58:05.912064Z","level":"info","event":"\tat org.apache.spark.sql.Dataset.withAction(Dataset.scala:4332)","logger":"airflow.task.operators.airflow.providers.docker.operators.docker.DockerOperator","filename":"docker.py","lineno":71}
{"timestamp":"2026-05-20T22:58:05.912116Z","level":"info","event":"\tat org.apache.spark.sql.Dataset.collect(Dataset.scala:3585)","logger":"airflow.task.operators.airflow.providers.docker.operators.docker.DockerOperator","filename":"docker.py","lineno":71}
{"timestamp":"2026-05-20T22:58:05.912169Z","level":"info","event":"\tat org.apache.spark.sql.delta.Snapshot.protocolAndMetadataReconstruction(Snapshot.scala:229)","logger":"airflow.task.operators.airflow.providers.docker.operators.docker.DockerOperator","filename":"docker.py","lineno":71}
{"timestamp":"2026-05-20T22:58:05.912232Z","level":"info","event":"\tat org.apache.spark.sql.delta.Snapshot.x$1$lzycompute(Snapshot.scala:138)","logger":"airflow.task.operators.airflow.providers.docker.operators.docker.DockerOperator","filename":"docker.py","lineno":71}
{"timestamp":"2026-05-20T22:58:05.912294Z","level":"info","event":"\tat org.apache.spark.sql.delta.Snapshot.x$1(Snapshot.scala:133)","logger":"airflow.task.operators.airflow.providers.docker.operators.docker.DockerOperator","filename":"docker.py","lineno":71}
{"timestamp":"2026-05-20T22:58:05.912353Z","level":"info","event":"\tat org.apache.spark.sql.delta.Snapshot._metadata$lzycompute(Snapshot.scala:133)","logger":"airflow.task.operators.airflow.providers.docker.operators.docker.DockerOperator","filename":"docker.py","lineno":71}
{"timestamp":"2026-05-20T22:58:05.912414Z","level":"info","event":"\tat org.apache.spark.sql.delta.Snapshot._metadata(Snapshot.scala:133)","logger":"airflow.task.operators.airflow.providers.docker.operators.docker.DockerOperator","filename":"docker.py","lineno":71}
{"timestamp":"2026-05-20T22:58:05.912469Z","level":"info","event":"\tat org.apache.spark.sql.delta.Snapshot.metadata(Snapshot.scala:202)","logger":"airflow.task.operators.airflow.providers.docker.operators.docker.DockerOperator","filename":"docker.py","lineno":71}
{"timestamp":"2026-05-20T22:58:05.912527Z","level":"info","event":"\tat org.apache.spark.sql.delta.Snapshot.toString(Snapshot.scala:416)","logger":"airflow.task.operators.airflow.providers.docker.operators.docker.DockerOperator","filename":"docker.py","lineno":71}
{"timestamp":"2026-05-20T22:58:05.912583Z","level":"info","event":"\tat java.base/java.lang.String.valueOf(Unknown Source)","logger":"airflow.task.operators.airflow.providers.docker.operators.docker.DockerOperator","filename":"docker.py","lineno":71}
{"timestamp":"2026-05-20T22:58:05.912641Z","level":"info","event":"\tat java.base/java.lang.StringBuilder.append(Unknown Source)","logger":"airflow.task.operators.airflow.providers.docker.operators.docker.DockerOperator","filename":"docker.py","lineno":71}
{"timestamp":"2026-05-20T22:58:05.912695Z","level":"info","event":"\tat org.apache.spark.sql.delta.Snapshot.$anonfun$new$1(Snapshot.scala:419)","logger":"airflow.task.operators.airflow.providers.docker.operators.docker.DockerOperator","filename":"docker.py","lineno":71}
{"timestamp":"2026-05-20T22:58:05.912750Z","level":"info","event":"\tat org.apache.spark.sql.delta.Snapshot.$anonfun$logInfo$1(Snapshot.scala:396)","logger":"airflow.task.operators.airflow.providers.docker.operators.docker.DockerOperator","filename":"docker.py","lineno":71}
{"timestamp":"2026-05-20T22:58:05.912805Z","level":"info","event":"\tat org.apache.spark.internal.Logging.logInfo(Logging.scala:60)","logger":"airflow.task.operators.airflow.providers.docker.operators.docker.DockerOperator","filename":"docker.py","lineno":71}
{"timestamp":"2026-05-20T22:58:05.912905Z","level":"info","event":"\tat org.apache.spark.internal.Logging.logInfo$(Logging.scala:59)","logger":"airflow.task.operators.airflow.providers.docker.operators.docker.DockerOperator","filename":"docker.py","lineno":71}
{"timestamp":"2026-05-20T22:58:05.912973Z","level":"info","event":"\tat org.apache.spark.sql.delta.Snapshot.logInfo(Snapshot.scala:396)","logger":"airflow.task.operators.airflow.providers.docker.operators.docker.DockerOperator","filename":"docker.py","lineno":71}
{"timestamp":"2026-05-20T22:58:05.913042Z","level":"info","event":"\tat org.apache.spark.sql.delta.Snapshot.<init>(Snapshot.scala:419)","logger":"airflow.task.operators.airflow.providers.docker.operators.docker.DockerOperator","filename":"docker.py","lineno":71}
{"timestamp":"2026-05-20T22:58:05.913103Z","level":"info","event":"\tat org.apache.spark.sql.delta.SnapshotManagement.$anonfun$createSnapshot$2(SnapshotManagement.scala:503)","logger":"airflow.task.operators.airflow.providers.docker.operators.docker.DockerOperator","filename":"docker.py","lineno":71}
{"timestamp":"2026-05-20T22:58:05.913161Z","level":"info","event":"\tat org.apache.spark.sql.delta.SnapshotManagement.createSnapshotFromGivenOrEquivalentLogSegment(SnapshotManagement.scala:628)","logger":"airflow.task.operators.airflow.providers.docker.operators.docker.DockerOperator","filename":"docker.py","lineno":71}
{"timestamp":"2026-05-20T22:58:05.913216Z","level":"info","event":"\tat org.apache.spark.sql.delta.SnapshotManagement.createSnapshotFromGivenOrEquivalentLogSegment$(SnapshotManagement.scala:616)","logger":"airflow.task.operators.airflow.providers.docker.operators.docker.DockerOperator","filename":"docker.py","lineno":71}
{"timestamp":"2026-05-20T22:58:05.913275Z","level":"info","event":"\tat org.apache.spark.sql.delta.DeltaLog.createSnapshotFromGivenOrEquivalentLogSegment(DeltaLog.scala:72)","logger":"airflow.task.operators.airflow.providers.docker.operators.docker.DockerOperator","filename":"docker.py","lineno":71}
{"timestamp":"2026-05-20T22:58:05.913330Z","level":"info","event":"\tat org.apache.spark.sql.delta.SnapshotManagement.createSnapshot(SnapshotManagement.scala:496)","logger":"airflow.task.operators.airflow.providers.docker.operators.docker.DockerOperator","filename":"docker.py","lineno":71}
{"timestamp":"2026-05-20T22:58:05.913387Z","level":"info","event":"\tat org.apache.spark.sql.delta.SnapshotManagement.createSnapshot$(SnapshotManagement.scala:489)","logger":"airflow.task.operators.airflow.providers.docker.operators.docker.DockerOperator","filename":"docker.py","lineno":71}
{"timestamp":"2026-05-20T22:58:05.913455Z","level":"info","event":"\tat org.apache.spark.sql.delta.DeltaLog.createSnapshot(DeltaLog.scala:72)","logger":"airflow.task.operators.airflow.providers.docker.operators.docker.DockerOperator","filename":"docker.py","lineno":71}
{"timestamp":"2026-05-20T22:58:05.913512Z","level":"info","event":"\tat org.apache.spark.sql.delta.SnapshotManagement.$anonfun$createSnapshotAtInitInternal$1(SnapshotManagement.scala:450)","logger":"airflow.task.operators.airflow.providers.docker.operators.docker.DockerOperator","filename":"docker.py","lineno":71}
{"timestamp":"2026-05-20T22:58:05.913575Z","level":"info","event":"\tat scala.Option.map(Option.scala:230)","logger":"airflow.task.operators.airflow.providers.docker.operators.docker.DockerOperator","filename":"docker.py","lineno":71}
{"timestamp":"2026-05-20T22:58:05.913632Z","level":"info","event":"\tat org.apache.spark.sql.delta.SnapshotManagement.createSnapshotAtInitInternal(SnapshotManagement.scala:447)","logger":"airflow.task.operators.airflow.providers.docker.operators.docker.DockerOperator","filename":"docker.py","lineno":71}
{"timestamp":"2026-05-20T22:58:05.913687Z","level":"info","event":"\tat org.apache.spark.sql.delta.SnapshotManagement.createSnapshotAtInitInternal$(SnapshotManagement.scala:444)","logger":"airflow.task.operators.airflow.providers.docker.operators.docker.DockerOperator","filename":"docker.py","lineno":71}
{"timestamp":"2026-05-20T22:58:05.913747Z","level":"info","event":"\tat org.apache.spark.sql.delta.DeltaLog.createSnapshotAtInitInternal(DeltaLog.scala:72)","logger":"airflow.task.operators.airflow.providers.docker.operators.docker.DockerOperator","filename":"docker.py","lineno":71}
{"timestamp":"2026-05-20T22:58:05.913803Z","level":"info","event":"\tat org.apache.spark.sql.delta.SnapshotManagement.$anonfun$getSnapshotAtInit$1(SnapshotManagement.scala:439)","logger":"airflow.task.operators.airflow.providers.docker.operators.docker.DockerOperator","filename":"docker.py","lineno":71}
{"timestamp":"2026-05-20T22:58:05.913901Z","level":"info","event":"\tat org.apache.spark.sql.delta.metering.DeltaLogging.recordFrameProfile(DeltaLogging.scala:140)","logger":"airflow.task.operators.airflow.providers.docker.operators.docker.DockerOperator","filename":"docker.py","lineno":71}
{"timestamp":"2026-05-20T22:58:05.913966Z","level":"info","event":"\tat org.apache.spark.sql.delta.metering.DeltaLogging.recordFrameProfile$(DeltaLogging.scala:138)","logger":"airflow.task.operators.airflow.providers.docker.operators.docker.DockerOperator","filename":"docker.py","lineno":71}
{"timestamp":"2026-05-20T22:58:05.914027Z","level":"info","event":"\tat org.apache.spark.sql.delta.DeltaLog.recordFrameProfile(DeltaLog.scala:72)","logger":"airflow.task.operators.airflow.providers.docker.operators.docker.DockerOperator","filename":"docker.py","lineno":71}
{"timestamp":"2026-05-20T22:58:05.914081Z","level":"info","event":"\tat org.apache.spark.sql.delta.SnapshotManagement.getSnapshotAtInit(SnapshotManagement.scala:434)","logger":"airflow.task.operators.airflow.providers.docker.operators.docker.DockerOperator","filename":"docker.py","lineno":71}
{"timestamp":"2026-05-20T22:58:05.914139Z","level":"info","event":"\tat org.apache.spark.sql.delta.SnapshotManagement.getSnapshotAtInit$(SnapshotManagement.scala:433)","logger":"airflow.task.operators.airflow.providers.docker.operators.docker.DockerOperator","filename":"docker.py","lineno":71}
{"timestamp":"2026-05-20T22:58:05.914292Z","level":"info","event":"\tat org.apache.spark.sql.delta.DeltaLog.getSnapshotAtInit(DeltaLog.scala:72)","logger":"airflow.task.operators.airflow.providers.docker.operators.docker.DockerOperator","filename":"docker.py","lineno":71}
{"timestamp":"2026-05-20T22:58:05.914348Z","level":"info","event":"\tat org.apache.spark.sql.delta.SnapshotManagement.$init$(SnapshotManagement.scala:60)","logger":"airflow.task.operators.airflow.providers.docker.operators.docker.DockerOperator","filename":"docker.py","lineno":71}
{"timestamp":"2026-05-20T22:58:05.914398Z","level":"info","event":"\tat org.apache.spark.sql.delta.DeltaLog.<init>(DeltaLog.scala:78)","logger":"airflow.task.operators.airflow.providers.docker.operators.docker.DockerOperator","filename":"docker.py","lineno":71}
{"timestamp":"2026-05-20T22:58:05.914459Z","level":"info","event":"\tat org.apache.spark.sql.delta.DeltaLog$.$anonfun$apply$4(DeltaLog.scala:779)","logger":"airflow.task.operators.airflow.providers.docker.operators.docker.DockerOperator","filename":"docker.py","lineno":71}
{"timestamp":"2026-05-20T22:58:05.914518Z","level":"info","event":"\tat org.apache.spark.sql.catalyst.plans.logical.AnalysisHelper$.allowInvokingTransformsInAnalyzer(AnalysisHelper.scala:323)","logger":"airflow.task.operators.airflow.providers.docker.operators.docker.DockerOperator","filename":"docker.py","lineno":71}
{"timestamp":"2026-05-20T22:58:05.914573Z","level":"info","event":"\tat org.apache.spark.sql.delta.DeltaLog$.$anonfun$apply$3(DeltaLog.scala:774)","logger":"airflow.task.operators.airflow.providers.docker.operators.docker.DockerOperator","filename":"docker.py","lineno":71}
{"timestamp":"2026-05-20T22:58:05.914630Z","level":"info","event":"\tat org.apache.spark.sql.delta.metering.DeltaLogging.recordFrameProfile(DeltaLogging.scala:140)","logger":"airflow.task.operators.airflow.providers.docker.operators.docker.DockerOperator","filename":"docker.py","lineno":71}
{"timestamp":"2026-05-20T22:58:05.914686Z","level":"info","event":"\tat org.apache.spark.sql.delta.metering.DeltaLogging.recordFrameProfile$(DeltaLogging.scala:138)","logger":"airflow.task.operators.airflow.providers.docker.operators.docker.DockerOperator","filename":"docker.py","lineno":71}
{"timestamp":"2026-05-20T22:58:05.914743Z","level":"info","event":"\tat org.apache.spark.sql.delta.DeltaLog$.recordFrameProfile(DeltaLog.scala:598)","logger":"airflow.task.operators.airflow.providers.docker.operators.docker.DockerOperator","filename":"docker.py","lineno":71}
{"timestamp":"2026-05-20T22:58:05.914801Z","level":"info","event":"\tat org.apache.spark.sql.delta.metering.DeltaLogging.$anonfun$recordDeltaOperationInternal$1(DeltaLogging.scala:133)","logger":"airflow.task.operators.airflow.providers.docker.operators.docker.DockerOperator","filename":"docker.py","lineno":71}
{"timestamp":"2026-05-20T22:58:05.914888Z","level":"info","event":"\tat com.databricks.spark.util.DatabricksLogging.recordOperation(DatabricksLogging.scala:128)","logger":"airflow.task.operators.airflow.providers.docker.operators.docker.DockerOperator","filename":"docker.py","lineno":71}
{"timestamp":"2026-05-20T22:58:05.914963Z","level":"info","event":"\tat com.databricks.spark.util.DatabricksLogging.recordOperation$(DatabricksLogging.scala:117)","logger":"airflow.task.operators.airflow.providers.docker.operators.docker.DockerOperator","filename":"docker.py","lineno":71}
{"timestamp":"2026-05-20T22:58:05.915020Z","level":"info","event":"\tat org.apache.spark.sql.delta.DeltaLog$.recordOperation(DeltaLog.scala:598)","logger":"airflow.task.operators.airflow.providers.docker.operators.docker.DockerOperator","filename":"docker.py","lineno":71}
{"timestamp":"2026-05-20T22:58:05.915080Z","level":"info","event":"\tat org.apache.spark.sql.delta.metering.DeltaLogging.recordDeltaOperationInternal(DeltaLogging.scala:132)","logger":"airflow.task.operators.airflow.providers.docker.operators.docker.DockerOperator","filename":"docker.py","lineno":71}
{"timestamp":"2026-05-20T22:58:05.915137Z","level":"info","event":"\tat org.apache.spark.sql.delta.metering.DeltaLogging.recordDeltaOperation(DeltaLogging.scala:122)","logger":"airflow.task.operators.airflow.providers.docker.operators.docker.DockerOperator","filename":"docker.py","lineno":71}
{"timestamp":"2026-05-20T22:58:05.915192Z","level":"info","event":"\tat org.apache.spark.sql.delta.metering.DeltaLogging.recordDeltaOperation$(DeltaLogging.scala:112)","logger":"airflow.task.operators.airflow.providers.docker.operators.docker.DockerOperator","filename":"docker.py","lineno":71}
{"timestamp":"2026-05-20T22:58:05.915250Z","level":"info","event":"\tat org.apache.spark.sql.delta.DeltaLog$.recordDeltaOperation(DeltaLog.scala:598)","logger":"airflow.task.operators.airflow.providers.docker.operators.docker.DockerOperator","filename":"docker.py","lineno":71}
{"timestamp":"2026-05-20T22:58:05.915306Z","level":"info","event":"\tat org.apache.spark.sql.delta.DeltaLog$.createDeltaLog$1(DeltaLog.scala:773)","logger":"airflow.task.operators.airflow.providers.docker.operators.docker.DockerOperator","filename":"docker.py","lineno":71}
{"timestamp":"2026-05-20T22:58:05.915358Z","level":"info","event":"\tat org.apache.spark.sql.delta.DeltaLog$.$anonfun$apply$5(DeltaLog.scala:791)","logger":"airflow.task.operators.airflow.providers.docker.operators.docker.DockerOperator","filename":"docker.py","lineno":71}
{"timestamp":"2026-05-20T22:58:05.915416Z","level":"info","event":"\tat com.google.common.cache.LocalCache$LocalManualCache$1.load(LocalCache.java:4792)","logger":"airflow.task.operators.airflow.providers.docker.operators.docker.DockerOperator","filename":"docker.py","lineno":71}
{"timestamp":"2026-05-20T22:58:05.915470Z","level":"info","event":"\tat com.google.common.cache.LocalCache$LoadingValueReference.loadFuture(LocalCache.java:3599)","logger":"airflow.task.operators.airflow.providers.docker.operators.docker.DockerOperator","filename":"docker.py","lineno":71}
{"timestamp":"2026-05-20T22:58:05.915529Z","level":"info","event":"\tat com.google.common.cache.LocalCache$Segment.loadSync(LocalCache.java:2379)","logger":"airflow.task.operators.airflow.providers.docker.operators.docker.DockerOperator","filename":"docker.py","lineno":71}
{"timestamp":"2026-05-20T22:58:05.915593Z","level":"info","event":"\tat com.google.common.cache.LocalCache$Segment.lockedGetOrLoad(LocalCache.java:2342)","logger":"airflow.task.operators.airflow.providers.docker.operators.docker.DockerOperator","filename":"docker.py","lineno":71}
{"timestamp":"2026-05-20T22:58:05.915649Z","level":"info","event":"\tat com.google.common.cache.LocalCache$Segment.get(LocalCache.java:2257)","logger":"airflow.task.operators.airflow.providers.docker.operators.docker.DockerOperator","filename":"docker.py","lineno":71}
{"timestamp":"2026-05-20T22:58:05.915705Z","level":"info","event":"\tat com.google.common.cache.LocalCache.get(LocalCache.java:4000)","logger":"airflow.task.operators.airflow.providers.docker.operators.docker.DockerOperator","filename":"docker.py","lineno":71}
{"timestamp":"2026-05-20T22:58:05.915761Z","level":"info","event":"\tat com.google.common.cache.LocalCache$LocalManualCache.get(LocalCache.java:4789)","logger":"airflow.task.operators.airflow.providers.docker.operators.docker.DockerOperator","filename":"docker.py","lineno":71}
{"timestamp":"2026-05-20T22:58:05.915816Z","level":"info","event":"\tat org.apache.spark.sql.delta.DeltaLog$.getDeltaLogFromCache$1(DeltaLog.scala:790)","logger":"airflow.task.operators.airflow.providers.docker.operators.docker.DockerOperator","filename":"docker.py","lineno":71}
{"timestamp":"2026-05-20T22:58:05.915932Z","level":"info","event":"\tat org.apache.spark.sql.delta.DeltaLog$.apply(DeltaLog.scala:800)","logger":"airflow.task.operators.airflow.providers.docker.operators.docker.DockerOperator","filename":"docker.py","lineno":71}
{"timestamp":"2026-05-20T22:58:05.915989Z","level":"info","event":"\tat org.apache.spark.sql.delta.DeltaLog$.forTable(DeltaLog.scala:677)","logger":"airflow.task.operators.airflow.providers.docker.operators.docker.DockerOperator","filename":"docker.py","lineno":71}
{"timestamp":"2026-05-20T22:58:05.916040Z","level":"info","event":"\tat org.apache.spark.sql.delta.catalog.DeltaTableV2.$anonfun$deltaLog$1(DeltaTableV2.scala:91)","logger":"airflow.task.operators.airflow.providers.docker.operators.docker.DockerOperator","filename":"docker.py","lineno":71}
{"timestamp":"2026-05-20T22:58:05.916092Z","level":"info","event":"\tat org.apache.spark.sql.delta.catalog.DeltaTableV2$.withEnrichedUnsupportedTableException(DeltaTableV2.scala:364)","logger":"airflow.task.operators.airflow.providers.docker.operators.docker.DockerOperator","filename":"docker.py","lineno":71}
{"timestamp":"2026-05-20T22:58:05.916140Z","level":"info","event":"\tat org.apache.spark.sql.delta.catalog.DeltaTableV2.deltaLog$lzycompute(DeltaTableV2.scala:91)","logger":"airflow.task.operators.airflow.providers.docker.operators.docker.DockerOperator","filename":"docker.py","lineno":71}
{"timestamp":"2026-05-20T22:58:05.916196Z","level":"info","event":"\tat org.apache.spark.sql.delta.catalog.DeltaTableV2.deltaLog(DeltaTableV2.scala:89)","logger":"airflow.task.operators.airflow.providers.docker.operators.docker.DockerOperator","filename":"docker.py","lineno":71}
{"timestamp":"2026-05-20T22:58:05.916252Z","level":"info","event":"\tat org.apache.spark.sql.delta.catalog.DeltaTableV2.$anonfun$initialSnapshot$4(DeltaTableV2.scala:144)","logger":"airflow.task.operators.airflow.providers.docker.operators.docker.DockerOperator","filename":"docker.py","lineno":71}
{"timestamp":"2026-05-20T22:58:05.916313Z","level":"info","event":"\tat scala.Option.getOrElse(Option.scala:189)","logger":"airflow.task.operators.airflow.providers.docker.operators.docker.DockerOperator","filename":"docker.py","lineno":71}
{"timestamp":"2026-05-20T22:58:05.916371Z","level":"info","event":"\tat org.apache.spark.sql.delta.catalog.DeltaTableV2.$anonfun$initialSnapshot$1(DeltaTableV2.scala:144)","logger":"airflow.task.operators.airflow.providers.docker.operators.docker.DockerOperator","filename":"docker.py","lineno":71}
{"timestamp":"2026-05-20T22:58:05.916430Z","level":"info","event":"\tat org.apache.spark.sql.delta.catalog.DeltaTableV2$.withEnrichedUnsupportedTableException(DeltaTableV2.scala:364)","logger":"airflow.task.operators.airflow.providers.docker.operators.docker.DockerOperator","filename":"docker.py","lineno":71}
{"timestamp":"2026-05-20T22:58:05.916490Z","level":"info","event":"\tat org.apache.spark.sql.delta.catalog.DeltaTableV2.initialSnapshot$lzycompute(DeltaTableV2.scala:143)","logger":"airflow.task.operators.airflow.providers.docker.operators.docker.DockerOperator","filename":"docker.py","lineno":71}
{"timestamp":"2026-05-20T22:58:05.916547Z","level":"info","event":"\tat org.apache.spark.sql.delta.catalog.DeltaTableV2.initialSnapshot(DeltaTableV2.scala:123)","logger":"airflow.task.operators.airflow.providers.docker.operators.docker.DockerOperator","filename":"docker.py","lineno":71}
{"timestamp":"2026-05-20T22:58:05.916601Z","level":"info","event":"\tat org.apache.spark.sql.delta.catalog.DeltaTableV2.toBaseRelation$lzycompute(DeltaTableV2.scala:235)","logger":"airflow.task.operators.airflow.providers.docker.operators.docker.DockerOperator","filename":"docker.py","lineno":71}
{"timestamp":"2026-05-20T22:58:05.916655Z","level":"info","event":"\tat org.apache.spark.sql.delta.catalog.DeltaTableV2.toBaseRelation(DeltaTableV2.scala:233)","logger":"airflow.task.operators.airflow.providers.docker.operators.docker.DockerOperator","filename":"docker.py","lineno":71}
{"timestamp":"2026-05-20T22:58:05.917351Z","level":"info","event":"\tat org.apache.spark.sql.delta.sources.DeltaDataSource.$anonfun$createRelation$5(DeltaDataSource.scala:250)","logger":"airflow.task.operators.airflow.providers.docker.operators.docker.DockerOperator","filename":"docker.py","lineno":71}
{"timestamp":"2026-05-20T22:58:05.917445Z","level":"info","event":"\tat org.apache.spark.sql.delta.metering.DeltaLogging.recordFrameProfile(DeltaLogging.scala:140)","logger":"airflow.task.operators.airflow.providers.docker.operators.docker.DockerOperator","filename":"docker.py","lineno":71}
{"timestamp":"2026-05-20T22:58:05.917504Z","level":"info","event":"\tat org.apache.spark.sql.delta.metering.DeltaLogging.recordFrameProfile$(DeltaLogging.scala:138)","logger":"airflow.task.operators.airflow.providers.docker.operators.docker.DockerOperator","filename":"docker.py","lineno":71}
{"timestamp":"2026-05-20T22:58:05.917563Z","level":"info","event":"\tat org.apache.spark.sql.delta.sources.DeltaDataSource.recordFrameProfile(DeltaDataSource.scala:49)","logger":"airflow.task.operators.airflow.providers.docker.operators.docker.DockerOperator","filename":"docker.py","lineno":71}
{"timestamp":"2026-05-20T22:58:05.917633Z","level":"info","event":"\tat org.apache.spark.sql.delta.sources.DeltaDataSource.createRelation(DeltaDataSource.scala:209)","logger":"airflow.task.operators.airflow.providers.docker.operators.docker.DockerOperator","filename":"docker.py","lineno":71}
{"timestamp":"2026-05-20T22:58:05.917694Z","level":"info","event":"\tat org.apache.spark.sql.execution.datasources.DataSource.resolveRelation(DataSource.scala:346)","logger":"airflow.task.operators.airflow.providers.docker.operators.docker.DockerOperator","filename":"docker.py","lineno":71}
{"timestamp":"2026-05-20T22:58:05.917750Z","level":"info","event":"\tat org.apache.spark.sql.DataFrameReader.loadV1Source(DataFrameReader.scala:229)","logger":"airflow.task.operators.airflow.providers.docker.operators.docker.DockerOperator","filename":"docker.py","lineno":71}
{"timestamp":"2026-05-20T22:58:05.917806Z","level":"info","event":"\tat org.apache.spark.sql.DataFrameReader.$anonfun$load$2(DataFrameReader.scala:211)","logger":"airflow.task.operators.airflow.providers.docker.operators.docker.DockerOperator","filename":"docker.py","lineno":71}
{"timestamp":"2026-05-20T22:58:05.917899Z","level":"info","event":"\tat scala.Option.getOrElse(Option.scala:189)","logger":"airflow.task.operators.airflow.providers.docker.operators.docker.DockerOperator","filename":"docker.py","lineno":71}
{"timestamp":"2026-05-20T22:58:05.917962Z","level":"info","event":"\tat org.apache.spark.sql.DataFrameReader.load(DataFrameReader.scala:211)","logger":"airflow.task.operators.airflow.providers.docker.operators.docker.DockerOperator","filename":"docker.py","lineno":71}
{"timestamp":"2026-05-20T22:58:05.918021Z","level":"info","event":"\tat org.apache.spark.sql.DataFrameReader.load(DataFrameReader.scala:186)","logger":"airflow.task.operators.airflow.providers.docker.operators.docker.DockerOperator","filename":"docker.py","lineno":71}
{"timestamp":"2026-05-20T22:58:05.918075Z","level":"info","event":"\tat java.base/jdk.internal.reflect.NativeMethodAccessorImpl.invoke0(Native Method)","logger":"airflow.task.operators.airflow.providers.docker.operators.docker.DockerOperator","filename":"docker.py","lineno":71}
{"timestamp":"2026-05-20T22:58:05.918127Z","level":"info","event":"\tat java.base/jdk.internal.reflect.NativeMethodAccessorImpl.invoke(Unknown Source)","logger":"airflow.task.operators.airflow.providers.docker.operators.docker.DockerOperator","filename":"docker.py","lineno":71}
{"timestamp":"2026-05-20T22:58:05.918183Z","level":"info","event":"\tat java.base/jdk.internal.reflect.DelegatingMethodAccessorImpl.invoke(Unknown Source)","logger":"airflow.task.operators.airflow.providers.docker.operators.docker.DockerOperator","filename":"docker.py","lineno":71}
{"timestamp":"2026-05-20T22:58:05.918241Z","level":"info","event":"\tat java.base/java.lang.reflect.Method.invoke(Unknown Source)","logger":"airflow.task.operators.airflow.providers.docker.operators.docker.DockerOperator","filename":"docker.py","lineno":71}
{"timestamp":"2026-05-20T22:58:05.918298Z","level":"info","event":"\tat py4j.reflection.MethodInvoker.invoke(MethodInvoker.java:244)","logger":"airflow.task.operators.airflow.providers.docker.operators.docker.DockerOperator","filename":"docker.py","lineno":71}
{"timestamp":"2026-05-20T22:58:05.918354Z","level":"info","event":"\tat py4j.reflection.ReflectionEngine.invoke(ReflectionEngine.java:374)","logger":"airflow.task.operators.airflow.providers.docker.operators.docker.DockerOperator","filename":"docker.py","lineno":71}
{"timestamp":"2026-05-20T22:58:05.918412Z","level":"info","event":"\tat py4j.Gateway.invoke(Gateway.java:282)","logger":"airflow.task.operators.airflow.providers.docker.operators.docker.DockerOperator","filename":"docker.py","lineno":71}
{"timestamp":"2026-05-20T22:58:05.918470Z","level":"info","event":"\tat py4j.commands.AbstractCommand.invokeMethod(AbstractCommand.java:132)","logger":"airflow.task.operators.airflow.providers.docker.operators.docker.DockerOperator","filename":"docker.py","lineno":71}
{"timestamp":"2026-05-20T22:58:05.918524Z","level":"info","event":"\tat py4j.commands.CallCommand.execute(CallCommand.java:79)","logger":"airflow.task.operators.airflow.providers.docker.operators.docker.DockerOperator","filename":"docker.py","lineno":71}
{"timestamp":"2026-05-20T22:58:05.918581Z","level":"info","event":"\tat py4j.ClientServerConnection.waitForCommands(ClientServerConnection.java:182)","logger":"airflow.task.operators.airflow.providers.docker.operators.docker.DockerOperator","filename":"docker.py","lineno":71}
{"timestamp":"2026-05-20T22:58:05.918636Z","level":"info","event":"\tat py4j.ClientServerConnection.run(ClientServerConnection.java:106)","logger":"airflow.task.operators.airflow.providers.docker.operators.docker.DockerOperator","filename":"docker.py","lineno":71}
{"timestamp":"2026-05-20T22:58:05.918689Z","level":"info","event":"\tat java.base/java.lang.Thread.run(Unknown Source)","logger":"airflow.task.operators.airflow.providers.docker.operators.docker.DockerOperator","filename":"docker.py","lineno":71}
{"timestamp":"2026-05-20T22:58:05.918743Z","level":"info","event":"Caused by: java.lang.RuntimeException: java.lang.ClassNotFoundException: Class org.apache.hadoop.fs.s3a.S3AFileSystem not found","logger":"airflow.task.operators.airflow.providers.docker.operators.docker.DockerOperator","filename":"docker.py","lineno":71}
{"timestamp":"2026-05-20T22:58:05.918798Z","level":"info","event":"\tat org.apache.hadoop.conf.Configuration.getClass(Configuration.java:2688)","logger":"airflow.task.operators.airflow.providers.docker.operators.docker.DockerOperator","filename":"docker.py","lineno":71}
{"timestamp":"2026-05-20T22:58:05.918877Z","level":"info","event":"\tat org.apache.hadoop.fs.FileSystem.getFileSystemClass(FileSystem.java:3431)","logger":"airflow.task.operators.airflow.providers.docker.operators.docker.DockerOperator","filename":"docker.py","lineno":71}
{"timestamp":"2026-05-20T22:58:05.918950Z","level":"info","event":"\tat org.apache.hadoop.fs.FileSystem.createFileSystem(FileSystem.java:3466)","logger":"airflow.task.operators.airflow.providers.docker.operators.docker.DockerOperator","filename":"docker.py","lineno":71}
{"timestamp":"2026-05-20T22:58:05.919008Z","level":"info","event":"\tat org.apache.hadoop.fs.FileSystem.access$300(FileSystem.java:174)","logger":"airflow.task.operators.airflow.providers.docker.operators.docker.DockerOperator","filename":"docker.py","lineno":71}
{"timestamp":"2026-05-20T22:58:05.919060Z","level":"info","event":"\tat org.apache.hadoop.fs.FileSystem$Cache.getInternal(FileSystem.java:3574)","logger":"airflow.task.operators.airflow.providers.docker.operators.docker.DockerOperator","filename":"docker.py","lineno":71}
{"timestamp":"2026-05-20T22:58:05.919115Z","level":"info","event":"\tat org.apache.hadoop.fs.FileSystem$Cache.get(FileSystem.java:3521)","logger":"airflow.task.operators.airflow.providers.docker.operators.docker.DockerOperator","filename":"docker.py","lineno":71}
{"timestamp":"2026-05-20T22:58:05.919172Z","level":"info","event":"\tat org.apache.hadoop.fs.FileSystem.get(FileSystem.java:540)","logger":"airflow.task.operators.airflow.providers.docker.operators.docker.DockerOperator","filename":"docker.py","lineno":71}
{"timestamp":"2026-05-20T22:58:05.919226Z","level":"info","event":"\tat org.apache.hadoop.fs.Path.getFileSystem(Path.java:365)","logger":"airflow.task.operators.airflow.providers.docker.operators.docker.DockerOperator","filename":"docker.py","lineno":71}
{"timestamp":"2026-05-20T22:58:05.919280Z","level":"info","event":"\tat org.apache.hadoop.mapreduce.lib.input.LineRecordReader.initialize(LineRecordReader.java:88)","logger":"airflow.task.operators.airflow.providers.docker.operators.docker.DockerOperator","filename":"docker.py","lineno":71}
{"timestamp":"2026-05-20T22:58:05.919349Z","level":"info","event":"\tat org.apache.spark.sql.execution.datasources.HadoopFileLinesReader.<init>(HadoopFileLinesReader.scala:63)","logger":"airflow.task.operators.airflow.providers.docker.operators.docker.DockerOperator","filename":"docker.py","lineno":71}
{"timestamp":"2026-05-20T22:58:05.919407Z","level":"info","event":"\tat org.apache.spark.sql.execution.datasources.json.TextInputJsonDataSource$.readFile(JsonDataSource.scala:132)","logger":"airflow.task.operators.airflow.providers.docker.operators.docker.DockerOperator","filename":"docker.py","lineno":71}
{"timestamp":"2026-05-20T22:58:05.919464Z","level":"info","event":"\tat org.apache.spark.sql.execution.datasources.json.JsonFileFormat.$anonfun$buildReader$2(JsonFileFormat.scala:126)","logger":"airflow.task.operators.airflow.providers.docker.operators.docker.DockerOperator","filename":"docker.py","lineno":71}
{"timestamp":"2026-05-20T22:58:05.919522Z","level":"info","event":"\tat org.apache.spark.sql.execution.datasources.FileFormat$$anon$1.apply(FileFormat.scala:160)","logger":"airflow.task.operators.airflow.providers.docker.operators.docker.DockerOperator","filename":"docker.py","lineno":71}
{"timestamp":"2026-05-20T22:58:05.919577Z","level":"info","event":"\tat org.apache.spark.sql.execution.datasources.FileFormat$$anon$1.apply(FileFormat.scala:140)","logger":"airflow.task.operators.airflow.providers.docker.operators.docker.DockerOperator","filename":"docker.py","lineno":71}
{"timestamp":"2026-05-20T22:58:05.919636Z","level":"info","event":"\tat org.apache.spark.sql.execution.datasources.FileScanRDD$$anon$1.org$apache$spark$sql$execution$datasources$FileScanRDD$$anon$$readCurrentFile(FileScanRDD.scala:217)","logger":"airflow.task.operators.airflow.providers.docker.operators.docker.DockerOperator","filename":"docker.py","lineno":71}
{"timestamp":"2026-05-20T22:58:05.919696Z","level":"info","event":"\tat org.apache.spark.sql.execution.datasources.FileScanRDD$$anon$1.nextIterator(FileScanRDD.scala:279)","logger":"airflow.task.operators.airflow.providers.docker.operators.docker.DockerOperator","filename":"docker.py","lineno":71}
{"timestamp":"2026-05-20T22:58:05.919750Z","level":"info","event":"\tat org.apache.spark.sql.execution.datasources.FileScanRDD$$anon$1.hasNext(FileScanRDD.scala:129)","logger":"airflow.task.operators.airflow.providers.docker.operators.docker.DockerOperator","filename":"docker.py","lineno":71}
{"timestamp":"2026-05-20T22:58:05.919809Z","level":"info","event":"\tat scala.collection.Iterator$$anon$10.hasNext(Iterator.scala:460)","logger":"airflow.task.operators.airflow.providers.docker.operators.docker.DockerOperator","filename":"docker.py","lineno":71}
{"timestamp":"2026-05-20T22:58:05.919901Z","level":"info","event":"\tat org.apache.spark.sql.catalyst.expressions.GeneratedClass$GeneratedIteratorForCodegenStage1.processNext(Unknown Source)","logger":"airflow.task.operators.airflow.providers.docker.operators.docker.DockerOperator","filename":"docker.py","lineno":71}
{"timestamp":"2026-05-20T22:58:05.919970Z","level":"info","event":"\tat org.apache.spark.sql.execution.BufferedRowIterator.hasNext(BufferedRowIterator.java:43)","logger":"airflow.task.operators.airflow.providers.docker.operators.docker.DockerOperator","filename":"docker.py","lineno":71}
{"timestamp":"2026-05-20T22:58:05.920030Z","level":"info","event":"\tat org.apache.spark.sql.execution.WholeStageCodegenEvaluatorFactory$WholeStageCodegenPartitionEvaluator$$anon$1.hasNext(WholeStageCodegenEvaluatorFactory.scala:43)","logger":"airflow.task.operators.airflow.providers.docker.operators.docker.DockerOperator","filename":"docker.py","lineno":71}
{"timestamp":"2026-05-20T22:58:05.920087Z","level":"info","event":"\tat org.apache.spark.sql.execution.SparkPlan.$anonfun$getByteArrayRdd$1(SparkPlan.scala:388)","logger":"airflow.task.operators.airflow.providers.docker.operators.docker.DockerOperator","filename":"docker.py","lineno":71}
{"timestamp":"2026-05-20T22:58:05.920141Z","level":"info","event":"\tat org.apache.spark.rdd.RDD.$anonfun$mapPartitionsInternal$2(RDD.scala:890)","logger":"airflow.task.operators.airflow.providers.docker.operators.docker.DockerOperator","filename":"docker.py","lineno":71}
{"timestamp":"2026-05-20T22:58:05.920196Z","level":"info","event":"\tat org.apache.spark.rdd.RDD.$anonfun$mapPartitionsInternal$2$adapted(RDD.scala:890)","logger":"airflow.task.operators.airflow.providers.docker.operators.docker.DockerOperator","filename":"docker.py","lineno":71}
{"timestamp":"2026-05-20T22:58:05.920250Z","level":"info","event":"\tat org.apache.spark.rdd.MapPartitionsRDD.compute(MapPartitionsRDD.scala:52)","logger":"airflow.task.operators.airflow.providers.docker.operators.docker.DockerOperator","filename":"docker.py","lineno":71}
{"timestamp":"2026-05-20T22:58:05.920305Z","level":"info","event":"\tat org.apache.spark.rdd.RDD.computeOrReadCheckpoint(RDD.scala:364)","logger":"airflow.task.operators.airflow.providers.docker.operators.docker.DockerOperator","filename":"docker.py","lineno":71}
{"timestamp":"2026-05-20T22:58:05.920361Z","level":"info","event":"\tat org.apache.spark.rdd.RDD.iterator(RDD.scala:328)","logger":"airflow.task.operators.airflow.providers.docker.operators.docker.DockerOperator","filename":"docker.py","lineno":71}
{"timestamp":"2026-05-20T22:58:05.920420Z","level":"info","event":"\tat org.apache.spark.scheduler.ResultTask.runTask(ResultTask.scala:93)","logger":"airflow.task.operators.airflow.providers.docker.operators.docker.DockerOperator","filename":"docker.py","lineno":71}
{"timestamp":"2026-05-20T22:58:05.920490Z","level":"info","event":"\tat org.apache.spark.TaskContext.runTaskWithListeners(TaskContext.scala:161)","logger":"airflow.task.operators.airflow.providers.docker.operators.docker.DockerOperator","filename":"docker.py","lineno":71}
{"timestamp":"2026-05-20T22:58:05.920557Z","level":"info","event":"\tat org.apache.spark.scheduler.Task.run(Task.scala:141)","logger":"airflow.task.operators.airflow.providers.docker.operators.docker.DockerOperator","filename":"docker.py","lineno":71}
{"timestamp":"2026-05-20T22:58:05.920623Z","level":"info","event":"\tat org.apache.spark.executor.Executor$TaskRunner.$anonfun$run$4(Executor.scala:620)","logger":"airflow.task.operators.airflow.providers.docker.operators.docker.DockerOperator","filename":"docker.py","lineno":71}
{"timestamp":"2026-05-20T22:58:05.920677Z","level":"info","event":"\tat org.apache.spark.util.SparkErrorUtils.tryWithSafeFinally(SparkErrorUtils.scala:64)","logger":"airflow.task.operators.airflow.providers.docker.operators.docker.DockerOperator","filename":"docker.py","lineno":71}
{"timestamp":"2026-05-20T22:58:05.920733Z","level":"info","event":"\tat org.apache.spark.util.SparkErrorUtils.tryWithSafeFinally$(SparkErrorUtils.scala:61)","logger":"airflow.task.operators.airflow.providers.docker.operators.docker.DockerOperator","filename":"docker.py","lineno":71}
{"timestamp":"2026-05-20T22:58:05.920789Z","level":"info","event":"\tat org.apache.spark.util.Utils$.tryWithSafeFinally(Utils.scala:94)","logger":"airflow.task.operators.airflow.providers.docker.operators.docker.DockerOperator","filename":"docker.py","lineno":71}
{"timestamp":"2026-05-20T22:58:05.920869Z","level":"info","event":"\tat org.apache.spark.executor.Executor$TaskRunner.run(Executor.scala:623)","logger":"airflow.task.operators.airflow.providers.docker.operators.docker.DockerOperator","filename":"docker.py","lineno":71}
{"timestamp":"2026-05-20T22:58:05.921044Z","level":"info","event":"\tat java.base/java.util.concurrent.ThreadPoolExecutor.runWorker(Unknown Source)","logger":"airflow.task.operators.airflow.providers.docker.operators.docker.DockerOperator","filename":"docker.py","lineno":71}
{"timestamp":"2026-05-20T22:58:05.921111Z","level":"info","event":"\tat java.base/java.util.concurrent.ThreadPoolExecutor$Worker.run(Unknown Source)","logger":"airflow.task.operators.airflow.providers.docker.operators.docker.DockerOperator","filename":"docker.py","lineno":71}
{"timestamp":"2026-05-20T22:58:05.921170Z","level":"info","event":"\t... 1 more","logger":"airflow.task.operators.airflow.providers.docker.operators.docker.DockerOperator","filename":"docker.py","lineno":71}
{"timestamp":"2026-05-20T22:58:05.921226Z","level":"info","event":"Caused by: java.lang.ClassNotFoundException: Class org.apache.hadoop.fs.s3a.S3AFileSystem not found","logger":"airflow.task.operators.airflow.providers.docker.operators.docker.DockerOperator","filename":"docker.py","lineno":71}
{"timestamp":"2026-05-20T22:58:05.921284Z","level":"info","event":"\tat org.apache.hadoop.conf.Configuration.getClassByName(Configuration.java:2592)","logger":"airflow.task.operators.airflow.providers.docker.operators.docker.DockerOperator","filename":"docker.py","lineno":71}
{"timestamp":"2026-05-20T22:58:05.921340Z","level":"info","event":"\tat org.apache.hadoop.conf.Configuration.getClass(Configuration.java:2686)","logger":"airflow.task.operators.airflow.providers.docker.operators.docker.DockerOperator","filename":"docker.py","lineno":71}
{"timestamp":"2026-05-20T22:58:05.921394Z","level":"info","event":"\t... 37 more","logger":"airflow.task.operators.airflow.providers.docker.operators.docker.DockerOperator","filename":"docker.py","lineno":71}
{"timestamp":"2026-05-20T22:58:05.921452Z","level":"info","event":"","logger":"airflow.task.operators.airflow.providers.docker.operators.docker.DockerOperator","filename":"docker.py","lineno":71}
{"timestamp":"2026-05-20T22:58:05.921676Z","level":"info","event":"26/05/20 22:58:05 INFO BlockManagerInfo: Removed broadcast_7_piece0 on 172.20.0.20:36959 in memory (size: 13.7 KiB, free: 434.2 MiB)","logger":"airflow.task.operators.airflow.providers.docker.operators.docker.DockerOperator","filename":"docker.py","lineno":71}
{"timestamp":"2026-05-20T22:58:05.921842Z","level":"info","event":"2026-05-20 22:58:05,913 - ERROR - Error processing table sales_per_city_country: An error occurred while calling o55.load.","logger":"airflow.task.operators.airflow.providers.docker.operators.docker.DockerOperator","filename":"docker.py","lineno":71}
{"timestamp":"2026-05-20T22:58:05.921996Z","level":"info","event":": org.apache.spark.SparkException: Job aborted due to stage failure: Task 0 in stage 4.0 failed 4 times, most recent failure: Lost task 0.3 in stage 4.0 (TID 12) (172.20.0.21 executor 1): java.lang.RuntimeException: java.lang.ClassNotFoundException: Class org.apache.hadoop.fs.s3a.S3AFileSystem not found","logger":"airflow.task.operators.airflow.providers.docker.operators.docker.DockerOperator","filename":"docker.py","lineno":71}
{"timestamp":"2026-05-20T22:58:05.922061Z","level":"info","event":"\tat org.apache.hadoop.conf.Configuration.getClass(Configuration.java:2688)","logger":"airflow.task.operators.airflow.providers.docker.operators.docker.DockerOperator","filename":"docker.py","lineno":71}
{"timestamp":"2026-05-20T22:58:05.922112Z","level":"info","event":"\tat org.apache.hadoop.fs.FileSystem.getFileSystemClass(FileSystem.java:3431)","logger":"airflow.task.operators.airflow.providers.docker.operators.docker.DockerOperator","filename":"docker.py","lineno":71}
{"timestamp":"2026-05-20T22:58:05.922163Z","level":"info","event":"\tat org.apache.hadoop.fs.FileSystem.createFileSystem(FileSystem.java:3466)","logger":"airflow.task.operators.airflow.providers.docker.operators.docker.DockerOperator","filename":"docker.py","lineno":71}
{"timestamp":"2026-05-20T22:58:05.922212Z","level":"info","event":"\tat org.apache.hadoop.fs.FileSystem.access$300(FileSystem.java:174)","logger":"airflow.task.operators.airflow.providers.docker.operators.docker.DockerOperator","filename":"docker.py","lineno":71}
{"timestamp":"2026-05-20T22:58:05.922264Z","level":"info","event":"\tat org.apache.hadoop.fs.FileSystem$Cache.getInternal(FileSystem.java:3574)","logger":"airflow.task.operators.airflow.providers.docker.operators.docker.DockerOperator","filename":"docker.py","lineno":71}
{"timestamp":"2026-05-20T22:58:05.922335Z","level":"info","event":"\tat org.apache.hadoop.fs.FileSystem$Cache.get(FileSystem.java:3521)","logger":"airflow.task.operators.airflow.providers.docker.operators.docker.DockerOperator","filename":"docker.py","lineno":71}
{"timestamp":"2026-05-20T22:58:05.922391Z","level":"info","event":"\tat org.apache.hadoop.fs.FileSystem.get(FileSystem.java:540)","logger":"airflow.task.operators.airflow.providers.docker.operators.docker.DockerOperator","filename":"docker.py","lineno":71}
{"timestamp":"2026-05-20T22:58:05.922447Z","level":"info","event":"\tat org.apache.hadoop.fs.Path.getFileSystem(Path.java:365)","logger":"airflow.task.operators.airflow.providers.docker.operators.docker.DockerOperator","filename":"docker.py","lineno":71}
{"timestamp":"2026-05-20T22:58:05.922505Z","level":"info","event":"\tat org.apache.hadoop.mapreduce.lib.input.LineRecordReader.initialize(LineRecordReader.java:88)","logger":"airflow.task.operators.airflow.providers.docker.operators.docker.DockerOperator","filename":"docker.py","lineno":71}
{"timestamp":"2026-05-20T22:58:05.922567Z","level":"info","event":"\tat org.apache.spark.sql.execution.datasources.HadoopFileLinesReader.<init>(HadoopFileLinesReader.scala:63)","logger":"airflow.task.operators.airflow.providers.docker.operators.docker.DockerOperator","filename":"docker.py","lineno":71}
{"timestamp":"2026-05-20T22:58:05.922624Z","level":"info","event":"\tat org.apache.spark.sql.execution.datasources.json.TextInputJsonDataSource$.readFile(JsonDataSource.scala:132)","logger":"airflow.task.operators.airflow.providers.docker.operators.docker.DockerOperator","filename":"docker.py","lineno":71}
{"timestamp":"2026-05-20T22:58:05.922684Z","level":"info","event":"\tat org.apache.spark.sql.execution.datasources.json.JsonFileFormat.$anonfun$buildReader$2(JsonFileFormat.scala:126)","logger":"airflow.task.operators.airflow.providers.docker.operators.docker.DockerOperator","filename":"docker.py","lineno":71}
{"timestamp":"2026-05-20T22:58:05.922741Z","level":"info","event":"\tat org.apache.spark.sql.execution.datasources.FileFormat$$anon$1.apply(FileFormat.scala:160)","logger":"airflow.task.operators.airflow.providers.docker.operators.docker.DockerOperator","filename":"docker.py","lineno":71}
{"timestamp":"2026-05-20T22:58:05.922799Z","level":"info","event":"\tat org.apache.spark.sql.execution.datasources.FileFormat$$anon$1.apply(FileFormat.scala:140)","logger":"airflow.task.operators.airflow.providers.docker.operators.docker.DockerOperator","filename":"docker.py","lineno":71}
{"timestamp":"2026-05-20T22:58:05.922903Z","level":"info","event":"\tat org.apache.spark.sql.execution.datasources.FileScanRDD$$anon$1.org$apache$spark$sql$execution$datasources$FileScanRDD$$anon$$readCurrentFile(FileScanRDD.scala:217)","logger":"airflow.task.operators.airflow.providers.docker.operators.docker.DockerOperator","filename":"docker.py","lineno":71}
{"timestamp":"2026-05-20T22:58:05.922970Z","level":"info","event":"\tat org.apache.spark.sql.execution.datasources.FileScanRDD$$anon$1.nextIterator(FileScanRDD.scala:279)","logger":"airflow.task.operators.airflow.providers.docker.operators.docker.DockerOperator","filename":"docker.py","lineno":71}
{"timestamp":"2026-05-20T22:58:05.923028Z","level":"info","event":"\tat org.apache.spark.sql.execution.datasources.FileScanRDD$$anon$1.hasNext(FileScanRDD.scala:129)","logger":"airflow.task.operators.airflow.providers.docker.operators.docker.DockerOperator","filename":"docker.py","lineno":71}
{"timestamp":"2026-05-20T22:58:05.923085Z","level":"info","event":"\tat scala.collection.Iterator$$anon$10.hasNext(Iterator.scala:460)","logger":"airflow.task.operators.airflow.providers.docker.operators.docker.DockerOperator","filename":"docker.py","lineno":71}
{"timestamp":"2026-05-20T22:58:05.923140Z","level":"info","event":"\tat org.apache.spark.sql.catalyst.expressions.GeneratedClass$GeneratedIteratorForCodegenStage1.processNext(Unknown Source)","logger":"airflow.task.operators.airflow.providers.docker.operators.docker.DockerOperator","filename":"docker.py","lineno":71}
{"timestamp":"2026-05-20T22:58:05.923194Z","level":"info","event":"\tat org.apache.spark.sql.execution.BufferedRowIterator.hasNext(BufferedRowIterator.java:43)","logger":"airflow.task.operators.airflow.providers.docker.operators.docker.DockerOperator","filename":"docker.py","lineno":71}
{"timestamp":"2026-05-20T22:58:05.923250Z","level":"info","event":"\tat org.apache.spark.sql.execution.WholeStageCodegenEvaluatorFactory$WholeStageCodegenPartitionEvaluator$$anon$1.hasNext(WholeStageCodegenEvaluatorFactory.scala:43)","logger":"airflow.task.operators.airflow.providers.docker.operators.docker.DockerOperator","filename":"docker.py","lineno":71}
{"timestamp":"2026-05-20T22:58:05.923306Z","level":"info","event":"\tat org.apache.spark.sql.execution.SparkPlan.$anonfun$getByteArrayRdd$1(SparkPlan.scala:388)","logger":"airflow.task.operators.airflow.providers.docker.operators.docker.DockerOperator","filename":"docker.py","lineno":71}
{"timestamp":"2026-05-20T22:58:05.923368Z","level":"info","event":"\tat org.apache.spark.rdd.RDD.$anonfun$mapPartitionsInternal$2(RDD.scala:890)","logger":"airflow.task.operators.airflow.providers.docker.operators.docker.DockerOperator","filename":"docker.py","lineno":71}
{"timestamp":"2026-05-20T22:58:05.923431Z","level":"info","event":"\tat org.apache.spark.rdd.RDD.$anonfun$mapPartitionsInternal$2$adapted(RDD.scala:890)","logger":"airflow.task.operators.airflow.providers.docker.operators.docker.DockerOperator","filename":"docker.py","lineno":71}
{"timestamp":"2026-05-20T22:58:05.923487Z","level":"info","event":"\tat org.apache.spark.rdd.MapPartitionsRDD.compute(MapPartitionsRDD.scala:52)","logger":"airflow.task.operators.airflow.providers.docker.operators.docker.DockerOperator","filename":"docker.py","lineno":71}
{"timestamp":"2026-05-20T22:58:05.923576Z","level":"info","event":"\tat org.apache.spark.rdd.RDD.computeOrReadCheckpoint(RDD.scala:364)","logger":"airflow.task.operators.airflow.providers.docker.operators.docker.DockerOperator","filename":"docker.py","lineno":71}
{"timestamp":"2026-05-20T22:58:05.923637Z","level":"info","event":"\tat org.apache.spark.rdd.RDD.iterator(RDD.scala:328)","logger":"airflow.task.operators.airflow.providers.docker.operators.docker.DockerOperator","filename":"docker.py","lineno":71}
{"timestamp":"2026-05-20T22:58:05.923691Z","level":"info","event":"\tat org.apache.spark.scheduler.ResultTask.runTask(ResultTask.scala:93)","logger":"airflow.task.operators.airflow.providers.docker.operators.docker.DockerOperator","filename":"docker.py","lineno":71}
{"timestamp":"2026-05-20T22:58:05.923746Z","level":"info","event":"\tat org.apache.spark.TaskContext.runTaskWithListeners(TaskContext.scala:161)","logger":"airflow.task.operators.airflow.providers.docker.operators.docker.DockerOperator","filename":"docker.py","lineno":71}
{"timestamp":"2026-05-20T22:58:05.923799Z","level":"info","event":"\tat org.apache.spark.scheduler.Task.run(Task.scala:141)","logger":"airflow.task.operators.airflow.providers.docker.operators.docker.DockerOperator","filename":"docker.py","lineno":71}
{"timestamp":"2026-05-20T22:58:05.923879Z","level":"info","event":"\tat org.apache.spark.executor.Executor$TaskRunner.$anonfun$run$4(Executor.scala:620)","logger":"airflow.task.operators.airflow.providers.docker.operators.docker.DockerOperator","filename":"docker.py","lineno":71}
{"timestamp":"2026-05-20T22:58:05.923950Z","level":"info","event":"\tat org.apache.spark.util.SparkErrorUtils.tryWithSafeFinally(SparkErrorUtils.scala:64)","logger":"airflow.task.operators.airflow.providers.docker.operators.docker.DockerOperator","filename":"docker.py","lineno":71}
{"timestamp":"2026-05-20T22:58:05.924013Z","level":"info","event":"\tat org.apache.spark.util.SparkErrorUtils.tryWithSafeFinally$(SparkErrorUtils.scala:61)","logger":"airflow.task.operators.airflow.providers.docker.operators.docker.DockerOperator","filename":"docker.py","lineno":71}
{"timestamp":"2026-05-20T22:58:05.924068Z","level":"info","event":"\tat org.apache.spark.util.Utils$.tryWithSafeFinally(Utils.scala:94)","logger":"airflow.task.operators.airflow.providers.docker.operators.docker.DockerOperator","filename":"docker.py","lineno":71}
{"timestamp":"2026-05-20T22:58:05.924123Z","level":"info","event":"\tat org.apache.spark.executor.Executor$TaskRunner.run(Executor.scala:623)","logger":"airflow.task.operators.airflow.providers.docker.operators.docker.DockerOperator","filename":"docker.py","lineno":71}
{"timestamp":"2026-05-20T22:58:05.924179Z","level":"info","event":"\tat java.base/java.util.concurrent.ThreadPoolExecutor.runWorker(Unknown Source)","logger":"airflow.task.operators.airflow.providers.docker.operators.docker.DockerOperator","filename":"docker.py","lineno":71}
{"timestamp":"2026-05-20T22:58:05.924233Z","level":"info","event":"\tat java.base/java.util.concurrent.ThreadPoolExecutor$Worker.run(Unknown Source)","logger":"airflow.task.operators.airflow.providers.docker.operators.docker.DockerOperator","filename":"docker.py","lineno":71}
{"timestamp":"2026-05-20T22:58:05.924288Z","level":"info","event":"\tat java.base/java.lang.Thread.run(Unknown Source)","logger":"airflow.task.operators.airflow.providers.docker.operators.docker.DockerOperator","filename":"docker.py","lineno":71}
{"timestamp":"2026-05-20T22:58:05.924342Z","level":"info","event":"Caused by: java.lang.ClassNotFoundException: Class org.apache.hadoop.fs.s3a.S3AFileSystem not found","logger":"airflow.task.operators.airflow.providers.docker.operators.docker.DockerOperator","filename":"docker.py","lineno":71}
{"timestamp":"2026-05-20T22:58:05.924401Z","level":"info","event":"\tat org.apache.hadoop.conf.Configuration.getClassByName(Configuration.java:2592)","logger":"airflow.task.operators.airflow.providers.docker.operators.docker.DockerOperator","filename":"docker.py","lineno":71}
{"timestamp":"2026-05-20T22:58:05.924468Z","level":"info","event":"\tat org.apache.hadoop.conf.Configuration.getClass(Configuration.java:2686)","logger":"airflow.task.operators.airflow.providers.docker.operators.docker.DockerOperator","filename":"docker.py","lineno":71}
{"timestamp":"2026-05-20T22:58:05.924524Z","level":"info","event":"\t... 37 more","logger":"airflow.task.operators.airflow.providers.docker.operators.docker.DockerOperator","filename":"docker.py","lineno":71}
{"timestamp":"2026-05-20T22:58:05.924579Z","level":"info","event":"","logger":"airflow.task.operators.airflow.providers.docker.operators.docker.DockerOperator","filename":"docker.py","lineno":71}
{"timestamp":"2026-05-20T22:58:05.924635Z","level":"info","event":"Driver stacktrace:","logger":"airflow.task.operators.airflow.providers.docker.operators.docker.DockerOperator","filename":"docker.py","lineno":71}
{"timestamp":"2026-05-20T22:58:05.924689Z","level":"info","event":"\tat org.apache.spark.scheduler.DAGScheduler.failJobAndIndependentStages(DAGScheduler.scala:2844)","logger":"airflow.task.operators.airflow.providers.docker.operators.docker.DockerOperator","filename":"docker.py","lineno":71}
{"timestamp":"2026-05-20T22:58:05.924742Z","level":"info","event":"\tat org.apache.spark.scheduler.DAGScheduler.$anonfun$abortStage$2(DAGScheduler.scala:2780)","logger":"airflow.task.operators.airflow.providers.docker.operators.docker.DockerOperator","filename":"docker.py","lineno":71}
{"timestamp":"2026-05-20T22:58:05.924797Z","level":"info","event":"\tat org.apache.spark.scheduler.DAGScheduler.$anonfun$abortStage$2$adapted(DAGScheduler.scala:2779)","logger":"airflow.task.operators.airflow.providers.docker.operators.docker.DockerOperator","filename":"docker.py","lineno":71}
{"timestamp":"2026-05-20T22:58:05.924878Z","level":"info","event":"\tat scala.collection.mutable.ResizableArray.foreach(ResizableArray.scala:62)","logger":"airflow.task.operators.airflow.providers.docker.operators.docker.DockerOperator","filename":"docker.py","lineno":71}
{"timestamp":"2026-05-20T22:58:05.924958Z","level":"info","event":"\tat scala.collection.mutable.ResizableArray.foreach$(ResizableArray.scala:55)","logger":"airflow.task.operators.airflow.providers.docker.operators.docker.DockerOperator","filename":"docker.py","lineno":71}
{"timestamp":"2026-05-20T22:58:05.925021Z","level":"info","event":"\tat scala.collection.mutable.ArrayBuffer.foreach(ArrayBuffer.scala:49)","logger":"airflow.task.operators.airflow.providers.docker.operators.docker.DockerOperator","filename":"docker.py","lineno":71}
{"timestamp":"2026-05-20T22:58:05.925079Z","level":"info","event":"\tat org.apache.spark.scheduler.DAGScheduler.abortStage(DAGScheduler.scala:2779)","logger":"airflow.task.operators.airflow.providers.docker.operators.docker.DockerOperator","filename":"docker.py","lineno":71}
{"timestamp":"2026-05-20T22:58:05.925139Z","level":"info","event":"\tat org.apache.spark.scheduler.DAGScheduler.$anonfun$handleTaskSetFailed$1(DAGScheduler.scala:1242)","logger":"airflow.task.operators.airflow.providers.docker.operators.docker.DockerOperator","filename":"docker.py","lineno":71}
{"timestamp":"2026-05-20T22:58:05.925197Z","level":"info","event":"\tat org.apache.spark.scheduler.DAGScheduler.$anonfun$handleTaskSetFailed$1$adapted(DAGScheduler.scala:1242)","logger":"airflow.task.operators.airflow.providers.docker.operators.docker.DockerOperator","filename":"docker.py","lineno":71}
{"timestamp":"2026-05-20T22:58:05.925252Z","level":"info","event":"\tat scala.Option.foreach(Option.scala:407)","logger":"airflow.task.operators.airflow.providers.docker.operators.docker.DockerOperator","filename":"docker.py","lineno":71}
{"timestamp":"2026-05-20T22:58:05.925319Z","level":"info","event":"\tat org.apache.spark.scheduler.DAGScheduler.handleTaskSetFailed(DAGScheduler.scala:1242)","logger":"airflow.task.operators.airflow.providers.docker.operators.docker.DockerOperator","filename":"docker.py","lineno":71}
{"timestamp":"2026-05-20T22:58:05.925378Z","level":"info","event":"\tat org.apache.spark.scheduler.DAGSchedulerEventProcessLoop.doOnReceive(DAGScheduler.scala:3048)","logger":"airflow.task.operators.airflow.providers.docker.operators.docker.DockerOperator","filename":"docker.py","lineno":71}
{"timestamp":"2026-05-20T22:58:05.925436Z","level":"info","event":"\tat org.apache.spark.scheduler.DAGSchedulerEventProcessLoop.onReceive(DAGScheduler.scala:2982)","logger":"airflow.task.operators.airflow.providers.docker.operators.docker.DockerOperator","filename":"docker.py","lineno":71}
{"timestamp":"2026-05-20T22:58:05.925647Z","level":"info","event":"\tat org.apache.spark.scheduler.DAGSchedulerEventProcessLoop.onReceive(DAGScheduler.scala:2971)","logger":"airflow.task.operators.airflow.providers.docker.operators.docker.DockerOperator","filename":"docker.py","lineno":71}
{"timestamp":"2026-05-20T22:58:05.925723Z","level":"info","event":"\tat org.apache.spark.util.EventLoop$$anon$1.run(EventLoop.scala:49)","logger":"airflow.task.operators.airflow.providers.docker.operators.docker.DockerOperator","filename":"docker.py","lineno":71}
{"timestamp":"2026-05-20T22:58:05.925783Z","level":"info","event":"\tat org.apache.spark.scheduler.DAGScheduler.runJob(DAGScheduler.scala:984)","logger":"airflow.task.operators.airflow.providers.docker.operators.docker.DockerOperator","filename":"docker.py","lineno":71}
{"timestamp":"2026-05-20T22:58:05.925866Z","level":"info","event":"\tat org.apache.spark.SparkContext.runJob(SparkContext.scala:2398)","logger":"airflow.task.operators.airflow.providers.docker.operators.docker.DockerOperator","filename":"docker.py","lineno":71}
{"timestamp":"2026-05-20T22:58:05.925950Z","level":"info","event":"\tat org.apache.spark.SparkContext.runJob(SparkContext.scala:2419)","logger":"airflow.task.operators.airflow.providers.docker.operators.docker.DockerOperator","filename":"docker.py","lineno":71}
{"timestamp":"2026-05-20T22:58:05.926012Z","level":"info","event":"\tat org.apache.spark.SparkContext.runJob(SparkContext.scala:2438)","logger":"airflow.task.operators.airflow.providers.docker.operators.docker.DockerOperator","filename":"docker.py","lineno":71}
{"timestamp":"2026-05-20T22:58:05.926079Z","level":"info","event":"\tat org.apache.spark.SparkContext.runJob(SparkContext.scala:2463)","logger":"airflow.task.operators.airflow.providers.docker.operators.docker.DockerOperator","filename":"docker.py","lineno":71}
{"timestamp":"2026-05-20T22:58:05.926142Z","level":"info","event":"\tat org.apache.spark.rdd.RDD.$anonfun$collect$1(RDD.scala:1046)","logger":"airflow.task.operators.airflow.providers.docker.operators.docker.DockerOperator","filename":"docker.py","lineno":71}
{"timestamp":"2026-05-20T22:58:05.926199Z","level":"info","event":"\tat org.apache.spark.rdd.RDDOperationScope$.withScope(RDDOperationScope.scala:151)","logger":"airflow.task.operators.airflow.providers.docker.operators.docker.DockerOperator","filename":"docker.py","lineno":71}
{"timestamp":"2026-05-20T22:58:05.926257Z","level":"info","event":"\tat org.apache.spark.rdd.RDDOperationScope$.withScope(RDDOperationScope.scala:112)","logger":"airflow.task.operators.airflow.providers.docker.operators.docker.DockerOperator","filename":"docker.py","lineno":71}
{"timestamp":"2026-05-20T22:58:05.926312Z","level":"info","event":"\tat org.apache.spark.rdd.RDD.withScope(RDD.scala:407)","logger":"airflow.task.operators.airflow.providers.docker.operators.docker.DockerOperator","filename":"docker.py","lineno":71}
{"timestamp":"2026-05-20T22:58:05.926367Z","level":"info","event":"\tat org.apache.spark.rdd.RDD.collect(RDD.scala:1045)","logger":"airflow.task.operators.airflow.providers.docker.operators.docker.DockerOperator","filename":"docker.py","lineno":71}
{"timestamp":"2026-05-20T22:58:05.926426Z","level":"info","event":"\tat org.apache.spark.sql.execution.SparkPlan.executeCollect(SparkPlan.scala:448)","logger":"airflow.task.operators.airflow.providers.docker.operators.docker.DockerOperator","filename":"docker.py","lineno":71}
{"timestamp":"2026-05-20T22:58:05.926486Z","level":"info","event":"\tat org.apache.spark.sql.Dataset.collectFromPlan(Dataset.scala:4344)","logger":"airflow.task.operators.airflow.providers.docker.operators.docker.DockerOperator","filename":"docker.py","lineno":71}
{"timestamp":"2026-05-20T22:58:05.926544Z","level":"info","event":"\tat org.apache.spark.sql.Dataset.$anonfun$collect$1(Dataset.scala:3585)","logger":"airflow.task.operators.airflow.providers.docker.operators.docker.DockerOperator","filename":"docker.py","lineno":71}
{"timestamp":"2026-05-20T22:58:05.926600Z","level":"info","event":"\tat org.apache.spark.sql.Dataset.$anonfun$withAction$2(Dataset.scala:4334)","logger":"airflow.task.operators.airflow.providers.docker.operators.docker.DockerOperator","filename":"docker.py","lineno":71}
{"timestamp":"2026-05-20T22:58:05.926656Z","level":"info","event":"\tat org.apache.spark.sql.execution.QueryExecution$.withInternalError(QueryExecution.scala:546)","logger":"airflow.task.operators.airflow.providers.docker.operators.docker.DockerOperator","filename":"docker.py","lineno":71}
{"timestamp":"2026-05-20T22:58:05.926713Z","level":"info","event":"\tat org.apache.spark.sql.Dataset.$anonfun$withAction$1(Dataset.scala:4332)","logger":"airflow.task.operators.airflow.providers.docker.operators.docker.DockerOperator","filename":"docker.py","lineno":71}
{"timestamp":"2026-05-20T22:58:05.926769Z","level":"info","event":"\tat org.apache.spark.sql.execution.SQLExecution$.$anonfun$withNewExecutionId$6(SQLExecution.scala:125)","logger":"airflow.task.operators.airflow.providers.docker.operators.docker.DockerOperator","filename":"docker.py","lineno":71}
{"timestamp":"2026-05-20T22:58:05.926848Z","level":"info","event":"\tat org.apache.spark.sql.execution.SQLExecution$.withSQLConfPropagated(SQLExecution.scala:201)","logger":"airflow.task.operators.airflow.providers.docker.operators.docker.DockerOperator","filename":"docker.py","lineno":71}
{"timestamp":"2026-05-20T22:58:05.926927Z","level":"info","event":"\tat org.apache.spark.sql.execution.SQLExecution$.$anonfun$withNewExecutionId$1(SQLExecution.scala:108)","logger":"airflow.task.operators.airflow.providers.docker.operators.docker.DockerOperator","filename":"docker.py","lineno":71}
{"timestamp":"2026-05-20T22:58:05.926989Z","level":"info","event":"\tat org.apache.spark.sql.SparkSession.withActive(SparkSession.scala:900)","logger":"airflow.task.operators.airflow.providers.docker.operators.docker.DockerOperator","filename":"docker.py","lineno":71}
{"timestamp":"2026-05-20T22:58:05.927044Z","level":"info","event":"\tat org.apache.spark.sql.execution.SQLExecution$.withNewExecutionId(SQLExecution.scala:66)","logger":"airflow.task.operators.airflow.providers.docker.operators.docker.DockerOperator","filename":"docker.py","lineno":71}
{"timestamp":"2026-05-20T22:58:05.927102Z","level":"info","event":"\tat org.apache.spark.sql.Dataset.withAction(Dataset.scala:4332)","logger":"airflow.task.operators.airflow.providers.docker.operators.docker.DockerOperator","filename":"docker.py","lineno":71}
{"timestamp":"2026-05-20T22:58:05.927158Z","level":"info","event":"\tat org.apache.spark.sql.Dataset.collect(Dataset.scala:3585)","logger":"airflow.task.operators.airflow.providers.docker.operators.docker.DockerOperator","filename":"docker.py","lineno":71}
{"timestamp":"2026-05-20T22:58:05.927213Z","level":"info","event":"\tat org.apache.spark.sql.delta.Snapshot.protocolAndMetadataReconstruction(Snapshot.scala:229)","logger":"airflow.task.operators.airflow.providers.docker.operators.docker.DockerOperator","filename":"docker.py","lineno":71}
{"timestamp":"2026-05-20T22:58:05.927269Z","level":"info","event":"\tat org.apache.spark.sql.delta.Snapshot.x$1$lzycompute(Snapshot.scala:138)","logger":"airflow.task.operators.airflow.providers.docker.operators.docker.DockerOperator","filename":"docker.py","lineno":71}
{"timestamp":"2026-05-20T22:58:05.927325Z","level":"info","event":"\tat org.apache.spark.sql.delta.Snapshot.x$1(Snapshot.scala:133)","logger":"airflow.task.operators.airflow.providers.docker.operators.docker.DockerOperator","filename":"docker.py","lineno":71}
{"timestamp":"2026-05-20T22:58:05.927384Z","level":"info","event":"\tat org.apache.spark.sql.delta.Snapshot._metadata$lzycompute(Snapshot.scala:133)","logger":"airflow.task.operators.airflow.providers.docker.operators.docker.DockerOperator","filename":"docker.py","lineno":71}
{"timestamp":"2026-05-20T22:58:05.927449Z","level":"info","event":"\tat org.apache.spark.sql.delta.Snapshot._metadata(Snapshot.scala:133)","logger":"airflow.task.operators.airflow.providers.docker.operators.docker.DockerOperator","filename":"docker.py","lineno":71}
{"timestamp":"2026-05-20T22:58:05.927507Z","level":"info","event":"\tat org.apache.spark.sql.delta.Snapshot.metadata(Snapshot.scala:202)","logger":"airflow.task.operators.airflow.providers.docker.operators.docker.DockerOperator","filename":"docker.py","lineno":71}
{"timestamp":"2026-05-20T22:58:05.927564Z","level":"info","event":"\tat org.apache.spark.sql.delta.Snapshot.toString(Snapshot.scala:416)","logger":"airflow.task.operators.airflow.providers.docker.operators.docker.DockerOperator","filename":"docker.py","lineno":71}
{"timestamp":"2026-05-20T22:58:05.927620Z","level":"info","event":"\tat java.base/java.lang.String.valueOf(Unknown Source)","logger":"airflow.task.operators.airflow.providers.docker.operators.docker.DockerOperator","filename":"docker.py","lineno":71}
{"timestamp":"2026-05-20T22:58:05.927674Z","level":"info","event":"\tat java.base/java.lang.StringBuilder.append(Unknown Source)","logger":"airflow.task.operators.airflow.providers.docker.operators.docker.DockerOperator","filename":"docker.py","lineno":71}
{"timestamp":"2026-05-20T22:58:05.927728Z","level":"info","event":"\tat org.apache.spark.sql.delta.Snapshot.$anonfun$new$1(Snapshot.scala:419)","logger":"airflow.task.operators.airflow.providers.docker.operators.docker.DockerOperator","filename":"docker.py","lineno":71}
{"timestamp":"2026-05-20T22:58:05.927782Z","level":"info","event":"\tat org.apache.spark.sql.delta.Snapshot.$anonfun$logInfo$1(Snapshot.scala:396)","logger":"airflow.task.operators.airflow.providers.docker.operators.docker.DockerOperator","filename":"docker.py","lineno":71}
{"timestamp":"2026-05-20T22:58:05.927862Z","level":"info","event":"\tat org.apache.spark.internal.Logging.logInfo(Logging.scala:60)","logger":"airflow.task.operators.airflow.providers.docker.operators.docker.DockerOperator","filename":"docker.py","lineno":71}
{"timestamp":"2026-05-20T22:58:05.927947Z","level":"info","event":"\tat org.apache.spark.internal.Logging.logInfo$(Logging.scala:59)","logger":"airflow.task.operators.airflow.providers.docker.operators.docker.DockerOperator","filename":"docker.py","lineno":71}
{"timestamp":"2026-05-20T22:58:05.928013Z","level":"info","event":"\tat org.apache.spark.sql.delta.Snapshot.logInfo(Snapshot.scala:396)","logger":"airflow.task.operators.airflow.providers.docker.operators.docker.DockerOperator","filename":"docker.py","lineno":71}
{"timestamp":"2026-05-20T22:58:05.928068Z","level":"info","event":"\tat org.apache.spark.sql.delta.Snapshot.<init>(Snapshot.scala:419)","logger":"airflow.task.operators.airflow.providers.docker.operators.docker.DockerOperator","filename":"docker.py","lineno":71}
{"timestamp":"2026-05-20T22:58:05.928126Z","level":"info","event":"\tat org.apache.spark.sql.delta.SnapshotManagement.$anonfun$createSnapshot$2(SnapshotManagement.scala:503)","logger":"airflow.task.operators.airflow.providers.docker.operators.docker.DockerOperator","filename":"docker.py","lineno":71}
{"timestamp":"2026-05-20T22:58:05.928182Z","level":"info","event":"\tat org.apache.spark.sql.delta.SnapshotManagement.createSnapshotFromGivenOrEquivalentLogSegment(SnapshotManagement.scala:628)","logger":"airflow.task.operators.airflow.providers.docker.operators.docker.DockerOperator","filename":"docker.py","lineno":71}
{"timestamp":"2026-05-20T22:58:05.928237Z","level":"info","event":"\tat org.apache.spark.sql.delta.SnapshotManagement.createSnapshotFromGivenOrEquivalentLogSegment$(SnapshotManagement.scala:616)","logger":"airflow.task.operators.airflow.providers.docker.operators.docker.DockerOperator","filename":"docker.py","lineno":71}
{"timestamp":"2026-05-20T22:58:05.928293Z","level":"info","event":"\tat org.apache.spark.sql.delta.DeltaLog.createSnapshotFromGivenOrEquivalentLogSegment(DeltaLog.scala:72)","logger":"airflow.task.operators.airflow.providers.docker.operators.docker.DockerOperator","filename":"docker.py","lineno":71}
{"timestamp":"2026-05-20T22:58:05.928349Z","level":"info","event":"\tat org.apache.spark.sql.delta.SnapshotManagement.createSnapshot(SnapshotManagement.scala:496)","logger":"airflow.task.operators.airflow.providers.docker.operators.docker.DockerOperator","filename":"docker.py","lineno":71}
{"timestamp":"2026-05-20T22:58:05.928407Z","level":"info","event":"\tat org.apache.spark.sql.delta.SnapshotManagement.createSnapshot$(SnapshotManagement.scala:489)","logger":"airflow.task.operators.airflow.providers.docker.operators.docker.DockerOperator","filename":"docker.py","lineno":71}
{"timestamp":"2026-05-20T22:58:05.928466Z","level":"info","event":"\tat org.apache.spark.sql.delta.DeltaLog.createSnapshot(DeltaLog.scala:72)","logger":"airflow.task.operators.airflow.providers.docker.operators.docker.DockerOperator","filename":"docker.py","lineno":71}
{"timestamp":"2026-05-20T22:58:05.928520Z","level":"info","event":"\tat org.apache.spark.sql.delta.SnapshotManagement.$anonfun$createSnapshotAtInitInternal$1(SnapshotManagement.scala:450)","logger":"airflow.task.operators.airflow.providers.docker.operators.docker.DockerOperator","filename":"docker.py","lineno":71}
{"timestamp":"2026-05-20T22:58:05.928576Z","level":"info","event":"\tat scala.Option.map(Option.scala:230)","logger":"airflow.task.operators.airflow.providers.docker.operators.docker.DockerOperator","filename":"docker.py","lineno":71}
{"timestamp":"2026-05-20T22:58:05.928634Z","level":"info","event":"\tat org.apache.spark.sql.delta.SnapshotManagement.createSnapshotAtInitInternal(SnapshotManagement.scala:447)","logger":"airflow.task.operators.airflow.providers.docker.operators.docker.DockerOperator","filename":"docker.py","lineno":71}
{"timestamp":"2026-05-20T22:58:05.928688Z","level":"info","event":"\tat org.apache.spark.sql.delta.SnapshotManagement.createSnapshotAtInitInternal$(SnapshotManagement.scala:444)","logger":"airflow.task.operators.airflow.providers.docker.operators.docker.DockerOperator","filename":"docker.py","lineno":71}
{"timestamp":"2026-05-20T22:58:05.928741Z","level":"info","event":"\tat org.apache.spark.sql.delta.DeltaLog.createSnapshotAtInitInternal(DeltaLog.scala:72)","logger":"airflow.task.operators.airflow.providers.docker.operators.docker.DockerOperator","filename":"docker.py","lineno":71}
{"timestamp":"2026-05-20T22:58:05.928795Z","level":"info","event":"\tat org.apache.spark.sql.delta.SnapshotManagement.$anonfun$getSnapshotAtInit$1(SnapshotManagement.scala:439)","logger":"airflow.task.operators.airflow.providers.docker.operators.docker.DockerOperator","filename":"docker.py","lineno":71}
{"timestamp":"2026-05-20T22:58:05.928875Z","level":"info","event":"\tat org.apache.spark.sql.delta.metering.DeltaLogging.recordFrameProfile(DeltaLogging.scala:140)","logger":"airflow.task.operators.airflow.providers.docker.operators.docker.DockerOperator","filename":"docker.py","lineno":71}
{"timestamp":"2026-05-20T22:58:05.928948Z","level":"info","event":"\tat org.apache.spark.sql.delta.metering.DeltaLogging.recordFrameProfile$(DeltaLogging.scala:138)","logger":"airflow.task.operators.airflow.providers.docker.operators.docker.DockerOperator","filename":"docker.py","lineno":71}
{"timestamp":"2026-05-20T22:58:05.929009Z","level":"info","event":"\tat org.apache.spark.sql.delta.DeltaLog.recordFrameProfile(DeltaLog.scala:72)","logger":"airflow.task.operators.airflow.providers.docker.operators.docker.DockerOperator","filename":"docker.py","lineno":71}
{"timestamp":"2026-05-20T22:58:05.929064Z","level":"info","event":"\tat org.apache.spark.sql.delta.SnapshotManagement.getSnapshotAtInit(SnapshotManagement.scala:434)","logger":"airflow.task.operators.airflow.providers.docker.operators.docker.DockerOperator","filename":"docker.py","lineno":71}
{"timestamp":"2026-05-20T22:58:05.929118Z","level":"info","event":"\tat org.apache.spark.sql.delta.SnapshotManagement.getSnapshotAtInit$(SnapshotManagement.scala:433)","logger":"airflow.task.operators.airflow.providers.docker.operators.docker.DockerOperator","filename":"docker.py","lineno":71}
{"timestamp":"2026-05-20T22:58:05.929175Z","level":"info","event":"\tat org.apache.spark.sql.delta.DeltaLog.getSnapshotAtInit(DeltaLog.scala:72)","logger":"airflow.task.operators.airflow.providers.docker.operators.docker.DockerOperator","filename":"docker.py","lineno":71}
{"timestamp":"2026-05-20T22:58:05.929229Z","level":"info","event":"\tat org.apache.spark.sql.delta.SnapshotManagement.$init$(SnapshotManagement.scala:60)","logger":"airflow.task.operators.airflow.providers.docker.operators.docker.DockerOperator","filename":"docker.py","lineno":71}
{"timestamp":"2026-05-20T22:58:05.929282Z","level":"info","event":"\tat org.apache.spark.sql.delta.DeltaLog.<init>(DeltaLog.scala:78)","logger":"airflow.task.operators.airflow.providers.docker.operators.docker.DockerOperator","filename":"docker.py","lineno":71}
{"timestamp":"2026-05-20T22:58:05.929341Z","level":"info","event":"\tat org.apache.spark.sql.delta.DeltaLog$.$anonfun$apply$4(DeltaLog.scala:779)","logger":"airflow.task.operators.airflow.providers.docker.operators.docker.DockerOperator","filename":"docker.py","lineno":71}
{"timestamp":"2026-05-20T22:58:05.929399Z","level":"info","event":"\tat org.apache.spark.sql.catalyst.plans.logical.AnalysisHelper$.allowInvokingTransformsInAnalyzer(AnalysisHelper.scala:323)","logger":"airflow.task.operators.airflow.providers.docker.operators.docker.DockerOperator","filename":"docker.py","lineno":71}
{"timestamp":"2026-05-20T22:58:05.929459Z","level":"info","event":"\tat org.apache.spark.sql.delta.DeltaLog$.$anonfun$apply$3(DeltaLog.scala:774)","logger":"airflow.task.operators.airflow.providers.docker.operators.docker.DockerOperator","filename":"docker.py","lineno":71}
{"timestamp":"2026-05-20T22:58:05.929516Z","level":"info","event":"\tat org.apache.spark.sql.delta.metering.DeltaLogging.recordFrameProfile(DeltaLogging.scala:140)","logger":"airflow.task.operators.airflow.providers.docker.operators.docker.DockerOperator","filename":"docker.py","lineno":71}
{"timestamp":"2026-05-20T22:58:05.929570Z","level":"info","event":"\tat org.apache.spark.sql.delta.metering.DeltaLogging.recordFrameProfile$(DeltaLogging.scala:138)","logger":"airflow.task.operators.airflow.providers.docker.operators.docker.DockerOperator","filename":"docker.py","lineno":71}
{"timestamp":"2026-05-20T22:58:05.929627Z","level":"info","event":"\tat org.apache.spark.sql.delta.DeltaLog$.recordFrameProfile(DeltaLog.scala:598)","logger":"airflow.task.operators.airflow.providers.docker.operators.docker.DockerOperator","filename":"docker.py","lineno":71}
{"timestamp":"2026-05-20T22:58:05.929682Z","level":"info","event":"\tat org.apache.spark.sql.delta.metering.DeltaLogging.$anonfun$recordDeltaOperationInternal$1(DeltaLogging.scala:133)","logger":"airflow.task.operators.airflow.providers.docker.operators.docker.DockerOperator","filename":"docker.py","lineno":71}
{"timestamp":"2026-05-20T22:58:05.929737Z","level":"info","event":"\tat com.databricks.spark.util.DatabricksLogging.recordOperation(DatabricksLogging.scala:128)","logger":"airflow.task.operators.airflow.providers.docker.operators.docker.DockerOperator","filename":"docker.py","lineno":71}
{"timestamp":"2026-05-20T22:58:05.929791Z","level":"info","event":"\tat com.databricks.spark.util.DatabricksLogging.recordOperation$(DatabricksLogging.scala:117)","logger":"airflow.task.operators.airflow.providers.docker.operators.docker.DockerOperator","filename":"docker.py","lineno":71}
{"timestamp":"2026-05-20T22:58:05.929872Z","level":"info","event":"\tat org.apache.spark.sql.delta.DeltaLog$.recordOperation(DeltaLog.scala:598)","logger":"airflow.task.operators.airflow.providers.docker.operators.docker.DockerOperator","filename":"docker.py","lineno":71}
{"timestamp":"2026-05-20T22:58:05.929941Z","level":"info","event":"\tat org.apache.spark.sql.delta.metering.DeltaLogging.recordDeltaOperationInternal(DeltaLogging.scala:132)","logger":"airflow.task.operators.airflow.providers.docker.operators.docker.DockerOperator","filename":"docker.py","lineno":71}
{"timestamp":"2026-05-20T22:58:05.929993Z","level":"info","event":"\tat org.apache.spark.sql.delta.metering.DeltaLogging.recordDeltaOperation(DeltaLogging.scala:122)","logger":"airflow.task.operators.airflow.providers.docker.operators.docker.DockerOperator","filename":"docker.py","lineno":71}
{"timestamp":"2026-05-20T22:58:05.930044Z","level":"info","event":"\tat org.apache.spark.sql.delta.metering.DeltaLogging.recordDeltaOperation$(DeltaLogging.scala:112)","logger":"airflow.task.operators.airflow.providers.docker.operators.docker.DockerOperator","filename":"docker.py","lineno":71}
{"timestamp":"2026-05-20T22:58:05.930093Z","level":"info","event":"\tat org.apache.spark.sql.delta.DeltaLog$.recordDeltaOperation(DeltaLog.scala:598)","logger":"airflow.task.operators.airflow.providers.docker.operators.docker.DockerOperator","filename":"docker.py","lineno":71}
{"timestamp":"2026-05-20T22:58:05.930141Z","level":"info","event":"\tat org.apache.spark.sql.delta.DeltaLog$.createDeltaLog$1(DeltaLog.scala:773)","logger":"airflow.task.operators.airflow.providers.docker.operators.docker.DockerOperator","filename":"docker.py","lineno":71}
{"timestamp":"2026-05-20T22:58:05.930191Z","level":"info","event":"\tat org.apache.spark.sql.delta.DeltaLog$.$anonfun$apply$5(DeltaLog.scala:791)","logger":"airflow.task.operators.airflow.providers.docker.operators.docker.DockerOperator","filename":"docker.py","lineno":71}
{"timestamp":"2026-05-20T22:58:05.930242Z","level":"info","event":"\tat com.google.common.cache.LocalCache$LocalManualCache$1.load(LocalCache.java:4792)","logger":"airflow.task.operators.airflow.providers.docker.operators.docker.DockerOperator","filename":"docker.py","lineno":71}
{"timestamp":"2026-05-20T22:58:05.930293Z","level":"info","event":"\tat com.google.common.cache.LocalCache$LoadingValueReference.loadFuture(LocalCache.java:3599)","logger":"airflow.task.operators.airflow.providers.docker.operators.docker.DockerOperator","filename":"docker.py","lineno":71}
{"timestamp":"2026-05-20T22:58:05.930342Z","level":"info","event":"\tat com.google.common.cache.LocalCache$Segment.loadSync(LocalCache.java:2379)","logger":"airflow.task.operators.airflow.providers.docker.operators.docker.DockerOperator","filename":"docker.py","lineno":71}
{"timestamp":"2026-05-20T22:58:05.930621Z","level":"info","event":"\tat com.google.common.cache.LocalCache$Segment.lockedGetOrLoad(LocalCache.java:2342)","logger":"airflow.task.operators.airflow.providers.docker.operators.docker.DockerOperator","filename":"docker.py","lineno":71}
{"timestamp":"2026-05-20T22:58:05.930697Z","level":"info","event":"\tat com.google.common.cache.LocalCache$Segment.get(LocalCache.java:2257)","logger":"airflow.task.operators.airflow.providers.docker.operators.docker.DockerOperator","filename":"docker.py","lineno":71}
{"timestamp":"2026-05-20T22:58:05.930758Z","level":"info","event":"\tat com.google.common.cache.LocalCache.get(LocalCache.java:4000)","logger":"airflow.task.operators.airflow.providers.docker.operators.docker.DockerOperator","filename":"docker.py","lineno":71}
{"timestamp":"2026-05-20T22:58:05.943949Z","level":"info","event":"\tat com.google.common.cache.LocalCache$LocalManualCache.get(LocalCache.java:4789)","logger":"airflow.task.operators.airflow.providers.docker.operators.docker.DockerOperator","filename":"docker.py","lineno":71}
{"timestamp":"2026-05-20T22:58:05.944150Z","level":"info","event":"\tat org.apache.spark.sql.delta.DeltaLog$.getDeltaLogFromCache$1(DeltaLog.scala:790)","logger":"airflow.task.operators.airflow.providers.docker.operators.docker.DockerOperator","filename":"docker.py","lineno":71}
{"timestamp":"2026-05-20T22:58:05.944240Z","level":"info","event":"\tat org.apache.spark.sql.delta.DeltaLog$.apply(DeltaLog.scala:800)","logger":"airflow.task.operators.airflow.providers.docker.operators.docker.DockerOperator","filename":"docker.py","lineno":71}
{"timestamp":"2026-05-20T22:58:05.944313Z","level":"info","event":"\tat org.apache.spark.sql.delta.DeltaLog$.forTable(DeltaLog.scala:677)","logger":"airflow.task.operators.airflow.providers.docker.operators.docker.DockerOperator","filename":"docker.py","lineno":71}
{"timestamp":"2026-05-20T22:58:05.944379Z","level":"info","event":"\tat org.apache.spark.sql.delta.catalog.DeltaTableV2.$anonfun$deltaLog$1(DeltaTableV2.scala:91)","logger":"airflow.task.operators.airflow.providers.docker.operators.docker.DockerOperator","filename":"docker.py","lineno":71}
{"timestamp":"2026-05-20T22:58:05.944445Z","level":"info","event":"\tat org.apache.spark.sql.delta.catalog.DeltaTableV2$.withEnrichedUnsupportedTableException(DeltaTableV2.scala:364)","logger":"airflow.task.operators.airflow.providers.docker.operators.docker.DockerOperator","filename":"docker.py","lineno":71}
{"timestamp":"2026-05-20T22:58:05.944504Z","level":"info","event":"\tat org.apache.spark.sql.delta.catalog.DeltaTableV2.deltaLog$lzycompute(DeltaTableV2.scala:91)","logger":"airflow.task.operators.airflow.providers.docker.operators.docker.DockerOperator","filename":"docker.py","lineno":71}
{"timestamp":"2026-05-20T22:58:05.944569Z","level":"info","event":"\tat org.apache.spark.sql.delta.catalog.DeltaTableV2.deltaLog(DeltaTableV2.scala:89)","logger":"airflow.task.operators.airflow.providers.docker.operators.docker.DockerOperator","filename":"docker.py","lineno":71}
{"timestamp":"2026-05-20T22:58:05.944622Z","level":"info","event":"\tat org.apache.spark.sql.delta.catalog.DeltaTableV2.$anonfun$initialSnapshot$4(DeltaTableV2.scala:144)","logger":"airflow.task.operators.airflow.providers.docker.operators.docker.DockerOperator","filename":"docker.py","lineno":71}
{"timestamp":"2026-05-20T22:58:05.944674Z","level":"info","event":"\tat scala.Option.getOrElse(Option.scala:189)","logger":"airflow.task.operators.airflow.providers.docker.operators.docker.DockerOperator","filename":"docker.py","lineno":71}
{"timestamp":"2026-05-20T22:58:05.944723Z","level":"info","event":"\tat org.apache.spark.sql.delta.catalog.DeltaTableV2.$anonfun$initialSnapshot$1(DeltaTableV2.scala:144)","logger":"airflow.task.operators.airflow.providers.docker.operators.docker.DockerOperator","filename":"docker.py","lineno":71}
{"timestamp":"2026-05-20T22:58:05.944775Z","level":"info","event":"\tat org.apache.spark.sql.delta.catalog.DeltaTableV2$.withEnrichedUnsupportedTableException(DeltaTableV2.scala:364)","logger":"airflow.task.operators.airflow.providers.docker.operators.docker.DockerOperator","filename":"docker.py","lineno":71}
{"timestamp":"2026-05-20T22:58:05.944859Z","level":"info","event":"\tat org.apache.spark.sql.delta.catalog.DeltaTableV2.initialSnapshot$lzycompute(DeltaTableV2.scala:143)","logger":"airflow.task.operators.airflow.providers.docker.operators.docker.DockerOperator","filename":"docker.py","lineno":71}
{"timestamp":"2026-05-20T22:58:05.944951Z","level":"info","event":"\tat org.apache.spark.sql.delta.catalog.DeltaTableV2.initialSnapshot(DeltaTableV2.scala:123)","logger":"airflow.task.operators.airflow.providers.docker.operators.docker.DockerOperator","filename":"docker.py","lineno":71}
{"timestamp":"2026-05-20T22:58:05.945025Z","level":"info","event":"\tat org.apache.spark.sql.delta.catalog.DeltaTableV2.toBaseRelation$lzycompute(DeltaTableV2.scala:235)","logger":"airflow.task.operators.airflow.providers.docker.operators.docker.DockerOperator","filename":"docker.py","lineno":71}
{"timestamp":"2026-05-20T22:58:05.945093Z","level":"info","event":"\tat org.apache.spark.sql.delta.catalog.DeltaTableV2.toBaseRelation(DeltaTableV2.scala:233)","logger":"airflow.task.operators.airflow.providers.docker.operators.docker.DockerOperator","filename":"docker.py","lineno":71}
{"timestamp":"2026-05-20T22:58:05.945161Z","level":"info","event":"\tat org.apache.spark.sql.delta.sources.DeltaDataSource.$anonfun$createRelation$5(DeltaDataSource.scala:250)","logger":"airflow.task.operators.airflow.providers.docker.operators.docker.DockerOperator","filename":"docker.py","lineno":71}
{"timestamp":"2026-05-20T22:58:05.945230Z","level":"info","event":"\tat org.apache.spark.sql.delta.metering.DeltaLogging.recordFrameProfile(DeltaLogging.scala:140)","logger":"airflow.task.operators.airflow.providers.docker.operators.docker.DockerOperator","filename":"docker.py","lineno":71}
{"timestamp":"2026-05-20T22:58:05.945299Z","level":"info","event":"\tat org.apache.spark.sql.delta.metering.DeltaLogging.recordFrameProfile$(DeltaLogging.scala:138)","logger":"airflow.task.operators.airflow.providers.docker.operators.docker.DockerOperator","filename":"docker.py","lineno":71}
{"timestamp":"2026-05-20T22:58:05.945361Z","level":"info","event":"\tat org.apache.spark.sql.delta.sources.DeltaDataSource.recordFrameProfile(DeltaDataSource.scala:49)","logger":"airflow.task.operators.airflow.providers.docker.operators.docker.DockerOperator","filename":"docker.py","lineno":71}
{"timestamp":"2026-05-20T22:58:05.945421Z","level":"info","event":"\tat org.apache.spark.sql.delta.sources.DeltaDataSource.createRelation(DeltaDataSource.scala:209)","logger":"airflow.task.operators.airflow.providers.docker.operators.docker.DockerOperator","filename":"docker.py","lineno":71}
{"timestamp":"2026-05-20T22:58:05.945478Z","level":"info","event":"\tat org.apache.spark.sql.execution.datasources.DataSource.resolveRelation(DataSource.scala:346)","logger":"airflow.task.operators.airflow.providers.docker.operators.docker.DockerOperator","filename":"docker.py","lineno":71}
{"timestamp":"2026-05-20T22:58:05.945537Z","level":"info","event":"\tat org.apache.spark.sql.DataFrameReader.loadV1Source(DataFrameReader.scala:229)","logger":"airflow.task.operators.airflow.providers.docker.operators.docker.DockerOperator","filename":"docker.py","lineno":71}
{"timestamp":"2026-05-20T22:58:05.945610Z","level":"info","event":"\tat org.apache.spark.sql.DataFrameReader.$anonfun$load$2(DataFrameReader.scala:211)","logger":"airflow.task.operators.airflow.providers.docker.operators.docker.DockerOperator","filename":"docker.py","lineno":71}
{"timestamp":"2026-05-20T22:58:05.945667Z","level":"info","event":"\tat scala.Option.getOrElse(Option.scala:189)","logger":"airflow.task.operators.airflow.providers.docker.operators.docker.DockerOperator","filename":"docker.py","lineno":71}
{"timestamp":"2026-05-20T22:58:05.945721Z","level":"info","event":"\tat org.apache.spark.sql.DataFrameReader.load(DataFrameReader.scala:211)","logger":"airflow.task.operators.airflow.providers.docker.operators.docker.DockerOperator","filename":"docker.py","lineno":71}
{"timestamp":"2026-05-20T22:58:05.945775Z","level":"info","event":"\tat org.apache.spark.sql.DataFrameReader.load(DataFrameReader.scala:186)","logger":"airflow.task.operators.airflow.providers.docker.operators.docker.DockerOperator","filename":"docker.py","lineno":71}
{"timestamp":"2026-05-20T22:58:05.945853Z","level":"info","event":"\tat java.base/jdk.internal.reflect.NativeMethodAccessorImpl.invoke0(Native Method)","logger":"airflow.task.operators.airflow.providers.docker.operators.docker.DockerOperator","filename":"docker.py","lineno":71}
{"timestamp":"2026-05-20T22:58:05.945932Z","level":"info","event":"\tat java.base/jdk.internal.reflect.NativeMethodAccessorImpl.invoke(Unknown Source)","logger":"airflow.task.operators.airflow.providers.docker.operators.docker.DockerOperator","filename":"docker.py","lineno":71}
{"timestamp":"2026-05-20T22:58:05.946002Z","level":"info","event":"\tat java.base/jdk.internal.reflect.DelegatingMethodAccessorImpl.invoke(Unknown Source)","logger":"airflow.task.operators.airflow.providers.docker.operators.docker.DockerOperator","filename":"docker.py","lineno":71}
{"timestamp":"2026-05-20T22:58:05.946070Z","level":"info","event":"\tat java.base/java.lang.reflect.Method.invoke(Unknown Source)","logger":"airflow.task.operators.airflow.providers.docker.operators.docker.DockerOperator","filename":"docker.py","lineno":71}
{"timestamp":"2026-05-20T22:58:05.946135Z","level":"info","event":"\tat py4j.reflection.MethodInvoker.invoke(MethodInvoker.java:244)","logger":"airflow.task.operators.airflow.providers.docker.operators.docker.DockerOperator","filename":"docker.py","lineno":71}
{"timestamp":"2026-05-20T22:58:05.946213Z","level":"info","event":"\tat py4j.reflection.ReflectionEngine.invoke(ReflectionEngine.java:374)","logger":"airflow.task.operators.airflow.providers.docker.operators.docker.DockerOperator","filename":"docker.py","lineno":71}
{"timestamp":"2026-05-20T22:58:05.946282Z","level":"info","event":"\tat py4j.Gateway.invoke(Gateway.java:282)","logger":"airflow.task.operators.airflow.providers.docker.operators.docker.DockerOperator","filename":"docker.py","lineno":71}
{"timestamp":"2026-05-20T22:58:05.946350Z","level":"info","event":"\tat py4j.commands.AbstractCommand.invokeMethod(AbstractCommand.java:132)","logger":"airflow.task.operators.airflow.providers.docker.operators.docker.DockerOperator","filename":"docker.py","lineno":71}
{"timestamp":"2026-05-20T22:58:05.946411Z","level":"info","event":"\tat py4j.commands.CallCommand.execute(CallCommand.java:79)","logger":"airflow.task.operators.airflow.providers.docker.operators.docker.DockerOperator","filename":"docker.py","lineno":71}
{"timestamp":"2026-05-20T22:58:05.946466Z","level":"info","event":"\tat py4j.ClientServerConnection.waitForCommands(ClientServerConnection.java:182)","logger":"airflow.task.operators.airflow.providers.docker.operators.docker.DockerOperator","filename":"docker.py","lineno":71}
{"timestamp":"2026-05-20T22:58:05.946515Z","level":"info","event":"\tat py4j.ClientServerConnection.run(ClientServerConnection.java:106)","logger":"airflow.task.operators.airflow.providers.docker.operators.docker.DockerOperator","filename":"docker.py","lineno":71}
{"timestamp":"2026-05-20T22:58:05.946566Z","level":"info","event":"\tat java.base/java.lang.Thread.run(Unknown Source)","logger":"airflow.task.operators.airflow.providers.docker.operators.docker.DockerOperator","filename":"docker.py","lineno":71}
{"timestamp":"2026-05-20T22:58:05.946614Z","level":"info","event":"Caused by: java.lang.RuntimeException: java.lang.ClassNotFoundException: Class org.apache.hadoop.fs.s3a.S3AFileSystem not found","logger":"airflow.task.operators.airflow.providers.docker.operators.docker.DockerOperator","filename":"docker.py","lineno":71}
{"timestamp":"2026-05-20T22:58:05.946665Z","level":"info","event":"\tat org.apache.hadoop.conf.Configuration.getClass(Configuration.java:2688)","logger":"airflow.task.operators.airflow.providers.docker.operators.docker.DockerOperator","filename":"docker.py","lineno":71}
{"timestamp":"2026-05-20T22:58:05.946716Z","level":"info","event":"\tat org.apache.hadoop.fs.FileSystem.getFileSystemClass(FileSystem.java:3431)","logger":"airflow.task.operators.airflow.providers.docker.operators.docker.DockerOperator","filename":"docker.py","lineno":71}
{"timestamp":"2026-05-20T22:58:05.946766Z","level":"info","event":"\tat org.apache.hadoop.fs.FileSystem.createFileSystem(FileSystem.java:3466)","logger":"airflow.task.operators.airflow.providers.docker.operators.docker.DockerOperator","filename":"docker.py","lineno":71}
{"timestamp":"2026-05-20T22:58:05.946816Z","level":"info","event":"\tat org.apache.hadoop.fs.FileSystem.access$300(FileSystem.java:174)","logger":"airflow.task.operators.airflow.providers.docker.operators.docker.DockerOperator","filename":"docker.py","lineno":71}
{"timestamp":"2026-05-20T22:58:05.947066Z","level":"info","event":"\tat org.apache.hadoop.fs.FileSystem$Cache.getInternal(FileSystem.java:3574)","logger":"airflow.task.operators.airflow.providers.docker.operators.docker.DockerOperator","filename":"docker.py","lineno":71}
{"timestamp":"2026-05-20T22:58:05.947116Z","level":"info","event":"\tat org.apache.hadoop.fs.FileSystem$Cache.get(FileSystem.java:3521)","logger":"airflow.task.operators.airflow.providers.docker.operators.docker.DockerOperator","filename":"docker.py","lineno":71}
{"timestamp":"2026-05-20T22:58:05.947150Z","level":"info","event":"\tat org.apache.hadoop.fs.FileSystem.get(FileSystem.java:540)","logger":"airflow.task.operators.airflow.providers.docker.operators.docker.DockerOperator","filename":"docker.py","lineno":71}
{"timestamp":"2026-05-20T22:58:05.947181Z","level":"info","event":"\tat org.apache.hadoop.fs.Path.getFileSystem(Path.java:365)","logger":"airflow.task.operators.airflow.providers.docker.operators.docker.DockerOperator","filename":"docker.py","lineno":71}
{"timestamp":"2026-05-20T22:58:05.947210Z","level":"info","event":"\tat org.apache.hadoop.mapreduce.lib.input.LineRecordReader.initialize(LineRecordReader.java:88)","logger":"airflow.task.operators.airflow.providers.docker.operators.docker.DockerOperator","filename":"docker.py","lineno":71}
{"timestamp":"2026-05-20T22:58:05.947239Z","level":"info","event":"\tat org.apache.spark.sql.execution.datasources.HadoopFileLinesReader.<init>(HadoopFileLinesReader.scala:63)","logger":"airflow.task.operators.airflow.providers.docker.operators.docker.DockerOperator","filename":"docker.py","lineno":71}
{"timestamp":"2026-05-20T22:58:05.947269Z","level":"info","event":"\tat org.apache.spark.sql.execution.datasources.json.TextInputJsonDataSource$.readFile(JsonDataSource.scala:132)","logger":"airflow.task.operators.airflow.providers.docker.operators.docker.DockerOperator","filename":"docker.py","lineno":71}
{"timestamp":"2026-05-20T22:58:05.947298Z","level":"info","event":"\tat org.apache.spark.sql.execution.datasources.json.JsonFileFormat.$anonfun$buildReader$2(JsonFileFormat.scala:126)","logger":"airflow.task.operators.airflow.providers.docker.operators.docker.DockerOperator","filename":"docker.py","lineno":71}
{"timestamp":"2026-05-20T22:58:05.947328Z","level":"info","event":"\tat org.apache.spark.sql.execution.datasources.FileFormat$$anon$1.apply(FileFormat.scala:160)","logger":"airflow.task.operators.airflow.providers.docker.operators.docker.DockerOperator","filename":"docker.py","lineno":71}
{"timestamp":"2026-05-20T22:58:05.947358Z","level":"info","event":"\tat org.apache.spark.sql.execution.datasources.FileFormat$$anon$1.apply(FileFormat.scala:140)","logger":"airflow.task.operators.airflow.providers.docker.operators.docker.DockerOperator","filename":"docker.py","lineno":71}
{"timestamp":"2026-05-20T22:58:05.947386Z","level":"info","event":"\tat org.apache.spark.sql.execution.datasources.FileScanRDD$$anon$1.org$apache$spark$sql$execution$datasources$FileScanRDD$$anon$$readCurrentFile(FileScanRDD.scala:217)","logger":"airflow.task.operators.airflow.providers.docker.operators.docker.DockerOperator","filename":"docker.py","lineno":71}
{"timestamp":"2026-05-20T22:58:05.947423Z","level":"info","event":"\tat org.apache.spark.sql.execution.datasources.FileScanRDD$$anon$1.nextIterator(FileScanRDD.scala:279)","logger":"airflow.task.operators.airflow.providers.docker.operators.docker.DockerOperator","filename":"docker.py","lineno":71}
{"timestamp":"2026-05-20T22:58:05.947454Z","level":"info","event":"\tat org.apache.spark.sql.execution.datasources.FileScanRDD$$anon$1.hasNext(FileScanRDD.scala:129)","logger":"airflow.task.operators.airflow.providers.docker.operators.docker.DockerOperator","filename":"docker.py","lineno":71}
{"timestamp":"2026-05-20T22:58:05.947485Z","level":"info","event":"\tat scala.collection.Iterator$$anon$10.hasNext(Iterator.scala:460)","logger":"airflow.task.operators.airflow.providers.docker.operators.docker.DockerOperator","filename":"docker.py","lineno":71}
{"timestamp":"2026-05-20T22:58:05.947515Z","level":"info","event":"\tat org.apache.spark.sql.catalyst.expressions.GeneratedClass$GeneratedIteratorForCodegenStage1.processNext(Unknown Source)","logger":"airflow.task.operators.airflow.providers.docker.operators.docker.DockerOperator","filename":"docker.py","lineno":71}
{"timestamp":"2026-05-20T22:58:05.947544Z","level":"info","event":"\tat org.apache.spark.sql.execution.BufferedRowIterator.hasNext(BufferedRowIterator.java:43)","logger":"airflow.task.operators.airflow.providers.docker.operators.docker.DockerOperator","filename":"docker.py","lineno":71}
{"timestamp":"2026-05-20T22:58:05.947572Z","level":"info","event":"\tat org.apache.spark.sql.execution.WholeStageCodegenEvaluatorFactory$WholeStageCodegenPartitionEvaluator$$anon$1.hasNext(WholeStageCodegenEvaluatorFactory.scala:43)","logger":"airflow.task.operators.airflow.providers.docker.operators.docker.DockerOperator","filename":"docker.py","lineno":71}
{"timestamp":"2026-05-20T22:58:05.947601Z","level":"info","event":"\tat org.apache.spark.sql.execution.SparkPlan.$anonfun$getByteArrayRdd$1(SparkPlan.scala:388)","logger":"airflow.task.operators.airflow.providers.docker.operators.docker.DockerOperator","filename":"docker.py","lineno":71}
{"timestamp":"2026-05-20T22:58:05.947629Z","level":"info","event":"\tat org.apache.spark.rdd.RDD.$anonfun$mapPartitionsInternal$2(RDD.scala:890)","logger":"airflow.task.operators.airflow.providers.docker.operators.docker.DockerOperator","filename":"docker.py","lineno":71}
{"timestamp":"2026-05-20T22:58:05.947657Z","level":"info","event":"\tat org.apache.spark.rdd.RDD.$anonfun$mapPartitionsInternal$2$adapted(RDD.scala:890)","logger":"airflow.task.operators.airflow.providers.docker.operators.docker.DockerOperator","filename":"docker.py","lineno":71}
{"timestamp":"2026-05-20T22:58:05.947685Z","level":"info","event":"\tat org.apache.spark.rdd.MapPartitionsRDD.compute(MapPartitionsRDD.scala:52)","logger":"airflow.task.operators.airflow.providers.docker.operators.docker.DockerOperator","filename":"docker.py","lineno":71}
{"timestamp":"2026-05-20T22:58:05.947714Z","level":"info","event":"\tat org.apache.spark.rdd.RDD.computeOrReadCheckpoint(RDD.scala:364)","logger":"airflow.task.operators.airflow.providers.docker.operators.docker.DockerOperator","filename":"docker.py","lineno":71}
{"timestamp":"2026-05-20T22:58:05.947744Z","level":"info","event":"\tat org.apache.spark.rdd.RDD.iterator(RDD.scala:328)","logger":"airflow.task.operators.airflow.providers.docker.operators.docker.DockerOperator","filename":"docker.py","lineno":71}
{"timestamp":"2026-05-20T22:58:05.947772Z","level":"info","event":"\tat org.apache.spark.scheduler.ResultTask.runTask(ResultTask.scala:93)","logger":"airflow.task.operators.airflow.providers.docker.operators.docker.DockerOperator","filename":"docker.py","lineno":71}
{"timestamp":"2026-05-20T22:58:05.947800Z","level":"info","event":"\tat org.apache.spark.TaskContext.runTaskWithListeners(TaskContext.scala:161)","logger":"airflow.task.operators.airflow.providers.docker.operators.docker.DockerOperator","filename":"docker.py","lineno":71}
{"timestamp":"2026-05-20T22:58:05.947864Z","level":"info","event":"\tat org.apache.spark.scheduler.Task.run(Task.scala:141)","logger":"airflow.task.operators.airflow.providers.docker.operators.docker.DockerOperator","filename":"docker.py","lineno":71}
{"timestamp":"2026-05-20T22:58:05.948184Z","level":"info","event":"\tat org.apache.spark.executor.Executor$TaskRunner.$anonfun$run$4(Executor.scala:620)","logger":"airflow.task.operators.airflow.providers.docker.operators.docker.DockerOperator","filename":"docker.py","lineno":71}
{"timestamp":"2026-05-20T22:58:05.948266Z","level":"info","event":"\tat org.apache.spark.util.SparkErrorUtils.tryWithSafeFinally(SparkErrorUtils.scala:64)","logger":"airflow.task.operators.airflow.providers.docker.operators.docker.DockerOperator","filename":"docker.py","lineno":71}
{"timestamp":"2026-05-20T22:58:05.948322Z","level":"info","event":"\tat org.apache.spark.util.SparkErrorUtils.tryWithSafeFinally$(SparkErrorUtils.scala:61)","logger":"airflow.task.operators.airflow.providers.docker.operators.docker.DockerOperator","filename":"docker.py","lineno":71}
{"timestamp":"2026-05-20T22:58:05.948381Z","level":"info","event":"\tat org.apache.spark.util.Utils$.tryWithSafeFinally(Utils.scala:94)","logger":"airflow.task.operators.airflow.providers.docker.operators.docker.DockerOperator","filename":"docker.py","lineno":71}
{"timestamp":"2026-05-20T22:58:05.948441Z","level":"info","event":"\tat org.apache.spark.executor.Executor$TaskRunner.run(Executor.scala:623)","logger":"airflow.task.operators.airflow.providers.docker.operators.docker.DockerOperator","filename":"docker.py","lineno":71}
{"timestamp":"2026-05-20T22:58:05.948492Z","level":"info","event":"\tat java.base/java.util.concurrent.ThreadPoolExecutor.runWorker(Unknown Source)","logger":"airflow.task.operators.airflow.providers.docker.operators.docker.DockerOperator","filename":"docker.py","lineno":71}
{"timestamp":"2026-05-20T22:58:05.948545Z","level":"info","event":"\tat java.base/java.util.concurrent.ThreadPoolExecutor$Worker.run(Unknown Source)","logger":"airflow.task.operators.airflow.providers.docker.operators.docker.DockerOperator","filename":"docker.py","lineno":71}
{"timestamp":"2026-05-20T22:58:05.948600Z","level":"info","event":"\t... 1 more","logger":"airflow.task.operators.airflow.providers.docker.operators.docker.DockerOperator","filename":"docker.py","lineno":71}
{"timestamp":"2026-05-20T22:58:05.948656Z","level":"info","event":"Caused by: java.lang.ClassNotFoundException: Class org.apache.hadoop.fs.s3a.S3AFileSystem not found","logger":"airflow.task.operators.airflow.providers.docker.operators.docker.DockerOperator","filename":"docker.py","lineno":71}
{"timestamp":"2026-05-20T22:58:05.948709Z","level":"info","event":"\tat org.apache.hadoop.conf.Configuration.getClassByName(Configuration.java:2592)","logger":"airflow.task.operators.airflow.providers.docker.operators.docker.DockerOperator","filename":"docker.py","lineno":71}
{"timestamp":"2026-05-20T22:58:05.948763Z","level":"info","event":"\tat org.apache.hadoop.conf.Configuration.getClass(Configuration.java:2686)","logger":"airflow.task.operators.airflow.providers.docker.operators.docker.DockerOperator","filename":"docker.py","lineno":71}
{"timestamp":"2026-05-20T22:58:05.948813Z","level":"info","event":"\t... 37 more","logger":"airflow.task.operators.airflow.providers.docker.operators.docker.DockerOperator","filename":"docker.py","lineno":71}
{"timestamp":"2026-05-20T22:58:05.948922Z","level":"info","event":"","logger":"airflow.task.operators.airflow.providers.docker.operators.docker.DockerOperator","filename":"docker.py","lineno":71}
{"timestamp":"2026-05-20T22:58:05.949195Z","level":"info","event":"26/05/20 22:58:05 INFO BlockManagerInfo: Removed broadcast_4_piece0 on 172.20.0.21:46005 in memory (size: 34.9 KiB, free: 434.3 MiB)","logger":"airflow.task.operators.airflow.providers.docker.operators.docker.DockerOperator","filename":"docker.py","lineno":71}
{"timestamp":"2026-05-20T22:58:05.949396Z","level":"info","event":"2026-05-20 22:58:05,922 - ERROR - Error processing table sales_by_country: An error occurred while calling o53.load.","logger":"airflow.task.operators.airflow.providers.docker.operators.docker.DockerOperator","filename":"docker.py","lineno":71}
{"timestamp":"2026-05-20T22:58:05.949477Z","level":"info","event":": org.apache.spark.SparkException: Job aborted due to stage failure: Task 0 in stage 3.0 failed 4 times, most recent failure: Lost task 0.3 in stage 3.0 (TID 25) (172.20.0.20 executor 0): java.lang.RuntimeException: java.lang.ClassNotFoundException: Class org.apache.hadoop.fs.s3a.S3AFileSystem not found","logger":"airflow.task.operators.airflow.providers.docker.operators.docker.DockerOperator","filename":"docker.py","lineno":71}
{"timestamp":"2026-05-20T22:58:05.949540Z","level":"info","event":"\tat org.apache.hadoop.conf.Configuration.getClass(Configuration.java:2688)","logger":"airflow.task.operators.airflow.providers.docker.operators.docker.DockerOperator","filename":"docker.py","lineno":71}
{"timestamp":"2026-05-20T22:58:05.949601Z","level":"info","event":"\tat org.apache.hadoop.fs.FileSystem.getFileSystemClass(FileSystem.java:3431)","logger":"airflow.task.operators.airflow.providers.docker.operators.docker.DockerOperator","filename":"docker.py","lineno":71}
{"timestamp":"2026-05-20T22:58:05.949665Z","level":"info","event":"\tat org.apache.hadoop.fs.FileSystem.createFileSystem(FileSystem.java:3466)","logger":"airflow.task.operators.airflow.providers.docker.operators.docker.DockerOperator","filename":"docker.py","lineno":71}
{"timestamp":"2026-05-20T22:58:05.949840Z","level":"info","event":"\tat org.apache.hadoop.fs.FileSystem.access$300(FileSystem.java:174)","logger":"airflow.task.operators.airflow.providers.docker.operators.docker.DockerOperator","filename":"docker.py","lineno":71}
{"timestamp":"2026-05-20T22:58:05.949933Z","level":"info","event":"\tat org.apache.hadoop.fs.FileSystem$Cache.getInternal(FileSystem.java:3574)","logger":"airflow.task.operators.airflow.providers.docker.operators.docker.DockerOperator","filename":"docker.py","lineno":71}
{"timestamp":"2026-05-20T22:58:05.949996Z","level":"info","event":"\tat org.apache.hadoop.fs.FileSystem$Cache.get(FileSystem.java:3521)","logger":"airflow.task.operators.airflow.providers.docker.operators.docker.DockerOperator","filename":"docker.py","lineno":71}
{"timestamp":"2026-05-20T22:58:05.950049Z","level":"info","event":"\tat org.apache.hadoop.fs.FileSystem.get(FileSystem.java:540)","logger":"airflow.task.operators.airflow.providers.docker.operators.docker.DockerOperator","filename":"docker.py","lineno":71}
{"timestamp":"2026-05-20T22:58:05.950101Z","level":"info","event":"\tat org.apache.hadoop.fs.Path.getFileSystem(Path.java:365)","logger":"airflow.task.operators.airflow.providers.docker.operators.docker.DockerOperator","filename":"docker.py","lineno":71}
{"timestamp":"2026-05-20T22:58:05.950153Z","level":"info","event":"\tat org.apache.hadoop.mapreduce.lib.input.LineRecordReader.initialize(LineRecordReader.java:88)","logger":"airflow.task.operators.airflow.providers.docker.operators.docker.DockerOperator","filename":"docker.py","lineno":71}
{"timestamp":"2026-05-20T22:58:05.950205Z","level":"info","event":"\tat org.apache.spark.sql.execution.datasources.HadoopFileLinesReader.<init>(HadoopFileLinesReader.scala:63)","logger":"airflow.task.operators.airflow.providers.docker.operators.docker.DockerOperator","filename":"docker.py","lineno":71}
{"timestamp":"2026-05-20T22:58:05.950263Z","level":"info","event":"\tat org.apache.spark.sql.execution.datasources.json.TextInputJsonDataSource$.readFile(JsonDataSource.scala:132)","logger":"airflow.task.operators.airflow.providers.docker.operators.docker.DockerOperator","filename":"docker.py","lineno":71}
{"timestamp":"2026-05-20T22:58:05.950332Z","level":"info","event":"\tat org.apache.spark.sql.execution.datasources.json.JsonFileFormat.$anonfun$buildReader$2(JsonFileFormat.scala:126)","logger":"airflow.task.operators.airflow.providers.docker.operators.docker.DockerOperator","filename":"docker.py","lineno":71}
{"timestamp":"2026-05-20T22:58:05.950395Z","level":"info","event":"\tat org.apache.spark.sql.execution.datasources.FileFormat$$anon$1.apply(FileFormat.scala:160)","logger":"airflow.task.operators.airflow.providers.docker.operators.docker.DockerOperator","filename":"docker.py","lineno":71}
{"timestamp":"2026-05-20T22:58:05.950455Z","level":"info","event":"\tat org.apache.spark.sql.execution.datasources.FileFormat$$anon$1.apply(FileFormat.scala:140)","logger":"airflow.task.operators.airflow.providers.docker.operators.docker.DockerOperator","filename":"docker.py","lineno":71}
{"timestamp":"2026-05-20T22:58:05.950515Z","level":"info","event":"\tat org.apache.spark.sql.execution.datasources.FileScanRDD$$anon$1.org$apache$spark$sql$execution$datasources$FileScanRDD$$anon$$readCurrentFile(FileScanRDD.scala:217)","logger":"airflow.task.operators.airflow.providers.docker.operators.docker.DockerOperator","filename":"docker.py","lineno":71}
{"timestamp":"2026-05-20T22:58:05.950569Z","level":"info","event":"\tat org.apache.spark.sql.execution.datasources.FileScanRDD$$anon$1.nextIterator(FileScanRDD.scala:279)","logger":"airflow.task.operators.airflow.providers.docker.operators.docker.DockerOperator","filename":"docker.py","lineno":71}
{"timestamp":"2026-05-20T22:58:05.950643Z","level":"info","event":"\tat org.apache.spark.sql.execution.datasources.FileScanRDD$$anon$1.hasNext(FileScanRDD.scala:129)","logger":"airflow.task.operators.airflow.providers.docker.operators.docker.DockerOperator","filename":"docker.py","lineno":71}
{"timestamp":"2026-05-20T22:58:05.950702Z","level":"info","event":"\tat scala.collection.Iterator$$anon$10.hasNext(Iterator.scala:460)","logger":"airflow.task.operators.airflow.providers.docker.operators.docker.DockerOperator","filename":"docker.py","lineno":71}
{"timestamp":"2026-05-20T22:58:05.950758Z","level":"info","event":"\tat org.apache.spark.sql.catalyst.expressions.GeneratedClass$GeneratedIteratorForCodegenStage1.processNext(Unknown Source)","logger":"airflow.task.operators.airflow.providers.docker.operators.docker.DockerOperator","filename":"docker.py","lineno":71}
{"timestamp":"2026-05-20T22:58:05.950818Z","level":"info","event":"\tat org.apache.spark.sql.execution.BufferedRowIterator.hasNext(BufferedRowIterator.java:43)","logger":"airflow.task.operators.airflow.providers.docker.operators.docker.DockerOperator","filename":"docker.py","lineno":71}
{"timestamp":"2026-05-20T22:58:05.950923Z","level":"info","event":"\tat org.apache.spark.sql.execution.WholeStageCodegenEvaluatorFactory$WholeStageCodegenPartitionEvaluator$$anon$1.hasNext(WholeStageCodegenEvaluatorFactory.scala:43)","logger":"airflow.task.operators.airflow.providers.docker.operators.docker.DockerOperator","filename":"docker.py","lineno":71}
{"timestamp":"2026-05-20T22:58:05.950993Z","level":"info","event":"\tat org.apache.spark.sql.execution.SparkPlan.$anonfun$getByteArrayRdd$1(SparkPlan.scala:388)","logger":"airflow.task.operators.airflow.providers.docker.operators.docker.DockerOperator","filename":"docker.py","lineno":71}
{"timestamp":"2026-05-20T22:58:05.951053Z","level":"info","event":"\tat org.apache.spark.rdd.RDD.$anonfun$mapPartitionsInternal$2(RDD.scala:890)","logger":"airflow.task.operators.airflow.providers.docker.operators.docker.DockerOperator","filename":"docker.py","lineno":71}
{"timestamp":"2026-05-20T22:58:05.951109Z","level":"info","event":"\tat org.apache.spark.rdd.RDD.$anonfun$mapPartitionsInternal$2$adapted(RDD.scala:890)","logger":"airflow.task.operators.airflow.providers.docker.operators.docker.DockerOperator","filename":"docker.py","lineno":71}
{"timestamp":"2026-05-20T22:58:05.951167Z","level":"info","event":"\tat org.apache.spark.rdd.MapPartitionsRDD.compute(MapPartitionsRDD.scala:52)","logger":"airflow.task.operators.airflow.providers.docker.operators.docker.DockerOperator","filename":"docker.py","lineno":71}
{"timestamp":"2026-05-20T22:58:05.951223Z","level":"info","event":"\tat org.apache.spark.rdd.RDD.computeOrReadCheckpoint(RDD.scala:364)","logger":"airflow.task.operators.airflow.providers.docker.operators.docker.DockerOperator","filename":"docker.py","lineno":71}
{"timestamp":"2026-05-20T22:58:05.951272Z","level":"info","event":"\tat org.apache.spark.rdd.RDD.iterator(RDD.scala:328)","logger":"airflow.task.operators.airflow.providers.docker.operators.docker.DockerOperator","filename":"docker.py","lineno":71}
{"timestamp":"2026-05-20T22:58:05.951325Z","level":"info","event":"\tat org.apache.spark.scheduler.ResultTask.runTask(ResultTask.scala:93)","logger":"airflow.task.operators.airflow.providers.docker.operators.docker.DockerOperator","filename":"docker.py","lineno":71}
{"timestamp":"2026-05-20T22:58:05.951360Z","level":"info","event":"\tat org.apache.spark.TaskContext.runTaskWithListeners(TaskContext.scala:161)","logger":"airflow.task.operators.airflow.providers.docker.operators.docker.DockerOperator","filename":"docker.py","lineno":71}
{"timestamp":"2026-05-20T22:58:05.951394Z","level":"info","event":"\tat org.apache.spark.scheduler.Task.run(Task.scala:141)","logger":"airflow.task.operators.airflow.providers.docker.operators.docker.DockerOperator","filename":"docker.py","lineno":71}
{"timestamp":"2026-05-20T22:58:05.951427Z","level":"info","event":"\tat org.apache.spark.executor.Executor$TaskRunner.$anonfun$run$4(Executor.scala:620)","logger":"airflow.task.operators.airflow.providers.docker.operators.docker.DockerOperator","filename":"docker.py","lineno":71}
{"timestamp":"2026-05-20T22:58:05.951457Z","level":"info","event":"\tat org.apache.spark.util.SparkErrorUtils.tryWithSafeFinally(SparkErrorUtils.scala:64)","logger":"airflow.task.operators.airflow.providers.docker.operators.docker.DockerOperator","filename":"docker.py","lineno":71}
{"timestamp":"2026-05-20T22:58:05.951485Z","level":"info","event":"\tat org.apache.spark.util.SparkErrorUtils.tryWithSafeFinally$(SparkErrorUtils.scala:61)","logger":"airflow.task.operators.airflow.providers.docker.operators.docker.DockerOperator","filename":"docker.py","lineno":71}
{"timestamp":"2026-05-20T22:58:05.951513Z","level":"info","event":"\tat org.apache.spark.util.Utils$.tryWithSafeFinally(Utils.scala:94)","logger":"airflow.task.operators.airflow.providers.docker.operators.docker.DockerOperator","filename":"docker.py","lineno":71}
{"timestamp":"2026-05-20T22:58:05.951541Z","level":"info","event":"\tat org.apache.spark.executor.Executor$TaskRunner.run(Executor.scala:623)","logger":"airflow.task.operators.airflow.providers.docker.operators.docker.DockerOperator","filename":"docker.py","lineno":71}
{"timestamp":"2026-05-20T22:58:05.951588Z","level":"info","event":"\tat java.base/java.util.concurrent.ThreadPoolExecutor.runWorker(Unknown Source)","logger":"airflow.task.operators.airflow.providers.docker.operators.docker.DockerOperator","filename":"docker.py","lineno":71}
{"timestamp":"2026-05-20T22:58:05.951647Z","level":"info","event":"\tat java.base/java.util.concurrent.ThreadPoolExecutor$Worker.run(Unknown Source)","logger":"airflow.task.operators.airflow.providers.docker.operators.docker.DockerOperator","filename":"docker.py","lineno":71}
{"timestamp":"2026-05-20T22:58:05.951707Z","level":"info","event":"\tat java.base/java.lang.Thread.run(Unknown Source)","logger":"airflow.task.operators.airflow.providers.docker.operators.docker.DockerOperator","filename":"docker.py","lineno":71}
{"timestamp":"2026-05-20T22:58:05.951766Z","level":"info","event":"Caused by: java.lang.ClassNotFoundException: Class org.apache.hadoop.fs.s3a.S3AFileSystem not found","logger":"airflow.task.operators.airflow.providers.docker.operators.docker.DockerOperator","filename":"docker.py","lineno":71}
{"timestamp":"2026-05-20T22:58:05.951886Z","level":"info","event":"\tat org.apache.hadoop.conf.Configuration.getClassByName(Configuration.java:2592)","logger":"airflow.task.operators.airflow.providers.docker.operators.docker.DockerOperator","filename":"docker.py","lineno":71}
{"timestamp":"2026-05-20T22:58:05.952090Z","level":"info","event":"\tat org.apache.hadoop.conf.Configuration.getClass(Configuration.java:2686)","logger":"airflow.task.operators.airflow.providers.docker.operators.docker.DockerOperator","filename":"docker.py","lineno":71}
{"timestamp":"2026-05-20T22:58:05.952159Z","level":"info","event":"\t... 37 more","logger":"airflow.task.operators.airflow.providers.docker.operators.docker.DockerOperator","filename":"docker.py","lineno":71}
{"timestamp":"2026-05-20T22:58:05.952222Z","level":"info","event":"","logger":"airflow.task.operators.airflow.providers.docker.operators.docker.DockerOperator","filename":"docker.py","lineno":71}
{"timestamp":"2026-05-20T22:58:05.952285Z","level":"info","event":"Driver stacktrace:","logger":"airflow.task.operators.airflow.providers.docker.operators.docker.DockerOperator","filename":"docker.py","lineno":71}
{"timestamp":"2026-05-20T22:58:05.952347Z","level":"info","event":"\tat org.apache.spark.scheduler.DAGScheduler.failJobAndIndependentStages(DAGScheduler.scala:2844)","logger":"airflow.task.operators.airflow.providers.docker.operators.docker.DockerOperator","filename":"docker.py","lineno":71}
{"timestamp":"2026-05-20T22:58:05.952408Z","level":"info","event":"\tat org.apache.spark.scheduler.DAGScheduler.$anonfun$abortStage$2(DAGScheduler.scala:2780)","logger":"airflow.task.operators.airflow.providers.docker.operators.docker.DockerOperator","filename":"docker.py","lineno":71}
{"timestamp":"2026-05-20T22:58:05.952472Z","level":"info","event":"\tat org.apache.spark.scheduler.DAGScheduler.$anonfun$abortStage$2$adapted(DAGScheduler.scala:2779)","logger":"airflow.task.operators.airflow.providers.docker.operators.docker.DockerOperator","filename":"docker.py","lineno":71}
{"timestamp":"2026-05-20T22:58:05.952532Z","level":"info","event":"\tat scala.collection.mutable.ResizableArray.foreach(ResizableArray.scala:62)","logger":"airflow.task.operators.airflow.providers.docker.operators.docker.DockerOperator","filename":"docker.py","lineno":71}
{"timestamp":"2026-05-20T22:58:05.952585Z","level":"info","event":"\tat scala.collection.mutable.ResizableArray.foreach$(ResizableArray.scala:55)","logger":"airflow.task.operators.airflow.providers.docker.operators.docker.DockerOperator","filename":"docker.py","lineno":71}
{"timestamp":"2026-05-20T22:58:05.952642Z","level":"info","event":"\tat scala.collection.mutable.ArrayBuffer.foreach(ArrayBuffer.scala:49)","logger":"airflow.task.operators.airflow.providers.docker.operators.docker.DockerOperator","filename":"docker.py","lineno":71}
{"timestamp":"2026-05-20T22:58:05.952697Z","level":"info","event":"\tat org.apache.spark.scheduler.DAGScheduler.abortStage(DAGScheduler.scala:2779)","logger":"airflow.task.operators.airflow.providers.docker.operators.docker.DockerOperator","filename":"docker.py","lineno":71}
{"timestamp":"2026-05-20T22:58:05.952757Z","level":"info","event":"\tat org.apache.spark.scheduler.DAGScheduler.$anonfun$handleTaskSetFailed$1(DAGScheduler.scala:1242)","logger":"airflow.task.operators.airflow.providers.docker.operators.docker.DockerOperator","filename":"docker.py","lineno":71}
{"timestamp":"2026-05-20T22:58:05.952819Z","level":"info","event":"\tat org.apache.spark.scheduler.DAGScheduler.$anonfun$handleTaskSetFailed$1$adapted(DAGScheduler.scala:1242)","logger":"airflow.task.operators.airflow.providers.docker.operators.docker.DockerOperator","filename":"docker.py","lineno":71}
{"timestamp":"2026-05-20T22:58:05.952934Z","level":"info","event":"\tat scala.Option.foreach(Option.scala:407)","logger":"airflow.task.operators.airflow.providers.docker.operators.docker.DockerOperator","filename":"docker.py","lineno":71}
{"timestamp":"2026-05-20T22:58:05.953005Z","level":"info","event":"\tat org.apache.spark.scheduler.DAGScheduler.handleTaskSetFailed(DAGScheduler.scala:1242)","logger":"airflow.task.operators.airflow.providers.docker.operators.docker.DockerOperator","filename":"docker.py","lineno":71}
{"timestamp":"2026-05-20T22:58:05.953068Z","level":"info","event":"\tat org.apache.spark.scheduler.DAGSchedulerEventProcessLoop.doOnReceive(DAGScheduler.scala:3048)","logger":"airflow.task.operators.airflow.providers.docker.operators.docker.DockerOperator","filename":"docker.py","lineno":71}
{"timestamp":"2026-05-20T22:58:05.953130Z","level":"info","event":"\tat org.apache.spark.scheduler.DAGSchedulerEventProcessLoop.onReceive(DAGScheduler.scala:2982)","logger":"airflow.task.operators.airflow.providers.docker.operators.docker.DockerOperator","filename":"docker.py","lineno":71}
{"timestamp":"2026-05-20T22:58:05.953187Z","level":"info","event":"\tat org.apache.spark.scheduler.DAGSchedulerEventProcessLoop.onReceive(DAGScheduler.scala:2971)","logger":"airflow.task.operators.airflow.providers.docker.operators.docker.DockerOperator","filename":"docker.py","lineno":71}
{"timestamp":"2026-05-20T22:58:05.953239Z","level":"info","event":"\tat org.apache.spark.util.EventLoop$$anon$1.run(EventLoop.scala:49)","logger":"airflow.task.operators.airflow.providers.docker.operators.docker.DockerOperator","filename":"docker.py","lineno":71}
{"timestamp":"2026-05-20T22:58:05.953293Z","level":"info","event":"\tat org.apache.spark.scheduler.DAGScheduler.runJob(DAGScheduler.scala:984)","logger":"airflow.task.operators.airflow.providers.docker.operators.docker.DockerOperator","filename":"docker.py","lineno":71}
{"timestamp":"2026-05-20T22:58:05.953355Z","level":"info","event":"\tat org.apache.spark.SparkContext.runJob(SparkContext.scala:2398)","logger":"airflow.task.operators.airflow.providers.docker.operators.docker.DockerOperator","filename":"docker.py","lineno":71}
{"timestamp":"2026-05-20T22:58:05.953411Z","level":"info","event":"\tat org.apache.spark.SparkContext.runJob(SparkContext.scala:2419)","logger":"airflow.task.operators.airflow.providers.docker.operators.docker.DockerOperator","filename":"docker.py","lineno":71}
{"timestamp":"2026-05-20T22:58:05.953465Z","level":"info","event":"\tat org.apache.spark.SparkContext.runJob(SparkContext.scala:2438)","logger":"airflow.task.operators.airflow.providers.docker.operators.docker.DockerOperator","filename":"docker.py","lineno":71}
{"timestamp":"2026-05-20T22:58:05.953514Z","level":"info","event":"\tat org.apache.spark.SparkContext.runJob(SparkContext.scala:2463)","logger":"airflow.task.operators.airflow.providers.docker.operators.docker.DockerOperator","filename":"docker.py","lineno":71}
{"timestamp":"2026-05-20T22:58:05.953560Z","level":"info","event":"\tat org.apache.spark.rdd.RDD.$anonfun$collect$1(RDD.scala:1046)","logger":"airflow.task.operators.airflow.providers.docker.operators.docker.DockerOperator","filename":"docker.py","lineno":71}
{"timestamp":"2026-05-20T22:58:05.953607Z","level":"info","event":"\tat org.apache.spark.rdd.RDDOperationScope$.withScope(RDDOperationScope.scala:151)","logger":"airflow.task.operators.airflow.providers.docker.operators.docker.DockerOperator","filename":"docker.py","lineno":71}
{"timestamp":"2026-05-20T22:58:05.953652Z","level":"info","event":"\tat org.apache.spark.rdd.RDDOperationScope$.withScope(RDDOperationScope.scala:112)","logger":"airflow.task.operators.airflow.providers.docker.operators.docker.DockerOperator","filename":"docker.py","lineno":71}
{"timestamp":"2026-05-20T22:58:05.953702Z","level":"info","event":"\tat org.apache.spark.rdd.RDD.withScope(RDD.scala:407)","logger":"airflow.task.operators.airflow.providers.docker.operators.docker.DockerOperator","filename":"docker.py","lineno":71}
{"timestamp":"2026-05-20T22:58:05.953757Z","level":"info","event":"\tat org.apache.spark.rdd.RDD.collect(RDD.scala:1045)","logger":"airflow.task.operators.airflow.providers.docker.operators.docker.DockerOperator","filename":"docker.py","lineno":71}
{"timestamp":"2026-05-20T22:58:05.953814Z","level":"info","event":"\tat org.apache.spark.sql.execution.SparkPlan.executeCollect(SparkPlan.scala:448)","logger":"airflow.task.operators.airflow.providers.docker.operators.docker.DockerOperator","filename":"docker.py","lineno":71}
{"timestamp":"2026-05-20T22:58:05.953908Z","level":"info","event":"\tat org.apache.spark.sql.Dataset.collectFromPlan(Dataset.scala:4344)","logger":"airflow.task.operators.airflow.providers.docker.operators.docker.DockerOperator","filename":"docker.py","lineno":71}
{"timestamp":"2026-05-20T22:58:05.953968Z","level":"info","event":"\tat org.apache.spark.sql.Dataset.$anonfun$collect$1(Dataset.scala:3585)","logger":"airflow.task.operators.airflow.providers.docker.operators.docker.DockerOperator","filename":"docker.py","lineno":71}
{"timestamp":"2026-05-20T22:58:05.954020Z","level":"info","event":"\tat org.apache.spark.sql.Dataset.$anonfun$withAction$2(Dataset.scala:4334)","logger":"airflow.task.operators.airflow.providers.docker.operators.docker.DockerOperator","filename":"docker.py","lineno":71}
{"timestamp":"2026-05-20T22:58:05.954075Z","level":"info","event":"\tat org.apache.spark.sql.execution.QueryExecution$.withInternalError(QueryExecution.scala:546)","logger":"airflow.task.operators.airflow.providers.docker.operators.docker.DockerOperator","filename":"docker.py","lineno":71}
{"timestamp":"2026-05-20T22:58:05.954137Z","level":"info","event":"\tat org.apache.spark.sql.Dataset.$anonfun$withAction$1(Dataset.scala:4332)","logger":"airflow.task.operators.airflow.providers.docker.operators.docker.DockerOperator","filename":"docker.py","lineno":71}
{"timestamp":"2026-05-20T22:58:05.954197Z","level":"info","event":"\tat org.apache.spark.sql.execution.SQLExecution$.$anonfun$withNewExecutionId$6(SQLExecution.scala:125)","logger":"airflow.task.operators.airflow.providers.docker.operators.docker.DockerOperator","filename":"docker.py","lineno":71}
{"timestamp":"2026-05-20T22:58:05.954257Z","level":"info","event":"\tat org.apache.spark.sql.execution.SQLExecution$.withSQLConfPropagated(SQLExecution.scala:201)","logger":"airflow.task.operators.airflow.providers.docker.operators.docker.DockerOperator","filename":"docker.py","lineno":71}
{"timestamp":"2026-05-20T22:58:05.954313Z","level":"info","event":"\tat org.apache.spark.sql.execution.SQLExecution$.$anonfun$withNewExecutionId$1(SQLExecution.scala:108)","logger":"airflow.task.operators.airflow.providers.docker.operators.docker.DockerOperator","filename":"docker.py","lineno":71}
{"timestamp":"2026-05-20T22:58:05.954372Z","level":"info","event":"\tat org.apache.spark.sql.SparkSession.withActive(SparkSession.scala:900)","logger":"airflow.task.operators.airflow.providers.docker.operators.docker.DockerOperator","filename":"docker.py","lineno":71}
{"timestamp":"2026-05-20T22:58:05.954437Z","level":"info","event":"\tat org.apache.spark.sql.execution.SQLExecution$.withNewExecutionId(SQLExecution.scala:66)","logger":"airflow.task.operators.airflow.providers.docker.operators.docker.DockerOperator","filename":"docker.py","lineno":71}
{"timestamp":"2026-05-20T22:58:05.954501Z","level":"info","event":"\tat org.apache.spark.sql.Dataset.withAction(Dataset.scala:4332)","logger":"airflow.task.operators.airflow.providers.docker.operators.docker.DockerOperator","filename":"docker.py","lineno":71}
{"timestamp":"2026-05-20T22:58:05.954565Z","level":"info","event":"\tat org.apache.spark.sql.Dataset.collect(Dataset.scala:3585)","logger":"airflow.task.operators.airflow.providers.docker.operators.docker.DockerOperator","filename":"docker.py","lineno":71}
{"timestamp":"2026-05-20T22:58:05.954629Z","level":"info","event":"\tat org.apache.spark.sql.delta.Snapshot.protocolAndMetadataReconstruction(Snapshot.scala:229)","logger":"airflow.task.operators.airflow.providers.docker.operators.docker.DockerOperator","filename":"docker.py","lineno":71}
{"timestamp":"2026-05-20T22:58:05.954696Z","level":"info","event":"\tat org.apache.spark.sql.delta.Snapshot.x$1$lzycompute(Snapshot.scala:138)","logger":"airflow.task.operators.airflow.providers.docker.operators.docker.DockerOperator","filename":"docker.py","lineno":71}
{"timestamp":"2026-05-20T22:58:05.954762Z","level":"info","event":"\tat org.apache.spark.sql.delta.Snapshot.x$1(Snapshot.scala:133)","logger":"airflow.task.operators.airflow.providers.docker.operators.docker.DockerOperator","filename":"docker.py","lineno":71}
{"timestamp":"2026-05-20T22:58:05.954847Z","level":"info","event":"\tat org.apache.spark.sql.delta.Snapshot._metadata$lzycompute(Snapshot.scala:133)","logger":"airflow.task.operators.airflow.providers.docker.operators.docker.DockerOperator","filename":"docker.py","lineno":71}
{"timestamp":"2026-05-20T22:58:05.954914Z","level":"info","event":"\tat org.apache.spark.sql.delta.Snapshot._metadata(Snapshot.scala:133)","logger":"airflow.task.operators.airflow.providers.docker.operators.docker.DockerOperator","filename":"docker.py","lineno":71}
{"timestamp":"2026-05-20T22:58:05.954959Z","level":"info","event":"\tat org.apache.spark.sql.delta.Snapshot.metadata(Snapshot.scala:202)","logger":"airflow.task.operators.airflow.providers.docker.operators.docker.DockerOperator","filename":"docker.py","lineno":71}
{"timestamp":"2026-05-20T22:58:05.955020Z","level":"info","event":"\tat org.apache.spark.sql.delta.Snapshot.toString(Snapshot.scala:416)","logger":"airflow.task.operators.airflow.providers.docker.operators.docker.DockerOperator","filename":"docker.py","lineno":71}
{"timestamp":"2026-05-20T22:58:05.955088Z","level":"info","event":"\tat java.base/java.lang.String.valueOf(Unknown Source)","logger":"airflow.task.operators.airflow.providers.docker.operators.docker.DockerOperator","filename":"docker.py","lineno":71}
{"timestamp":"2026-05-20T22:58:05.955150Z","level":"info","event":"\tat java.base/java.lang.StringBuilder.append(Unknown Source)","logger":"airflow.task.operators.airflow.providers.docker.operators.docker.DockerOperator","filename":"docker.py","lineno":71}
{"timestamp":"2026-05-20T22:58:05.955214Z","level":"info","event":"\tat org.apache.spark.sql.delta.Snapshot.$anonfun$new$1(Snapshot.scala:419)","logger":"airflow.task.operators.airflow.providers.docker.operators.docker.DockerOperator","filename":"docker.py","lineno":71}
{"timestamp":"2026-05-20T22:58:05.955274Z","level":"info","event":"\tat org.apache.spark.sql.delta.Snapshot.$anonfun$logInfo$1(Snapshot.scala:396)","logger":"airflow.task.operators.airflow.providers.docker.operators.docker.DockerOperator","filename":"docker.py","lineno":71}
{"timestamp":"2026-05-20T22:58:05.955332Z","level":"info","event":"\tat org.apache.spark.internal.Logging.logInfo(Logging.scala:60)","logger":"airflow.task.operators.airflow.providers.docker.operators.docker.DockerOperator","filename":"docker.py","lineno":71}
{"timestamp":"2026-05-20T22:58:05.955400Z","level":"info","event":"\tat org.apache.spark.internal.Logging.logInfo$(Logging.scala:59)","logger":"airflow.task.operators.airflow.providers.docker.operators.docker.DockerOperator","filename":"docker.py","lineno":71}
{"timestamp":"2026-05-20T22:58:05.955463Z","level":"info","event":"\tat org.apache.spark.sql.delta.Snapshot.logInfo(Snapshot.scala:396)","logger":"airflow.task.operators.airflow.providers.docker.operators.docker.DockerOperator","filename":"docker.py","lineno":71}
{"timestamp":"2026-05-20T22:58:05.955521Z","level":"info","event":"\tat org.apache.spark.sql.delta.Snapshot.<init>(Snapshot.scala:419)","logger":"airflow.task.operators.airflow.providers.docker.operators.docker.DockerOperator","filename":"docker.py","lineno":71}
{"timestamp":"2026-05-20T22:58:05.955589Z","level":"info","event":"\tat org.apache.spark.sql.delta.SnapshotManagement.$anonfun$createSnapshot$2(SnapshotManagement.scala:503)","logger":"airflow.task.operators.airflow.providers.docker.operators.docker.DockerOperator","filename":"docker.py","lineno":71}
{"timestamp":"2026-05-20T22:58:05.955649Z","level":"info","event":"\tat org.apache.spark.sql.delta.SnapshotManagement.createSnapshotFromGivenOrEquivalentLogSegment(SnapshotManagement.scala:628)","logger":"airflow.task.operators.airflow.providers.docker.operators.docker.DockerOperator","filename":"docker.py","lineno":71}
{"timestamp":"2026-05-20T22:58:05.955710Z","level":"info","event":"\tat org.apache.spark.sql.delta.SnapshotManagement.createSnapshotFromGivenOrEquivalentLogSegment$(SnapshotManagement.scala:616)","logger":"airflow.task.operators.airflow.providers.docker.operators.docker.DockerOperator","filename":"docker.py","lineno":71}
{"timestamp":"2026-05-20T22:58:05.955766Z","level":"info","event":"\tat org.apache.spark.sql.delta.DeltaLog.createSnapshotFromGivenOrEquivalentLogSegment(DeltaLog.scala:72)","logger":"airflow.task.operators.airflow.providers.docker.operators.docker.DockerOperator","filename":"docker.py","lineno":71}
{"timestamp":"2026-05-20T22:58:05.955842Z","level":"info","event":"\tat org.apache.spark.sql.delta.SnapshotManagement.createSnapshot(SnapshotManagement.scala:496)","logger":"airflow.task.operators.airflow.providers.docker.operators.docker.DockerOperator","filename":"docker.py","lineno":71}
{"timestamp":"2026-05-20T22:58:05.955934Z","level":"info","event":"\tat org.apache.spark.sql.delta.SnapshotManagement.createSnapshot$(SnapshotManagement.scala:489)","logger":"airflow.task.operators.airflow.providers.docker.operators.docker.DockerOperator","filename":"docker.py","lineno":71}
{"timestamp":"2026-05-20T22:58:05.955986Z","level":"info","event":"\tat org.apache.spark.sql.delta.DeltaLog.createSnapshot(DeltaLog.scala:72)","logger":"airflow.task.operators.airflow.providers.docker.operators.docker.DockerOperator","filename":"docker.py","lineno":71}
{"timestamp":"2026-05-20T22:58:05.956042Z","level":"info","event":"\tat org.apache.spark.sql.delta.SnapshotManagement.$anonfun$createSnapshotAtInitInternal$1(SnapshotManagement.scala:450)","logger":"airflow.task.operators.airflow.providers.docker.operators.docker.DockerOperator","filename":"docker.py","lineno":71}
{"timestamp":"2026-05-20T22:58:05.956098Z","level":"info","event":"\tat scala.Option.map(Option.scala:230)","logger":"airflow.task.operators.airflow.providers.docker.operators.docker.DockerOperator","filename":"docker.py","lineno":71}
{"timestamp":"2026-05-20T22:58:05.956147Z","level":"info","event":"\tat org.apache.spark.sql.delta.SnapshotManagement.createSnapshotAtInitInternal(SnapshotManagement.scala:447)","logger":"airflow.task.operators.airflow.providers.docker.operators.docker.DockerOperator","filename":"docker.py","lineno":71}
{"timestamp":"2026-05-20T22:58:05.956204Z","level":"info","event":"\tat org.apache.spark.sql.delta.SnapshotManagement.createSnapshotAtInitInternal$(SnapshotManagement.scala:444)","logger":"airflow.task.operators.airflow.providers.docker.operators.docker.DockerOperator","filename":"docker.py","lineno":71}
{"timestamp":"2026-05-20T22:58:05.956266Z","level":"info","event":"\tat org.apache.spark.sql.delta.DeltaLog.createSnapshotAtInitInternal(DeltaLog.scala:72)","logger":"airflow.task.operators.airflow.providers.docker.operators.docker.DockerOperator","filename":"docker.py","lineno":71}
{"timestamp":"2026-05-20T22:58:05.956328Z","level":"info","event":"\tat org.apache.spark.sql.delta.SnapshotManagement.$anonfun$getSnapshotAtInit$1(SnapshotManagement.scala:439)","logger":"airflow.task.operators.airflow.providers.docker.operators.docker.DockerOperator","filename":"docker.py","lineno":71}
{"timestamp":"2026-05-20T22:58:05.956391Z","level":"info","event":"\tat org.apache.spark.sql.delta.metering.DeltaLogging.recordFrameProfile(DeltaLogging.scala:140)","logger":"airflow.task.operators.airflow.providers.docker.operators.docker.DockerOperator","filename":"docker.py","lineno":71}
{"timestamp":"2026-05-20T22:58:05.956460Z","level":"info","event":"\tat org.apache.spark.sql.delta.metering.DeltaLogging.recordFrameProfile$(DeltaLogging.scala:138)","logger":"airflow.task.operators.airflow.providers.docker.operators.docker.DockerOperator","filename":"docker.py","lineno":71}
{"timestamp":"2026-05-20T22:58:05.956526Z","level":"info","event":"\tat org.apache.spark.sql.delta.DeltaLog.recordFrameProfile(DeltaLog.scala:72)","logger":"airflow.task.operators.airflow.providers.docker.operators.docker.DockerOperator","filename":"docker.py","lineno":71}
{"timestamp":"2026-05-20T22:58:05.956590Z","level":"info","event":"\tat org.apache.spark.sql.delta.SnapshotManagement.getSnapshotAtInit(SnapshotManagement.scala:434)","logger":"airflow.task.operators.airflow.providers.docker.operators.docker.DockerOperator","filename":"docker.py","lineno":71}
{"timestamp":"2026-05-20T22:58:05.956650Z","level":"info","event":"\tat org.apache.spark.sql.delta.SnapshotManagement.getSnapshotAtInit$(SnapshotManagement.scala:433)","logger":"airflow.task.operators.airflow.providers.docker.operators.docker.DockerOperator","filename":"docker.py","lineno":71}
{"timestamp":"2026-05-20T22:58:05.956706Z","level":"info","event":"\tat org.apache.spark.sql.delta.DeltaLog.getSnapshotAtInit(DeltaLog.scala:72)","logger":"airflow.task.operators.airflow.providers.docker.operators.docker.DockerOperator","filename":"docker.py","lineno":71}
{"timestamp":"2026-05-20T22:58:05.956764Z","level":"info","event":"\tat org.apache.spark.sql.delta.SnapshotManagement.$init$(SnapshotManagement.scala:60)","logger":"airflow.task.operators.airflow.providers.docker.operators.docker.DockerOperator","filename":"docker.py","lineno":71}
{"timestamp":"2026-05-20T22:58:05.956845Z","level":"info","event":"\tat org.apache.spark.sql.delta.DeltaLog.<init>(DeltaLog.scala:78)","logger":"airflow.task.operators.airflow.providers.docker.operators.docker.DockerOperator","filename":"docker.py","lineno":71}
{"timestamp":"2026-05-20T22:58:05.956929Z","level":"info","event":"\tat org.apache.spark.sql.delta.DeltaLog$.$anonfun$apply$4(DeltaLog.scala:779)","logger":"airflow.task.operators.airflow.providers.docker.operators.docker.DockerOperator","filename":"docker.py","lineno":71}
{"timestamp":"2026-05-20T22:58:05.956993Z","level":"info","event":"\tat org.apache.spark.sql.catalyst.plans.logical.AnalysisHelper$.allowInvokingTransformsInAnalyzer(AnalysisHelper.scala:323)","logger":"airflow.task.operators.airflow.providers.docker.operators.docker.DockerOperator","filename":"docker.py","lineno":71}
{"timestamp":"2026-05-20T22:58:05.957055Z","level":"info","event":"\tat org.apache.spark.sql.delta.DeltaLog$.$anonfun$apply$3(DeltaLog.scala:774)","logger":"airflow.task.operators.airflow.providers.docker.operators.docker.DockerOperator","filename":"docker.py","lineno":71}
{"timestamp":"2026-05-20T22:58:05.957113Z","level":"info","event":"\tat org.apache.spark.sql.delta.metering.DeltaLogging.recordFrameProfile(DeltaLogging.scala:140)","logger":"airflow.task.operators.airflow.providers.docker.operators.docker.DockerOperator","filename":"docker.py","lineno":71}
{"timestamp":"2026-05-20T22:58:05.957171Z","level":"info","event":"\tat org.apache.spark.sql.delta.metering.DeltaLogging.recordFrameProfile$(DeltaLogging.scala:138)","logger":"airflow.task.operators.airflow.providers.docker.operators.docker.DockerOperator","filename":"docker.py","lineno":71}
{"timestamp":"2026-05-20T22:58:05.957224Z","level":"info","event":"\tat org.apache.spark.sql.delta.DeltaLog$.recordFrameProfile(DeltaLog.scala:598)","logger":"airflow.task.operators.airflow.providers.docker.operators.docker.DockerOperator","filename":"docker.py","lineno":71}
{"timestamp":"2026-05-20T22:58:05.957273Z","level":"info","event":"\tat org.apache.spark.sql.delta.metering.DeltaLogging.$anonfun$recordDeltaOperationInternal$1(DeltaLogging.scala:133)","logger":"airflow.task.operators.airflow.providers.docker.operators.docker.DockerOperator","filename":"docker.py","lineno":71}
{"timestamp":"2026-05-20T22:58:05.957322Z","level":"info","event":"\tat com.databricks.spark.util.DatabricksLogging.recordOperation(DatabricksLogging.scala:128)","logger":"airflow.task.operators.airflow.providers.docker.operators.docker.DockerOperator","filename":"docker.py","lineno":71}
{"timestamp":"2026-05-20T22:58:05.957383Z","level":"info","event":"\tat com.databricks.spark.util.DatabricksLogging.recordOperation$(DatabricksLogging.scala:117)","logger":"airflow.task.operators.airflow.providers.docker.operators.docker.DockerOperator","filename":"docker.py","lineno":71}
{"timestamp":"2026-05-20T22:58:05.957460Z","level":"info","event":"\tat org.apache.spark.sql.delta.DeltaLog$.recordOperation(DeltaLog.scala:598)","logger":"airflow.task.operators.airflow.providers.docker.operators.docker.DockerOperator","filename":"docker.py","lineno":71}
{"timestamp":"2026-05-20T22:58:05.957521Z","level":"info","event":"\tat org.apache.spark.sql.delta.metering.DeltaLogging.recordDeltaOperationInternal(DeltaLogging.scala:132)","logger":"airflow.task.operators.airflow.providers.docker.operators.docker.DockerOperator","filename":"docker.py","lineno":71}
{"timestamp":"2026-05-20T22:58:05.957581Z","level":"info","event":"\tat org.apache.spark.sql.delta.metering.DeltaLogging.recordDeltaOperation(DeltaLogging.scala:122)","logger":"airflow.task.operators.airflow.providers.docker.operators.docker.DockerOperator","filename":"docker.py","lineno":71}
{"timestamp":"2026-05-20T22:58:05.957649Z","level":"info","event":"\tat org.apache.spark.sql.delta.metering.DeltaLogging.recordDeltaOperation$(DeltaLogging.scala:112)","logger":"airflow.task.operators.airflow.providers.docker.operators.docker.DockerOperator","filename":"docker.py","lineno":71}
{"timestamp":"2026-05-20T22:58:05.957716Z","level":"info","event":"\tat org.apache.spark.sql.delta.DeltaLog$.recordDeltaOperation(DeltaLog.scala:598)","logger":"airflow.task.operators.airflow.providers.docker.operators.docker.DockerOperator","filename":"docker.py","lineno":71}
{"timestamp":"2026-05-20T22:58:05.957780Z","level":"info","event":"\tat org.apache.spark.sql.delta.DeltaLog$.createDeltaLog$1(DeltaLog.scala:773)","logger":"airflow.task.operators.airflow.providers.docker.operators.docker.DockerOperator","filename":"docker.py","lineno":71}
{"timestamp":"2026-05-20T22:58:05.957867Z","level":"info","event":"\tat org.apache.spark.sql.delta.DeltaLog$.$anonfun$apply$5(DeltaLog.scala:791)","logger":"airflow.task.operators.airflow.providers.docker.operators.docker.DockerOperator","filename":"docker.py","lineno":71}
{"timestamp":"2026-05-20T22:58:05.957949Z","level":"info","event":"\tat com.google.common.cache.LocalCache$LocalManualCache$1.load(LocalCache.java:4792)","logger":"airflow.task.operators.airflow.providers.docker.operators.docker.DockerOperator","filename":"docker.py","lineno":71}
{"timestamp":"2026-05-20T22:58:05.958006Z","level":"info","event":"\tat com.google.common.cache.LocalCache$LoadingValueReference.loadFuture(LocalCache.java:3599)","logger":"airflow.task.operators.airflow.providers.docker.operators.docker.DockerOperator","filename":"docker.py","lineno":71}
{"timestamp":"2026-05-20T22:58:05.958068Z","level":"info","event":"\tat com.google.common.cache.LocalCache$Segment.loadSync(LocalCache.java:2379)","logger":"airflow.task.operators.airflow.providers.docker.operators.docker.DockerOperator","filename":"docker.py","lineno":71}
{"timestamp":"2026-05-20T22:58:05.958130Z","level":"info","event":"\tat com.google.common.cache.LocalCache$Segment.lockedGetOrLoad(LocalCache.java:2342)","logger":"airflow.task.operators.airflow.providers.docker.operators.docker.DockerOperator","filename":"docker.py","lineno":71}
{"timestamp":"2026-05-20T22:58:05.958182Z","level":"info","event":"\tat com.google.common.cache.LocalCache$Segment.get(LocalCache.java:2257)","logger":"airflow.task.operators.airflow.providers.docker.operators.docker.DockerOperator","filename":"docker.py","lineno":71}
{"timestamp":"2026-05-20T22:58:05.958232Z","level":"info","event":"\tat com.google.common.cache.LocalCache.get(LocalCache.java:4000)","logger":"airflow.task.operators.airflow.providers.docker.operators.docker.DockerOperator","filename":"docker.py","lineno":71}
{"timestamp":"2026-05-20T22:58:05.958283Z","level":"info","event":"\tat com.google.common.cache.LocalCache$LocalManualCache.get(LocalCache.java:4789)","logger":"airflow.task.operators.airflow.providers.docker.operators.docker.DockerOperator","filename":"docker.py","lineno":71}
{"timestamp":"2026-05-20T22:58:05.958335Z","level":"info","event":"\tat org.apache.spark.sql.delta.DeltaLog$.getDeltaLogFromCache$1(DeltaLog.scala:790)","logger":"airflow.task.operators.airflow.providers.docker.operators.docker.DockerOperator","filename":"docker.py","lineno":71}
{"timestamp":"2026-05-20T22:58:05.958387Z","level":"info","event":"\tat org.apache.spark.sql.delta.DeltaLog$.apply(DeltaLog.scala:800)","logger":"airflow.task.operators.airflow.providers.docker.operators.docker.DockerOperator","filename":"docker.py","lineno":71}
{"timestamp":"2026-05-20T22:58:05.958442Z","level":"info","event":"\tat org.apache.spark.sql.delta.DeltaLog$.forTable(DeltaLog.scala:677)","logger":"airflow.task.operators.airflow.providers.docker.operators.docker.DockerOperator","filename":"docker.py","lineno":71}
{"timestamp":"2026-05-20T22:58:05.959120Z","level":"info","event":"\tat org.apache.spark.sql.delta.catalog.DeltaTableV2.$anonfun$deltaLog$1(DeltaTableV2.scala:91)","logger":"airflow.task.operators.airflow.providers.docker.operators.docker.DockerOperator","filename":"docker.py","lineno":71}
{"timestamp":"2026-05-20T22:58:05.959216Z","level":"info","event":"\tat org.apache.spark.sql.delta.catalog.DeltaTableV2$.withEnrichedUnsupportedTableException(DeltaTableV2.scala:364)","logger":"airflow.task.operators.airflow.providers.docker.operators.docker.DockerOperator","filename":"docker.py","lineno":71}
{"timestamp":"2026-05-20T22:58:05.959287Z","level":"info","event":"\tat org.apache.spark.sql.delta.catalog.DeltaTableV2.deltaLog$lzycompute(DeltaTableV2.scala:91)","logger":"airflow.task.operators.airflow.providers.docker.operators.docker.DockerOperator","filename":"docker.py","lineno":71}
{"timestamp":"2026-05-20T22:58:05.959357Z","level":"info","event":"\tat org.apache.spark.sql.delta.catalog.DeltaTableV2.deltaLog(DeltaTableV2.scala:89)","logger":"airflow.task.operators.airflow.providers.docker.operators.docker.DockerOperator","filename":"docker.py","lineno":71}
{"timestamp":"2026-05-20T22:58:05.959427Z","level":"info","event":"\tat org.apache.spark.sql.delta.catalog.DeltaTableV2.$anonfun$initialSnapshot$4(DeltaTableV2.scala:144)","logger":"airflow.task.operators.airflow.providers.docker.operators.docker.DockerOperator","filename":"docker.py","lineno":71}
{"timestamp":"2026-05-20T22:58:05.959492Z","level":"info","event":"\tat scala.Option.getOrElse(Option.scala:189)","logger":"airflow.task.operators.airflow.providers.docker.operators.docker.DockerOperator","filename":"docker.py","lineno":71}
{"timestamp":"2026-05-20T22:58:05.959556Z","level":"info","event":"\tat org.apache.spark.sql.delta.catalog.DeltaTableV2.$anonfun$initialSnapshot$1(DeltaTableV2.scala:144)","logger":"airflow.task.operators.airflow.providers.docker.operators.docker.DockerOperator","filename":"docker.py","lineno":71}
{"timestamp":"2026-05-20T22:58:05.959615Z","level":"info","event":"\tat org.apache.spark.sql.delta.catalog.DeltaTableV2$.withEnrichedUnsupportedTableException(DeltaTableV2.scala:364)","logger":"airflow.task.operators.airflow.providers.docker.operators.docker.DockerOperator","filename":"docker.py","lineno":71}
{"timestamp":"2026-05-20T22:58:05.959669Z","level":"info","event":"\tat org.apache.spark.sql.delta.catalog.DeltaTableV2.initialSnapshot$lzycompute(DeltaTableV2.scala:143)","logger":"airflow.task.operators.airflow.providers.docker.operators.docker.DockerOperator","filename":"docker.py","lineno":71}
{"timestamp":"2026-05-20T22:58:05.959724Z","level":"info","event":"\tat org.apache.spark.sql.delta.catalog.DeltaTableV2.initialSnapshot(DeltaTableV2.scala:123)","logger":"airflow.task.operators.airflow.providers.docker.operators.docker.DockerOperator","filename":"docker.py","lineno":71}
{"timestamp":"2026-05-20T22:58:05.959788Z","level":"info","event":"\tat org.apache.spark.sql.delta.catalog.DeltaTableV2.toBaseRelation$lzycompute(DeltaTableV2.scala:235)","logger":"airflow.task.operators.airflow.providers.docker.operators.docker.DockerOperator","filename":"docker.py","lineno":71}
{"timestamp":"2026-05-20T22:58:05.959910Z","level":"info","event":"\tat org.apache.spark.sql.delta.catalog.DeltaTableV2.toBaseRelation(DeltaTableV2.scala:233)","logger":"airflow.task.operators.airflow.providers.docker.operators.docker.DockerOperator","filename":"docker.py","lineno":71}
{"timestamp":"2026-05-20T22:58:05.959979Z","level":"info","event":"\tat org.apache.spark.sql.delta.sources.DeltaDataSource.$anonfun$createRelation$5(DeltaDataSource.scala:250)","logger":"airflow.task.operators.airflow.providers.docker.operators.docker.DockerOperator","filename":"docker.py","lineno":71}
{"timestamp":"2026-05-20T22:58:05.960041Z","level":"info","event":"\tat org.apache.spark.sql.delta.metering.DeltaLogging.recordFrameProfile(DeltaLogging.scala:140)","logger":"airflow.task.operators.airflow.providers.docker.operators.docker.DockerOperator","filename":"docker.py","lineno":71}
{"timestamp":"2026-05-20T22:58:05.960082Z","level":"info","event":"\tat org.apache.spark.sql.delta.metering.DeltaLogging.recordFrameProfile$(DeltaLogging.scala:138)","logger":"airflow.task.operators.airflow.providers.docker.operators.docker.DockerOperator","filename":"docker.py","lineno":71}
{"timestamp":"2026-05-20T22:58:05.960113Z","level":"info","event":"\tat org.apache.spark.sql.delta.sources.DeltaDataSource.recordFrameProfile(DeltaDataSource.scala:49)","logger":"airflow.task.operators.airflow.providers.docker.operators.docker.DockerOperator","filename":"docker.py","lineno":71}
{"timestamp":"2026-05-20T22:58:05.960144Z","level":"info","event":"\tat org.apache.spark.sql.delta.sources.DeltaDataSource.createRelation(DeltaDataSource.scala:209)","logger":"airflow.task.operators.airflow.providers.docker.operators.docker.DockerOperator","filename":"docker.py","lineno":71}
{"timestamp":"2026-05-20T22:58:05.960175Z","level":"info","event":"\tat org.apache.spark.sql.execution.datasources.DataSource.resolveRelation(DataSource.scala:346)","logger":"airflow.task.operators.airflow.providers.docker.operators.docker.DockerOperator","filename":"docker.py","lineno":71}
{"timestamp":"2026-05-20T22:58:05.960206Z","level":"info","event":"\tat org.apache.spark.sql.DataFrameReader.loadV1Source(DataFrameReader.scala:229)","logger":"airflow.task.operators.airflow.providers.docker.operators.docker.DockerOperator","filename":"docker.py","lineno":71}
{"timestamp":"2026-05-20T22:58:05.960236Z","level":"info","event":"\tat org.apache.spark.sql.DataFrameReader.$anonfun$load$2(DataFrameReader.scala:211)","logger":"airflow.task.operators.airflow.providers.docker.operators.docker.DockerOperator","filename":"docker.py","lineno":71}
{"timestamp":"2026-05-20T22:58:05.960338Z","level":"info","event":"\tat scala.Option.getOrElse(Option.scala:189)","logger":"airflow.task.operators.airflow.providers.docker.operators.docker.DockerOperator","filename":"docker.py","lineno":71}
{"timestamp":"2026-05-20T22:58:05.960405Z","level":"info","event":"\tat org.apache.spark.sql.DataFrameReader.load(DataFrameReader.scala:211)","logger":"airflow.task.operators.airflow.providers.docker.operators.docker.DockerOperator","filename":"docker.py","lineno":71}
{"timestamp":"2026-05-20T22:58:05.960462Z","level":"info","event":"\tat org.apache.spark.sql.DataFrameReader.load(DataFrameReader.scala:186)","logger":"airflow.task.operators.airflow.providers.docker.operators.docker.DockerOperator","filename":"docker.py","lineno":71}
{"timestamp":"2026-05-20T22:58:05.960500Z","level":"info","event":"\tat java.base/jdk.internal.reflect.NativeMethodAccessorImpl.invoke0(Native Method)","logger":"airflow.task.operators.airflow.providers.docker.operators.docker.DockerOperator","filename":"docker.py","lineno":71}
{"timestamp":"2026-05-20T22:58:05.960532Z","level":"info","event":"\tat java.base/jdk.internal.reflect.NativeMethodAccessorImpl.invoke(Unknown Source)","logger":"airflow.task.operators.airflow.providers.docker.operators.docker.DockerOperator","filename":"docker.py","lineno":71}
{"timestamp":"2026-05-20T22:58:05.960562Z","level":"info","event":"\tat java.base/jdk.internal.reflect.DelegatingMethodAccessorImpl.invoke(Unknown Source)","logger":"airflow.task.operators.airflow.providers.docker.operators.docker.DockerOperator","filename":"docker.py","lineno":71}
{"timestamp":"2026-05-20T22:58:05.960598Z","level":"info","event":"\tat java.base/java.lang.reflect.Method.invoke(Unknown Source)","logger":"airflow.task.operators.airflow.providers.docker.operators.docker.DockerOperator","filename":"docker.py","lineno":71}
{"timestamp":"2026-05-20T22:58:05.960628Z","level":"info","event":"\tat py4j.reflection.MethodInvoker.invoke(MethodInvoker.java:244)","logger":"airflow.task.operators.airflow.providers.docker.operators.docker.DockerOperator","filename":"docker.py","lineno":71}
{"timestamp":"2026-05-20T22:58:05.960657Z","level":"info","event":"\tat py4j.reflection.ReflectionEngine.invoke(ReflectionEngine.java:374)","logger":"airflow.task.operators.airflow.providers.docker.operators.docker.DockerOperator","filename":"docker.py","lineno":71}
{"timestamp":"2026-05-20T22:58:05.960685Z","level":"info","event":"\tat py4j.Gateway.invoke(Gateway.java:282)","logger":"airflow.task.operators.airflow.providers.docker.operators.docker.DockerOperator","filename":"docker.py","lineno":71}
{"timestamp":"2026-05-20T22:58:05.960712Z","level":"info","event":"\tat py4j.commands.AbstractCommand.invokeMethod(AbstractCommand.java:132)","logger":"airflow.task.operators.airflow.providers.docker.operators.docker.DockerOperator","filename":"docker.py","lineno":71}
{"timestamp":"2026-05-20T22:58:05.960741Z","level":"info","event":"\tat py4j.commands.CallCommand.execute(CallCommand.java:79)","logger":"airflow.task.operators.airflow.providers.docker.operators.docker.DockerOperator","filename":"docker.py","lineno":71}
{"timestamp":"2026-05-20T22:58:05.960769Z","level":"info","event":"\tat py4j.ClientServerConnection.waitForCommands(ClientServerConnection.java:182)","logger":"airflow.task.operators.airflow.providers.docker.operators.docker.DockerOperator","filename":"docker.py","lineno":71}
{"timestamp":"2026-05-20T22:58:05.960798Z","level":"info","event":"\tat py4j.ClientServerConnection.run(ClientServerConnection.java:106)","logger":"airflow.task.operators.airflow.providers.docker.operators.docker.DockerOperator","filename":"docker.py","lineno":71}
{"timestamp":"2026-05-20T22:58:05.960855Z","level":"info","event":"\tat java.base/java.lang.Thread.run(Unknown Source)","logger":"airflow.task.operators.airflow.providers.docker.operators.docker.DockerOperator","filename":"docker.py","lineno":71}
{"timestamp":"2026-05-20T22:58:05.960924Z","level":"info","event":"Caused by: java.lang.RuntimeException: java.lang.ClassNotFoundException: Class org.apache.hadoop.fs.s3a.S3AFileSystem not found","logger":"airflow.task.operators.airflow.providers.docker.operators.docker.DockerOperator","filename":"docker.py","lineno":71}
{"timestamp":"2026-05-20T22:58:05.960981Z","level":"info","event":"\tat org.apache.hadoop.conf.Configuration.getClass(Configuration.java:2688)","logger":"airflow.task.operators.airflow.providers.docker.operators.docker.DockerOperator","filename":"docker.py","lineno":71}
{"timestamp":"2026-05-20T22:58:05.961040Z","level":"info","event":"\tat org.apache.hadoop.fs.FileSystem.getFileSystemClass(FileSystem.java:3431)","logger":"airflow.task.operators.airflow.providers.docker.operators.docker.DockerOperator","filename":"docker.py","lineno":71}
{"timestamp":"2026-05-20T22:58:05.961093Z","level":"info","event":"\tat org.apache.hadoop.fs.FileSystem.createFileSystem(FileSystem.java:3466)","logger":"airflow.task.operators.airflow.providers.docker.operators.docker.DockerOperator","filename":"docker.py","lineno":71}
{"timestamp":"2026-05-20T22:58:05.961148Z","level":"info","event":"\tat org.apache.hadoop.fs.FileSystem.access$300(FileSystem.java:174)","logger":"airflow.task.operators.airflow.providers.docker.operators.docker.DockerOperator","filename":"docker.py","lineno":71}
{"timestamp":"2026-05-20T22:58:05.961202Z","level":"info","event":"\tat org.apache.hadoop.fs.FileSystem$Cache.getInternal(FileSystem.java:3574)","logger":"airflow.task.operators.airflow.providers.docker.operators.docker.DockerOperator","filename":"docker.py","lineno":71}
{"timestamp":"2026-05-20T22:58:05.961255Z","level":"info","event":"\tat org.apache.hadoop.fs.FileSystem$Cache.get(FileSystem.java:3521)","logger":"airflow.task.operators.airflow.providers.docker.operators.docker.DockerOperator","filename":"docker.py","lineno":71}
{"timestamp":"2026-05-20T22:58:05.961298Z","level":"info","event":"\tat org.apache.hadoop.fs.FileSystem.get(FileSystem.java:540)","logger":"airflow.task.operators.airflow.providers.docker.operators.docker.DockerOperator","filename":"docker.py","lineno":71}
{"timestamp":"2026-05-20T22:58:05.961334Z","level":"info","event":"\tat org.apache.hadoop.fs.Path.getFileSystem(Path.java:365)","logger":"airflow.task.operators.airflow.providers.docker.operators.docker.DockerOperator","filename":"docker.py","lineno":71}
{"timestamp":"2026-05-20T22:58:05.961385Z","level":"info","event":"\tat org.apache.hadoop.mapreduce.lib.input.LineRecordReader.initialize(LineRecordReader.java:88)","logger":"airflow.task.operators.airflow.providers.docker.operators.docker.DockerOperator","filename":"docker.py","lineno":71}
{"timestamp":"2026-05-20T22:58:05.961441Z","level":"info","event":"\tat org.apache.spark.sql.execution.datasources.HadoopFileLinesReader.<init>(HadoopFileLinesReader.scala:63)","logger":"airflow.task.operators.airflow.providers.docker.operators.docker.DockerOperator","filename":"docker.py","lineno":71}
{"timestamp":"2026-05-20T22:58:05.961503Z","level":"info","event":"\tat org.apache.spark.sql.execution.datasources.json.TextInputJsonDataSource$.readFile(JsonDataSource.scala:132)","logger":"airflow.task.operators.airflow.providers.docker.operators.docker.DockerOperator","filename":"docker.py","lineno":71}
{"timestamp":"2026-05-20T22:58:05.961555Z","level":"info","event":"\tat org.apache.spark.sql.execution.datasources.json.JsonFileFormat.$anonfun$buildReader$2(JsonFileFormat.scala:126)","logger":"airflow.task.operators.airflow.providers.docker.operators.docker.DockerOperator","filename":"docker.py","lineno":71}
{"timestamp":"2026-05-20T22:58:05.961602Z","level":"info","event":"\tat org.apache.spark.sql.execution.datasources.FileFormat$$anon$1.apply(FileFormat.scala:160)","logger":"airflow.task.operators.airflow.providers.docker.operators.docker.DockerOperator","filename":"docker.py","lineno":71}
{"timestamp":"2026-05-20T22:58:05.961651Z","level":"info","event":"\tat org.apache.spark.sql.execution.datasources.FileFormat$$anon$1.apply(FileFormat.scala:140)","logger":"airflow.task.operators.airflow.providers.docker.operators.docker.DockerOperator","filename":"docker.py","lineno":71}
{"timestamp":"2026-05-20T22:58:05.961702Z","level":"info","event":"\tat org.apache.spark.sql.execution.datasources.FileScanRDD$$anon$1.org$apache$spark$sql$execution$datasources$FileScanRDD$$anon$$readCurrentFile(FileScanRDD.scala:217)","logger":"airflow.task.operators.airflow.providers.docker.operators.docker.DockerOperator","filename":"docker.py","lineno":71}
{"timestamp":"2026-05-20T22:58:05.961754Z","level":"info","event":"\tat org.apache.spark.sql.execution.datasources.FileScanRDD$$anon$1.nextIterator(FileScanRDD.scala:279)","logger":"airflow.task.operators.airflow.providers.docker.operators.docker.DockerOperator","filename":"docker.py","lineno":71}
{"timestamp":"2026-05-20T22:58:05.961806Z","level":"info","event":"\tat org.apache.spark.sql.execution.datasources.FileScanRDD$$anon$1.hasNext(FileScanRDD.scala:129)","logger":"airflow.task.operators.airflow.providers.docker.operators.docker.DockerOperator","filename":"docker.py","lineno":71}
{"timestamp":"2026-05-20T22:58:05.961886Z","level":"info","event":"\tat scala.collection.Iterator$$anon$10.hasNext(Iterator.scala:460)","logger":"airflow.task.operators.airflow.providers.docker.operators.docker.DockerOperator","filename":"docker.py","lineno":71}
{"timestamp":"2026-05-20T22:58:05.961955Z","level":"info","event":"\tat org.apache.spark.sql.catalyst.expressions.GeneratedClass$GeneratedIteratorForCodegenStage1.processNext(Unknown Source)","logger":"airflow.task.operators.airflow.providers.docker.operators.docker.DockerOperator","filename":"docker.py","lineno":71}
{"timestamp":"2026-05-20T22:58:05.962011Z","level":"info","event":"\tat org.apache.spark.sql.execution.BufferedRowIterator.hasNext(BufferedRowIterator.java:43)","logger":"airflow.task.operators.airflow.providers.docker.operators.docker.DockerOperator","filename":"docker.py","lineno":71}
{"timestamp":"2026-05-20T22:58:05.962069Z","level":"info","event":"\tat org.apache.spark.sql.execution.WholeStageCodegenEvaluatorFactory$WholeStageCodegenPartitionEvaluator$$anon$1.hasNext(WholeStageCodegenEvaluatorFactory.scala:43)","logger":"airflow.task.operators.airflow.providers.docker.operators.docker.DockerOperator","filename":"docker.py","lineno":71}
{"timestamp":"2026-05-20T22:58:05.962124Z","level":"info","event":"\tat org.apache.spark.sql.execution.SparkPlan.$anonfun$getByteArrayRdd$1(SparkPlan.scala:388)","logger":"airflow.task.operators.airflow.providers.docker.operators.docker.DockerOperator","filename":"docker.py","lineno":71}
{"timestamp":"2026-05-20T22:58:05.962157Z","level":"info","event":"\tat org.apache.spark.rdd.RDD.$anonfun$mapPartitionsInternal$2(RDD.scala:890)","logger":"airflow.task.operators.airflow.providers.docker.operators.docker.DockerOperator","filename":"docker.py","lineno":71}
{"timestamp":"2026-05-20T22:58:05.962187Z","level":"info","event":"\tat org.apache.spark.rdd.RDD.$anonfun$mapPartitionsInternal$2$adapted(RDD.scala:890)","logger":"airflow.task.operators.airflow.providers.docker.operators.docker.DockerOperator","filename":"docker.py","lineno":71}
{"timestamp":"2026-05-20T22:58:05.962215Z","level":"info","event":"\tat org.apache.spark.rdd.MapPartitionsRDD.compute(MapPartitionsRDD.scala:52)","logger":"airflow.task.operators.airflow.providers.docker.operators.docker.DockerOperator","filename":"docker.py","lineno":71}
{"timestamp":"2026-05-20T22:58:05.962245Z","level":"info","event":"\tat org.apache.spark.rdd.RDD.computeOrReadCheckpoint(RDD.scala:364)","logger":"airflow.task.operators.airflow.providers.docker.operators.docker.DockerOperator","filename":"docker.py","lineno":71}
{"timestamp":"2026-05-20T22:58:05.962275Z","level":"info","event":"\tat org.apache.spark.rdd.RDD.iterator(RDD.scala:328)","logger":"airflow.task.operators.airflow.providers.docker.operators.docker.DockerOperator","filename":"docker.py","lineno":71}
{"timestamp":"2026-05-20T22:58:05.962304Z","level":"info","event":"\tat org.apache.spark.scheduler.ResultTask.runTask(ResultTask.scala:93)","logger":"airflow.task.operators.airflow.providers.docker.operators.docker.DockerOperator","filename":"docker.py","lineno":71}
{"timestamp":"2026-05-20T22:58:05.962333Z","level":"info","event":"\tat org.apache.spark.TaskContext.runTaskWithListeners(TaskContext.scala:161)","logger":"airflow.task.operators.airflow.providers.docker.operators.docker.DockerOperator","filename":"docker.py","lineno":71}
{"timestamp":"2026-05-20T22:58:05.962362Z","level":"info","event":"\tat org.apache.spark.scheduler.Task.run(Task.scala:141)","logger":"airflow.task.operators.airflow.providers.docker.operators.docker.DockerOperator","filename":"docker.py","lineno":71}
{"timestamp":"2026-05-20T22:58:05.962391Z","level":"info","event":"\tat org.apache.spark.executor.Executor$TaskRunner.$anonfun$run$4(Executor.scala:620)","logger":"airflow.task.operators.airflow.providers.docker.operators.docker.DockerOperator","filename":"docker.py","lineno":71}
{"timestamp":"2026-05-20T22:58:05.962423Z","level":"info","event":"\tat org.apache.spark.util.SparkErrorUtils.tryWithSafeFinally(SparkErrorUtils.scala:64)","logger":"airflow.task.operators.airflow.providers.docker.operators.docker.DockerOperator","filename":"docker.py","lineno":71}
{"timestamp":"2026-05-20T22:58:05.962452Z","level":"info","event":"\tat org.apache.spark.util.SparkErrorUtils.tryWithSafeFinally$(SparkErrorUtils.scala:61)","logger":"airflow.task.operators.airflow.providers.docker.operators.docker.DockerOperator","filename":"docker.py","lineno":71}
{"timestamp":"2026-05-20T22:58:05.962480Z","level":"info","event":"\tat org.apache.spark.util.Utils$.tryWithSafeFinally(Utils.scala:94)","logger":"airflow.task.operators.airflow.providers.docker.operators.docker.DockerOperator","filename":"docker.py","lineno":71}
{"timestamp":"2026-05-20T22:58:05.962508Z","level":"info","event":"\tat org.apache.spark.executor.Executor$TaskRunner.run(Executor.scala:623)","logger":"airflow.task.operators.airflow.providers.docker.operators.docker.DockerOperator","filename":"docker.py","lineno":71}
{"timestamp":"2026-05-20T22:58:05.962536Z","level":"info","event":"\tat java.base/java.util.concurrent.ThreadPoolExecutor.runWorker(Unknown Source)","logger":"airflow.task.operators.airflow.providers.docker.operators.docker.DockerOperator","filename":"docker.py","lineno":71}
{"timestamp":"2026-05-20T22:58:05.962564Z","level":"info","event":"\tat java.base/java.util.concurrent.ThreadPoolExecutor$Worker.run(Unknown Source)","logger":"airflow.task.operators.airflow.providers.docker.operators.docker.DockerOperator","filename":"docker.py","lineno":71}
{"timestamp":"2026-05-20T22:58:05.962591Z","level":"info","event":"\t... 1 more","logger":"airflow.task.operators.airflow.providers.docker.operators.docker.DockerOperator","filename":"docker.py","lineno":71}
{"timestamp":"2026-05-20T22:58:05.962618Z","level":"info","event":"Caused by: java.lang.ClassNotFoundException: Class org.apache.hadoop.fs.s3a.S3AFileSystem not found","logger":"airflow.task.operators.airflow.providers.docker.operators.docker.DockerOperator","filename":"docker.py","lineno":71}
{"timestamp":"2026-05-20T22:58:05.962646Z","level":"info","event":"\tat org.apache.hadoop.conf.Configuration.getClassByName(Configuration.java:2592)","logger":"airflow.task.operators.airflow.providers.docker.operators.docker.DockerOperator","filename":"docker.py","lineno":71}
{"timestamp":"2026-05-20T22:58:05.962674Z","level":"info","event":"\tat org.apache.hadoop.conf.Configuration.getClass(Configuration.java:2686)","logger":"airflow.task.operators.airflow.providers.docker.operators.docker.DockerOperator","filename":"docker.py","lineno":71}
{"timestamp":"2026-05-20T22:58:05.962702Z","level":"info","event":"\t... 37 more","logger":"airflow.task.operators.airflow.providers.docker.operators.docker.DockerOperator","filename":"docker.py","lineno":71}
{"timestamp":"2026-05-20T22:58:05.962730Z","level":"info","event":"","logger":"airflow.task.operators.airflow.providers.docker.operators.docker.DockerOperator","filename":"docker.py","lineno":71}
{"timestamp":"2026-05-20T22:58:05.962884Z","level":"info","event":"26/05/20 22:58:05 INFO BlockManagerInfo: Removed broadcast_4_piece0 on 172.20.0.20:36959 in memory (size: 34.9 KiB, free: 434.3 MiB)","logger":"airflow.task.operators.airflow.providers.docker.operators.docker.DockerOperator","filename":"docker.py","lineno":71}
{"timestamp":"2026-05-20T22:58:05.962977Z","level":"info","event":"26/05/20 22:58:05 INFO BlockManagerInfo: Removed broadcast_4_piece0 on 92e75bdc4654:38479 in memory (size: 34.9 KiB, free: 434.2 MiB)","logger":"airflow.task.operators.airflow.providers.docker.operators.docker.DockerOperator","filename":"docker.py","lineno":71}
{"timestamp":"2026-05-20T22:58:05.963044Z","level":"info","event":"2026-05-20 22:58:05,933 - ERROR - Error processing table sales_per_customer: An error occurred while calling o51.load.","logger":"airflow.task.operators.airflow.providers.docker.operators.docker.DockerOperator","filename":"docker.py","lineno":71}
{"timestamp":"2026-05-20T22:58:05.963097Z","level":"info","event":": org.apache.spark.SparkException: Job aborted due to stage failure: Task 0 in stage 2.0 failed 4 times, most recent failure: Lost task 0.3 in stage 2.0 (TID 11) (172.20.0.20 executor 0): java.lang.RuntimeException: java.lang.ClassNotFoundException: Class org.apache.hadoop.fs.s3a.S3AFileSystem not found","logger":"airflow.task.operators.airflow.providers.docker.operators.docker.DockerOperator","filename":"docker.py","lineno":71}
{"timestamp":"2026-05-20T22:58:05.963133Z","level":"info","event":"\tat org.apache.hadoop.conf.Configuration.getClass(Configuration.java:2688)","logger":"airflow.task.operators.airflow.providers.docker.operators.docker.DockerOperator","filename":"docker.py","lineno":71}
{"timestamp":"2026-05-20T22:58:05.963165Z","level":"info","event":"\tat org.apache.hadoop.fs.FileSystem.getFileSystemClass(FileSystem.java:3431)","logger":"airflow.task.operators.airflow.providers.docker.operators.docker.DockerOperator","filename":"docker.py","lineno":71}
{"timestamp":"2026-05-20T22:58:05.963195Z","level":"info","event":"\tat org.apache.hadoop.fs.FileSystem.createFileSystem(FileSystem.java:3466)","logger":"airflow.task.operators.airflow.providers.docker.operators.docker.DockerOperator","filename":"docker.py","lineno":71}
{"timestamp":"2026-05-20T22:58:05.963223Z","level":"info","event":"\tat org.apache.hadoop.fs.FileSystem.access$300(FileSystem.java:174)","logger":"airflow.task.operators.airflow.providers.docker.operators.docker.DockerOperator","filename":"docker.py","lineno":71}
{"timestamp":"2026-05-20T22:58:05.963252Z","level":"info","event":"\tat org.apache.hadoop.fs.FileSystem$Cache.getInternal(FileSystem.java:3574)","logger":"airflow.task.operators.airflow.providers.docker.operators.docker.DockerOperator","filename":"docker.py","lineno":71}
{"timestamp":"2026-05-20T22:58:05.963280Z","level":"info","event":"\tat org.apache.hadoop.fs.FileSystem$Cache.get(FileSystem.java:3521)","logger":"airflow.task.operators.airflow.providers.docker.operators.docker.DockerOperator","filename":"docker.py","lineno":71}
{"timestamp":"2026-05-20T22:58:05.963307Z","level":"info","event":"\tat org.apache.hadoop.fs.FileSystem.get(FileSystem.java:540)","logger":"airflow.task.operators.airflow.providers.docker.operators.docker.DockerOperator","filename":"docker.py","lineno":71}
{"timestamp":"2026-05-20T22:58:05.963339Z","level":"info","event":"\tat org.apache.hadoop.fs.Path.getFileSystem(Path.java:365)","logger":"airflow.task.operators.airflow.providers.docker.operators.docker.DockerOperator","filename":"docker.py","lineno":71}
{"timestamp":"2026-05-20T22:58:05.963392Z","level":"info","event":"\tat org.apache.hadoop.mapreduce.lib.input.LineRecordReader.initialize(LineRecordReader.java:88)","logger":"airflow.task.operators.airflow.providers.docker.operators.docker.DockerOperator","filename":"docker.py","lineno":71}
{"timestamp":"2026-05-20T22:58:05.963448Z","level":"info","event":"\tat org.apache.spark.sql.execution.datasources.HadoopFileLinesReader.<init>(HadoopFileLinesReader.scala:63)","logger":"airflow.task.operators.airflow.providers.docker.operators.docker.DockerOperator","filename":"docker.py","lineno":71}
{"timestamp":"2026-05-20T22:58:05.963484Z","level":"info","event":"\tat org.apache.spark.sql.execution.datasources.json.TextInputJsonDataSource$.readFile(JsonDataSource.scala:132)","logger":"airflow.task.operators.airflow.providers.docker.operators.docker.DockerOperator","filename":"docker.py","lineno":71}
{"timestamp":"2026-05-20T22:58:05.963517Z","level":"info","event":"\tat org.apache.spark.sql.execution.datasources.json.JsonFileFormat.$anonfun$buildReader$2(JsonFileFormat.scala:126)","logger":"airflow.task.operators.airflow.providers.docker.operators.docker.DockerOperator","filename":"docker.py","lineno":71}
{"timestamp":"2026-05-20T22:58:05.963593Z","level":"info","event":"\tat org.apache.spark.sql.execution.datasources.FileFormat$$anon$1.apply(FileFormat.scala:160)","logger":"airflow.task.operators.airflow.providers.docker.operators.docker.DockerOperator","filename":"docker.py","lineno":71}
{"timestamp":"2026-05-20T22:58:05.963656Z","level":"info","event":"\tat org.apache.spark.sql.execution.datasources.FileFormat$$anon$1.apply(FileFormat.scala:140)","logger":"airflow.task.operators.airflow.providers.docker.operators.docker.DockerOperator","filename":"docker.py","lineno":71}
{"timestamp":"2026-05-20T22:58:05.963712Z","level":"info","event":"\tat org.apache.spark.sql.execution.datasources.FileScanRDD$$anon$1.org$apache$spark$sql$execution$datasources$FileScanRDD$$anon$$readCurrentFile(FileScanRDD.scala:217)","logger":"airflow.task.operators.airflow.providers.docker.operators.docker.DockerOperator","filename":"docker.py","lineno":71}
{"timestamp":"2026-05-20T22:58:05.963765Z","level":"info","event":"\tat org.apache.spark.sql.execution.datasources.FileScanRDD$$anon$1.nextIterator(FileScanRDD.scala:279)","logger":"airflow.task.operators.airflow.providers.docker.operators.docker.DockerOperator","filename":"docker.py","lineno":71}
{"timestamp":"2026-05-20T22:58:05.963820Z","level":"info","event":"\tat org.apache.spark.sql.execution.datasources.FileScanRDD$$anon$1.hasNext(FileScanRDD.scala:129)","logger":"airflow.task.operators.airflow.providers.docker.operators.docker.DockerOperator","filename":"docker.py","lineno":71}
{"timestamp":"2026-05-20T22:58:05.963916Z","level":"info","event":"\tat scala.collection.Iterator$$anon$10.hasNext(Iterator.scala:460)","logger":"airflow.task.operators.airflow.providers.docker.operators.docker.DockerOperator","filename":"docker.py","lineno":71}
{"timestamp":"2026-05-20T22:58:05.963981Z","level":"info","event":"\tat org.apache.spark.sql.catalyst.expressions.GeneratedClass$GeneratedIteratorForCodegenStage1.processNext(Unknown Source)","logger":"airflow.task.operators.airflow.providers.docker.operators.docker.DockerOperator","filename":"docker.py","lineno":71}
{"timestamp":"2026-05-20T22:58:05.964032Z","level":"info","event":"\tat org.apache.spark.sql.execution.BufferedRowIterator.hasNext(BufferedRowIterator.java:43)","logger":"airflow.task.operators.airflow.providers.docker.operators.docker.DockerOperator","filename":"docker.py","lineno":71}
{"timestamp":"2026-05-20T22:58:05.964087Z","level":"info","event":"\tat org.apache.spark.sql.execution.WholeStageCodegenEvaluatorFactory$WholeStageCodegenPartitionEvaluator$$anon$1.hasNext(WholeStageCodegenEvaluatorFactory.scala:43)","logger":"airflow.task.operators.airflow.providers.docker.operators.docker.DockerOperator","filename":"docker.py","lineno":71}
{"timestamp":"2026-05-20T22:58:05.964142Z","level":"info","event":"\tat org.apache.spark.sql.execution.SparkPlan.$anonfun$getByteArrayRdd$1(SparkPlan.scala:388)","logger":"airflow.task.operators.airflow.providers.docker.operators.docker.DockerOperator","filename":"docker.py","lineno":71}
{"timestamp":"2026-05-20T22:58:05.964205Z","level":"info","event":"\tat org.apache.spark.rdd.RDD.$anonfun$mapPartitionsInternal$2(RDD.scala:890)","logger":"airflow.task.operators.airflow.providers.docker.operators.docker.DockerOperator","filename":"docker.py","lineno":71}
{"timestamp":"2026-05-20T22:58:05.964268Z","level":"info","event":"\tat org.apache.spark.rdd.RDD.$anonfun$mapPartitionsInternal$2$adapted(RDD.scala:890)","logger":"airflow.task.operators.airflow.providers.docker.operators.docker.DockerOperator","filename":"docker.py","lineno":71}
{"timestamp":"2026-05-20T22:58:05.964321Z","level":"info","event":"\tat org.apache.spark.rdd.MapPartitionsRDD.compute(MapPartitionsRDD.scala:52)","logger":"airflow.task.operators.airflow.providers.docker.operators.docker.DockerOperator","filename":"docker.py","lineno":71}
{"timestamp":"2026-05-20T22:58:05.964373Z","level":"info","event":"\tat org.apache.spark.rdd.RDD.computeOrReadCheckpoint(RDD.scala:364)","logger":"airflow.task.operators.airflow.providers.docker.operators.docker.DockerOperator","filename":"docker.py","lineno":71}
{"timestamp":"2026-05-20T22:58:05.964427Z","level":"info","event":"\tat org.apache.spark.rdd.RDD.iterator(RDD.scala:328)","logger":"airflow.task.operators.airflow.providers.docker.operators.docker.DockerOperator","filename":"docker.py","lineno":71}
{"timestamp":"2026-05-20T22:58:05.964481Z","level":"info","event":"\tat org.apache.spark.scheduler.ResultTask.runTask(ResultTask.scala:93)","logger":"airflow.task.operators.airflow.providers.docker.operators.docker.DockerOperator","filename":"docker.py","lineno":71}
{"timestamp":"2026-05-20T22:58:05.964518Z","level":"info","event":"\tat org.apache.spark.TaskContext.runTaskWithListeners(TaskContext.scala:161)","logger":"airflow.task.operators.airflow.providers.docker.operators.docker.DockerOperator","filename":"docker.py","lineno":71}
{"timestamp":"2026-05-20T22:58:05.964609Z","level":"info","event":"\tat org.apache.spark.scheduler.Task.run(Task.scala:141)","logger":"airflow.task.operators.airflow.providers.docker.operators.docker.DockerOperator","filename":"docker.py","lineno":71}
{"timestamp":"2026-05-20T22:58:05.964649Z","level":"info","event":"\tat org.apache.spark.executor.Executor$TaskRunner.$anonfun$run$4(Executor.scala:620)","logger":"airflow.task.operators.airflow.providers.docker.operators.docker.DockerOperator","filename":"docker.py","lineno":71}
{"timestamp":"2026-05-20T22:58:05.964683Z","level":"info","event":"\tat org.apache.spark.util.SparkErrorUtils.tryWithSafeFinally(SparkErrorUtils.scala:64)","logger":"airflow.task.operators.airflow.providers.docker.operators.docker.DockerOperator","filename":"docker.py","lineno":71}
{"timestamp":"2026-05-20T22:58:05.964714Z","level":"info","event":"\tat org.apache.spark.util.SparkErrorUtils.tryWithSafeFinally$(SparkErrorUtils.scala:61)","logger":"airflow.task.operators.airflow.providers.docker.operators.docker.DockerOperator","filename":"docker.py","lineno":71}
{"timestamp":"2026-05-20T22:58:05.964746Z","level":"info","event":"\tat org.apache.spark.util.Utils$.tryWithSafeFinally(Utils.scala:94)","logger":"airflow.task.operators.airflow.providers.docker.operators.docker.DockerOperator","filename":"docker.py","lineno":71}
{"timestamp":"2026-05-20T22:58:05.964776Z","level":"info","event":"\tat org.apache.spark.executor.Executor$TaskRunner.run(Executor.scala:623)","logger":"airflow.task.operators.airflow.providers.docker.operators.docker.DockerOperator","filename":"docker.py","lineno":71}
{"timestamp":"2026-05-20T22:58:05.964807Z","level":"info","event":"\tat java.base/java.util.concurrent.ThreadPoolExecutor.runWorker(Unknown Source)","logger":"airflow.task.operators.airflow.providers.docker.operators.docker.DockerOperator","filename":"docker.py","lineno":71}
{"timestamp":"2026-05-20T22:58:05.964876Z","level":"info","event":"\tat java.base/java.util.concurrent.ThreadPoolExecutor$Worker.run(Unknown Source)","logger":"airflow.task.operators.airflow.providers.docker.operators.docker.DockerOperator","filename":"docker.py","lineno":71}
{"timestamp":"2026-05-20T22:58:05.964948Z","level":"info","event":"\tat java.base/java.lang.Thread.run(Unknown Source)","logger":"airflow.task.operators.airflow.providers.docker.operators.docker.DockerOperator","filename":"docker.py","lineno":71}
{"timestamp":"2026-05-20T22:58:05.965004Z","level":"info","event":"Caused by: java.lang.ClassNotFoundException: Class org.apache.hadoop.fs.s3a.S3AFileSystem not found","logger":"airflow.task.operators.airflow.providers.docker.operators.docker.DockerOperator","filename":"docker.py","lineno":71}
{"timestamp":"2026-05-20T22:58:05.965055Z","level":"info","event":"\tat org.apache.hadoop.conf.Configuration.getClassByName(Configuration.java:2592)","logger":"airflow.task.operators.airflow.providers.docker.operators.docker.DockerOperator","filename":"docker.py","lineno":71}
{"timestamp":"2026-05-20T22:58:05.965106Z","level":"info","event":"\tat org.apache.hadoop.conf.Configuration.getClass(Configuration.java:2686)","logger":"airflow.task.operators.airflow.providers.docker.operators.docker.DockerOperator","filename":"docker.py","lineno":71}
{"timestamp":"2026-05-20T22:58:05.965164Z","level":"info","event":"\t... 37 more","logger":"airflow.task.operators.airflow.providers.docker.operators.docker.DockerOperator","filename":"docker.py","lineno":71}
{"timestamp":"2026-05-20T22:58:05.965220Z","level":"info","event":"","logger":"airflow.task.operators.airflow.providers.docker.operators.docker.DockerOperator","filename":"docker.py","lineno":71}
{"timestamp":"2026-05-20T22:58:05.965276Z","level":"info","event":"Driver stacktrace:","logger":"airflow.task.operators.airflow.providers.docker.operators.docker.DockerOperator","filename":"docker.py","lineno":71}
{"timestamp":"2026-05-20T22:58:05.965327Z","level":"info","event":"\tat org.apache.spark.scheduler.DAGScheduler.failJobAndIndependentStages(DAGScheduler.scala:2844)","logger":"airflow.task.operators.airflow.providers.docker.operators.docker.DockerOperator","filename":"docker.py","lineno":71}
{"timestamp":"2026-05-20T22:58:05.965378Z","level":"info","event":"\tat org.apache.spark.scheduler.DAGScheduler.$anonfun$abortStage$2(DAGScheduler.scala:2780)","logger":"airflow.task.operators.airflow.providers.docker.operators.docker.DockerOperator","filename":"docker.py","lineno":71}
{"timestamp":"2026-05-20T22:58:05.965436Z","level":"info","event":"\tat org.apache.spark.scheduler.DAGScheduler.$anonfun$abortStage$2$adapted(DAGScheduler.scala:2779)","logger":"airflow.task.operators.airflow.providers.docker.operators.docker.DockerOperator","filename":"docker.py","lineno":71}
{"timestamp":"2026-05-20T22:58:05.965494Z","level":"info","event":"\tat scala.collection.mutable.ResizableArray.foreach(ResizableArray.scala:62)","logger":"airflow.task.operators.airflow.providers.docker.operators.docker.DockerOperator","filename":"docker.py","lineno":71}
{"timestamp":"2026-05-20T22:58:05.965548Z","level":"info","event":"\tat scala.collection.mutable.ResizableArray.foreach$(ResizableArray.scala:55)","logger":"airflow.task.operators.airflow.providers.docker.operators.docker.DockerOperator","filename":"docker.py","lineno":71}
{"timestamp":"2026-05-20T22:58:05.965605Z","level":"info","event":"\tat scala.collection.mutable.ArrayBuffer.foreach(ArrayBuffer.scala:49)","logger":"airflow.task.operators.airflow.providers.docker.operators.docker.DockerOperator","filename":"docker.py","lineno":71}
{"timestamp":"2026-05-20T22:58:05.965640Z","level":"info","event":"\tat org.apache.spark.scheduler.DAGScheduler.abortStage(DAGScheduler.scala:2779)","logger":"airflow.task.operators.airflow.providers.docker.operators.docker.DockerOperator","filename":"docker.py","lineno":71}
{"timestamp":"2026-05-20T22:58:05.965671Z","level":"info","event":"\tat org.apache.spark.scheduler.DAGScheduler.$anonfun$handleTaskSetFailed$1(DAGScheduler.scala:1242)","logger":"airflow.task.operators.airflow.providers.docker.operators.docker.DockerOperator","filename":"docker.py","lineno":71}
{"timestamp":"2026-05-20T22:58:05.965703Z","level":"info","event":"\tat org.apache.spark.scheduler.DAGScheduler.$anonfun$handleTaskSetFailed$1$adapted(DAGScheduler.scala:1242)","logger":"airflow.task.operators.airflow.providers.docker.operators.docker.DockerOperator","filename":"docker.py","lineno":71}
{"timestamp":"2026-05-20T22:58:05.965733Z","level":"info","event":"\tat scala.Option.foreach(Option.scala:407)","logger":"airflow.task.operators.airflow.providers.docker.operators.docker.DockerOperator","filename":"docker.py","lineno":71}
{"timestamp":"2026-05-20T22:58:05.965764Z","level":"info","event":"\tat org.apache.spark.scheduler.DAGScheduler.handleTaskSetFailed(DAGScheduler.scala:1242)","logger":"airflow.task.operators.airflow.providers.docker.operators.docker.DockerOperator","filename":"docker.py","lineno":71}
{"timestamp":"2026-05-20T22:58:05.965795Z","level":"info","event":"\tat org.apache.spark.scheduler.DAGSchedulerEventProcessLoop.doOnReceive(DAGScheduler.scala:3048)","logger":"airflow.task.operators.airflow.providers.docker.operators.docker.DockerOperator","filename":"docker.py","lineno":71}
{"timestamp":"2026-05-20T22:58:05.965864Z","level":"info","event":"\tat org.apache.spark.scheduler.DAGSchedulerEventProcessLoop.onReceive(DAGScheduler.scala:2982)","logger":"airflow.task.operators.airflow.providers.docker.operators.docker.DockerOperator","filename":"docker.py","lineno":71}
{"timestamp":"2026-05-20T22:58:05.965922Z","level":"info","event":"\tat org.apache.spark.scheduler.DAGSchedulerEventProcessLoop.onReceive(DAGScheduler.scala:2971)","logger":"airflow.task.operators.airflow.providers.docker.operators.docker.DockerOperator","filename":"docker.py","lineno":71}
{"timestamp":"2026-05-20T22:58:05.965957Z","level":"info","event":"\tat org.apache.spark.util.EventLoop$$anon$1.run(EventLoop.scala:49)","logger":"airflow.task.operators.airflow.providers.docker.operators.docker.DockerOperator","filename":"docker.py","lineno":71}
{"timestamp":"2026-05-20T22:58:05.965991Z","level":"info","event":"\tat org.apache.spark.scheduler.DAGScheduler.runJob(DAGScheduler.scala:984)","logger":"airflow.task.operators.airflow.providers.docker.operators.docker.DockerOperator","filename":"docker.py","lineno":71}
{"timestamp":"2026-05-20T22:58:05.966022Z","level":"info","event":"\tat org.apache.spark.SparkContext.runJob(SparkContext.scala:2398)","logger":"airflow.task.operators.airflow.providers.docker.operators.docker.DockerOperator","filename":"docker.py","lineno":71}
{"timestamp":"2026-05-20T22:58:05.966054Z","level":"info","event":"\tat org.apache.spark.SparkContext.runJob(SparkContext.scala:2419)","logger":"airflow.task.operators.airflow.providers.docker.operators.docker.DockerOperator","filename":"docker.py","lineno":71}
{"timestamp":"2026-05-20T22:58:05.966085Z","level":"info","event":"\tat org.apache.spark.SparkContext.runJob(SparkContext.scala:2438)","logger":"airflow.task.operators.airflow.providers.docker.operators.docker.DockerOperator","filename":"docker.py","lineno":71}
{"timestamp":"2026-05-20T22:58:05.966117Z","level":"info","event":"\tat org.apache.spark.SparkContext.runJob(SparkContext.scala:2463)","logger":"airflow.task.operators.airflow.providers.docker.operators.docker.DockerOperator","filename":"docker.py","lineno":71}
{"timestamp":"2026-05-20T22:58:05.966149Z","level":"info","event":"\tat org.apache.spark.rdd.RDD.$anonfun$collect$1(RDD.scala:1046)","logger":"airflow.task.operators.airflow.providers.docker.operators.docker.DockerOperator","filename":"docker.py","lineno":71}
{"timestamp":"2026-05-20T22:58:05.966182Z","level":"info","event":"\tat org.apache.spark.rdd.RDDOperationScope$.withScope(RDDOperationScope.scala:151)","logger":"airflow.task.operators.airflow.providers.docker.operators.docker.DockerOperator","filename":"docker.py","lineno":71}
{"timestamp":"2026-05-20T22:58:05.966237Z","level":"info","event":"\tat org.apache.spark.rdd.RDDOperationScope$.withScope(RDDOperationScope.scala:112)","logger":"airflow.task.operators.airflow.providers.docker.operators.docker.DockerOperator","filename":"docker.py","lineno":71}
{"timestamp":"2026-05-20T22:58:05.966286Z","level":"info","event":"\tat org.apache.spark.rdd.RDD.withScope(RDD.scala:407)","logger":"airflow.task.operators.airflow.providers.docker.operators.docker.DockerOperator","filename":"docker.py","lineno":71}
{"timestamp":"2026-05-20T22:58:05.978944Z","level":"info","event":"\tat org.apache.spark.rdd.RDD.collect(RDD.scala:1045)","logger":"airflow.task.operators.airflow.providers.docker.operators.docker.DockerOperator","filename":"docker.py","lineno":71}
{"timestamp":"2026-05-20T22:58:05.979146Z","level":"info","event":"\tat org.apache.spark.sql.execution.SparkPlan.executeCollect(SparkPlan.scala:448)","logger":"airflow.task.operators.airflow.providers.docker.operators.docker.DockerOperator","filename":"docker.py","lineno":71}
{"timestamp":"2026-05-20T22:58:05.979235Z","level":"info","event":"\tat org.apache.spark.sql.Dataset.collectFromPlan(Dataset.scala:4344)","logger":"airflow.task.operators.airflow.providers.docker.operators.docker.DockerOperator","filename":"docker.py","lineno":71}
{"timestamp":"2026-05-20T22:58:05.979487Z","level":"info","event":"\tat org.apache.spark.sql.Dataset.$anonfun$collect$1(Dataset.scala:3585)","logger":"airflow.task.operators.airflow.providers.docker.operators.docker.DockerOperator","filename":"docker.py","lineno":71}
{"timestamp":"2026-05-20T22:58:05.979614Z","level":"info","event":"\tat org.apache.spark.sql.Dataset.$anonfun$withAction$2(Dataset.scala:4334)","logger":"airflow.task.operators.airflow.providers.docker.operators.docker.DockerOperator","filename":"docker.py","lineno":71}
{"timestamp":"2026-05-20T22:58:05.979678Z","level":"info","event":"\tat org.apache.spark.sql.execution.QueryExecution$.withInternalError(QueryExecution.scala:546)","logger":"airflow.task.operators.airflow.providers.docker.operators.docker.DockerOperator","filename":"docker.py","lineno":71}
{"timestamp":"2026-05-20T22:58:05.979722Z","level":"info","event":"\tat org.apache.spark.sql.Dataset.$anonfun$withAction$1(Dataset.scala:4332)","logger":"airflow.task.operators.airflow.providers.docker.operators.docker.DockerOperator","filename":"docker.py","lineno":71}
{"timestamp":"2026-05-20T22:58:05.979756Z","level":"info","event":"\tat org.apache.spark.sql.execution.SQLExecution$.$anonfun$withNewExecutionId$6(SQLExecution.scala:125)","logger":"airflow.task.operators.airflow.providers.docker.operators.docker.DockerOperator","filename":"docker.py","lineno":71}
{"timestamp":"2026-05-20T22:58:05.979791Z","level":"info","event":"\tat org.apache.spark.sql.execution.SQLExecution$.withSQLConfPropagated(SQLExecution.scala:201)","logger":"airflow.task.operators.airflow.providers.docker.operators.docker.DockerOperator","filename":"docker.py","lineno":71}
{"timestamp":"2026-05-20T22:58:05.979851Z","level":"info","event":"\tat org.apache.spark.sql.execution.SQLExecution$.$anonfun$withNewExecutionId$1(SQLExecution.scala:108)","logger":"airflow.task.operators.airflow.providers.docker.operators.docker.DockerOperator","filename":"docker.py","lineno":71}
{"timestamp":"2026-05-20T22:58:05.979902Z","level":"info","event":"\tat org.apache.spark.sql.SparkSession.withActive(SparkSession.scala:900)","logger":"airflow.task.operators.airflow.providers.docker.operators.docker.DockerOperator","filename":"docker.py","lineno":71}
{"timestamp":"2026-05-20T22:58:05.979943Z","level":"info","event":"\tat org.apache.spark.sql.execution.SQLExecution$.withNewExecutionId(SQLExecution.scala:66)","logger":"airflow.task.operators.airflow.providers.docker.operators.docker.DockerOperator","filename":"docker.py","lineno":71}
{"timestamp":"2026-05-20T22:58:05.979978Z","level":"info","event":"\tat org.apache.spark.sql.Dataset.withAction(Dataset.scala:4332)","logger":"airflow.task.operators.airflow.providers.docker.operators.docker.DockerOperator","filename":"docker.py","lineno":71}
{"timestamp":"2026-05-20T22:58:05.980010Z","level":"info","event":"\tat org.apache.spark.sql.Dataset.collect(Dataset.scala:3585)","logger":"airflow.task.operators.airflow.providers.docker.operators.docker.DockerOperator","filename":"docker.py","lineno":71}
{"timestamp":"2026-05-20T22:58:05.980038Z","level":"info","event":"\tat org.apache.spark.sql.delta.Snapshot.protocolAndMetadataReconstruction(Snapshot.scala:229)","logger":"airflow.task.operators.airflow.providers.docker.operators.docker.DockerOperator","filename":"docker.py","lineno":71}
{"timestamp":"2026-05-20T22:58:05.980175Z","level":"info","event":"\tat org.apache.spark.sql.delta.Snapshot.x$1$lzycompute(Snapshot.scala:138)","logger":"airflow.task.operators.airflow.providers.docker.operators.docker.DockerOperator","filename":"docker.py","lineno":71}
{"timestamp":"2026-05-20T22:58:05.980248Z","level":"info","event":"\tat org.apache.spark.sql.delta.Snapshot.x$1(Snapshot.scala:133)","logger":"airflow.task.operators.airflow.providers.docker.operators.docker.DockerOperator","filename":"docker.py","lineno":71}
{"timestamp":"2026-05-20T22:58:05.980302Z","level":"info","event":"\tat org.apache.spark.sql.delta.Snapshot._metadata$lzycompute(Snapshot.scala:133)","logger":"airflow.task.operators.airflow.providers.docker.operators.docker.DockerOperator","filename":"docker.py","lineno":71}
{"timestamp":"2026-05-20T22:58:05.980358Z","level":"info","event":"\tat org.apache.spark.sql.delta.Snapshot._metadata(Snapshot.scala:133)","logger":"airflow.task.operators.airflow.providers.docker.operators.docker.DockerOperator","filename":"docker.py","lineno":71}
{"timestamp":"2026-05-20T22:58:05.980403Z","level":"info","event":"\tat org.apache.spark.sql.delta.Snapshot.metadata(Snapshot.scala:202)","logger":"airflow.task.operators.airflow.providers.docker.operators.docker.DockerOperator","filename":"docker.py","lineno":71}
{"timestamp":"2026-05-20T22:58:05.980462Z","level":"info","event":"\tat org.apache.spark.sql.delta.Snapshot.toString(Snapshot.scala:416)","logger":"airflow.task.operators.airflow.providers.docker.operators.docker.DockerOperator","filename":"docker.py","lineno":71}
{"timestamp":"2026-05-20T22:58:05.980497Z","level":"info","event":"\tat java.base/java.lang.String.valueOf(Unknown Source)","logger":"airflow.task.operators.airflow.providers.docker.operators.docker.DockerOperator","filename":"docker.py","lineno":71}
{"timestamp":"2026-05-20T22:58:05.980527Z","level":"info","event":"\tat java.base/java.lang.StringBuilder.append(Unknown Source)","logger":"airflow.task.operators.airflow.providers.docker.operators.docker.DockerOperator","filename":"docker.py","lineno":71}
{"timestamp":"2026-05-20T22:58:05.980557Z","level":"info","event":"\tat org.apache.spark.sql.delta.Snapshot.$anonfun$new$1(Snapshot.scala:419)","logger":"airflow.task.operators.airflow.providers.docker.operators.docker.DockerOperator","filename":"docker.py","lineno":71}
{"timestamp":"2026-05-20T22:58:05.980588Z","level":"info","event":"\tat org.apache.spark.sql.delta.Snapshot.$anonfun$logInfo$1(Snapshot.scala:396)","logger":"airflow.task.operators.airflow.providers.docker.operators.docker.DockerOperator","filename":"docker.py","lineno":71}
{"timestamp":"2026-05-20T22:58:05.980617Z","level":"info","event":"\tat org.apache.spark.internal.Logging.logInfo(Logging.scala:60)","logger":"airflow.task.operators.airflow.providers.docker.operators.docker.DockerOperator","filename":"docker.py","lineno":71}
{"timestamp":"2026-05-20T22:58:05.980648Z","level":"info","event":"\tat org.apache.spark.internal.Logging.logInfo$(Logging.scala:59)","logger":"airflow.task.operators.airflow.providers.docker.operators.docker.DockerOperator","filename":"docker.py","lineno":71}
{"timestamp":"2026-05-20T22:58:05.980678Z","level":"info","event":"\tat org.apache.spark.sql.delta.Snapshot.logInfo(Snapshot.scala:396)","logger":"airflow.task.operators.airflow.providers.docker.operators.docker.DockerOperator","filename":"docker.py","lineno":71}
{"timestamp":"2026-05-20T22:58:05.980706Z","level":"info","event":"\tat org.apache.spark.sql.delta.Snapshot.<init>(Snapshot.scala:419)","logger":"airflow.task.operators.airflow.providers.docker.operators.docker.DockerOperator","filename":"docker.py","lineno":71}
{"timestamp":"2026-05-20T22:58:05.980735Z","level":"info","event":"\tat org.apache.spark.sql.delta.SnapshotManagement.$anonfun$createSnapshot$2(SnapshotManagement.scala:503)","logger":"airflow.task.operators.airflow.providers.docker.operators.docker.DockerOperator","filename":"docker.py","lineno":71}
{"timestamp":"2026-05-20T22:58:05.980889Z","level":"info","event":"\tat org.apache.spark.sql.delta.SnapshotManagement.createSnapshotFromGivenOrEquivalentLogSegment(SnapshotManagement.scala:628)","logger":"airflow.task.operators.airflow.providers.docker.operators.docker.DockerOperator","filename":"docker.py","lineno":71}
{"timestamp":"2026-05-20T22:58:05.980972Z","level":"info","event":"\tat org.apache.spark.sql.delta.SnapshotManagement.createSnapshotFromGivenOrEquivalentLogSegment$(SnapshotManagement.scala:616)","logger":"airflow.task.operators.airflow.providers.docker.operators.docker.DockerOperator","filename":"docker.py","lineno":71}
{"timestamp":"2026-05-20T22:58:05.981035Z","level":"info","event":"\tat org.apache.spark.sql.delta.DeltaLog.createSnapshotFromGivenOrEquivalentLogSegment(DeltaLog.scala:72)","logger":"airflow.task.operators.airflow.providers.docker.operators.docker.DockerOperator","filename":"docker.py","lineno":71}
{"timestamp":"2026-05-20T22:58:05.981099Z","level":"info","event":"\tat org.apache.spark.sql.delta.SnapshotManagement.createSnapshot(SnapshotManagement.scala:496)","logger":"airflow.task.operators.airflow.providers.docker.operators.docker.DockerOperator","filename":"docker.py","lineno":71}
{"timestamp":"2026-05-20T22:58:05.981159Z","level":"info","event":"\tat org.apache.spark.sql.delta.SnapshotManagement.createSnapshot$(SnapshotManagement.scala:489)","logger":"airflow.task.operators.airflow.providers.docker.operators.docker.DockerOperator","filename":"docker.py","lineno":71}
{"timestamp":"2026-05-20T22:58:05.981231Z","level":"info","event":"\tat org.apache.spark.sql.delta.DeltaLog.createSnapshot(DeltaLog.scala:72)","logger":"airflow.task.operators.airflow.providers.docker.operators.docker.DockerOperator","filename":"docker.py","lineno":71}
{"timestamp":"2026-05-20T22:58:05.981293Z","level":"info","event":"\tat org.apache.spark.sql.delta.SnapshotManagement.$anonfun$createSnapshotAtInitInternal$1(SnapshotManagement.scala:450)","logger":"airflow.task.operators.airflow.providers.docker.operators.docker.DockerOperator","filename":"docker.py","lineno":71}
{"timestamp":"2026-05-20T22:58:05.981354Z","level":"info","event":"\tat scala.Option.map(Option.scala:230)","logger":"airflow.task.operators.airflow.providers.docker.operators.docker.DockerOperator","filename":"docker.py","lineno":71}
{"timestamp":"2026-05-20T22:58:05.981410Z","level":"info","event":"\tat org.apache.spark.sql.delta.SnapshotManagement.createSnapshotAtInitInternal(SnapshotManagement.scala:447)","logger":"airflow.task.operators.airflow.providers.docker.operators.docker.DockerOperator","filename":"docker.py","lineno":71}
{"timestamp":"2026-05-20T22:58:05.981494Z","level":"info","event":"\tat org.apache.spark.sql.delta.SnapshotManagement.createSnapshotAtInitInternal$(SnapshotManagement.scala:444)","logger":"airflow.task.operators.airflow.providers.docker.operators.docker.DockerOperator","filename":"docker.py","lineno":71}
{"timestamp":"2026-05-20T22:58:05.981607Z","level":"info","event":"\tat org.apache.spark.sql.delta.DeltaLog.createSnapshotAtInitInternal(DeltaLog.scala:72)","logger":"airflow.task.operators.airflow.providers.docker.operators.docker.DockerOperator","filename":"docker.py","lineno":71}
{"timestamp":"2026-05-20T22:58:05.981671Z","level":"info","event":"\tat org.apache.spark.sql.delta.SnapshotManagement.$anonfun$getSnapshotAtInit$1(SnapshotManagement.scala:439)","logger":"airflow.task.operators.airflow.providers.docker.operators.docker.DockerOperator","filename":"docker.py","lineno":71}
{"timestamp":"2026-05-20T22:58:05.981731Z","level":"info","event":"\tat org.apache.spark.sql.delta.metering.DeltaLogging.recordFrameProfile(DeltaLogging.scala:140)","logger":"airflow.task.operators.airflow.providers.docker.operators.docker.DockerOperator","filename":"docker.py","lineno":71}
{"timestamp":"2026-05-20T22:58:05.981921Z","level":"info","event":"\tat org.apache.spark.sql.delta.metering.DeltaLogging.recordFrameProfile$(DeltaLogging.scala:138)","logger":"airflow.task.operators.airflow.providers.docker.operators.docker.DockerOperator","filename":"docker.py","lineno":71}
{"timestamp":"2026-05-20T22:58:05.982026Z","level":"info","event":"\tat org.apache.spark.sql.delta.DeltaLog.recordFrameProfile(DeltaLog.scala:72)","logger":"airflow.task.operators.airflow.providers.docker.operators.docker.DockerOperator","filename":"docker.py","lineno":71}
{"timestamp":"2026-05-20T22:58:05.982105Z","level":"info","event":"\tat org.apache.spark.sql.delta.SnapshotManagement.getSnapshotAtInit(SnapshotManagement.scala:434)","logger":"airflow.task.operators.airflow.providers.docker.operators.docker.DockerOperator","filename":"docker.py","lineno":71}
{"timestamp":"2026-05-20T22:58:05.982175Z","level":"info","event":"\tat org.apache.spark.sql.delta.SnapshotManagement.getSnapshotAtInit$(SnapshotManagement.scala:433)","logger":"airflow.task.operators.airflow.providers.docker.operators.docker.DockerOperator","filename":"docker.py","lineno":71}
{"timestamp":"2026-05-20T22:58:05.982233Z","level":"info","event":"\tat org.apache.spark.sql.delta.DeltaLog.getSnapshotAtInit(DeltaLog.scala:72)","logger":"airflow.task.operators.airflow.providers.docker.operators.docker.DockerOperator","filename":"docker.py","lineno":71}
{"timestamp":"2026-05-20T22:58:05.982290Z","level":"info","event":"\tat org.apache.spark.sql.delta.SnapshotManagement.$init$(SnapshotManagement.scala:60)","logger":"airflow.task.operators.airflow.providers.docker.operators.docker.DockerOperator","filename":"docker.py","lineno":71}
{"timestamp":"2026-05-20T22:58:05.982346Z","level":"info","event":"\tat org.apache.spark.sql.delta.DeltaLog.<init>(DeltaLog.scala:78)","logger":"airflow.task.operators.airflow.providers.docker.operators.docker.DockerOperator","filename":"docker.py","lineno":71}
{"timestamp":"2026-05-20T22:58:05.982403Z","level":"info","event":"\tat org.apache.spark.sql.delta.DeltaLog$.$anonfun$apply$4(DeltaLog.scala:779)","logger":"airflow.task.operators.airflow.providers.docker.operators.docker.DockerOperator","filename":"docker.py","lineno":71}
{"timestamp":"2026-05-20T22:58:05.982528Z","level":"info","event":"\tat org.apache.spark.sql.catalyst.plans.logical.AnalysisHelper$.allowInvokingTransformsInAnalyzer(AnalysisHelper.scala:323)","logger":"airflow.task.operators.airflow.providers.docker.operators.docker.DockerOperator","filename":"docker.py","lineno":71}
{"timestamp":"2026-05-20T22:58:05.982596Z","level":"info","event":"\tat org.apache.spark.sql.delta.DeltaLog$.$anonfun$apply$3(DeltaLog.scala:774)","logger":"airflow.task.operators.airflow.providers.docker.operators.docker.DockerOperator","filename":"docker.py","lineno":71}
{"timestamp":"2026-05-20T22:58:05.982658Z","level":"info","event":"\tat org.apache.spark.sql.delta.metering.DeltaLogging.recordFrameProfile(DeltaLogging.scala:140)","logger":"airflow.task.operators.airflow.providers.docker.operators.docker.DockerOperator","filename":"docker.py","lineno":71}
{"timestamp":"2026-05-20T22:58:05.982717Z","level":"info","event":"\tat org.apache.spark.sql.delta.metering.DeltaLogging.recordFrameProfile$(DeltaLogging.scala:138)","logger":"airflow.task.operators.airflow.providers.docker.operators.docker.DockerOperator","filename":"docker.py","lineno":71}
{"timestamp":"2026-05-20T22:58:05.982773Z","level":"info","event":"\tat org.apache.spark.sql.delta.DeltaLog$.recordFrameProfile(DeltaLog.scala:598)","logger":"airflow.task.operators.airflow.providers.docker.operators.docker.DockerOperator","filename":"docker.py","lineno":71}
{"timestamp":"2026-05-20T22:58:05.982904Z","level":"info","event":"\tat org.apache.spark.sql.delta.metering.DeltaLogging.$anonfun$recordDeltaOperationInternal$1(DeltaLogging.scala:133)","logger":"airflow.task.operators.airflow.providers.docker.operators.docker.DockerOperator","filename":"docker.py","lineno":71}
{"timestamp":"2026-05-20T22:58:05.982979Z","level":"info","event":"\tat com.databricks.spark.util.DatabricksLogging.recordOperation(DatabricksLogging.scala:128)","logger":"airflow.task.operators.airflow.providers.docker.operators.docker.DockerOperator","filename":"docker.py","lineno":71}
{"timestamp":"2026-05-20T22:58:05.983042Z","level":"info","event":"\tat com.databricks.spark.util.DatabricksLogging.recordOperation$(DatabricksLogging.scala:117)","logger":"airflow.task.operators.airflow.providers.docker.operators.docker.DockerOperator","filename":"docker.py","lineno":71}
{"timestamp":"2026-05-20T22:58:05.983099Z","level":"info","event":"\tat org.apache.spark.sql.delta.DeltaLog$.recordOperation(DeltaLog.scala:598)","logger":"airflow.task.operators.airflow.providers.docker.operators.docker.DockerOperator","filename":"docker.py","lineno":71}
{"timestamp":"2026-05-20T22:58:05.983152Z","level":"info","event":"\tat org.apache.spark.sql.delta.metering.DeltaLogging.recordDeltaOperationInternal(DeltaLogging.scala:132)","logger":"airflow.task.operators.airflow.providers.docker.operators.docker.DockerOperator","filename":"docker.py","lineno":71}
{"timestamp":"2026-05-20T22:58:05.983210Z","level":"info","event":"\tat org.apache.spark.sql.delta.metering.DeltaLogging.recordDeltaOperation(DeltaLogging.scala:122)","logger":"airflow.task.operators.airflow.providers.docker.operators.docker.DockerOperator","filename":"docker.py","lineno":71}
{"timestamp":"2026-05-20T22:58:05.983316Z","level":"info","event":"\tat org.apache.spark.sql.delta.metering.DeltaLogging.recordDeltaOperation$(DeltaLogging.scala:112)","logger":"airflow.task.operators.airflow.providers.docker.operators.docker.DockerOperator","filename":"docker.py","lineno":71}
{"timestamp":"2026-05-20T22:58:05.983436Z","level":"info","event":"\tat org.apache.spark.sql.delta.DeltaLog$.recordDeltaOperation(DeltaLog.scala:598)","logger":"airflow.task.operators.airflow.providers.docker.operators.docker.DockerOperator","filename":"docker.py","lineno":71}
{"timestamp":"2026-05-20T22:58:05.983513Z","level":"info","event":"\tat org.apache.spark.sql.delta.DeltaLog$.createDeltaLog$1(DeltaLog.scala:773)","logger":"airflow.task.operators.airflow.providers.docker.operators.docker.DockerOperator","filename":"docker.py","lineno":71}
{"timestamp":"2026-05-20T22:58:05.983596Z","level":"info","event":"\tat org.apache.spark.sql.delta.DeltaLog$.$anonfun$apply$5(DeltaLog.scala:791)","logger":"airflow.task.operators.airflow.providers.docker.operators.docker.DockerOperator","filename":"docker.py","lineno":71}
{"timestamp":"2026-05-20T22:58:05.983652Z","level":"info","event":"\tat com.google.common.cache.LocalCache$LocalManualCache$1.load(LocalCache.java:4792)","logger":"airflow.task.operators.airflow.providers.docker.operators.docker.DockerOperator","filename":"docker.py","lineno":71}
{"timestamp":"2026-05-20T22:58:05.983709Z","level":"info","event":"\tat com.google.common.cache.LocalCache$LoadingValueReference.loadFuture(LocalCache.java:3599)","logger":"airflow.task.operators.airflow.providers.docker.operators.docker.DockerOperator","filename":"docker.py","lineno":71}
{"timestamp":"2026-05-20T22:58:05.983768Z","level":"info","event":"\tat com.google.common.cache.LocalCache$Segment.loadSync(LocalCache.java:2379)","logger":"airflow.task.operators.airflow.providers.docker.operators.docker.DockerOperator","filename":"docker.py","lineno":71}
{"timestamp":"2026-05-20T22:58:05.983844Z","level":"info","event":"\tat com.google.common.cache.LocalCache$Segment.lockedGetOrLoad(LocalCache.java:2342)","logger":"airflow.task.operators.airflow.providers.docker.operators.docker.DockerOperator","filename":"docker.py","lineno":71}
{"timestamp":"2026-05-20T22:58:05.983907Z","level":"info","event":"\tat com.google.common.cache.LocalCache$Segment.get(LocalCache.java:2257)","logger":"airflow.task.operators.airflow.providers.docker.operators.docker.DockerOperator","filename":"docker.py","lineno":71}
{"timestamp":"2026-05-20T22:58:05.983970Z","level":"info","event":"\tat com.google.common.cache.LocalCache.get(LocalCache.java:4000)","logger":"airflow.task.operators.airflow.providers.docker.operators.docker.DockerOperator","filename":"docker.py","lineno":71}
{"timestamp":"2026-05-20T22:58:05.984028Z","level":"info","event":"\tat com.google.common.cache.LocalCache$LocalManualCache.get(LocalCache.java:4789)","logger":"airflow.task.operators.airflow.providers.docker.operators.docker.DockerOperator","filename":"docker.py","lineno":71}
{"timestamp":"2026-05-20T22:58:05.984092Z","level":"info","event":"\tat org.apache.spark.sql.delta.DeltaLog$.getDeltaLogFromCache$1(DeltaLog.scala:790)","logger":"airflow.task.operators.airflow.providers.docker.operators.docker.DockerOperator","filename":"docker.py","lineno":71}
{"timestamp":"2026-05-20T22:58:05.984147Z","level":"info","event":"\tat org.apache.spark.sql.delta.DeltaLog$.apply(DeltaLog.scala:800)","logger":"airflow.task.operators.airflow.providers.docker.operators.docker.DockerOperator","filename":"docker.py","lineno":71}
{"timestamp":"2026-05-20T22:58:05.984252Z","level":"info","event":"\tat org.apache.spark.sql.delta.DeltaLog$.forTable(DeltaLog.scala:677)","logger":"airflow.task.operators.airflow.providers.docker.operators.docker.DockerOperator","filename":"docker.py","lineno":71}
{"timestamp":"2026-05-20T22:58:05.984313Z","level":"info","event":"\tat org.apache.spark.sql.delta.catalog.DeltaTableV2.$anonfun$deltaLog$1(DeltaTableV2.scala:91)","logger":"airflow.task.operators.airflow.providers.docker.operators.docker.DockerOperator","filename":"docker.py","lineno":71}
{"timestamp":"2026-05-20T22:58:05.984370Z","level":"info","event":"\tat org.apache.spark.sql.delta.catalog.DeltaTableV2$.withEnrichedUnsupportedTableException(DeltaTableV2.scala:364)","logger":"airflow.task.operators.airflow.providers.docker.operators.docker.DockerOperator","filename":"docker.py","lineno":71}
{"timestamp":"2026-05-20T22:58:05.984438Z","level":"info","event":"\tat org.apache.spark.sql.delta.catalog.DeltaTableV2.deltaLog$lzycompute(DeltaTableV2.scala:91)","logger":"airflow.task.operators.airflow.providers.docker.operators.docker.DockerOperator","filename":"docker.py","lineno":71}
{"timestamp":"2026-05-20T22:58:05.984497Z","level":"info","event":"\tat org.apache.spark.sql.delta.catalog.DeltaTableV2.deltaLog(DeltaTableV2.scala:89)","logger":"airflow.task.operators.airflow.providers.docker.operators.docker.DockerOperator","filename":"docker.py","lineno":71}
{"timestamp":"2026-05-20T22:58:05.984552Z","level":"info","event":"\tat org.apache.spark.sql.delta.catalog.DeltaTableV2.$anonfun$initialSnapshot$4(DeltaTableV2.scala:144)","logger":"airflow.task.operators.airflow.providers.docker.operators.docker.DockerOperator","filename":"docker.py","lineno":71}
{"timestamp":"2026-05-20T22:58:05.984619Z","level":"info","event":"\tat scala.Option.getOrElse(Option.scala:189)","logger":"airflow.task.operators.airflow.providers.docker.operators.docker.DockerOperator","filename":"docker.py","lineno":71}
{"timestamp":"2026-05-20T22:58:05.984682Z","level":"info","event":"\tat org.apache.spark.sql.delta.catalog.DeltaTableV2.$anonfun$initialSnapshot$1(DeltaTableV2.scala:144)","logger":"airflow.task.operators.airflow.providers.docker.operators.docker.DockerOperator","filename":"docker.py","lineno":71}
{"timestamp":"2026-05-20T22:58:05.984751Z","level":"info","event":"\tat org.apache.spark.sql.delta.catalog.DeltaTableV2$.withEnrichedUnsupportedTableException(DeltaTableV2.scala:364)","logger":"airflow.task.operators.airflow.providers.docker.operators.docker.DockerOperator","filename":"docker.py","lineno":71}
{"timestamp":"2026-05-20T22:58:05.984806Z","level":"info","event":"\tat org.apache.spark.sql.delta.catalog.DeltaTableV2.initialSnapshot$lzycompute(DeltaTableV2.scala:143)","logger":"airflow.task.operators.airflow.providers.docker.operators.docker.DockerOperator","filename":"docker.py","lineno":71}
{"timestamp":"2026-05-20T22:58:05.984890Z","level":"info","event":"\tat org.apache.spark.sql.delta.catalog.DeltaTableV2.initialSnapshot(DeltaTableV2.scala:123)","logger":"airflow.task.operators.airflow.providers.docker.operators.docker.DockerOperator","filename":"docker.py","lineno":71}
{"timestamp":"2026-05-20T22:58:05.985069Z","level":"info","event":"\tat org.apache.spark.sql.delta.catalog.DeltaTableV2.toBaseRelation$lzycompute(DeltaTableV2.scala:235)","logger":"airflow.task.operators.airflow.providers.docker.operators.docker.DockerOperator","filename":"docker.py","lineno":71}
{"timestamp":"2026-05-20T22:58:05.985146Z","level":"info","event":"\tat org.apache.spark.sql.delta.catalog.DeltaTableV2.toBaseRelation(DeltaTableV2.scala:233)","logger":"airflow.task.operators.airflow.providers.docker.operators.docker.DockerOperator","filename":"docker.py","lineno":71}
{"timestamp":"2026-05-20T22:58:05.985205Z","level":"info","event":"\tat org.apache.spark.sql.delta.sources.DeltaDataSource.$anonfun$createRelation$5(DeltaDataSource.scala:250)","logger":"airflow.task.operators.airflow.providers.docker.operators.docker.DockerOperator","filename":"docker.py","lineno":71}
{"timestamp":"2026-05-20T22:58:05.985265Z","level":"info","event":"\tat org.apache.spark.sql.delta.metering.DeltaLogging.recordFrameProfile(DeltaLogging.scala:140)","logger":"airflow.task.operators.airflow.providers.docker.operators.docker.DockerOperator","filename":"docker.py","lineno":71}
{"timestamp":"2026-05-20T22:58:05.985322Z","level":"info","event":"\tat org.apache.spark.sql.delta.metering.DeltaLogging.recordFrameProfile$(DeltaLogging.scala:138)","logger":"airflow.task.operators.airflow.providers.docker.operators.docker.DockerOperator","filename":"docker.py","lineno":71}
{"timestamp":"2026-05-20T22:58:05.985375Z","level":"info","event":"\tat org.apache.spark.sql.delta.sources.DeltaDataSource.recordFrameProfile(DeltaDataSource.scala:49)","logger":"airflow.task.operators.airflow.providers.docker.operators.docker.DockerOperator","filename":"docker.py","lineno":71}
{"timestamp":"2026-05-20T22:58:05.985502Z","level":"info","event":"\tat org.apache.spark.sql.delta.sources.DeltaDataSource.createRelation(DeltaDataSource.scala:209)","logger":"airflow.task.operators.airflow.providers.docker.operators.docker.DockerOperator","filename":"docker.py","lineno":71}
{"timestamp":"2026-05-20T22:58:05.985574Z","level":"info","event":"\tat org.apache.spark.sql.execution.datasources.DataSource.resolveRelation(DataSource.scala:346)","logger":"airflow.task.operators.airflow.providers.docker.operators.docker.DockerOperator","filename":"docker.py","lineno":71}
{"timestamp":"2026-05-20T22:58:05.985634Z","level":"info","event":"\tat org.apache.spark.sql.DataFrameReader.loadV1Source(DataFrameReader.scala:229)","logger":"airflow.task.operators.airflow.providers.docker.operators.docker.DockerOperator","filename":"docker.py","lineno":71}
{"timestamp":"2026-05-20T22:58:05.985690Z","level":"info","event":"\tat org.apache.spark.sql.DataFrameReader.$anonfun$load$2(DataFrameReader.scala:211)","logger":"airflow.task.operators.airflow.providers.docker.operators.docker.DockerOperator","filename":"docker.py","lineno":71}
{"timestamp":"2026-05-20T22:58:05.985749Z","level":"info","event":"\tat scala.Option.getOrElse(Option.scala:189)","logger":"airflow.task.operators.airflow.providers.docker.operators.docker.DockerOperator","filename":"docker.py","lineno":71}
{"timestamp":"2026-05-20T22:58:05.985805Z","level":"info","event":"\tat org.apache.spark.sql.DataFrameReader.load(DataFrameReader.scala:211)","logger":"airflow.task.operators.airflow.providers.docker.operators.docker.DockerOperator","filename":"docker.py","lineno":71}
{"timestamp":"2026-05-20T22:58:05.985889Z","level":"info","event":"\tat org.apache.spark.sql.DataFrameReader.load(DataFrameReader.scala:186)","logger":"airflow.task.operators.airflow.providers.docker.operators.docker.DockerOperator","filename":"docker.py","lineno":71}
{"timestamp":"2026-05-20T22:58:05.985954Z","level":"info","event":"\tat java.base/jdk.internal.reflect.NativeMethodAccessorImpl.invoke0(Native Method)","logger":"airflow.task.operators.airflow.providers.docker.operators.docker.DockerOperator","filename":"docker.py","lineno":71}
{"timestamp":"2026-05-20T22:58:05.986012Z","level":"info","event":"\tat java.base/jdk.internal.reflect.NativeMethodAccessorImpl.invoke(Unknown Source)","logger":"airflow.task.operators.airflow.providers.docker.operators.docker.DockerOperator","filename":"docker.py","lineno":71}
{"timestamp":"2026-05-20T22:58:05.986066Z","level":"info","event":"\tat java.base/jdk.internal.reflect.DelegatingMethodAccessorImpl.invoke(Unknown Source)","logger":"airflow.task.operators.airflow.providers.docker.operators.docker.DockerOperator","filename":"docker.py","lineno":71}
{"timestamp":"2026-05-20T22:58:05.986123Z","level":"info","event":"\tat java.base/java.lang.reflect.Method.invoke(Unknown Source)","logger":"airflow.task.operators.airflow.providers.docker.operators.docker.DockerOperator","filename":"docker.py","lineno":71}
{"timestamp":"2026-05-20T22:58:05.986177Z","level":"info","event":"\tat py4j.reflection.MethodInvoker.invoke(MethodInvoker.java:244)","logger":"airflow.task.operators.airflow.providers.docker.operators.docker.DockerOperator","filename":"docker.py","lineno":71}
{"timestamp":"2026-05-20T22:58:05.986228Z","level":"info","event":"\tat py4j.reflection.ReflectionEngine.invoke(ReflectionEngine.java:374)","logger":"airflow.task.operators.airflow.providers.docker.operators.docker.DockerOperator","filename":"docker.py","lineno":71}
{"timestamp":"2026-05-20T22:58:05.986283Z","level":"info","event":"\tat py4j.Gateway.invoke(Gateway.java:282)","logger":"airflow.task.operators.airflow.providers.docker.operators.docker.DockerOperator","filename":"docker.py","lineno":71}
{"timestamp":"2026-05-20T22:58:05.986338Z","level":"info","event":"\tat py4j.commands.AbstractCommand.invokeMethod(AbstractCommand.java:132)","logger":"airflow.task.operators.airflow.providers.docker.operators.docker.DockerOperator","filename":"docker.py","lineno":71}
{"timestamp":"2026-05-20T22:58:05.986398Z","level":"info","event":"\tat py4j.commands.CallCommand.execute(CallCommand.java:79)","logger":"airflow.task.operators.airflow.providers.docker.operators.docker.DockerOperator","filename":"docker.py","lineno":71}
{"timestamp":"2026-05-20T22:58:05.986469Z","level":"info","event":"\tat py4j.ClientServerConnection.waitForCommands(ClientServerConnection.java:182)","logger":"airflow.task.operators.airflow.providers.docker.operators.docker.DockerOperator","filename":"docker.py","lineno":71}
{"timestamp":"2026-05-20T22:58:05.986530Z","level":"info","event":"\tat py4j.ClientServerConnection.run(ClientServerConnection.java:106)","logger":"airflow.task.operators.airflow.providers.docker.operators.docker.DockerOperator","filename":"docker.py","lineno":71}
{"timestamp":"2026-05-20T22:58:05.986585Z","level":"info","event":"\tat java.base/java.lang.Thread.run(Unknown Source)","logger":"airflow.task.operators.airflow.providers.docker.operators.docker.DockerOperator","filename":"docker.py","lineno":71}
{"timestamp":"2026-05-20T22:58:05.986640Z","level":"info","event":"Caused by: java.lang.RuntimeException: java.lang.ClassNotFoundException: Class org.apache.hadoop.fs.s3a.S3AFileSystem not found","logger":"airflow.task.operators.airflow.providers.docker.operators.docker.DockerOperator","filename":"docker.py","lineno":71}
{"timestamp":"2026-05-20T22:58:05.986694Z","level":"info","event":"\tat org.apache.hadoop.conf.Configuration.getClass(Configuration.java:2688)","logger":"airflow.task.operators.airflow.providers.docker.operators.docker.DockerOperator","filename":"docker.py","lineno":71}
{"timestamp":"2026-05-20T22:58:05.986746Z","level":"info","event":"\tat org.apache.hadoop.fs.FileSystem.getFileSystemClass(FileSystem.java:3431)","logger":"airflow.task.operators.airflow.providers.docker.operators.docker.DockerOperator","filename":"docker.py","lineno":71}
{"timestamp":"2026-05-20T22:58:05.986800Z","level":"info","event":"\tat org.apache.hadoop.fs.FileSystem.createFileSystem(FileSystem.java:3466)","logger":"airflow.task.operators.airflow.providers.docker.operators.docker.DockerOperator","filename":"docker.py","lineno":71}
{"timestamp":"2026-05-20T22:58:05.986879Z","level":"info","event":"\tat org.apache.hadoop.fs.FileSystem.access$300(FileSystem.java:174)","logger":"airflow.task.operators.airflow.providers.docker.operators.docker.DockerOperator","filename":"docker.py","lineno":71}
{"timestamp":"2026-05-20T22:58:05.986935Z","level":"info","event":"\tat org.apache.hadoop.fs.FileSystem$Cache.getInternal(FileSystem.java:3574)","logger":"airflow.task.operators.airflow.providers.docker.operators.docker.DockerOperator","filename":"docker.py","lineno":71}
{"timestamp":"2026-05-20T22:58:05.986999Z","level":"info","event":"\tat org.apache.hadoop.fs.FileSystem$Cache.get(FileSystem.java:3521)","logger":"airflow.task.operators.airflow.providers.docker.operators.docker.DockerOperator","filename":"docker.py","lineno":71}
{"timestamp":"2026-05-20T22:58:05.987055Z","level":"info","event":"\tat org.apache.hadoop.fs.FileSystem.get(FileSystem.java:540)","logger":"airflow.task.operators.airflow.providers.docker.operators.docker.DockerOperator","filename":"docker.py","lineno":71}
{"timestamp":"2026-05-20T22:58:05.987113Z","level":"info","event":"\tat org.apache.hadoop.fs.Path.getFileSystem(Path.java:365)","logger":"airflow.task.operators.airflow.providers.docker.operators.docker.DockerOperator","filename":"docker.py","lineno":71}
{"timestamp":"2026-05-20T22:58:05.987166Z","level":"info","event":"\tat org.apache.hadoop.mapreduce.lib.input.LineRecordReader.initialize(LineRecordReader.java:88)","logger":"airflow.task.operators.airflow.providers.docker.operators.docker.DockerOperator","filename":"docker.py","lineno":71}
{"timestamp":"2026-05-20T22:58:05.987219Z","level":"info","event":"\tat org.apache.spark.sql.execution.datasources.HadoopFileLinesReader.<init>(HadoopFileLinesReader.scala:63)","logger":"airflow.task.operators.airflow.providers.docker.operators.docker.DockerOperator","filename":"docker.py","lineno":71}
{"timestamp":"2026-05-20T22:58:05.987273Z","level":"info","event":"\tat org.apache.spark.sql.execution.datasources.json.TextInputJsonDataSource$.readFile(JsonDataSource.scala:132)","logger":"airflow.task.operators.airflow.providers.docker.operators.docker.DockerOperator","filename":"docker.py","lineno":71}
{"timestamp":"2026-05-20T22:58:05.987325Z","level":"info","event":"\tat org.apache.spark.sql.execution.datasources.json.JsonFileFormat.$anonfun$buildReader$2(JsonFileFormat.scala:126)","logger":"airflow.task.operators.airflow.providers.docker.operators.docker.DockerOperator","filename":"docker.py","lineno":71}
{"timestamp":"2026-05-20T22:58:05.987379Z","level":"info","event":"\tat org.apache.spark.sql.execution.datasources.FileFormat$$anon$1.apply(FileFormat.scala:160)","logger":"airflow.task.operators.airflow.providers.docker.operators.docker.DockerOperator","filename":"docker.py","lineno":71}
{"timestamp":"2026-05-20T22:58:05.987445Z","level":"info","event":"\tat org.apache.spark.sql.execution.datasources.FileFormat$$anon$1.apply(FileFormat.scala:140)","logger":"airflow.task.operators.airflow.providers.docker.operators.docker.DockerOperator","filename":"docker.py","lineno":71}
{"timestamp":"2026-05-20T22:58:05.987503Z","level":"info","event":"\tat org.apache.spark.sql.execution.datasources.FileScanRDD$$anon$1.org$apache$spark$sql$execution$datasources$FileScanRDD$$anon$$readCurrentFile(FileScanRDD.scala:217)","logger":"airflow.task.operators.airflow.providers.docker.operators.docker.DockerOperator","filename":"docker.py","lineno":71}
{"timestamp":"2026-05-20T22:58:05.987556Z","level":"info","event":"\tat org.apache.spark.sql.execution.datasources.FileScanRDD$$anon$1.nextIterator(FileScanRDD.scala:279)","logger":"airflow.task.operators.airflow.providers.docker.operators.docker.DockerOperator","filename":"docker.py","lineno":71}
{"timestamp":"2026-05-20T22:58:05.987610Z","level":"info","event":"\tat org.apache.spark.sql.execution.datasources.FileScanRDD$$anon$1.hasNext(FileScanRDD.scala:129)","logger":"airflow.task.operators.airflow.providers.docker.operators.docker.DockerOperator","filename":"docker.py","lineno":71}
{"timestamp":"2026-05-20T22:58:05.987665Z","level":"info","event":"\tat scala.collection.Iterator$$anon$10.hasNext(Iterator.scala:460)","logger":"airflow.task.operators.airflow.providers.docker.operators.docker.DockerOperator","filename":"docker.py","lineno":71}
{"timestamp":"2026-05-20T22:58:05.987726Z","level":"info","event":"\tat org.apache.spark.sql.catalyst.expressions.GeneratedClass$GeneratedIteratorForCodegenStage1.processNext(Unknown Source)","logger":"airflow.task.operators.airflow.providers.docker.operators.docker.DockerOperator","filename":"docker.py","lineno":71}
{"timestamp":"2026-05-20T22:58:05.987787Z","level":"info","event":"\tat org.apache.spark.sql.execution.BufferedRowIterator.hasNext(BufferedRowIterator.java:43)","logger":"airflow.task.operators.airflow.providers.docker.operators.docker.DockerOperator","filename":"docker.py","lineno":71}
{"timestamp":"2026-05-20T22:58:05.987870Z","level":"info","event":"\tat org.apache.spark.sql.execution.WholeStageCodegenEvaluatorFactory$WholeStageCodegenPartitionEvaluator$$anon$1.hasNext(WholeStageCodegenEvaluatorFactory.scala:43)","logger":"airflow.task.operators.airflow.providers.docker.operators.docker.DockerOperator","filename":"docker.py","lineno":71}
{"timestamp":"2026-05-20T22:58:05.987932Z","level":"info","event":"\tat org.apache.spark.sql.execution.SparkPlan.$anonfun$getByteArrayRdd$1(SparkPlan.scala:388)","logger":"airflow.task.operators.airflow.providers.docker.operators.docker.DockerOperator","filename":"docker.py","lineno":71}
{"timestamp":"2026-05-20T22:58:05.987991Z","level":"info","event":"\tat org.apache.spark.rdd.RDD.$anonfun$mapPartitionsInternal$2(RDD.scala:890)","logger":"airflow.task.operators.airflow.providers.docker.operators.docker.DockerOperator","filename":"docker.py","lineno":71}
{"timestamp":"2026-05-20T22:58:05.988044Z","level":"info","event":"\tat org.apache.spark.rdd.RDD.$anonfun$mapPartitionsInternal$2$adapted(RDD.scala:890)","logger":"airflow.task.operators.airflow.providers.docker.operators.docker.DockerOperator","filename":"docker.py","lineno":71}
{"timestamp":"2026-05-20T22:58:05.988100Z","level":"info","event":"\tat org.apache.spark.rdd.MapPartitionsRDD.compute(MapPartitionsRDD.scala:52)","logger":"airflow.task.operators.airflow.providers.docker.operators.docker.DockerOperator","filename":"docker.py","lineno":71}
{"timestamp":"2026-05-20T22:58:05.988155Z","level":"info","event":"\tat org.apache.spark.rdd.RDD.computeOrReadCheckpoint(RDD.scala:364)","logger":"airflow.task.operators.airflow.providers.docker.operators.docker.DockerOperator","filename":"docker.py","lineno":71}
{"timestamp":"2026-05-20T22:58:05.988207Z","level":"info","event":"\tat org.apache.spark.rdd.RDD.iterator(RDD.scala:328)","logger":"airflow.task.operators.airflow.providers.docker.operators.docker.DockerOperator","filename":"docker.py","lineno":71}
{"timestamp":"2026-05-20T22:58:05.988261Z","level":"info","event":"\tat org.apache.spark.scheduler.ResultTask.runTask(ResultTask.scala:93)","logger":"airflow.task.operators.airflow.providers.docker.operators.docker.DockerOperator","filename":"docker.py","lineno":71}
{"timestamp":"2026-05-20T22:58:05.988320Z","level":"info","event":"\tat org.apache.spark.TaskContext.runTaskWithListeners(TaskContext.scala:161)","logger":"airflow.task.operators.airflow.providers.docker.operators.docker.DockerOperator","filename":"docker.py","lineno":71}
{"timestamp":"2026-05-20T22:58:05.988379Z","level":"info","event":"\tat org.apache.spark.scheduler.Task.run(Task.scala:141)","logger":"airflow.task.operators.airflow.providers.docker.operators.docker.DockerOperator","filename":"docker.py","lineno":71}
{"timestamp":"2026-05-20T22:58:05.988452Z","level":"info","event":"\tat org.apache.spark.executor.Executor$TaskRunner.$anonfun$run$4(Executor.scala:620)","logger":"airflow.task.operators.airflow.providers.docker.operators.docker.DockerOperator","filename":"docker.py","lineno":71}
{"timestamp":"2026-05-20T22:58:05.988512Z","level":"info","event":"\tat org.apache.spark.util.SparkErrorUtils.tryWithSafeFinally(SparkErrorUtils.scala:64)","logger":"airflow.task.operators.airflow.providers.docker.operators.docker.DockerOperator","filename":"docker.py","lineno":71}
{"timestamp":"2026-05-20T22:58:05.988564Z","level":"info","event":"\tat org.apache.spark.util.SparkErrorUtils.tryWithSafeFinally$(SparkErrorUtils.scala:61)","logger":"airflow.task.operators.airflow.providers.docker.operators.docker.DockerOperator","filename":"docker.py","lineno":71}
{"timestamp":"2026-05-20T22:58:05.988620Z","level":"info","event":"\tat org.apache.spark.util.Utils$.tryWithSafeFinally(Utils.scala:94)","logger":"airflow.task.operators.airflow.providers.docker.operators.docker.DockerOperator","filename":"docker.py","lineno":71}
{"timestamp":"2026-05-20T22:58:05.988675Z","level":"info","event":"\tat org.apache.spark.executor.Executor$TaskRunner.run(Executor.scala:623)","logger":"airflow.task.operators.airflow.providers.docker.operators.docker.DockerOperator","filename":"docker.py","lineno":71}
{"timestamp":"2026-05-20T22:58:05.988729Z","level":"info","event":"\tat java.base/java.util.concurrent.ThreadPoolExecutor.runWorker(Unknown Source)","logger":"airflow.task.operators.airflow.providers.docker.operators.docker.DockerOperator","filename":"docker.py","lineno":71}
{"timestamp":"2026-05-20T22:58:05.988784Z","level":"info","event":"\tat java.base/java.util.concurrent.ThreadPoolExecutor$Worker.run(Unknown Source)","logger":"airflow.task.operators.airflow.providers.docker.operators.docker.DockerOperator","filename":"docker.py","lineno":71}
{"timestamp":"2026-05-20T22:58:05.988861Z","level":"info","event":"\t... 1 more","logger":"airflow.task.operators.airflow.providers.docker.operators.docker.DockerOperator","filename":"docker.py","lineno":71}
{"timestamp":"2026-05-20T22:58:05.988918Z","level":"info","event":"Caused by: java.lang.ClassNotFoundException: Class org.apache.hadoop.fs.s3a.S3AFileSystem not found","logger":"airflow.task.operators.airflow.providers.docker.operators.docker.DockerOperator","filename":"docker.py","lineno":71}
{"timestamp":"2026-05-20T22:58:05.988978Z","level":"info","event":"\tat org.apache.hadoop.conf.Configuration.getClassByName(Configuration.java:2592)","logger":"airflow.task.operators.airflow.providers.docker.operators.docker.DockerOperator","filename":"docker.py","lineno":71}
{"timestamp":"2026-05-20T22:58:05.989033Z","level":"info","event":"\tat org.apache.hadoop.conf.Configuration.getClass(Configuration.java:2686)","logger":"airflow.task.operators.airflow.providers.docker.operators.docker.DockerOperator","filename":"docker.py","lineno":71}
{"timestamp":"2026-05-20T22:58:05.989093Z","level":"info","event":"\t... 37 more","logger":"airflow.task.operators.airflow.providers.docker.operators.docker.DockerOperator","filename":"docker.py","lineno":71}
{"timestamp":"2026-05-20T22:58:05.989151Z","level":"info","event":"","logger":"airflow.task.operators.airflow.providers.docker.operators.docker.DockerOperator","filename":"docker.py","lineno":71}
{"timestamp":"2026-05-20T22:58:05.989328Z","level":"info","event":"26/05/20 22:58:05 INFO BlockManagerInfo: Removed broadcast_8_piece0 on 92e75bdc4654:38479 in memory (size: 13.7 KiB, free: 434.3 MiB)","logger":"airflow.task.operators.airflow.providers.docker.operators.docker.DockerOperator","filename":"docker.py","lineno":71}
{"timestamp":"2026-05-20T22:58:05.989442Z","level":"info","event":"26/05/20 22:58:05 INFO BlockManagerInfo: Removed broadcast_8_piece0 on 172.20.0.20:36959 in memory (size: 13.7 KiB, free: 434.3 MiB)","logger":"airflow.task.operators.airflow.providers.docker.operators.docker.DockerOperator","filename":"docker.py","lineno":71}
{"timestamp":"2026-05-20T22:58:05.989527Z","level":"info","event":"26/05/20 22:58:05 INFO BlockManagerInfo: Removed broadcast_8_piece0 on 172.20.0.21:46005 in memory (size: 13.7 KiB, free: 434.3 MiB)","logger":"airflow.task.operators.airflow.providers.docker.operators.docker.DockerOperator","filename":"docker.py","lineno":71}
{"timestamp":"2026-05-20T22:58:05.989602Z","level":"info","event":"26/05/20 22:58:05 INFO BlockManagerInfo: Removed broadcast_0_piece0 on 92e75bdc4654:38479 in memory (size: 34.9 KiB, free: 434.3 MiB)","logger":"airflow.task.operators.airflow.providers.docker.operators.docker.DockerOperator","filename":"docker.py","lineno":71}
{"timestamp":"2026-05-20T22:58:05.989675Z","level":"info","event":"26/05/20 22:58:05 INFO BlockManagerInfo: Removed broadcast_0_piece0 on 172.20.0.21:46005 in memory (size: 34.9 KiB, free: 434.3 MiB)","logger":"airflow.task.operators.airflow.providers.docker.operators.docker.DockerOperator","filename":"docker.py","lineno":71}
{"timestamp":"2026-05-20T22:58:05.989752Z","level":"info","event":"2026-05-20 22:58:05,978 - ERROR - Error processing table sales_per_employee: An error occurred while calling o50.load.","logger":"airflow.task.operators.airflow.providers.docker.operators.docker.DockerOperator","filename":"docker.py","lineno":71}
{"timestamp":"2026-05-20T22:58:05.989799Z","level":"info","event":": org.apache.spark.SparkException: Job aborted due to stage failure: Task 0 in stage 1.0 failed 4 times, most recent failure: Lost task 0.3 in stage 1.0 (TID 23) (172.20.0.21 executor 1): java.lang.RuntimeException: java.lang.ClassNotFoundException: Class org.apache.hadoop.fs.s3a.S3AFileSystem not found","logger":"airflow.task.operators.airflow.providers.docker.operators.docker.DockerOperator","filename":"docker.py","lineno":71}
{"timestamp":"2026-05-20T22:58:05.989872Z","level":"info","event":"\tat org.apache.hadoop.conf.Configuration.getClass(Configuration.java:2688)","logger":"airflow.task.operators.airflow.providers.docker.operators.docker.DockerOperator","filename":"docker.py","lineno":71}
{"timestamp":"2026-05-20T22:58:05.989921Z","level":"info","event":"\tat org.apache.hadoop.fs.FileSystem.getFileSystemClass(FileSystem.java:3431)","logger":"airflow.task.operators.airflow.providers.docker.operators.docker.DockerOperator","filename":"docker.py","lineno":71}
{"timestamp":"2026-05-20T22:58:05.989968Z","level":"info","event":"\tat org.apache.hadoop.fs.FileSystem.createFileSystem(FileSystem.java:3466)","logger":"airflow.task.operators.airflow.providers.docker.operators.docker.DockerOperator","filename":"docker.py","lineno":71}
{"timestamp":"2026-05-20T22:58:05.990012Z","level":"info","event":"\tat org.apache.hadoop.fs.FileSystem.access$300(FileSystem.java:174)","logger":"airflow.task.operators.airflow.providers.docker.operators.docker.DockerOperator","filename":"docker.py","lineno":71}
{"timestamp":"2026-05-20T22:58:05.990061Z","level":"info","event":"\tat org.apache.hadoop.fs.FileSystem$Cache.getInternal(FileSystem.java:3574)","logger":"airflow.task.operators.airflow.providers.docker.operators.docker.DockerOperator","filename":"docker.py","lineno":71}
{"timestamp":"2026-05-20T22:58:05.990114Z","level":"info","event":"\tat org.apache.hadoop.fs.FileSystem$Cache.get(FileSystem.java:3521)","logger":"airflow.task.operators.airflow.providers.docker.operators.docker.DockerOperator","filename":"docker.py","lineno":71}
{"timestamp":"2026-05-20T22:58:05.990174Z","level":"info","event":"\tat org.apache.hadoop.fs.FileSystem.get(FileSystem.java:540)","logger":"airflow.task.operators.airflow.providers.docker.operators.docker.DockerOperator","filename":"docker.py","lineno":71}
{"timestamp":"2026-05-20T22:58:05.990229Z","level":"info","event":"\tat org.apache.hadoop.fs.Path.getFileSystem(Path.java:365)","logger":"airflow.task.operators.airflow.providers.docker.operators.docker.DockerOperator","filename":"docker.py","lineno":71}
{"timestamp":"2026-05-20T22:58:05.990512Z","level":"info","event":"\tat org.apache.hadoop.mapreduce.lib.input.LineRecordReader.initialize(LineRecordReader.java:88)","logger":"airflow.task.operators.airflow.providers.docker.operators.docker.DockerOperator","filename":"docker.py","lineno":71}
{"timestamp":"2026-05-20T22:58:05.990595Z","level":"info","event":"\tat org.apache.spark.sql.execution.datasources.HadoopFileLinesReader.<init>(HadoopFileLinesReader.scala:63)","logger":"airflow.task.operators.airflow.providers.docker.operators.docker.DockerOperator","filename":"docker.py","lineno":71}
{"timestamp":"2026-05-20T22:58:05.990657Z","level":"info","event":"\tat org.apache.spark.sql.execution.datasources.json.TextInputJsonDataSource$.readFile(JsonDataSource.scala:132)","logger":"airflow.task.operators.airflow.providers.docker.operators.docker.DockerOperator","filename":"docker.py","lineno":71}
{"timestamp":"2026-05-20T22:58:05.990722Z","level":"info","event":"\tat org.apache.spark.sql.execution.datasources.json.JsonFileFormat.$anonfun$buildReader$2(JsonFileFormat.scala:126)","logger":"airflow.task.operators.airflow.providers.docker.operators.docker.DockerOperator","filename":"docker.py","lineno":71}
{"timestamp":"2026-05-20T22:58:05.990781Z","level":"info","event":"\tat org.apache.spark.sql.execution.datasources.FileFormat$$anon$1.apply(FileFormat.scala:160)","logger":"airflow.task.operators.airflow.providers.docker.operators.docker.DockerOperator","filename":"docker.py","lineno":71}
{"timestamp":"2026-05-20T22:58:05.990861Z","level":"info","event":"\tat org.apache.spark.sql.execution.datasources.FileFormat$$anon$1.apply(FileFormat.scala:140)","logger":"airflow.task.operators.airflow.providers.docker.operators.docker.DockerOperator","filename":"docker.py","lineno":71}
{"timestamp":"2026-05-20T22:58:05.990921Z","level":"info","event":"\tat org.apache.spark.sql.execution.datasources.FileScanRDD$$anon$1.org$apache$spark$sql$execution$datasources$FileScanRDD$$anon$$readCurrentFile(FileScanRDD.scala:217)","logger":"airflow.task.operators.airflow.providers.docker.operators.docker.DockerOperator","filename":"docker.py","lineno":71}
{"timestamp":"2026-05-20T22:58:05.990983Z","level":"info","event":"\tat org.apache.spark.sql.execution.datasources.FileScanRDD$$anon$1.nextIterator(FileScanRDD.scala:279)","logger":"airflow.task.operators.airflow.providers.docker.operators.docker.DockerOperator","filename":"docker.py","lineno":71}
{"timestamp":"2026-05-20T22:58:05.991071Z","level":"info","event":"\tat org.apache.spark.sql.execution.datasources.FileScanRDD$$anon$1.hasNext(FileScanRDD.scala:129)","logger":"airflow.task.operators.airflow.providers.docker.operators.docker.DockerOperator","filename":"docker.py","lineno":71}
{"timestamp":"2026-05-20T22:58:05.991137Z","level":"info","event":"\tat scala.collection.Iterator$$anon$10.hasNext(Iterator.scala:460)","logger":"airflow.task.operators.airflow.providers.docker.operators.docker.DockerOperator","filename":"docker.py","lineno":71}
{"timestamp":"2026-05-20T22:58:05.991191Z","level":"info","event":"\tat org.apache.spark.sql.catalyst.expressions.GeneratedClass$GeneratedIteratorForCodegenStage1.processNext(Unknown Source)","logger":"airflow.task.operators.airflow.providers.docker.operators.docker.DockerOperator","filename":"docker.py","lineno":71}
{"timestamp":"2026-05-20T22:58:05.991248Z","level":"info","event":"\tat org.apache.spark.sql.execution.BufferedRowIterator.hasNext(BufferedRowIterator.java:43)","logger":"airflow.task.operators.airflow.providers.docker.operators.docker.DockerOperator","filename":"docker.py","lineno":71}
{"timestamp":"2026-05-20T22:58:05.991303Z","level":"info","event":"\tat org.apache.spark.sql.execution.WholeStageCodegenEvaluatorFactory$WholeStageCodegenPartitionEvaluator$$anon$1.hasNext(WholeStageCodegenEvaluatorFactory.scala:43)","logger":"airflow.task.operators.airflow.providers.docker.operators.docker.DockerOperator","filename":"docker.py","lineno":71}
{"timestamp":"2026-05-20T22:58:05.991360Z","level":"info","event":"\tat org.apache.spark.sql.execution.SparkPlan.$anonfun$getByteArrayRdd$1(SparkPlan.scala:388)","logger":"airflow.task.operators.airflow.providers.docker.operators.docker.DockerOperator","filename":"docker.py","lineno":71}
{"timestamp":"2026-05-20T22:58:05.991416Z","level":"info","event":"\tat org.apache.spark.rdd.RDD.$anonfun$mapPartitionsInternal$2(RDD.scala:890)","logger":"airflow.task.operators.airflow.providers.docker.operators.docker.DockerOperator","filename":"docker.py","lineno":71}
{"timestamp":"2026-05-20T22:58:05.991490Z","level":"info","event":"\tat org.apache.spark.rdd.RDD.$anonfun$mapPartitionsInternal$2$adapted(RDD.scala:890)","logger":"airflow.task.operators.airflow.providers.docker.operators.docker.DockerOperator","filename":"docker.py","lineno":71}
{"timestamp":"2026-05-20T22:58:05.991556Z","level":"info","event":"\tat org.apache.spark.rdd.MapPartitionsRDD.compute(MapPartitionsRDD.scala:52)","logger":"airflow.task.operators.airflow.providers.docker.operators.docker.DockerOperator","filename":"docker.py","lineno":71}
{"timestamp":"2026-05-20T22:58:05.991614Z","level":"info","event":"\tat org.apache.spark.rdd.RDD.computeOrReadCheckpoint(RDD.scala:364)","logger":"airflow.task.operators.airflow.providers.docker.operators.docker.DockerOperator","filename":"docker.py","lineno":71}
{"timestamp":"2026-05-20T22:58:05.991671Z","level":"info","event":"\tat org.apache.spark.rdd.RDD.iterator(RDD.scala:328)","logger":"airflow.task.operators.airflow.providers.docker.operators.docker.DockerOperator","filename":"docker.py","lineno":71}
{"timestamp":"2026-05-20T22:58:05.991724Z","level":"info","event":"\tat org.apache.spark.scheduler.ResultTask.runTask(ResultTask.scala:93)","logger":"airflow.task.operators.airflow.providers.docker.operators.docker.DockerOperator","filename":"docker.py","lineno":71}
{"timestamp":"2026-05-20T22:58:05.991780Z","level":"info","event":"\tat org.apache.spark.TaskContext.runTaskWithListeners(TaskContext.scala:161)","logger":"airflow.task.operators.airflow.providers.docker.operators.docker.DockerOperator","filename":"docker.py","lineno":71}
{"timestamp":"2026-05-20T22:58:05.991858Z","level":"info","event":"\tat org.apache.spark.scheduler.Task.run(Task.scala:141)","logger":"airflow.task.operators.airflow.providers.docker.operators.docker.DockerOperator","filename":"docker.py","lineno":71}
{"timestamp":"2026-05-20T22:58:05.992025Z","level":"info","event":"\tat org.apache.spark.executor.Executor$TaskRunner.$anonfun$run$4(Executor.scala:620)","logger":"airflow.task.operators.airflow.providers.docker.operators.docker.DockerOperator","filename":"docker.py","lineno":71}
{"timestamp":"2026-05-20T22:58:05.992104Z","level":"info","event":"\tat org.apache.spark.util.SparkErrorUtils.tryWithSafeFinally(SparkErrorUtils.scala:64)","logger":"airflow.task.operators.airflow.providers.docker.operators.docker.DockerOperator","filename":"docker.py","lineno":71}
{"timestamp":"2026-05-20T22:58:05.992167Z","level":"info","event":"\tat org.apache.spark.util.SparkErrorUtils.tryWithSafeFinally$(SparkErrorUtils.scala:61)","logger":"airflow.task.operators.airflow.providers.docker.operators.docker.DockerOperator","filename":"docker.py","lineno":71}
{"timestamp":"2026-05-20T22:58:05.992228Z","level":"info","event":"\tat org.apache.spark.util.Utils$.tryWithSafeFinally(Utils.scala:94)","logger":"airflow.task.operators.airflow.providers.docker.operators.docker.DockerOperator","filename":"docker.py","lineno":71}
{"timestamp":"2026-05-20T22:58:05.992288Z","level":"info","event":"\tat org.apache.spark.executor.Executor$TaskRunner.run(Executor.scala:623)","logger":"airflow.task.operators.airflow.providers.docker.operators.docker.DockerOperator","filename":"docker.py","lineno":71}
{"timestamp":"2026-05-20T22:58:05.992345Z","level":"info","event":"\tat java.base/java.util.concurrent.ThreadPoolExecutor.runWorker(Unknown Source)","logger":"airflow.task.operators.airflow.providers.docker.operators.docker.DockerOperator","filename":"docker.py","lineno":71}
{"timestamp":"2026-05-20T22:58:05.992402Z","level":"info","event":"\tat java.base/java.util.concurrent.ThreadPoolExecutor$Worker.run(Unknown Source)","logger":"airflow.task.operators.airflow.providers.docker.operators.docker.DockerOperator","filename":"docker.py","lineno":71}
{"timestamp":"2026-05-20T22:58:05.992476Z","level":"info","event":"\tat java.base/java.lang.Thread.run(Unknown Source)","logger":"airflow.task.operators.airflow.providers.docker.operators.docker.DockerOperator","filename":"docker.py","lineno":71}
{"timestamp":"2026-05-20T22:58:05.992532Z","level":"info","event":"Caused by: java.lang.ClassNotFoundException: Class org.apache.hadoop.fs.s3a.S3AFileSystem not found","logger":"airflow.task.operators.airflow.providers.docker.operators.docker.DockerOperator","filename":"docker.py","lineno":71}
{"timestamp":"2026-05-20T22:58:05.992586Z","level":"info","event":"\tat org.apache.hadoop.conf.Configuration.getClassByName(Configuration.java:2592)","logger":"airflow.task.operators.airflow.providers.docker.operators.docker.DockerOperator","filename":"docker.py","lineno":71}
{"timestamp":"2026-05-20T22:58:05.992641Z","level":"info","event":"\tat org.apache.hadoop.conf.Configuration.getClass(Configuration.java:2686)","logger":"airflow.task.operators.airflow.providers.docker.operators.docker.DockerOperator","filename":"docker.py","lineno":71}
{"timestamp":"2026-05-20T22:58:05.992694Z","level":"info","event":"\t... 37 more","logger":"airflow.task.operators.airflow.providers.docker.operators.docker.DockerOperator","filename":"docker.py","lineno":71}
{"timestamp":"2026-05-20T22:58:05.992747Z","level":"info","event":"","logger":"airflow.task.operators.airflow.providers.docker.operators.docker.DockerOperator","filename":"docker.py","lineno":71}
{"timestamp":"2026-05-20T22:58:05.992803Z","level":"info","event":"Driver stacktrace:","logger":"airflow.task.operators.airflow.providers.docker.operators.docker.DockerOperator","filename":"docker.py","lineno":71}
{"timestamp":"2026-05-20T22:58:05.992881Z","level":"info","event":"\tat org.apache.spark.scheduler.DAGScheduler.failJobAndIndependentStages(DAGScheduler.scala:2844)","logger":"airflow.task.operators.airflow.providers.docker.operators.docker.DockerOperator","filename":"docker.py","lineno":71}
{"timestamp":"2026-05-20T22:58:05.992941Z","level":"info","event":"\tat org.apache.spark.scheduler.DAGScheduler.$anonfun$abortStage$2(DAGScheduler.scala:2780)","logger":"airflow.task.operators.airflow.providers.docker.operators.docker.DockerOperator","filename":"docker.py","lineno":71}
{"timestamp":"2026-05-20T22:58:05.992994Z","level":"info","event":"\tat org.apache.spark.scheduler.DAGScheduler.$anonfun$abortStage$2$adapted(DAGScheduler.scala:2779)","logger":"airflow.task.operators.airflow.providers.docker.operators.docker.DockerOperator","filename":"docker.py","lineno":71}
{"timestamp":"2026-05-20T22:58:05.993046Z","level":"info","event":"\tat scala.collection.mutable.ResizableArray.foreach(ResizableArray.scala:62)","logger":"airflow.task.operators.airflow.providers.docker.operators.docker.DockerOperator","filename":"docker.py","lineno":71}
{"timestamp":"2026-05-20T22:58:05.993108Z","level":"info","event":"\tat scala.collection.mutable.ResizableArray.foreach$(ResizableArray.scala:55)","logger":"airflow.task.operators.airflow.providers.docker.operators.docker.DockerOperator","filename":"docker.py","lineno":71}
{"timestamp":"2026-05-20T22:58:05.993168Z","level":"info","event":"\tat scala.collection.mutable.ArrayBuffer.foreach(ArrayBuffer.scala:49)","logger":"airflow.task.operators.airflow.providers.docker.operators.docker.DockerOperator","filename":"docker.py","lineno":71}
{"timestamp":"2026-05-20T22:58:05.993223Z","level":"info","event":"\tat org.apache.spark.scheduler.DAGScheduler.abortStage(DAGScheduler.scala:2779)","logger":"airflow.task.operators.airflow.providers.docker.operators.docker.DockerOperator","filename":"docker.py","lineno":71}
{"timestamp":"2026-05-20T22:58:05.993279Z","level":"info","event":"\tat org.apache.spark.scheduler.DAGScheduler.$anonfun$handleTaskSetFailed$1(DAGScheduler.scala:1242)","logger":"airflow.task.operators.airflow.providers.docker.operators.docker.DockerOperator","filename":"docker.py","lineno":71}
{"timestamp":"2026-05-20T22:58:05.993333Z","level":"info","event":"\tat org.apache.spark.scheduler.DAGScheduler.$anonfun$handleTaskSetFailed$1$adapted(DAGScheduler.scala:1242)","logger":"airflow.task.operators.airflow.providers.docker.operators.docker.DockerOperator","filename":"docker.py","lineno":71}
{"timestamp":"2026-05-20T22:58:05.993386Z","level":"info","event":"\tat scala.Option.foreach(Option.scala:407)","logger":"airflow.task.operators.airflow.providers.docker.operators.docker.DockerOperator","filename":"docker.py","lineno":71}
{"timestamp":"2026-05-20T22:58:05.993463Z","level":"info","event":"\tat org.apache.spark.scheduler.DAGScheduler.handleTaskSetFailed(DAGScheduler.scala:1242)","logger":"airflow.task.operators.airflow.providers.docker.operators.docker.DockerOperator","filename":"docker.py","lineno":71}
{"timestamp":"2026-05-20T22:58:05.993524Z","level":"info","event":"\tat org.apache.spark.scheduler.DAGSchedulerEventProcessLoop.doOnReceive(DAGScheduler.scala:3048)","logger":"airflow.task.operators.airflow.providers.docker.operators.docker.DockerOperator","filename":"docker.py","lineno":71}
{"timestamp":"2026-05-20T22:58:05.993579Z","level":"info","event":"\tat org.apache.spark.scheduler.DAGSchedulerEventProcessLoop.onReceive(DAGScheduler.scala:2982)","logger":"airflow.task.operators.airflow.providers.docker.operators.docker.DockerOperator","filename":"docker.py","lineno":71}
{"timestamp":"2026-05-20T22:58:05.993634Z","level":"info","event":"\tat org.apache.spark.scheduler.DAGSchedulerEventProcessLoop.onReceive(DAGScheduler.scala:2971)","logger":"airflow.task.operators.airflow.providers.docker.operators.docker.DockerOperator","filename":"docker.py","lineno":71}
{"timestamp":"2026-05-20T22:58:05.993695Z","level":"info","event":"\tat org.apache.spark.util.EventLoop$$anon$1.run(EventLoop.scala:49)","logger":"airflow.task.operators.airflow.providers.docker.operators.docker.DockerOperator","filename":"docker.py","lineno":71}
{"timestamp":"2026-05-20T22:58:05.993750Z","level":"info","event":"\tat org.apache.spark.scheduler.DAGScheduler.runJob(DAGScheduler.scala:984)","logger":"airflow.task.operators.airflow.providers.docker.operators.docker.DockerOperator","filename":"docker.py","lineno":71}
{"timestamp":"2026-05-20T22:58:05.993807Z","level":"info","event":"\tat org.apache.spark.SparkContext.runJob(SparkContext.scala:2398)","logger":"airflow.task.operators.airflow.providers.docker.operators.docker.DockerOperator","filename":"docker.py","lineno":71}
{"timestamp":"2026-05-20T22:58:05.993890Z","level":"info","event":"\tat org.apache.spark.SparkContext.runJob(SparkContext.scala:2419)","logger":"airflow.task.operators.airflow.providers.docker.operators.docker.DockerOperator","filename":"docker.py","lineno":71}
{"timestamp":"2026-05-20T22:58:05.993953Z","level":"info","event":"\tat org.apache.spark.SparkContext.runJob(SparkContext.scala:2438)","logger":"airflow.task.operators.airflow.providers.docker.operators.docker.DockerOperator","filename":"docker.py","lineno":71}
{"timestamp":"2026-05-20T22:58:05.994016Z","level":"info","event":"\tat org.apache.spark.SparkContext.runJob(SparkContext.scala:2463)","logger":"airflow.task.operators.airflow.providers.docker.operators.docker.DockerOperator","filename":"docker.py","lineno":71}
{"timestamp":"2026-05-20T22:58:05.994070Z","level":"info","event":"\tat org.apache.spark.rdd.RDD.$anonfun$collect$1(RDD.scala:1046)","logger":"airflow.task.operators.airflow.providers.docker.operators.docker.DockerOperator","filename":"docker.py","lineno":71}
{"timestamp":"2026-05-20T22:58:05.994127Z","level":"info","event":"\tat org.apache.spark.rdd.RDDOperationScope$.withScope(RDDOperationScope.scala:151)","logger":"airflow.task.operators.airflow.providers.docker.operators.docker.DockerOperator","filename":"docker.py","lineno":71}
{"timestamp":"2026-05-20T22:58:05.994182Z","level":"info","event":"\tat org.apache.spark.rdd.RDDOperationScope$.withScope(RDDOperationScope.scala:112)","logger":"airflow.task.operators.airflow.providers.docker.operators.docker.DockerOperator","filename":"docker.py","lineno":71}
{"timestamp":"2026-05-20T22:58:05.994340Z","level":"info","event":"\tat org.apache.spark.rdd.RDD.withScope(RDD.scala:407)","logger":"airflow.task.operators.airflow.providers.docker.operators.docker.DockerOperator","filename":"docker.py","lineno":71}
{"timestamp":"2026-05-20T22:58:05.994405Z","level":"info","event":"\tat org.apache.spark.rdd.RDD.collect(RDD.scala:1045)","logger":"airflow.task.operators.airflow.providers.docker.operators.docker.DockerOperator","filename":"docker.py","lineno":71}
{"timestamp":"2026-05-20T22:58:05.994478Z","level":"info","event":"\tat org.apache.spark.sql.execution.SparkPlan.executeCollect(SparkPlan.scala:448)","logger":"airflow.task.operators.airflow.providers.docker.operators.docker.DockerOperator","filename":"docker.py","lineno":71}
{"timestamp":"2026-05-20T22:58:05.994540Z","level":"info","event":"\tat org.apache.spark.sql.Dataset.collectFromPlan(Dataset.scala:4344)","logger":"airflow.task.operators.airflow.providers.docker.operators.docker.DockerOperator","filename":"docker.py","lineno":71}
{"timestamp":"2026-05-20T22:58:05.994594Z","level":"info","event":"\tat org.apache.spark.sql.Dataset.$anonfun$collect$1(Dataset.scala:3585)","logger":"airflow.task.operators.airflow.providers.docker.operators.docker.DockerOperator","filename":"docker.py","lineno":71}
{"timestamp":"2026-05-20T22:58:05.994650Z","level":"info","event":"\tat org.apache.spark.sql.Dataset.$anonfun$withAction$2(Dataset.scala:4334)","logger":"airflow.task.operators.airflow.providers.docker.operators.docker.DockerOperator","filename":"docker.py","lineno":71}
{"timestamp":"2026-05-20T22:58:05.994704Z","level":"info","event":"\tat org.apache.spark.sql.execution.QueryExecution$.withInternalError(QueryExecution.scala:546)","logger":"airflow.task.operators.airflow.providers.docker.operators.docker.DockerOperator","filename":"docker.py","lineno":71}
{"timestamp":"2026-05-20T22:58:05.994757Z","level":"info","event":"\tat org.apache.spark.sql.Dataset.$anonfun$withAction$1(Dataset.scala:4332)","logger":"airflow.task.operators.airflow.providers.docker.operators.docker.DockerOperator","filename":"docker.py","lineno":71}
{"timestamp":"2026-05-20T22:58:05.994812Z","level":"info","event":"\tat org.apache.spark.sql.execution.SQLExecution$.$anonfun$withNewExecutionId$6(SQLExecution.scala:125)","logger":"airflow.task.operators.airflow.providers.docker.operators.docker.DockerOperator","filename":"docker.py","lineno":71}
{"timestamp":"2026-05-20T22:58:05.994894Z","level":"info","event":"\tat org.apache.spark.sql.execution.SQLExecution$.withSQLConfPropagated(SQLExecution.scala:201)","logger":"airflow.task.operators.airflow.providers.docker.operators.docker.DockerOperator","filename":"docker.py","lineno":71}
{"timestamp":"2026-05-20T22:58:05.994952Z","level":"info","event":"\tat org.apache.spark.sql.execution.SQLExecution$.$anonfun$withNewExecutionId$1(SQLExecution.scala:108)","logger":"airflow.task.operators.airflow.providers.docker.operators.docker.DockerOperator","filename":"docker.py","lineno":71}
{"timestamp":"2026-05-20T22:58:05.995009Z","level":"info","event":"\tat org.apache.spark.sql.SparkSession.withActive(SparkSession.scala:900)","logger":"airflow.task.operators.airflow.providers.docker.operators.docker.DockerOperator","filename":"docker.py","lineno":71}
{"timestamp":"2026-05-20T22:58:05.995062Z","level":"info","event":"\tat org.apache.spark.sql.execution.SQLExecution$.withNewExecutionId(SQLExecution.scala:66)","logger":"airflow.task.operators.airflow.providers.docker.operators.docker.DockerOperator","filename":"docker.py","lineno":71}
{"timestamp":"2026-05-20T22:58:05.995114Z","level":"info","event":"\tat org.apache.spark.sql.Dataset.withAction(Dataset.scala:4332)","logger":"airflow.task.operators.airflow.providers.docker.operators.docker.DockerOperator","filename":"docker.py","lineno":71}
{"timestamp":"2026-05-20T22:58:05.995174Z","level":"info","event":"\tat org.apache.spark.sql.Dataset.collect(Dataset.scala:3585)","logger":"airflow.task.operators.airflow.providers.docker.operators.docker.DockerOperator","filename":"docker.py","lineno":71}
{"timestamp":"2026-05-20T22:58:05.995232Z","level":"info","event":"\tat org.apache.spark.sql.delta.Snapshot.protocolAndMetadataReconstruction(Snapshot.scala:229)","logger":"airflow.task.operators.airflow.providers.docker.operators.docker.DockerOperator","filename":"docker.py","lineno":71}
{"timestamp":"2026-05-20T22:58:05.995289Z","level":"info","event":"\tat org.apache.spark.sql.delta.Snapshot.x$1$lzycompute(Snapshot.scala:138)","logger":"airflow.task.operators.airflow.providers.docker.operators.docker.DockerOperator","filename":"docker.py","lineno":71}
{"timestamp":"2026-05-20T22:58:05.995345Z","level":"info","event":"\tat org.apache.spark.sql.delta.Snapshot.x$1(Snapshot.scala:133)","logger":"airflow.task.operators.airflow.providers.docker.operators.docker.DockerOperator","filename":"docker.py","lineno":71}
{"timestamp":"2026-05-20T22:58:05.995400Z","level":"info","event":"\tat org.apache.spark.sql.delta.Snapshot._metadata$lzycompute(Snapshot.scala:133)","logger":"airflow.task.operators.airflow.providers.docker.operators.docker.DockerOperator","filename":"docker.py","lineno":71}
{"timestamp":"2026-05-20T22:58:05.995471Z","level":"info","event":"\tat org.apache.spark.sql.delta.Snapshot._metadata(Snapshot.scala:133)","logger":"airflow.task.operators.airflow.providers.docker.operators.docker.DockerOperator","filename":"docker.py","lineno":71}
{"timestamp":"2026-05-20T22:58:05.995528Z","level":"info","event":"\tat org.apache.spark.sql.delta.Snapshot.metadata(Snapshot.scala:202)","logger":"airflow.task.operators.airflow.providers.docker.operators.docker.DockerOperator","filename":"docker.py","lineno":71}
{"timestamp":"2026-05-20T22:58:05.995582Z","level":"info","event":"\tat org.apache.spark.sql.delta.Snapshot.toString(Snapshot.scala:416)","logger":"airflow.task.operators.airflow.providers.docker.operators.docker.DockerOperator","filename":"docker.py","lineno":71}
{"timestamp":"2026-05-20T22:58:05.995639Z","level":"info","event":"\tat java.base/java.lang.String.valueOf(Unknown Source)","logger":"airflow.task.operators.airflow.providers.docker.operators.docker.DockerOperator","filename":"docker.py","lineno":71}
{"timestamp":"2026-05-20T22:58:05.995694Z","level":"info","event":"\tat java.base/java.lang.StringBuilder.append(Unknown Source)","logger":"airflow.task.operators.airflow.providers.docker.operators.docker.DockerOperator","filename":"docker.py","lineno":71}
{"timestamp":"2026-05-20T22:58:05.995747Z","level":"info","event":"\tat org.apache.spark.sql.delta.Snapshot.$anonfun$new$1(Snapshot.scala:419)","logger":"airflow.task.operators.airflow.providers.docker.operators.docker.DockerOperator","filename":"docker.py","lineno":71}
{"timestamp":"2026-05-20T22:58:05.995802Z","level":"info","event":"\tat org.apache.spark.sql.delta.Snapshot.$anonfun$logInfo$1(Snapshot.scala:396)","logger":"airflow.task.operators.airflow.providers.docker.operators.docker.DockerOperator","filename":"docker.py","lineno":71}
{"timestamp":"2026-05-20T22:58:05.995880Z","level":"info","event":"\tat org.apache.spark.internal.Logging.logInfo(Logging.scala:60)","logger":"airflow.task.operators.airflow.providers.docker.operators.docker.DockerOperator","filename":"docker.py","lineno":71}
{"timestamp":"2026-05-20T22:58:05.995938Z","level":"info","event":"\tat org.apache.spark.internal.Logging.logInfo$(Logging.scala:59)","logger":"airflow.task.operators.airflow.providers.docker.operators.docker.DockerOperator","filename":"docker.py","lineno":71}
{"timestamp":"2026-05-20T22:58:05.995996Z","level":"info","event":"\tat org.apache.spark.sql.delta.Snapshot.logInfo(Snapshot.scala:396)","logger":"airflow.task.operators.airflow.providers.docker.operators.docker.DockerOperator","filename":"docker.py","lineno":71}
{"timestamp":"2026-05-20T22:58:05.996057Z","level":"info","event":"\tat org.apache.spark.sql.delta.Snapshot.<init>(Snapshot.scala:419)","logger":"airflow.task.operators.airflow.providers.docker.operators.docker.DockerOperator","filename":"docker.py","lineno":71}
{"timestamp":"2026-05-20T22:58:05.996113Z","level":"info","event":"\tat org.apache.spark.sql.delta.SnapshotManagement.$anonfun$createSnapshot$2(SnapshotManagement.scala:503)","logger":"airflow.task.operators.airflow.providers.docker.operators.docker.DockerOperator","filename":"docker.py","lineno":71}
{"timestamp":"2026-05-20T22:58:05.996170Z","level":"info","event":"\tat org.apache.spark.sql.delta.SnapshotManagement.createSnapshotFromGivenOrEquivalentLogSegment(SnapshotManagement.scala:628)","logger":"airflow.task.operators.airflow.providers.docker.operators.docker.DockerOperator","filename":"docker.py","lineno":71}
{"timestamp":"2026-05-20T22:58:05.996224Z","level":"info","event":"\tat org.apache.spark.sql.delta.SnapshotManagement.createSnapshotFromGivenOrEquivalentLogSegment$(SnapshotManagement.scala:616)","logger":"airflow.task.operators.airflow.providers.docker.operators.docker.DockerOperator","filename":"docker.py","lineno":71}
{"timestamp":"2026-05-20T22:58:05.996280Z","level":"info","event":"\tat org.apache.spark.sql.delta.DeltaLog.createSnapshotFromGivenOrEquivalentLogSegment(DeltaLog.scala:72)","logger":"airflow.task.operators.airflow.providers.docker.operators.docker.DockerOperator","filename":"docker.py","lineno":71}
{"timestamp":"2026-05-20T22:58:05.996335Z","level":"info","event":"\tat org.apache.spark.sql.delta.SnapshotManagement.createSnapshot(SnapshotManagement.scala:496)","logger":"airflow.task.operators.airflow.providers.docker.operators.docker.DockerOperator","filename":"docker.py","lineno":71}
{"timestamp":"2026-05-20T22:58:05.996388Z","level":"info","event":"\tat org.apache.spark.sql.delta.SnapshotManagement.createSnapshot$(SnapshotManagement.scala:489)","logger":"airflow.task.operators.airflow.providers.docker.operators.docker.DockerOperator","filename":"docker.py","lineno":71}
{"timestamp":"2026-05-20T22:58:05.996461Z","level":"info","event":"\tat org.apache.spark.sql.delta.DeltaLog.createSnapshot(DeltaLog.scala:72)","logger":"airflow.task.operators.airflow.providers.docker.operators.docker.DockerOperator","filename":"docker.py","lineno":71}
{"timestamp":"2026-05-20T22:58:05.996520Z","level":"info","event":"\tat org.apache.spark.sql.delta.SnapshotManagement.$anonfun$createSnapshotAtInitInternal$1(SnapshotManagement.scala:450)","logger":"airflow.task.operators.airflow.providers.docker.operators.docker.DockerOperator","filename":"docker.py","lineno":71}
{"timestamp":"2026-05-20T22:58:05.996579Z","level":"info","event":"\tat scala.Option.map(Option.scala:230)","logger":"airflow.task.operators.airflow.providers.docker.operators.docker.DockerOperator","filename":"docker.py","lineno":71}
{"timestamp":"2026-05-20T22:58:05.996641Z","level":"info","event":"\tat org.apache.spark.sql.delta.SnapshotManagement.createSnapshotAtInitInternal(SnapshotManagement.scala:447)","logger":"airflow.task.operators.airflow.providers.docker.operators.docker.DockerOperator","filename":"docker.py","lineno":71}
{"timestamp":"2026-05-20T22:58:05.996696Z","level":"info","event":"\tat org.apache.spark.sql.delta.SnapshotManagement.createSnapshotAtInitInternal$(SnapshotManagement.scala:444)","logger":"airflow.task.operators.airflow.providers.docker.operators.docker.DockerOperator","filename":"docker.py","lineno":71}
{"timestamp":"2026-05-20T22:58:05.996748Z","level":"info","event":"\tat org.apache.spark.sql.delta.DeltaLog.createSnapshotAtInitInternal(DeltaLog.scala:72)","logger":"airflow.task.operators.airflow.providers.docker.operators.docker.DockerOperator","filename":"docker.py","lineno":71}
{"timestamp":"2026-05-20T22:58:05.996804Z","level":"info","event":"\tat org.apache.spark.sql.delta.SnapshotManagement.$anonfun$getSnapshotAtInit$1(SnapshotManagement.scala:439)","logger":"airflow.task.operators.airflow.providers.docker.operators.docker.DockerOperator","filename":"docker.py","lineno":71}
{"timestamp":"2026-05-20T22:58:05.997043Z","level":"info","event":"\tat org.apache.spark.sql.delta.metering.DeltaLogging.recordFrameProfile(DeltaLogging.scala:140)","logger":"airflow.task.operators.airflow.providers.docker.operators.docker.DockerOperator","filename":"docker.py","lineno":71}
{"timestamp":"2026-05-20T22:58:05.997109Z","level":"info","event":"\tat org.apache.spark.sql.delta.metering.DeltaLogging.recordFrameProfile$(DeltaLogging.scala:138)","logger":"airflow.task.operators.airflow.providers.docker.operators.docker.DockerOperator","filename":"docker.py","lineno":71}
{"timestamp":"2026-05-20T22:58:05.997168Z","level":"info","event":"\tat org.apache.spark.sql.delta.DeltaLog.recordFrameProfile(DeltaLog.scala:72)","logger":"airflow.task.operators.airflow.providers.docker.operators.docker.DockerOperator","filename":"docker.py","lineno":71}
{"timestamp":"2026-05-20T22:58:05.997223Z","level":"info","event":"\tat org.apache.spark.sql.delta.SnapshotManagement.getSnapshotAtInit(SnapshotManagement.scala:434)","logger":"airflow.task.operators.airflow.providers.docker.operators.docker.DockerOperator","filename":"docker.py","lineno":71}
{"timestamp":"2026-05-20T22:58:05.997277Z","level":"info","event":"\tat org.apache.spark.sql.delta.SnapshotManagement.getSnapshotAtInit$(SnapshotManagement.scala:433)","logger":"airflow.task.operators.airflow.providers.docker.operators.docker.DockerOperator","filename":"docker.py","lineno":71}
{"timestamp":"2026-05-20T22:58:05.997336Z","level":"info","event":"\tat org.apache.spark.sql.delta.DeltaLog.getSnapshotAtInit(DeltaLog.scala:72)","logger":"airflow.task.operators.airflow.providers.docker.operators.docker.DockerOperator","filename":"docker.py","lineno":71}
{"timestamp":"2026-05-20T22:58:05.997398Z","level":"info","event":"\tat org.apache.spark.sql.delta.SnapshotManagement.$init$(SnapshotManagement.scala:60)","logger":"airflow.task.operators.airflow.providers.docker.operators.docker.DockerOperator","filename":"docker.py","lineno":71}
{"timestamp":"2026-05-20T22:58:05.997474Z","level":"info","event":"\tat org.apache.spark.sql.delta.DeltaLog.<init>(DeltaLog.scala:78)","logger":"airflow.task.operators.airflow.providers.docker.operators.docker.DockerOperator","filename":"docker.py","lineno":71}
{"timestamp":"2026-05-20T22:58:05.997533Z","level":"info","event":"\tat org.apache.spark.sql.delta.DeltaLog$.$anonfun$apply$4(DeltaLog.scala:779)","logger":"airflow.task.operators.airflow.providers.docker.operators.docker.DockerOperator","filename":"docker.py","lineno":71}
{"timestamp":"2026-05-20T22:58:05.997589Z","level":"info","event":"\tat org.apache.spark.sql.catalyst.plans.logical.AnalysisHelper$.allowInvokingTransformsInAnalyzer(AnalysisHelper.scala:323)","logger":"airflow.task.operators.airflow.providers.docker.operators.docker.DockerOperator","filename":"docker.py","lineno":71}
{"timestamp":"2026-05-20T22:58:05.997643Z","level":"info","event":"\tat org.apache.spark.sql.delta.DeltaLog$.$anonfun$apply$3(DeltaLog.scala:774)","logger":"airflow.task.operators.airflow.providers.docker.operators.docker.DockerOperator","filename":"docker.py","lineno":71}
{"timestamp":"2026-05-20T22:58:05.997699Z","level":"info","event":"\tat org.apache.spark.sql.delta.metering.DeltaLogging.recordFrameProfile(DeltaLogging.scala:140)","logger":"airflow.task.operators.airflow.providers.docker.operators.docker.DockerOperator","filename":"docker.py","lineno":71}
{"timestamp":"2026-05-20T22:58:05.997753Z","level":"info","event":"\tat org.apache.spark.sql.delta.metering.DeltaLogging.recordFrameProfile$(DeltaLogging.scala:138)","logger":"airflow.task.operators.airflow.providers.docker.operators.docker.DockerOperator","filename":"docker.py","lineno":71}
{"timestamp":"2026-05-20T22:58:05.997807Z","level":"info","event":"\tat org.apache.spark.sql.delta.DeltaLog$.recordFrameProfile(DeltaLog.scala:598)","logger":"airflow.task.operators.airflow.providers.docker.operators.docker.DockerOperator","filename":"docker.py","lineno":71}
{"timestamp":"2026-05-20T22:58:05.997891Z","level":"info","event":"\tat org.apache.spark.sql.delta.metering.DeltaLogging.$anonfun$recordDeltaOperationInternal$1(DeltaLogging.scala:133)","logger":"airflow.task.operators.airflow.providers.docker.operators.docker.DockerOperator","filename":"docker.py","lineno":71}
{"timestamp":"2026-05-20T22:58:05.997968Z","level":"info","event":"\tat com.databricks.spark.util.DatabricksLogging.recordOperation(DatabricksLogging.scala:128)","logger":"airflow.task.operators.airflow.providers.docker.operators.docker.DockerOperator","filename":"docker.py","lineno":71}
{"timestamp":"2026-05-20T22:58:05.998036Z","level":"info","event":"\tat com.databricks.spark.util.DatabricksLogging.recordOperation$(DatabricksLogging.scala:117)","logger":"airflow.task.operators.airflow.providers.docker.operators.docker.DockerOperator","filename":"docker.py","lineno":71}
{"timestamp":"2026-05-20T22:58:05.998093Z","level":"info","event":"\tat org.apache.spark.sql.delta.DeltaLog$.recordOperation(DeltaLog.scala:598)","logger":"airflow.task.operators.airflow.providers.docker.operators.docker.DockerOperator","filename":"docker.py","lineno":71}
{"timestamp":"2026-05-20T22:58:05.998147Z","level":"info","event":"\tat org.apache.spark.sql.delta.metering.DeltaLogging.recordDeltaOperationInternal(DeltaLogging.scala:132)","logger":"airflow.task.operators.airflow.providers.docker.operators.docker.DockerOperator","filename":"docker.py","lineno":71}
{"timestamp":"2026-05-20T22:58:05.998202Z","level":"info","event":"\tat org.apache.spark.sql.delta.metering.DeltaLogging.recordDeltaOperation(DeltaLogging.scala:122)","logger":"airflow.task.operators.airflow.providers.docker.operators.docker.DockerOperator","filename":"docker.py","lineno":71}
{"timestamp":"2026-05-20T22:58:05.998258Z","level":"info","event":"\tat org.apache.spark.sql.delta.metering.DeltaLogging.recordDeltaOperation$(DeltaLogging.scala:112)","logger":"airflow.task.operators.airflow.providers.docker.operators.docker.DockerOperator","filename":"docker.py","lineno":71}
{"timestamp":"2026-05-20T22:58:05.998310Z","level":"info","event":"\tat org.apache.spark.sql.delta.DeltaLog$.recordDeltaOperation(DeltaLog.scala:598)","logger":"airflow.task.operators.airflow.providers.docker.operators.docker.DockerOperator","filename":"docker.py","lineno":71}
{"timestamp":"2026-05-20T22:58:05.998364Z","level":"info","event":"\tat org.apache.spark.sql.delta.DeltaLog$.createDeltaLog$1(DeltaLog.scala:773)","logger":"airflow.task.operators.airflow.providers.docker.operators.docker.DockerOperator","filename":"docker.py","lineno":71}
{"timestamp":"2026-05-20T22:58:05.998428Z","level":"info","event":"\tat org.apache.spark.sql.delta.DeltaLog$.$anonfun$apply$5(DeltaLog.scala:791)","logger":"airflow.task.operators.airflow.providers.docker.operators.docker.DockerOperator","filename":"docker.py","lineno":71}
{"timestamp":"2026-05-20T22:58:05.998485Z","level":"info","event":"\tat com.google.common.cache.LocalCache$LocalManualCache$1.load(LocalCache.java:4792)","logger":"airflow.task.operators.airflow.providers.docker.operators.docker.DockerOperator","filename":"docker.py","lineno":71}
{"timestamp":"2026-05-20T22:58:05.998537Z","level":"info","event":"\tat com.google.common.cache.LocalCache$LoadingValueReference.loadFuture(LocalCache.java:3599)","logger":"airflow.task.operators.airflow.providers.docker.operators.docker.DockerOperator","filename":"docker.py","lineno":71}
{"timestamp":"2026-05-20T22:58:05.998592Z","level":"info","event":"\tat com.google.common.cache.LocalCache$Segment.loadSync(LocalCache.java:2379)","logger":"airflow.task.operators.airflow.providers.docker.operators.docker.DockerOperator","filename":"docker.py","lineno":71}
{"timestamp":"2026-05-20T22:58:05.998643Z","level":"info","event":"\tat com.google.common.cache.LocalCache$Segment.lockedGetOrLoad(LocalCache.java:2342)","logger":"airflow.task.operators.airflow.providers.docker.operators.docker.DockerOperator","filename":"docker.py","lineno":71}
{"timestamp":"2026-05-20T22:58:05.998703Z","level":"info","event":"\tat com.google.common.cache.LocalCache$Segment.get(LocalCache.java:2257)","logger":"airflow.task.operators.airflow.providers.docker.operators.docker.DockerOperator","filename":"docker.py","lineno":71}
{"timestamp":"2026-05-20T22:58:05.998762Z","level":"info","event":"\tat com.google.common.cache.LocalCache.get(LocalCache.java:4000)","logger":"airflow.task.operators.airflow.providers.docker.operators.docker.DockerOperator","filename":"docker.py","lineno":71}
{"timestamp":"2026-05-20T22:58:05.998818Z","level":"info","event":"\tat com.google.common.cache.LocalCache$LocalManualCache.get(LocalCache.java:4789)","logger":"airflow.task.operators.airflow.providers.docker.operators.docker.DockerOperator","filename":"docker.py","lineno":71}
{"timestamp":"2026-05-20T22:58:05.998905Z","level":"info","event":"\tat org.apache.spark.sql.delta.DeltaLog$.getDeltaLogFromCache$1(DeltaLog.scala:790)","logger":"airflow.task.operators.airflow.providers.docker.operators.docker.DockerOperator","filename":"docker.py","lineno":71}
{"timestamp":"2026-05-20T22:58:05.998966Z","level":"info","event":"\tat org.apache.spark.sql.delta.DeltaLog$.apply(DeltaLog.scala:800)","logger":"airflow.task.operators.airflow.providers.docker.operators.docker.DockerOperator","filename":"docker.py","lineno":71}
{"timestamp":"2026-05-20T22:58:05.999025Z","level":"info","event":"\tat org.apache.spark.sql.delta.DeltaLog$.forTable(DeltaLog.scala:677)","logger":"airflow.task.operators.airflow.providers.docker.operators.docker.DockerOperator","filename":"docker.py","lineno":71}
{"timestamp":"2026-05-20T22:58:05.999080Z","level":"info","event":"\tat org.apache.spark.sql.delta.catalog.DeltaTableV2.$anonfun$deltaLog$1(DeltaTableV2.scala:91)","logger":"airflow.task.operators.airflow.providers.docker.operators.docker.DockerOperator","filename":"docker.py","lineno":71}
{"timestamp":"2026-05-20T22:58:05.999136Z","level":"info","event":"\tat org.apache.spark.sql.delta.catalog.DeltaTableV2$.withEnrichedUnsupportedTableException(DeltaTableV2.scala:364)","logger":"airflow.task.operators.airflow.providers.docker.operators.docker.DockerOperator","filename":"docker.py","lineno":71}
{"timestamp":"2026-05-20T22:58:05.999190Z","level":"info","event":"\tat org.apache.spark.sql.delta.catalog.DeltaTableV2.deltaLog$lzycompute(DeltaTableV2.scala:91)","logger":"airflow.task.operators.airflow.providers.docker.operators.docker.DockerOperator","filename":"docker.py","lineno":71}
{"timestamp":"2026-05-20T22:58:05.999244Z","level":"info","event":"\tat org.apache.spark.sql.delta.catalog.DeltaTableV2.deltaLog(DeltaTableV2.scala:89)","logger":"airflow.task.operators.airflow.providers.docker.operators.docker.DockerOperator","filename":"docker.py","lineno":71}
{"timestamp":"2026-05-20T22:58:05.999298Z","level":"info","event":"\tat org.apache.spark.sql.delta.catalog.DeltaTableV2.$anonfun$initialSnapshot$4(DeltaTableV2.scala:144)","logger":"airflow.task.operators.airflow.providers.docker.operators.docker.DockerOperator","filename":"docker.py","lineno":71}
{"timestamp":"2026-05-20T22:58:05.999355Z","level":"info","event":"\tat scala.Option.getOrElse(Option.scala:189)","logger":"airflow.task.operators.airflow.providers.docker.operators.docker.DockerOperator","filename":"docker.py","lineno":71}
{"timestamp":"2026-05-20T22:58:05.999408Z","level":"info","event":"\tat org.apache.spark.sql.delta.catalog.DeltaTableV2.$anonfun$initialSnapshot$1(DeltaTableV2.scala:144)","logger":"airflow.task.operators.airflow.providers.docker.operators.docker.DockerOperator","filename":"docker.py","lineno":71}
{"timestamp":"2026-05-20T22:58:05.999484Z","level":"info","event":"\tat org.apache.spark.sql.delta.catalog.DeltaTableV2$.withEnrichedUnsupportedTableException(DeltaTableV2.scala:364)","logger":"airflow.task.operators.airflow.providers.docker.operators.docker.DockerOperator","filename":"docker.py","lineno":71}
{"timestamp":"2026-05-20T22:58:05.999540Z","level":"info","event":"\tat org.apache.spark.sql.delta.catalog.DeltaTableV2.initialSnapshot$lzycompute(DeltaTableV2.scala:143)","logger":"airflow.task.operators.airflow.providers.docker.operators.docker.DockerOperator","filename":"docker.py","lineno":71}
{"timestamp":"2026-05-20T22:58:05.999595Z","level":"info","event":"\tat org.apache.spark.sql.delta.catalog.DeltaTableV2.initialSnapshot(DeltaTableV2.scala:123)","logger":"airflow.task.operators.airflow.providers.docker.operators.docker.DockerOperator","filename":"docker.py","lineno":71}
{"timestamp":"2026-05-20T22:58:05.999649Z","level":"info","event":"\tat org.apache.spark.sql.delta.catalog.DeltaTableV2.toBaseRelation$lzycompute(DeltaTableV2.scala:235)","logger":"airflow.task.operators.airflow.providers.docker.operators.docker.DockerOperator","filename":"docker.py","lineno":71}
{"timestamp":"2026-05-20T22:58:05.999703Z","level":"info","event":"\tat org.apache.spark.sql.delta.catalog.DeltaTableV2.toBaseRelation(DeltaTableV2.scala:233)","logger":"airflow.task.operators.airflow.providers.docker.operators.docker.DockerOperator","filename":"docker.py","lineno":71}
{"timestamp":"2026-05-20T22:58:05.999757Z","level":"info","event":"\tat org.apache.spark.sql.delta.sources.DeltaDataSource.$anonfun$createRelation$5(DeltaDataSource.scala:250)","logger":"airflow.task.operators.airflow.providers.docker.operators.docker.DockerOperator","filename":"docker.py","lineno":71}
{"timestamp":"2026-05-20T22:58:05.999812Z","level":"info","event":"\tat org.apache.spark.sql.delta.metering.DeltaLogging.recordFrameProfile(DeltaLogging.scala:140)","logger":"airflow.task.operators.airflow.providers.docker.operators.docker.DockerOperator","filename":"docker.py","lineno":71}
{"timestamp":"2026-05-20T22:58:05.999894Z","level":"info","event":"\tat org.apache.spark.sql.delta.metering.DeltaLogging.recordFrameProfile$(DeltaLogging.scala:138)","logger":"airflow.task.operators.airflow.providers.docker.operators.docker.DockerOperator","filename":"docker.py","lineno":71}
{"timestamp":"2026-05-20T22:58:05.999956Z","level":"info","event":"\tat org.apache.spark.sql.delta.sources.DeltaDataSource.recordFrameProfile(DeltaDataSource.scala:49)","logger":"airflow.task.operators.airflow.providers.docker.operators.docker.DockerOperator","filename":"docker.py","lineno":71}
{"timestamp":"2026-05-20T22:58:06.011655Z","level":"info","event":"\tat org.apache.spark.sql.delta.sources.DeltaDataSource.createRelation(DeltaDataSource.scala:209)","logger":"airflow.task.operators.airflow.providers.docker.operators.docker.DockerOperator","filename":"docker.py","lineno":71}
{"timestamp":"2026-05-20T22:58:06.011950Z","level":"info","event":"\tat org.apache.spark.sql.execution.datasources.DataSource.resolveRelation(DataSource.scala:346)","logger":"airflow.task.operators.airflow.providers.docker.operators.docker.DockerOperator","filename":"docker.py","lineno":71}
{"timestamp":"2026-05-20T22:58:06.012079Z","level":"info","event":"\tat org.apache.spark.sql.DataFrameReader.loadV1Source(DataFrameReader.scala:229)","logger":"airflow.task.operators.airflow.providers.docker.operators.docker.DockerOperator","filename":"docker.py","lineno":71}
{"timestamp":"2026-05-20T22:58:06.012159Z","level":"info","event":"\tat org.apache.spark.sql.DataFrameReader.$anonfun$load$2(DataFrameReader.scala:211)","logger":"airflow.task.operators.airflow.providers.docker.operators.docker.DockerOperator","filename":"docker.py","lineno":71}
{"timestamp":"2026-05-20T22:58:06.012260Z","level":"info","event":"\tat scala.Option.getOrElse(Option.scala:189)","logger":"airflow.task.operators.airflow.providers.docker.operators.docker.DockerOperator","filename":"docker.py","lineno":71}
{"timestamp":"2026-05-20T22:58:06.012336Z","level":"info","event":"\tat org.apache.spark.sql.DataFrameReader.load(DataFrameReader.scala:211)","logger":"airflow.task.operators.airflow.providers.docker.operators.docker.DockerOperator","filename":"docker.py","lineno":71}
{"timestamp":"2026-05-20T22:58:06.012403Z","level":"info","event":"\tat org.apache.spark.sql.DataFrameReader.load(DataFrameReader.scala:186)","logger":"airflow.task.operators.airflow.providers.docker.operators.docker.DockerOperator","filename":"docker.py","lineno":71}
{"timestamp":"2026-05-20T22:58:06.012472Z","level":"info","event":"\tat java.base/jdk.internal.reflect.NativeMethodAccessorImpl.invoke0(Native Method)","logger":"airflow.task.operators.airflow.providers.docker.operators.docker.DockerOperator","filename":"docker.py","lineno":71}
{"timestamp":"2026-05-20T22:58:06.012521Z","level":"info","event":"\tat java.base/jdk.internal.reflect.NativeMethodAccessorImpl.invoke(Unknown Source)","logger":"airflow.task.operators.airflow.providers.docker.operators.docker.DockerOperator","filename":"docker.py","lineno":71}
{"timestamp":"2026-05-20T22:58:06.012567Z","level":"info","event":"\tat java.base/jdk.internal.reflect.DelegatingMethodAccessorImpl.invoke(Unknown Source)","logger":"airflow.task.operators.airflow.providers.docker.operators.docker.DockerOperator","filename":"docker.py","lineno":71}
{"timestamp":"2026-05-20T22:58:06.012613Z","level":"info","event":"\tat java.base/java.lang.reflect.Method.invoke(Unknown Source)","logger":"airflow.task.operators.airflow.providers.docker.operators.docker.DockerOperator","filename":"docker.py","lineno":71}
{"timestamp":"2026-05-20T22:58:06.012663Z","level":"info","event":"\tat py4j.reflection.MethodInvoker.invoke(MethodInvoker.java:244)","logger":"airflow.task.operators.airflow.providers.docker.operators.docker.DockerOperator","filename":"docker.py","lineno":71}
{"timestamp":"2026-05-20T22:58:06.012727Z","level":"info","event":"\tat py4j.reflection.ReflectionEngine.invoke(ReflectionEngine.java:374)","logger":"airflow.task.operators.airflow.providers.docker.operators.docker.DockerOperator","filename":"docker.py","lineno":71}
{"timestamp":"2026-05-20T22:58:06.012786Z","level":"info","event":"\tat py4j.Gateway.invoke(Gateway.java:282)","logger":"airflow.task.operators.airflow.providers.docker.operators.docker.DockerOperator","filename":"docker.py","lineno":71}
{"timestamp":"2026-05-20T22:58:06.012866Z","level":"info","event":"\tat py4j.commands.AbstractCommand.invokeMethod(AbstractCommand.java:132)","logger":"airflow.task.operators.airflow.providers.docker.operators.docker.DockerOperator","filename":"docker.py","lineno":71}
{"timestamp":"2026-05-20T22:58:06.012933Z","level":"info","event":"\tat py4j.commands.CallCommand.execute(CallCommand.java:79)","logger":"airflow.task.operators.airflow.providers.docker.operators.docker.DockerOperator","filename":"docker.py","lineno":71}
{"timestamp":"2026-05-20T22:58:06.012992Z","level":"info","event":"\tat py4j.ClientServerConnection.waitForCommands(ClientServerConnection.java:182)","logger":"airflow.task.operators.airflow.providers.docker.operators.docker.DockerOperator","filename":"docker.py","lineno":71}
{"timestamp":"2026-05-20T22:58:06.013048Z","level":"info","event":"\tat py4j.ClientServerConnection.run(ClientServerConnection.java:106)","logger":"airflow.task.operators.airflow.providers.docker.operators.docker.DockerOperator","filename":"docker.py","lineno":71}
{"timestamp":"2026-05-20T22:58:06.013105Z","level":"info","event":"\tat java.base/java.lang.Thread.run(Unknown Source)","logger":"airflow.task.operators.airflow.providers.docker.operators.docker.DockerOperator","filename":"docker.py","lineno":71}
{"timestamp":"2026-05-20T22:58:06.013158Z","level":"info","event":"Caused by: java.lang.RuntimeException: java.lang.ClassNotFoundException: Class org.apache.hadoop.fs.s3a.S3AFileSystem not found","logger":"airflow.task.operators.airflow.providers.docker.operators.docker.DockerOperator","filename":"docker.py","lineno":71}
{"timestamp":"2026-05-20T22:58:06.013214Z","level":"info","event":"\tat org.apache.hadoop.conf.Configuration.getClass(Configuration.java:2688)","logger":"airflow.task.operators.airflow.providers.docker.operators.docker.DockerOperator","filename":"docker.py","lineno":71}
{"timestamp":"2026-05-20T22:58:06.013269Z","level":"info","event":"\tat org.apache.hadoop.fs.FileSystem.getFileSystemClass(FileSystem.java:3431)","logger":"airflow.task.operators.airflow.providers.docker.operators.docker.DockerOperator","filename":"docker.py","lineno":71}
{"timestamp":"2026-05-20T22:58:06.013322Z","level":"info","event":"\tat org.apache.hadoop.fs.FileSystem.createFileSystem(FileSystem.java:3466)","logger":"airflow.task.operators.airflow.providers.docker.operators.docker.DockerOperator","filename":"docker.py","lineno":71}
{"timestamp":"2026-05-20T22:58:06.013377Z","level":"info","event":"\tat org.apache.hadoop.fs.FileSystem.access$300(FileSystem.java:174)","logger":"airflow.task.operators.airflow.providers.docker.operators.docker.DockerOperator","filename":"docker.py","lineno":71}
{"timestamp":"2026-05-20T22:58:06.013452Z","level":"info","event":"\tat org.apache.hadoop.fs.FileSystem$Cache.getInternal(FileSystem.java:3574)","logger":"airflow.task.operators.airflow.providers.docker.operators.docker.DockerOperator","filename":"docker.py","lineno":71}
{"timestamp":"2026-05-20T22:58:06.013516Z","level":"info","event":"\tat org.apache.hadoop.fs.FileSystem$Cache.get(FileSystem.java:3521)","logger":"airflow.task.operators.airflow.providers.docker.operators.docker.DockerOperator","filename":"docker.py","lineno":71}
{"timestamp":"2026-05-20T22:58:06.013571Z","level":"info","event":"\tat org.apache.hadoop.fs.FileSystem.get(FileSystem.java:540)","logger":"airflow.task.operators.airflow.providers.docker.operators.docker.DockerOperator","filename":"docker.py","lineno":71}
{"timestamp":"2026-05-20T22:58:06.013627Z","level":"info","event":"\tat org.apache.hadoop.fs.Path.getFileSystem(Path.java:365)","logger":"airflow.task.operators.airflow.providers.docker.operators.docker.DockerOperator","filename":"docker.py","lineno":71}
{"timestamp":"2026-05-20T22:58:06.013683Z","level":"info","event":"\tat org.apache.hadoop.mapreduce.lib.input.LineRecordReader.initialize(LineRecordReader.java:88)","logger":"airflow.task.operators.airflow.providers.docker.operators.docker.DockerOperator","filename":"docker.py","lineno":71}
{"timestamp":"2026-05-20T22:58:06.013740Z","level":"info","event":"\tat org.apache.spark.sql.execution.datasources.HadoopFileLinesReader.<init>(HadoopFileLinesReader.scala:63)","logger":"airflow.task.operators.airflow.providers.docker.operators.docker.DockerOperator","filename":"docker.py","lineno":71}
{"timestamp":"2026-05-20T22:58:06.013796Z","level":"info","event":"\tat org.apache.spark.sql.execution.datasources.json.TextInputJsonDataSource$.readFile(JsonDataSource.scala:132)","logger":"airflow.task.operators.airflow.providers.docker.operators.docker.DockerOperator","filename":"docker.py","lineno":71}
{"timestamp":"2026-05-20T22:58:06.013917Z","level":"info","event":"\tat org.apache.spark.sql.execution.datasources.json.JsonFileFormat.$anonfun$buildReader$2(JsonFileFormat.scala:126)","logger":"airflow.task.operators.airflow.providers.docker.operators.docker.DockerOperator","filename":"docker.py","lineno":71}
{"timestamp":"2026-05-20T22:58:06.013981Z","level":"info","event":"\tat org.apache.spark.sql.execution.datasources.FileFormat$$anon$1.apply(FileFormat.scala:160)","logger":"airflow.task.operators.airflow.providers.docker.operators.docker.DockerOperator","filename":"docker.py","lineno":71}
{"timestamp":"2026-05-20T22:58:06.014040Z","level":"info","event":"\tat org.apache.spark.sql.execution.datasources.FileFormat$$anon$1.apply(FileFormat.scala:140)","logger":"airflow.task.operators.airflow.providers.docker.operators.docker.DockerOperator","filename":"docker.py","lineno":71}
{"timestamp":"2026-05-20T22:58:06.014098Z","level":"info","event":"\tat org.apache.spark.sql.execution.datasources.FileScanRDD$$anon$1.org$apache$spark$sql$execution$datasources$FileScanRDD$$anon$$readCurrentFile(FileScanRDD.scala:217)","logger":"airflow.task.operators.airflow.providers.docker.operators.docker.DockerOperator","filename":"docker.py","lineno":71}
{"timestamp":"2026-05-20T22:58:06.014160Z","level":"info","event":"\tat org.apache.spark.sql.execution.datasources.FileScanRDD$$anon$1.nextIterator(FileScanRDD.scala:279)","logger":"airflow.task.operators.airflow.providers.docker.operators.docker.DockerOperator","filename":"docker.py","lineno":71}
{"timestamp":"2026-05-20T22:58:06.014219Z","level":"info","event":"\tat org.apache.spark.sql.execution.datasources.FileScanRDD$$anon$1.hasNext(FileScanRDD.scala:129)","logger":"airflow.task.operators.airflow.providers.docker.operators.docker.DockerOperator","filename":"docker.py","lineno":71}
{"timestamp":"2026-05-20T22:58:06.014274Z","level":"info","event":"\tat scala.collection.Iterator$$anon$10.hasNext(Iterator.scala:460)","logger":"airflow.task.operators.airflow.providers.docker.operators.docker.DockerOperator","filename":"docker.py","lineno":71}
{"timestamp":"2026-05-20T22:58:06.014330Z","level":"info","event":"\tat org.apache.spark.sql.catalyst.expressions.GeneratedClass$GeneratedIteratorForCodegenStage1.processNext(Unknown Source)","logger":"airflow.task.operators.airflow.providers.docker.operators.docker.DockerOperator","filename":"docker.py","lineno":71}
{"timestamp":"2026-05-20T22:58:06.014385Z","level":"info","event":"\tat org.apache.spark.sql.execution.BufferedRowIterator.hasNext(BufferedRowIterator.java:43)","logger":"airflow.task.operators.airflow.providers.docker.operators.docker.DockerOperator","filename":"docker.py","lineno":71}
{"timestamp":"2026-05-20T22:58:06.014451Z","level":"info","event":"\tat org.apache.spark.sql.execution.WholeStageCodegenEvaluatorFactory$WholeStageCodegenPartitionEvaluator$$anon$1.hasNext(WholeStageCodegenEvaluatorFactory.scala:43)","logger":"airflow.task.operators.airflow.providers.docker.operators.docker.DockerOperator","filename":"docker.py","lineno":71}
{"timestamp":"2026-05-20T22:58:06.014510Z","level":"info","event":"\tat org.apache.spark.sql.execution.SparkPlan.$anonfun$getByteArrayRdd$1(SparkPlan.scala:388)","logger":"airflow.task.operators.airflow.providers.docker.operators.docker.DockerOperator","filename":"docker.py","lineno":71}
{"timestamp":"2026-05-20T22:58:06.014566Z","level":"info","event":"\tat org.apache.spark.rdd.RDD.$anonfun$mapPartitionsInternal$2(RDD.scala:890)","logger":"airflow.task.operators.airflow.providers.docker.operators.docker.DockerOperator","filename":"docker.py","lineno":71}
{"timestamp":"2026-05-20T22:58:06.014620Z","level":"info","event":"\tat org.apache.spark.rdd.RDD.$anonfun$mapPartitionsInternal$2$adapted(RDD.scala:890)","logger":"airflow.task.operators.airflow.providers.docker.operators.docker.DockerOperator","filename":"docker.py","lineno":71}
{"timestamp":"2026-05-20T22:58:06.014673Z","level":"info","event":"\tat org.apache.spark.rdd.MapPartitionsRDD.compute(MapPartitionsRDD.scala:52)","logger":"airflow.task.operators.airflow.providers.docker.operators.docker.DockerOperator","filename":"docker.py","lineno":71}
{"timestamp":"2026-05-20T22:58:06.014730Z","level":"info","event":"\tat org.apache.spark.rdd.RDD.computeOrReadCheckpoint(RDD.scala:364)","logger":"airflow.task.operators.airflow.providers.docker.operators.docker.DockerOperator","filename":"docker.py","lineno":71}
{"timestamp":"2026-05-20T22:58:06.014782Z","level":"info","event":"\tat org.apache.spark.rdd.RDD.iterator(RDD.scala:328)","logger":"airflow.task.operators.airflow.providers.docker.operators.docker.DockerOperator","filename":"docker.py","lineno":71}
{"timestamp":"2026-05-20T22:58:06.014847Z","level":"info","event":"\tat org.apache.spark.scheduler.ResultTask.runTask(ResultTask.scala:93)","logger":"airflow.task.operators.airflow.providers.docker.operators.docker.DockerOperator","filename":"docker.py","lineno":71}
{"timestamp":"2026-05-20T22:58:06.014898Z","level":"info","event":"\tat org.apache.spark.TaskContext.runTaskWithListeners(TaskContext.scala:161)","logger":"airflow.task.operators.airflow.providers.docker.operators.docker.DockerOperator","filename":"docker.py","lineno":71}
{"timestamp":"2026-05-20T22:58:06.014954Z","level":"info","event":"\tat org.apache.spark.scheduler.Task.run(Task.scala:141)","logger":"airflow.task.operators.airflow.providers.docker.operators.docker.DockerOperator","filename":"docker.py","lineno":71}
{"timestamp":"2026-05-20T22:58:06.015010Z","level":"info","event":"\tat org.apache.spark.executor.Executor$TaskRunner.$anonfun$run$4(Executor.scala:620)","logger":"airflow.task.operators.airflow.providers.docker.operators.docker.DockerOperator","filename":"docker.py","lineno":71}
{"timestamp":"2026-05-20T22:58:06.015070Z","level":"info","event":"\tat org.apache.spark.util.SparkErrorUtils.tryWithSafeFinally(SparkErrorUtils.scala:64)","logger":"airflow.task.operators.airflow.providers.docker.operators.docker.DockerOperator","filename":"docker.py","lineno":71}
{"timestamp":"2026-05-20T22:58:06.015128Z","level":"info","event":"\tat org.apache.spark.util.SparkErrorUtils.tryWithSafeFinally$(SparkErrorUtils.scala:61)","logger":"airflow.task.operators.airflow.providers.docker.operators.docker.DockerOperator","filename":"docker.py","lineno":71}
{"timestamp":"2026-05-20T22:58:06.015187Z","level":"info","event":"\tat org.apache.spark.util.Utils$.tryWithSafeFinally(Utils.scala:94)","logger":"airflow.task.operators.airflow.providers.docker.operators.docker.DockerOperator","filename":"docker.py","lineno":71}
{"timestamp":"2026-05-20T22:58:06.015242Z","level":"info","event":"\tat org.apache.spark.executor.Executor$TaskRunner.run(Executor.scala:623)","logger":"airflow.task.operators.airflow.providers.docker.operators.docker.DockerOperator","filename":"docker.py","lineno":71}
{"timestamp":"2026-05-20T22:58:06.015296Z","level":"info","event":"\tat java.base/java.util.concurrent.ThreadPoolExecutor.runWorker(Unknown Source)","logger":"airflow.task.operators.airflow.providers.docker.operators.docker.DockerOperator","filename":"docker.py","lineno":71}
{"timestamp":"2026-05-20T22:58:06.015352Z","level":"info","event":"\tat java.base/java.util.concurrent.ThreadPoolExecutor$Worker.run(Unknown Source)","logger":"airflow.task.operators.airflow.providers.docker.operators.docker.DockerOperator","filename":"docker.py","lineno":71}
{"timestamp":"2026-05-20T22:58:06.015408Z","level":"info","event":"\t... 1 more","logger":"airflow.task.operators.airflow.providers.docker.operators.docker.DockerOperator","filename":"docker.py","lineno":71}
{"timestamp":"2026-05-20T22:58:06.015476Z","level":"info","event":"Caused by: java.lang.ClassNotFoundException: Class org.apache.hadoop.fs.s3a.S3AFileSystem not found","logger":"airflow.task.operators.airflow.providers.docker.operators.docker.DockerOperator","filename":"docker.py","lineno":71}
{"timestamp":"2026-05-20T22:58:06.015536Z","level":"info","event":"\tat org.apache.hadoop.conf.Configuration.getClassByName(Configuration.java:2592)","logger":"airflow.task.operators.airflow.providers.docker.operators.docker.DockerOperator","filename":"docker.py","lineno":71}
{"timestamp":"2026-05-20T22:58:06.015636Z","level":"info","event":"\tat org.apache.hadoop.conf.Configuration.getClass(Configuration.java:2686)","logger":"airflow.task.operators.airflow.providers.docker.operators.docker.DockerOperator","filename":"docker.py","lineno":71}
{"timestamp":"2026-05-20T22:58:06.015696Z","level":"info","event":"\t... 37 more","logger":"airflow.task.operators.airflow.providers.docker.operators.docker.DockerOperator","filename":"docker.py","lineno":71}
{"timestamp":"2026-05-20T22:58:06.015754Z","level":"info","event":"","logger":"airflow.task.operators.airflow.providers.docker.operators.docker.DockerOperator","filename":"docker.py","lineno":71}
{"timestamp":"2026-05-20T22:58:06.016036Z","level":"info","event":"26/05/20 22:58:05 INFO BlockManagerInfo: Removed broadcast_0_piece0 on 172.20.0.20:36959 in memory (size: 34.9 KiB, free: 434.3 MiB)","logger":"airflow.task.operators.airflow.providers.docker.operators.docker.DockerOperator","filename":"docker.py","lineno":71}
{"timestamp":"2026-05-20T22:58:06.016242Z","level":"info","event":"2026-05-20 22:58:05,985 - ERROR - Error processing table sales_per_card_type: An error occurred while calling o54.load.","logger":"airflow.task.operators.airflow.providers.docker.operators.docker.DockerOperator","filename":"docker.py","lineno":71}
{"timestamp":"2026-05-20T22:58:06.016320Z","level":"info","event":": org.apache.spark.SparkException: Job aborted due to stage failure: Task 0 in stage 6.0 failed 4 times, most recent failure: Lost task 0.3 in stage 6.0 (TID 27) (172.20.0.21 executor 1): java.lang.RuntimeException: java.lang.ClassNotFoundException: Class org.apache.hadoop.fs.s3a.S3AFileSystem not found","logger":"airflow.task.operators.airflow.providers.docker.operators.docker.DockerOperator","filename":"docker.py","lineno":71}
{"timestamp":"2026-05-20T22:58:06.016381Z","level":"info","event":"\tat org.apache.hadoop.conf.Configuration.getClass(Configuration.java:2688)","logger":"airflow.task.operators.airflow.providers.docker.operators.docker.DockerOperator","filename":"docker.py","lineno":71}
{"timestamp":"2026-05-20T22:58:06.016514Z","level":"info","event":"\tat org.apache.hadoop.fs.FileSystem.getFileSystemClass(FileSystem.java:3431)","logger":"airflow.task.operators.airflow.providers.docker.operators.docker.DockerOperator","filename":"docker.py","lineno":71}
{"timestamp":"2026-05-20T22:58:06.016583Z","level":"info","event":"\tat org.apache.hadoop.fs.FileSystem.createFileSystem(FileSystem.java:3466)","logger":"airflow.task.operators.airflow.providers.docker.operators.docker.DockerOperator","filename":"docker.py","lineno":71}
{"timestamp":"2026-05-20T22:58:06.016645Z","level":"info","event":"\tat org.apache.hadoop.fs.FileSystem.access$300(FileSystem.java:174)","logger":"airflow.task.operators.airflow.providers.docker.operators.docker.DockerOperator","filename":"docker.py","lineno":71}
{"timestamp":"2026-05-20T22:58:06.016701Z","level":"info","event":"\tat org.apache.hadoop.fs.FileSystem$Cache.getInternal(FileSystem.java:3574)","logger":"airflow.task.operators.airflow.providers.docker.operators.docker.DockerOperator","filename":"docker.py","lineno":71}
{"timestamp":"2026-05-20T22:58:06.016756Z","level":"info","event":"\tat org.apache.hadoop.fs.FileSystem$Cache.get(FileSystem.java:3521)","logger":"airflow.task.operators.airflow.providers.docker.operators.docker.DockerOperator","filename":"docker.py","lineno":71}
{"timestamp":"2026-05-20T22:58:06.016810Z","level":"info","event":"\tat org.apache.hadoop.fs.FileSystem.get(FileSystem.java:540)","logger":"airflow.task.operators.airflow.providers.docker.operators.docker.DockerOperator","filename":"docker.py","lineno":71}
{"timestamp":"2026-05-20T22:58:06.016893Z","level":"info","event":"\tat org.apache.hadoop.fs.Path.getFileSystem(Path.java:365)","logger":"airflow.task.operators.airflow.providers.docker.operators.docker.DockerOperator","filename":"docker.py","lineno":71}
{"timestamp":"2026-05-20T22:58:06.016953Z","level":"info","event":"\tat org.apache.hadoop.mapreduce.lib.input.LineRecordReader.initialize(LineRecordReader.java:88)","logger":"airflow.task.operators.airflow.providers.docker.operators.docker.DockerOperator","filename":"docker.py","lineno":71}
{"timestamp":"2026-05-20T22:58:06.017011Z","level":"info","event":"\tat org.apache.spark.sql.execution.datasources.HadoopFileLinesReader.<init>(HadoopFileLinesReader.scala:63)","logger":"airflow.task.operators.airflow.providers.docker.operators.docker.DockerOperator","filename":"docker.py","lineno":71}
{"timestamp":"2026-05-20T22:58:06.017065Z","level":"info","event":"\tat org.apache.spark.sql.execution.datasources.json.TextInputJsonDataSource$.readFile(JsonDataSource.scala:132)","logger":"airflow.task.operators.airflow.providers.docker.operators.docker.DockerOperator","filename":"docker.py","lineno":71}
{"timestamp":"2026-05-20T22:58:06.017120Z","level":"info","event":"\tat org.apache.spark.sql.execution.datasources.json.JsonFileFormat.$anonfun$buildReader$2(JsonFileFormat.scala:126)","logger":"airflow.task.operators.airflow.providers.docker.operators.docker.DockerOperator","filename":"docker.py","lineno":71}
{"timestamp":"2026-05-20T22:58:06.017178Z","level":"info","event":"\tat org.apache.spark.sql.execution.datasources.FileFormat$$anon$1.apply(FileFormat.scala:160)","logger":"airflow.task.operators.airflow.providers.docker.operators.docker.DockerOperator","filename":"docker.py","lineno":71}
{"timestamp":"2026-05-20T22:58:06.017239Z","level":"info","event":"\tat org.apache.spark.sql.execution.datasources.FileFormat$$anon$1.apply(FileFormat.scala:140)","logger":"airflow.task.operators.airflow.providers.docker.operators.docker.DockerOperator","filename":"docker.py","lineno":71}
{"timestamp":"2026-05-20T22:58:06.017294Z","level":"info","event":"\tat org.apache.spark.sql.execution.datasources.FileScanRDD$$anon$1.org$apache$spark$sql$execution$datasources$FileScanRDD$$anon$$readCurrentFile(FileScanRDD.scala:217)","logger":"airflow.task.operators.airflow.providers.docker.operators.docker.DockerOperator","filename":"docker.py","lineno":71}
{"timestamp":"2026-05-20T22:58:06.017348Z","level":"info","event":"\tat org.apache.spark.sql.execution.datasources.FileScanRDD$$anon$1.nextIterator(FileScanRDD.scala:279)","logger":"airflow.task.operators.airflow.providers.docker.operators.docker.DockerOperator","filename":"docker.py","lineno":71}
{"timestamp":"2026-05-20T22:58:06.017404Z","level":"info","event":"\tat org.apache.spark.sql.execution.datasources.FileScanRDD$$anon$1.hasNext(FileScanRDD.scala:129)","logger":"airflow.task.operators.airflow.providers.docker.operators.docker.DockerOperator","filename":"docker.py","lineno":71}
{"timestamp":"2026-05-20T22:58:06.017474Z","level":"info","event":"\tat scala.collection.Iterator$$anon$10.hasNext(Iterator.scala:460)","logger":"airflow.task.operators.airflow.providers.docker.operators.docker.DockerOperator","filename":"docker.py","lineno":71}
{"timestamp":"2026-05-20T22:58:06.017530Z","level":"info","event":"\tat org.apache.spark.sql.catalyst.expressions.GeneratedClass$GeneratedIteratorForCodegenStage1.processNext(Unknown Source)","logger":"airflow.task.operators.airflow.providers.docker.operators.docker.DockerOperator","filename":"docker.py","lineno":71}
{"timestamp":"2026-05-20T22:58:06.017583Z","level":"info","event":"\tat org.apache.spark.sql.execution.BufferedRowIterator.hasNext(BufferedRowIterator.java:43)","logger":"airflow.task.operators.airflow.providers.docker.operators.docker.DockerOperator","filename":"docker.py","lineno":71}
{"timestamp":"2026-05-20T22:58:06.017651Z","level":"info","event":"\tat org.apache.spark.sql.execution.WholeStageCodegenEvaluatorFactory$WholeStageCodegenPartitionEvaluator$$anon$1.hasNext(WholeStageCodegenEvaluatorFactory.scala:43)","logger":"airflow.task.operators.airflow.providers.docker.operators.docker.DockerOperator","filename":"docker.py","lineno":71}
{"timestamp":"2026-05-20T22:58:06.017714Z","level":"info","event":"\tat org.apache.spark.sql.execution.SparkPlan.$anonfun$getByteArrayRdd$1(SparkPlan.scala:388)","logger":"airflow.task.operators.airflow.providers.docker.operators.docker.DockerOperator","filename":"docker.py","lineno":71}
{"timestamp":"2026-05-20T22:58:06.017768Z","level":"info","event":"\tat org.apache.spark.rdd.RDD.$anonfun$mapPartitionsInternal$2(RDD.scala:890)","logger":"airflow.task.operators.airflow.providers.docker.operators.docker.DockerOperator","filename":"docker.py","lineno":71}
{"timestamp":"2026-05-20T22:58:06.017820Z","level":"info","event":"\tat org.apache.spark.rdd.RDD.$anonfun$mapPartitionsInternal$2$adapted(RDD.scala:890)","logger":"airflow.task.operators.airflow.providers.docker.operators.docker.DockerOperator","filename":"docker.py","lineno":71}
{"timestamp":"2026-05-20T22:58:06.017926Z","level":"info","event":"\tat org.apache.spark.rdd.MapPartitionsRDD.compute(MapPartitionsRDD.scala:52)","logger":"airflow.task.operators.airflow.providers.docker.operators.docker.DockerOperator","filename":"docker.py","lineno":71}
{"timestamp":"2026-05-20T22:58:06.018000Z","level":"info","event":"\tat org.apache.spark.rdd.RDD.computeOrReadCheckpoint(RDD.scala:364)","logger":"airflow.task.operators.airflow.providers.docker.operators.docker.DockerOperator","filename":"docker.py","lineno":71}
{"timestamp":"2026-05-20T22:58:06.018056Z","level":"info","event":"\tat org.apache.spark.rdd.RDD.iterator(RDD.scala:328)","logger":"airflow.task.operators.airflow.providers.docker.operators.docker.DockerOperator","filename":"docker.py","lineno":71}
{"timestamp":"2026-05-20T22:58:06.018113Z","level":"info","event":"\tat org.apache.spark.scheduler.ResultTask.runTask(ResultTask.scala:93)","logger":"airflow.task.operators.airflow.providers.docker.operators.docker.DockerOperator","filename":"docker.py","lineno":71}
{"timestamp":"2026-05-20T22:58:06.018168Z","level":"info","event":"\tat org.apache.spark.TaskContext.runTaskWithListeners(TaskContext.scala:161)","logger":"airflow.task.operators.airflow.providers.docker.operators.docker.DockerOperator","filename":"docker.py","lineno":71}
{"timestamp":"2026-05-20T22:58:06.018497Z","level":"info","event":"\tat org.apache.spark.scheduler.Task.run(Task.scala:141)","logger":"airflow.task.operators.airflow.providers.docker.operators.docker.DockerOperator","filename":"docker.py","lineno":71}
{"timestamp":"2026-05-20T22:58:06.018608Z","level":"info","event":"\tat org.apache.spark.executor.Executor$TaskRunner.$anonfun$run$4(Executor.scala:620)","logger":"airflow.task.operators.airflow.providers.docker.operators.docker.DockerOperator","filename":"docker.py","lineno":71}
{"timestamp":"2026-05-20T22:58:06.018674Z","level":"info","event":"\tat org.apache.spark.util.SparkErrorUtils.tryWithSafeFinally(SparkErrorUtils.scala:64)","logger":"airflow.task.operators.airflow.providers.docker.operators.docker.DockerOperator","filename":"docker.py","lineno":71}
{"timestamp":"2026-05-20T22:58:06.018756Z","level":"info","event":"\tat org.apache.spark.util.SparkErrorUtils.tryWithSafeFinally$(SparkErrorUtils.scala:61)","logger":"airflow.task.operators.airflow.providers.docker.operators.docker.DockerOperator","filename":"docker.py","lineno":71}
{"timestamp":"2026-05-20T22:58:06.018873Z","level":"info","event":"\tat org.apache.spark.util.Utils$.tryWithSafeFinally(Utils.scala:94)","logger":"airflow.task.operators.airflow.providers.docker.operators.docker.DockerOperator","filename":"docker.py","lineno":71}
{"timestamp":"2026-05-20T22:58:06.018959Z","level":"info","event":"\tat org.apache.spark.executor.Executor$TaskRunner.run(Executor.scala:623)","logger":"airflow.task.operators.airflow.providers.docker.operators.docker.DockerOperator","filename":"docker.py","lineno":71}
{"timestamp":"2026-05-20T22:58:06.019025Z","level":"info","event":"\tat java.base/java.util.concurrent.ThreadPoolExecutor.runWorker(Unknown Source)","logger":"airflow.task.operators.airflow.providers.docker.operators.docker.DockerOperator","filename":"docker.py","lineno":71}
{"timestamp":"2026-05-20T22:58:06.019084Z","level":"info","event":"\tat java.base/java.util.concurrent.ThreadPoolExecutor$Worker.run(Unknown Source)","logger":"airflow.task.operators.airflow.providers.docker.operators.docker.DockerOperator","filename":"docker.py","lineno":71}
{"timestamp":"2026-05-20T22:58:06.019139Z","level":"info","event":"\tat java.base/java.lang.Thread.run(Unknown Source)","logger":"airflow.task.operators.airflow.providers.docker.operators.docker.DockerOperator","filename":"docker.py","lineno":71}
{"timestamp":"2026-05-20T22:58:06.019193Z","level":"info","event":"Caused by: java.lang.ClassNotFoundException: Class org.apache.hadoop.fs.s3a.S3AFileSystem not found","logger":"airflow.task.operators.airflow.providers.docker.operators.docker.DockerOperator","filename":"docker.py","lineno":71}
{"timestamp":"2026-05-20T22:58:06.019282Z","level":"info","event":"\tat org.apache.hadoop.conf.Configuration.getClassByName(Configuration.java:2592)","logger":"airflow.task.operators.airflow.providers.docker.operators.docker.DockerOperator","filename":"docker.py","lineno":71}
{"timestamp":"2026-05-20T22:58:06.019349Z","level":"info","event":"\tat org.apache.hadoop.conf.Configuration.getClass(Configuration.java:2686)","logger":"airflow.task.operators.airflow.providers.docker.operators.docker.DockerOperator","filename":"docker.py","lineno":71}
{"timestamp":"2026-05-20T22:58:06.019408Z","level":"info","event":"\t... 37 more","logger":"airflow.task.operators.airflow.providers.docker.operators.docker.DockerOperator","filename":"docker.py","lineno":71}
{"timestamp":"2026-05-20T22:58:06.019485Z","level":"info","event":"","logger":"airflow.task.operators.airflow.providers.docker.operators.docker.DockerOperator","filename":"docker.py","lineno":71}
{"timestamp":"2026-05-20T22:58:06.019543Z","level":"info","event":"Driver stacktrace:","logger":"airflow.task.operators.airflow.providers.docker.operators.docker.DockerOperator","filename":"docker.py","lineno":71}
{"timestamp":"2026-05-20T22:58:06.019601Z","level":"info","event":"\tat org.apache.spark.scheduler.DAGScheduler.failJobAndIndependentStages(DAGScheduler.scala:2844)","logger":"airflow.task.operators.airflow.providers.docker.operators.docker.DockerOperator","filename":"docker.py","lineno":71}
{"timestamp":"2026-05-20T22:58:06.019657Z","level":"info","event":"\tat org.apache.spark.scheduler.DAGScheduler.$anonfun$abortStage$2(DAGScheduler.scala:2780)","logger":"airflow.task.operators.airflow.providers.docker.operators.docker.DockerOperator","filename":"docker.py","lineno":71}
{"timestamp":"2026-05-20T22:58:06.019748Z","level":"info","event":"\tat org.apache.spark.scheduler.DAGScheduler.$anonfun$abortStage$2$adapted(DAGScheduler.scala:2779)","logger":"airflow.task.operators.airflow.providers.docker.operators.docker.DockerOperator","filename":"docker.py","lineno":71}
{"timestamp":"2026-05-20T22:58:06.019816Z","level":"info","event":"\tat scala.collection.mutable.ResizableArray.foreach(ResizableArray.scala:62)","logger":"airflow.task.operators.airflow.providers.docker.operators.docker.DockerOperator","filename":"docker.py","lineno":71}
{"timestamp":"2026-05-20T22:58:06.019903Z","level":"info","event":"\tat scala.collection.mutable.ResizableArray.foreach$(ResizableArray.scala:55)","logger":"airflow.task.operators.airflow.providers.docker.operators.docker.DockerOperator","filename":"docker.py","lineno":71}
{"timestamp":"2026-05-20T22:58:06.019966Z","level":"info","event":"\tat scala.collection.mutable.ArrayBuffer.foreach(ArrayBuffer.scala:49)","logger":"airflow.task.operators.airflow.providers.docker.operators.docker.DockerOperator","filename":"docker.py","lineno":71}
{"timestamp":"2026-05-20T22:58:06.020025Z","level":"info","event":"\tat org.apache.spark.scheduler.DAGScheduler.abortStage(DAGScheduler.scala:2779)","logger":"airflow.task.operators.airflow.providers.docker.operators.docker.DockerOperator","filename":"docker.py","lineno":71}
{"timestamp":"2026-05-20T22:58:06.020073Z","level":"info","event":"\tat org.apache.spark.scheduler.DAGScheduler.$anonfun$handleTaskSetFailed$1(DAGScheduler.scala:1242)","logger":"airflow.task.operators.airflow.providers.docker.operators.docker.DockerOperator","filename":"docker.py","lineno":71}
{"timestamp":"2026-05-20T22:58:06.020116Z","level":"info","event":"\tat org.apache.spark.scheduler.DAGScheduler.$anonfun$handleTaskSetFailed$1$adapted(DAGScheduler.scala:1242)","logger":"airflow.task.operators.airflow.providers.docker.operators.docker.DockerOperator","filename":"docker.py","lineno":71}
{"timestamp":"2026-05-20T22:58:06.020162Z","level":"info","event":"\tat scala.Option.foreach(Option.scala:407)","logger":"airflow.task.operators.airflow.providers.docker.operators.docker.DockerOperator","filename":"docker.py","lineno":71}
{"timestamp":"2026-05-20T22:58:06.020216Z","level":"info","event":"\tat org.apache.spark.scheduler.DAGScheduler.handleTaskSetFailed(DAGScheduler.scala:1242)","logger":"airflow.task.operators.airflow.providers.docker.operators.docker.DockerOperator","filename":"docker.py","lineno":71}
{"timestamp":"2026-05-20T22:58:06.020273Z","level":"info","event":"\tat org.apache.spark.scheduler.DAGSchedulerEventProcessLoop.doOnReceive(DAGScheduler.scala:3048)","logger":"airflow.task.operators.airflow.providers.docker.operators.docker.DockerOperator","filename":"docker.py","lineno":71}
{"timestamp":"2026-05-20T22:58:06.020330Z","level":"info","event":"\tat org.apache.spark.scheduler.DAGSchedulerEventProcessLoop.onReceive(DAGScheduler.scala:2982)","logger":"airflow.task.operators.airflow.providers.docker.operators.docker.DockerOperator","filename":"docker.py","lineno":71}
{"timestamp":"2026-05-20T22:58:06.020392Z","level":"info","event":"\tat org.apache.spark.scheduler.DAGSchedulerEventProcessLoop.onReceive(DAGScheduler.scala:2971)","logger":"airflow.task.operators.airflow.providers.docker.operators.docker.DockerOperator","filename":"docker.py","lineno":71}
{"timestamp":"2026-05-20T22:58:06.020462Z","level":"info","event":"\tat org.apache.spark.util.EventLoop$$anon$1.run(EventLoop.scala:49)","logger":"airflow.task.operators.airflow.providers.docker.operators.docker.DockerOperator","filename":"docker.py","lineno":71}
{"timestamp":"2026-05-20T22:58:06.020518Z","level":"info","event":"\tat org.apache.spark.scheduler.DAGScheduler.runJob(DAGScheduler.scala:984)","logger":"airflow.task.operators.airflow.providers.docker.operators.docker.DockerOperator","filename":"docker.py","lineno":71}
{"timestamp":"2026-05-20T22:58:06.020573Z","level":"info","event":"\tat org.apache.spark.SparkContext.runJob(SparkContext.scala:2398)","logger":"airflow.task.operators.airflow.providers.docker.operators.docker.DockerOperator","filename":"docker.py","lineno":71}
{"timestamp":"2026-05-20T22:58:06.020629Z","level":"info","event":"\tat org.apache.spark.SparkContext.runJob(SparkContext.scala:2419)","logger":"airflow.task.operators.airflow.providers.docker.operators.docker.DockerOperator","filename":"docker.py","lineno":71}
{"timestamp":"2026-05-20T22:58:06.020681Z","level":"info","event":"\tat org.apache.spark.SparkContext.runJob(SparkContext.scala:2438)","logger":"airflow.task.operators.airflow.providers.docker.operators.docker.DockerOperator","filename":"docker.py","lineno":71}
{"timestamp":"2026-05-20T22:58:06.020737Z","level":"info","event":"\tat org.apache.spark.SparkContext.runJob(SparkContext.scala:2463)","logger":"airflow.task.operators.airflow.providers.docker.operators.docker.DockerOperator","filename":"docker.py","lineno":71}
{"timestamp":"2026-05-20T22:58:06.020790Z","level":"info","event":"\tat org.apache.spark.rdd.RDD.$anonfun$collect$1(RDD.scala:1046)","logger":"airflow.task.operators.airflow.providers.docker.operators.docker.DockerOperator","filename":"docker.py","lineno":71}
{"timestamp":"2026-05-20T22:58:06.021175Z","level":"info","event":"\tat org.apache.spark.rdd.RDDOperationScope$.withScope(RDDOperationScope.scala:151)","logger":"airflow.task.operators.airflow.providers.docker.operators.docker.DockerOperator","filename":"docker.py","lineno":71}
{"timestamp":"2026-05-20T22:58:06.021369Z","level":"info","event":"\tat org.apache.spark.rdd.RDDOperationScope$.withScope(RDDOperationScope.scala:112)","logger":"airflow.task.operators.airflow.providers.docker.operators.docker.DockerOperator","filename":"docker.py","lineno":71}
{"timestamp":"2026-05-20T22:58:06.021457Z","level":"info","event":"\tat org.apache.spark.rdd.RDD.withScope(RDD.scala:407)","logger":"airflow.task.operators.airflow.providers.docker.operators.docker.DockerOperator","filename":"docker.py","lineno":71}
{"timestamp":"2026-05-20T22:58:06.021529Z","level":"info","event":"\tat org.apache.spark.rdd.RDD.collect(RDD.scala:1045)","logger":"airflow.task.operators.airflow.providers.docker.operators.docker.DockerOperator","filename":"docker.py","lineno":71}
{"timestamp":"2026-05-20T22:58:06.021619Z","level":"info","event":"\tat org.apache.spark.sql.execution.SparkPlan.executeCollect(SparkPlan.scala:448)","logger":"airflow.task.operators.airflow.providers.docker.operators.docker.DockerOperator","filename":"docker.py","lineno":71}
{"timestamp":"2026-05-20T22:58:06.021686Z","level":"info","event":"\tat org.apache.spark.sql.Dataset.collectFromPlan(Dataset.scala:4344)","logger":"airflow.task.operators.airflow.providers.docker.operators.docker.DockerOperator","filename":"docker.py","lineno":71}
{"timestamp":"2026-05-20T22:58:06.021744Z","level":"info","event":"\tat org.apache.spark.sql.Dataset.$anonfun$collect$1(Dataset.scala:3585)","logger":"airflow.task.operators.airflow.providers.docker.operators.docker.DockerOperator","filename":"docker.py","lineno":71}
{"timestamp":"2026-05-20T22:58:06.021809Z","level":"info","event":"\tat org.apache.spark.sql.Dataset.$anonfun$withAction$2(Dataset.scala:4334)","logger":"airflow.task.operators.airflow.providers.docker.operators.docker.DockerOperator","filename":"docker.py","lineno":71}
{"timestamp":"2026-05-20T22:58:06.021891Z","level":"info","event":"\tat org.apache.spark.sql.execution.QueryExecution$.withInternalError(QueryExecution.scala:546)","logger":"airflow.task.operators.airflow.providers.docker.operators.docker.DockerOperator","filename":"docker.py","lineno":71}
{"timestamp":"2026-05-20T22:58:06.021951Z","level":"info","event":"\tat org.apache.spark.sql.Dataset.$anonfun$withAction$1(Dataset.scala:4332)","logger":"airflow.task.operators.airflow.providers.docker.operators.docker.DockerOperator","filename":"docker.py","lineno":71}
{"timestamp":"2026-05-20T22:58:06.022009Z","level":"info","event":"\tat org.apache.spark.sql.execution.SQLExecution$.$anonfun$withNewExecutionId$6(SQLExecution.scala:125)","logger":"airflow.task.operators.airflow.providers.docker.operators.docker.DockerOperator","filename":"docker.py","lineno":71}
{"timestamp":"2026-05-20T22:58:06.022063Z","level":"info","event":"\tat org.apache.spark.sql.execution.SQLExecution$.withSQLConfPropagated(SQLExecution.scala:201)","logger":"airflow.task.operators.airflow.providers.docker.operators.docker.DockerOperator","filename":"docker.py","lineno":71}
{"timestamp":"2026-05-20T22:58:06.022116Z","level":"info","event":"\tat org.apache.spark.sql.execution.SQLExecution$.$anonfun$withNewExecutionId$1(SQLExecution.scala:108)","logger":"airflow.task.operators.airflow.providers.docker.operators.docker.DockerOperator","filename":"docker.py","lineno":71}
{"timestamp":"2026-05-20T22:58:06.022170Z","level":"info","event":"\tat org.apache.spark.sql.SparkSession.withActive(SparkSession.scala:900)","logger":"airflow.task.operators.airflow.providers.docker.operators.docker.DockerOperator","filename":"docker.py","lineno":71}
{"timestamp":"2026-05-20T22:58:06.022224Z","level":"info","event":"\tat org.apache.spark.sql.execution.SQLExecution$.withNewExecutionId(SQLExecution.scala:66)","logger":"airflow.task.operators.airflow.providers.docker.operators.docker.DockerOperator","filename":"docker.py","lineno":71}
{"timestamp":"2026-05-20T22:58:06.022277Z","level":"info","event":"\tat org.apache.spark.sql.Dataset.withAction(Dataset.scala:4332)","logger":"airflow.task.operators.airflow.providers.docker.operators.docker.DockerOperator","filename":"docker.py","lineno":71}
{"timestamp":"2026-05-20T22:58:06.022331Z","level":"info","event":"\tat org.apache.spark.sql.Dataset.collect(Dataset.scala:3585)","logger":"airflow.task.operators.airflow.providers.docker.operators.docker.DockerOperator","filename":"docker.py","lineno":71}
{"timestamp":"2026-05-20T22:58:06.022383Z","level":"info","event":"\tat org.apache.spark.sql.delta.Snapshot.protocolAndMetadataReconstruction(Snapshot.scala:229)","logger":"airflow.task.operators.airflow.providers.docker.operators.docker.DockerOperator","filename":"docker.py","lineno":71}
{"timestamp":"2026-05-20T22:58:06.022448Z","level":"info","event":"\tat org.apache.spark.sql.delta.Snapshot.x$1$lzycompute(Snapshot.scala:138)","logger":"airflow.task.operators.airflow.providers.docker.operators.docker.DockerOperator","filename":"docker.py","lineno":71}
{"timestamp":"2026-05-20T22:58:06.022509Z","level":"info","event":"\tat org.apache.spark.sql.delta.Snapshot.x$1(Snapshot.scala:133)","logger":"airflow.task.operators.airflow.providers.docker.operators.docker.DockerOperator","filename":"docker.py","lineno":71}
{"timestamp":"2026-05-20T22:58:06.022569Z","level":"info","event":"\tat org.apache.spark.sql.delta.Snapshot._metadata$lzycompute(Snapshot.scala:133)","logger":"airflow.task.operators.airflow.providers.docker.operators.docker.DockerOperator","filename":"docker.py","lineno":71}
{"timestamp":"2026-05-20T22:58:06.022624Z","level":"info","event":"\tat org.apache.spark.sql.delta.Snapshot._metadata(Snapshot.scala:133)","logger":"airflow.task.operators.airflow.providers.docker.operators.docker.DockerOperator","filename":"docker.py","lineno":71}
{"timestamp":"2026-05-20T22:58:06.022679Z","level":"info","event":"\tat org.apache.spark.sql.delta.Snapshot.metadata(Snapshot.scala:202)","logger":"airflow.task.operators.airflow.providers.docker.operators.docker.DockerOperator","filename":"docker.py","lineno":71}
{"timestamp":"2026-05-20T22:58:06.022731Z","level":"info","event":"\tat org.apache.spark.sql.delta.Snapshot.toString(Snapshot.scala:416)","logger":"airflow.task.operators.airflow.providers.docker.operators.docker.DockerOperator","filename":"docker.py","lineno":71}
{"timestamp":"2026-05-20T22:58:06.022785Z","level":"info","event":"\tat java.base/java.lang.String.valueOf(Unknown Source)","logger":"airflow.task.operators.airflow.providers.docker.operators.docker.DockerOperator","filename":"docker.py","lineno":71}
{"timestamp":"2026-05-20T22:58:06.022865Z","level":"info","event":"\tat java.base/java.lang.StringBuilder.append(Unknown Source)","logger":"airflow.task.operators.airflow.providers.docker.operators.docker.DockerOperator","filename":"docker.py","lineno":71}
{"timestamp":"2026-05-20T22:58:06.022924Z","level":"info","event":"\tat org.apache.spark.sql.delta.Snapshot.$anonfun$new$1(Snapshot.scala:419)","logger":"airflow.task.operators.airflow.providers.docker.operators.docker.DockerOperator","filename":"docker.py","lineno":71}
{"timestamp":"2026-05-20T22:58:06.022986Z","level":"info","event":"\tat org.apache.spark.sql.delta.Snapshot.$anonfun$logInfo$1(Snapshot.scala:396)","logger":"airflow.task.operators.airflow.providers.docker.operators.docker.DockerOperator","filename":"docker.py","lineno":71}
{"timestamp":"2026-05-20T22:58:06.023041Z","level":"info","event":"\tat org.apache.spark.internal.Logging.logInfo(Logging.scala:60)","logger":"airflow.task.operators.airflow.providers.docker.operators.docker.DockerOperator","filename":"docker.py","lineno":71}
{"timestamp":"2026-05-20T22:58:06.023093Z","level":"info","event":"\tat org.apache.spark.internal.Logging.logInfo$(Logging.scala:59)","logger":"airflow.task.operators.airflow.providers.docker.operators.docker.DockerOperator","filename":"docker.py","lineno":71}
{"timestamp":"2026-05-20T22:58:06.023152Z","level":"info","event":"\tat org.apache.spark.sql.delta.Snapshot.logInfo(Snapshot.scala:396)","logger":"airflow.task.operators.airflow.providers.docker.operators.docker.DockerOperator","filename":"docker.py","lineno":71}
{"timestamp":"2026-05-20T22:58:06.023211Z","level":"info","event":"\tat org.apache.spark.sql.delta.Snapshot.<init>(Snapshot.scala:419)","logger":"airflow.task.operators.airflow.providers.docker.operators.docker.DockerOperator","filename":"docker.py","lineno":71}
{"timestamp":"2026-05-20T22:58:06.023264Z","level":"info","event":"\tat org.apache.spark.sql.delta.SnapshotManagement.$anonfun$createSnapshot$2(SnapshotManagement.scala:503)","logger":"airflow.task.operators.airflow.providers.docker.operators.docker.DockerOperator","filename":"docker.py","lineno":71}
{"timestamp":"2026-05-20T22:58:06.023321Z","level":"info","event":"\tat org.apache.spark.sql.delta.SnapshotManagement.createSnapshotFromGivenOrEquivalentLogSegment(SnapshotManagement.scala:628)","logger":"airflow.task.operators.airflow.providers.docker.operators.docker.DockerOperator","filename":"docker.py","lineno":71}
{"timestamp":"2026-05-20T22:58:06.023378Z","level":"info","event":"\tat org.apache.spark.sql.delta.SnapshotManagement.createSnapshotFromGivenOrEquivalentLogSegment$(SnapshotManagement.scala:616)","logger":"airflow.task.operators.airflow.providers.docker.operators.docker.DockerOperator","filename":"docker.py","lineno":71}
{"timestamp":"2026-05-20T22:58:06.023442Z","level":"info","event":"\tat org.apache.spark.sql.delta.DeltaLog.createSnapshotFromGivenOrEquivalentLogSegment(DeltaLog.scala:72)","logger":"airflow.task.operators.airflow.providers.docker.operators.docker.DockerOperator","filename":"docker.py","lineno":71}
{"timestamp":"2026-05-20T22:58:06.023502Z","level":"info","event":"\tat org.apache.spark.sql.delta.SnapshotManagement.createSnapshot(SnapshotManagement.scala:496)","logger":"airflow.task.operators.airflow.providers.docker.operators.docker.DockerOperator","filename":"docker.py","lineno":71}
{"timestamp":"2026-05-20T22:58:06.023585Z","level":"info","event":"\tat org.apache.spark.sql.delta.SnapshotManagement.createSnapshot$(SnapshotManagement.scala:489)","logger":"airflow.task.operators.airflow.providers.docker.operators.docker.DockerOperator","filename":"docker.py","lineno":71}
{"timestamp":"2026-05-20T22:58:06.023651Z","level":"info","event":"\tat org.apache.spark.sql.delta.DeltaLog.createSnapshot(DeltaLog.scala:72)","logger":"airflow.task.operators.airflow.providers.docker.operators.docker.DockerOperator","filename":"docker.py","lineno":71}
{"timestamp":"2026-05-20T22:58:06.023710Z","level":"info","event":"\tat org.apache.spark.sql.delta.SnapshotManagement.$anonfun$createSnapshotAtInitInternal$1(SnapshotManagement.scala:450)","logger":"airflow.task.operators.airflow.providers.docker.operators.docker.DockerOperator","filename":"docker.py","lineno":71}
{"timestamp":"2026-05-20T22:58:06.023768Z","level":"info","event":"\tat scala.Option.map(Option.scala:230)","logger":"airflow.task.operators.airflow.providers.docker.operators.docker.DockerOperator","filename":"docker.py","lineno":71}
{"timestamp":"2026-05-20T22:58:06.023969Z","level":"info","event":"\tat org.apache.spark.sql.delta.SnapshotManagement.createSnapshotAtInitInternal(SnapshotManagement.scala:447)","logger":"airflow.task.operators.airflow.providers.docker.operators.docker.DockerOperator","filename":"docker.py","lineno":71}
{"timestamp":"2026-05-20T22:58:06.024064Z","level":"info","event":"\tat org.apache.spark.sql.delta.SnapshotManagement.createSnapshotAtInitInternal$(SnapshotManagement.scala:444)","logger":"airflow.task.operators.airflow.providers.docker.operators.docker.DockerOperator","filename":"docker.py","lineno":71}
{"timestamp":"2026-05-20T22:58:06.024125Z","level":"info","event":"\tat org.apache.spark.sql.delta.DeltaLog.createSnapshotAtInitInternal(DeltaLog.scala:72)","logger":"airflow.task.operators.airflow.providers.docker.operators.docker.DockerOperator","filename":"docker.py","lineno":71}
{"timestamp":"2026-05-20T22:58:06.024187Z","level":"info","event":"\tat org.apache.spark.sql.delta.SnapshotManagement.$anonfun$getSnapshotAtInit$1(SnapshotManagement.scala:439)","logger":"airflow.task.operators.airflow.providers.docker.operators.docker.DockerOperator","filename":"docker.py","lineno":71}
{"timestamp":"2026-05-20T22:58:06.024246Z","level":"info","event":"\tat org.apache.spark.sql.delta.metering.DeltaLogging.recordFrameProfile(DeltaLogging.scala:140)","logger":"airflow.task.operators.airflow.providers.docker.operators.docker.DockerOperator","filename":"docker.py","lineno":71}
{"timestamp":"2026-05-20T22:58:06.024301Z","level":"info","event":"\tat org.apache.spark.sql.delta.metering.DeltaLogging.recordFrameProfile$(DeltaLogging.scala:138)","logger":"airflow.task.operators.airflow.providers.docker.operators.docker.DockerOperator","filename":"docker.py","lineno":71}
{"timestamp":"2026-05-20T22:58:06.024358Z","level":"info","event":"\tat org.apache.spark.sql.delta.DeltaLog.recordFrameProfile(DeltaLog.scala:72)","logger":"airflow.task.operators.airflow.providers.docker.operators.docker.DockerOperator","filename":"docker.py","lineno":71}
{"timestamp":"2026-05-20T22:58:06.024415Z","level":"info","event":"\tat org.apache.spark.sql.delta.SnapshotManagement.getSnapshotAtInit(SnapshotManagement.scala:434)","logger":"airflow.task.operators.airflow.providers.docker.operators.docker.DockerOperator","filename":"docker.py","lineno":71}
{"timestamp":"2026-05-20T22:58:06.024486Z","level":"info","event":"\tat org.apache.spark.sql.delta.SnapshotManagement.getSnapshotAtInit$(SnapshotManagement.scala:433)","logger":"airflow.task.operators.airflow.providers.docker.operators.docker.DockerOperator","filename":"docker.py","lineno":71}
{"timestamp":"2026-05-20T22:58:06.024541Z","level":"info","event":"\tat org.apache.spark.sql.delta.DeltaLog.getSnapshotAtInit(DeltaLog.scala:72)","logger":"airflow.task.operators.airflow.providers.docker.operators.docker.DockerOperator","filename":"docker.py","lineno":71}
{"timestamp":"2026-05-20T22:58:06.024598Z","level":"info","event":"\tat org.apache.spark.sql.delta.SnapshotManagement.$init$(SnapshotManagement.scala:60)","logger":"airflow.task.operators.airflow.providers.docker.operators.docker.DockerOperator","filename":"docker.py","lineno":71}
{"timestamp":"2026-05-20T22:58:06.024654Z","level":"info","event":"\tat org.apache.spark.sql.delta.DeltaLog.<init>(DeltaLog.scala:78)","logger":"airflow.task.operators.airflow.providers.docker.operators.docker.DockerOperator","filename":"docker.py","lineno":71}
{"timestamp":"2026-05-20T22:58:06.024707Z","level":"info","event":"\tat org.apache.spark.sql.delta.DeltaLog$.$anonfun$apply$4(DeltaLog.scala:779)","logger":"airflow.task.operators.airflow.providers.docker.operators.docker.DockerOperator","filename":"docker.py","lineno":71}
{"timestamp":"2026-05-20T22:58:06.024768Z","level":"info","event":"\tat org.apache.spark.sql.catalyst.plans.logical.AnalysisHelper$.allowInvokingTransformsInAnalyzer(AnalysisHelper.scala:323)","logger":"airflow.task.operators.airflow.providers.docker.operators.docker.DockerOperator","filename":"docker.py","lineno":71}
{"timestamp":"2026-05-20T22:58:06.024847Z","level":"info","event":"\tat org.apache.spark.sql.delta.DeltaLog$.$anonfun$apply$3(DeltaLog.scala:774)","logger":"airflow.task.operators.airflow.providers.docker.operators.docker.DockerOperator","filename":"docker.py","lineno":71}
{"timestamp":"2026-05-20T22:58:06.024909Z","level":"info","event":"\tat org.apache.spark.sql.delta.metering.DeltaLogging.recordFrameProfile(DeltaLogging.scala:140)","logger":"airflow.task.operators.airflow.providers.docker.operators.docker.DockerOperator","filename":"docker.py","lineno":71}
{"timestamp":"2026-05-20T22:58:06.024963Z","level":"info","event":"\tat org.apache.spark.sql.delta.metering.DeltaLogging.recordFrameProfile$(DeltaLogging.scala:138)","logger":"airflow.task.operators.airflow.providers.docker.operators.docker.DockerOperator","filename":"docker.py","lineno":71}
{"timestamp":"2026-05-20T22:58:06.025016Z","level":"info","event":"\tat org.apache.spark.sql.delta.DeltaLog$.recordFrameProfile(DeltaLog.scala:598)","logger":"airflow.task.operators.airflow.providers.docker.operators.docker.DockerOperator","filename":"docker.py","lineno":71}
{"timestamp":"2026-05-20T22:58:06.025069Z","level":"info","event":"\tat org.apache.spark.sql.delta.metering.DeltaLogging.$anonfun$recordDeltaOperationInternal$1(DeltaLogging.scala:133)","logger":"airflow.task.operators.airflow.providers.docker.operators.docker.DockerOperator","filename":"docker.py","lineno":71}
{"timestamp":"2026-05-20T22:58:06.025118Z","level":"info","event":"\tat com.databricks.spark.util.DatabricksLogging.recordOperation(DatabricksLogging.scala:128)","logger":"airflow.task.operators.airflow.providers.docker.operators.docker.DockerOperator","filename":"docker.py","lineno":71}
{"timestamp":"2026-05-20T22:58:06.025169Z","level":"info","event":"\tat com.databricks.spark.util.DatabricksLogging.recordOperation$(DatabricksLogging.scala:117)","logger":"airflow.task.operators.airflow.providers.docker.operators.docker.DockerOperator","filename":"docker.py","lineno":71}
{"timestamp":"2026-05-20T22:58:06.025223Z","level":"info","event":"\tat org.apache.spark.sql.delta.DeltaLog$.recordOperation(DeltaLog.scala:598)","logger":"airflow.task.operators.airflow.providers.docker.operators.docker.DockerOperator","filename":"docker.py","lineno":71}
{"timestamp":"2026-05-20T22:58:06.025279Z","level":"info","event":"\tat org.apache.spark.sql.delta.metering.DeltaLogging.recordDeltaOperationInternal(DeltaLogging.scala:132)","logger":"airflow.task.operators.airflow.providers.docker.operators.docker.DockerOperator","filename":"docker.py","lineno":71}
{"timestamp":"2026-05-20T22:58:06.025334Z","level":"info","event":"\tat org.apache.spark.sql.delta.metering.DeltaLogging.recordDeltaOperation(DeltaLogging.scala:122)","logger":"airflow.task.operators.airflow.providers.docker.operators.docker.DockerOperator","filename":"docker.py","lineno":71}
{"timestamp":"2026-05-20T22:58:06.025384Z","level":"info","event":"\tat org.apache.spark.sql.delta.metering.DeltaLogging.recordDeltaOperation$(DeltaLogging.scala:112)","logger":"airflow.task.operators.airflow.providers.docker.operators.docker.DockerOperator","filename":"docker.py","lineno":71}
{"timestamp":"2026-05-20T22:58:06.025454Z","level":"info","event":"\tat org.apache.spark.sql.delta.DeltaLog$.recordDeltaOperation(DeltaLog.scala:598)","logger":"airflow.task.operators.airflow.providers.docker.operators.docker.DockerOperator","filename":"docker.py","lineno":71}
{"timestamp":"2026-05-20T22:58:06.025520Z","level":"info","event":"\tat org.apache.spark.sql.delta.DeltaLog$.createDeltaLog$1(DeltaLog.scala:773)","logger":"airflow.task.operators.airflow.providers.docker.operators.docker.DockerOperator","filename":"docker.py","lineno":71}
{"timestamp":"2026-05-20T22:58:06.025577Z","level":"info","event":"\tat org.apache.spark.sql.delta.DeltaLog$.$anonfun$apply$5(DeltaLog.scala:791)","logger":"airflow.task.operators.airflow.providers.docker.operators.docker.DockerOperator","filename":"docker.py","lineno":71}
{"timestamp":"2026-05-20T22:58:06.025635Z","level":"info","event":"\tat com.google.common.cache.LocalCache$LocalManualCache$1.load(LocalCache.java:4792)","logger":"airflow.task.operators.airflow.providers.docker.operators.docker.DockerOperator","filename":"docker.py","lineno":71}
{"timestamp":"2026-05-20T22:58:06.025696Z","level":"info","event":"\tat com.google.common.cache.LocalCache$LoadingValueReference.loadFuture(LocalCache.java:3599)","logger":"airflow.task.operators.airflow.providers.docker.operators.docker.DockerOperator","filename":"docker.py","lineno":71}
{"timestamp":"2026-05-20T22:58:06.025755Z","level":"info","event":"\tat com.google.common.cache.LocalCache$Segment.loadSync(LocalCache.java:2379)","logger":"airflow.task.operators.airflow.providers.docker.operators.docker.DockerOperator","filename":"docker.py","lineno":71}
{"timestamp":"2026-05-20T22:58:06.025816Z","level":"info","event":"\tat com.google.common.cache.LocalCache$Segment.lockedGetOrLoad(LocalCache.java:2342)","logger":"airflow.task.operators.airflow.providers.docker.operators.docker.DockerOperator","filename":"docker.py","lineno":71}
{"timestamp":"2026-05-20T22:58:06.025901Z","level":"info","event":"\tat com.google.common.cache.LocalCache$Segment.get(LocalCache.java:2257)","logger":"airflow.task.operators.airflow.providers.docker.operators.docker.DockerOperator","filename":"docker.py","lineno":71}
{"timestamp":"2026-05-20T22:58:06.025966Z","level":"info","event":"\tat com.google.common.cache.LocalCache.get(LocalCache.java:4000)","logger":"airflow.task.operators.airflow.providers.docker.operators.docker.DockerOperator","filename":"docker.py","lineno":71}
{"timestamp":"2026-05-20T22:58:06.026023Z","level":"info","event":"\tat com.google.common.cache.LocalCache$LocalManualCache.get(LocalCache.java:4789)","logger":"airflow.task.operators.airflow.providers.docker.operators.docker.DockerOperator","filename":"docker.py","lineno":71}
{"timestamp":"2026-05-20T22:58:06.026077Z","level":"info","event":"\tat org.apache.spark.sql.delta.DeltaLog$.getDeltaLogFromCache$1(DeltaLog.scala:790)","logger":"airflow.task.operators.airflow.providers.docker.operators.docker.DockerOperator","filename":"docker.py","lineno":71}
{"timestamp":"2026-05-20T22:58:06.026134Z","level":"info","event":"\tat org.apache.spark.sql.delta.DeltaLog$.apply(DeltaLog.scala:800)","logger":"airflow.task.operators.airflow.providers.docker.operators.docker.DockerOperator","filename":"docker.py","lineno":71}
{"timestamp":"2026-05-20T22:58:06.026188Z","level":"info","event":"\tat org.apache.spark.sql.delta.DeltaLog$.forTable(DeltaLog.scala:677)","logger":"airflow.task.operators.airflow.providers.docker.operators.docker.DockerOperator","filename":"docker.py","lineno":71}
{"timestamp":"2026-05-20T22:58:06.026242Z","level":"info","event":"\tat org.apache.spark.sql.delta.catalog.DeltaTableV2.$anonfun$deltaLog$1(DeltaTableV2.scala:91)","logger":"airflow.task.operators.airflow.providers.docker.operators.docker.DockerOperator","filename":"docker.py","lineno":71}
{"timestamp":"2026-05-20T22:58:06.026298Z","level":"info","event":"\tat org.apache.spark.sql.delta.catalog.DeltaTableV2$.withEnrichedUnsupportedTableException(DeltaTableV2.scala:364)","logger":"airflow.task.operators.airflow.providers.docker.operators.docker.DockerOperator","filename":"docker.py","lineno":71}
{"timestamp":"2026-05-20T22:58:06.026352Z","level":"info","event":"\tat org.apache.spark.sql.delta.catalog.DeltaTableV2.deltaLog$lzycompute(DeltaTableV2.scala:91)","logger":"airflow.task.operators.airflow.providers.docker.operators.docker.DockerOperator","filename":"docker.py","lineno":71}
{"timestamp":"2026-05-20T22:58:06.026413Z","level":"info","event":"\tat org.apache.spark.sql.delta.catalog.DeltaTableV2.deltaLog(DeltaTableV2.scala:89)","logger":"airflow.task.operators.airflow.providers.docker.operators.docker.DockerOperator","filename":"docker.py","lineno":71}
{"timestamp":"2026-05-20T22:58:06.026492Z","level":"info","event":"\tat org.apache.spark.sql.delta.catalog.DeltaTableV2.$anonfun$initialSnapshot$4(DeltaTableV2.scala:144)","logger":"airflow.task.operators.airflow.providers.docker.operators.docker.DockerOperator","filename":"docker.py","lineno":71}
{"timestamp":"2026-05-20T22:58:06.026550Z","level":"info","event":"\tat scala.Option.getOrElse(Option.scala:189)","logger":"airflow.task.operators.airflow.providers.docker.operators.docker.DockerOperator","filename":"docker.py","lineno":71}
{"timestamp":"2026-05-20T22:58:06.026604Z","level":"info","event":"\tat org.apache.spark.sql.delta.catalog.DeltaTableV2.$anonfun$initialSnapshot$1(DeltaTableV2.scala:144)","logger":"airflow.task.operators.airflow.providers.docker.operators.docker.DockerOperator","filename":"docker.py","lineno":71}
{"timestamp":"2026-05-20T22:58:06.026659Z","level":"info","event":"\tat org.apache.spark.sql.delta.catalog.DeltaTableV2$.withEnrichedUnsupportedTableException(DeltaTableV2.scala:364)","logger":"airflow.task.operators.airflow.providers.docker.operators.docker.DockerOperator","filename":"docker.py","lineno":71}
{"timestamp":"2026-05-20T22:58:06.026712Z","level":"info","event":"\tat org.apache.spark.sql.delta.catalog.DeltaTableV2.initialSnapshot$lzycompute(DeltaTableV2.scala:143)","logger":"airflow.task.operators.airflow.providers.docker.operators.docker.DockerOperator","filename":"docker.py","lineno":71}
{"timestamp":"2026-05-20T22:58:06.026766Z","level":"info","event":"\tat org.apache.spark.sql.delta.catalog.DeltaTableV2.initialSnapshot(DeltaTableV2.scala:123)","logger":"airflow.task.operators.airflow.providers.docker.operators.docker.DockerOperator","filename":"docker.py","lineno":71}
{"timestamp":"2026-05-20T22:58:06.026841Z","level":"info","event":"\tat org.apache.spark.sql.delta.catalog.DeltaTableV2.toBaseRelation$lzycompute(DeltaTableV2.scala:235)","logger":"airflow.task.operators.airflow.providers.docker.operators.docker.DockerOperator","filename":"docker.py","lineno":71}
{"timestamp":"2026-05-20T22:58:06.026906Z","level":"info","event":"\tat org.apache.spark.sql.delta.catalog.DeltaTableV2.toBaseRelation(DeltaTableV2.scala:233)","logger":"airflow.task.operators.airflow.providers.docker.operators.docker.DockerOperator","filename":"docker.py","lineno":71}
{"timestamp":"2026-05-20T22:58:06.026969Z","level":"info","event":"\tat org.apache.spark.sql.delta.sources.DeltaDataSource.$anonfun$createRelation$5(DeltaDataSource.scala:250)","logger":"airflow.task.operators.airflow.providers.docker.operators.docker.DockerOperator","filename":"docker.py","lineno":71}
{"timestamp":"2026-05-20T22:58:06.027025Z","level":"info","event":"\tat org.apache.spark.sql.delta.metering.DeltaLogging.recordFrameProfile(DeltaLogging.scala:140)","logger":"airflow.task.operators.airflow.providers.docker.operators.docker.DockerOperator","filename":"docker.py","lineno":71}
{"timestamp":"2026-05-20T22:58:06.027086Z","level":"info","event":"\tat org.apache.spark.sql.delta.metering.DeltaLogging.recordFrameProfile$(DeltaLogging.scala:138)","logger":"airflow.task.operators.airflow.providers.docker.operators.docker.DockerOperator","filename":"docker.py","lineno":71}
{"timestamp":"2026-05-20T22:58:06.027141Z","level":"info","event":"\tat org.apache.spark.sql.delta.sources.DeltaDataSource.recordFrameProfile(DeltaDataSource.scala:49)","logger":"airflow.task.operators.airflow.providers.docker.operators.docker.DockerOperator","filename":"docker.py","lineno":71}
{"timestamp":"2026-05-20T22:58:06.027197Z","level":"info","event":"\tat org.apache.spark.sql.delta.sources.DeltaDataSource.createRelation(DeltaDataSource.scala:209)","logger":"airflow.task.operators.airflow.providers.docker.operators.docker.DockerOperator","filename":"docker.py","lineno":71}
{"timestamp":"2026-05-20T22:58:06.027253Z","level":"info","event":"\tat org.apache.spark.sql.execution.datasources.DataSource.resolveRelation(DataSource.scala:346)","logger":"airflow.task.operators.airflow.providers.docker.operators.docker.DockerOperator","filename":"docker.py","lineno":71}
{"timestamp":"2026-05-20T22:58:06.027305Z","level":"info","event":"\tat org.apache.spark.sql.DataFrameReader.loadV1Source(DataFrameReader.scala:229)","logger":"airflow.task.operators.airflow.providers.docker.operators.docker.DockerOperator","filename":"docker.py","lineno":71}
{"timestamp":"2026-05-20T22:58:06.027361Z","level":"info","event":"\tat org.apache.spark.sql.DataFrameReader.$anonfun$load$2(DataFrameReader.scala:211)","logger":"airflow.task.operators.airflow.providers.docker.operators.docker.DockerOperator","filename":"docker.py","lineno":71}
{"timestamp":"2026-05-20T22:58:06.027426Z","level":"info","event":"\tat scala.Option.getOrElse(Option.scala:189)","logger":"airflow.task.operators.airflow.providers.docker.operators.docker.DockerOperator","filename":"docker.py","lineno":71}
{"timestamp":"2026-05-20T22:58:06.027484Z","level":"info","event":"\tat org.apache.spark.sql.DataFrameReader.load(DataFrameReader.scala:211)","logger":"airflow.task.operators.airflow.providers.docker.operators.docker.DockerOperator","filename":"docker.py","lineno":71}
{"timestamp":"2026-05-20T22:58:06.027538Z","level":"info","event":"\tat org.apache.spark.sql.DataFrameReader.load(DataFrameReader.scala:186)","logger":"airflow.task.operators.airflow.providers.docker.operators.docker.DockerOperator","filename":"docker.py","lineno":71}
{"timestamp":"2026-05-20T22:58:06.027598Z","level":"info","event":"\tat java.base/jdk.internal.reflect.NativeMethodAccessorImpl.invoke0(Native Method)","logger":"airflow.task.operators.airflow.providers.docker.operators.docker.DockerOperator","filename":"docker.py","lineno":71}
{"timestamp":"2026-05-20T22:58:06.027654Z","level":"info","event":"\tat java.base/jdk.internal.reflect.NativeMethodAccessorImpl.invoke(Unknown Source)","logger":"airflow.task.operators.airflow.providers.docker.operators.docker.DockerOperator","filename":"docker.py","lineno":71}
{"timestamp":"2026-05-20T22:58:06.027707Z","level":"info","event":"\tat java.base/jdk.internal.reflect.DelegatingMethodAccessorImpl.invoke(Unknown Source)","logger":"airflow.task.operators.airflow.providers.docker.operators.docker.DockerOperator","filename":"docker.py","lineno":71}
{"timestamp":"2026-05-20T22:58:06.027765Z","level":"info","event":"\tat java.base/java.lang.reflect.Method.invoke(Unknown Source)","logger":"airflow.task.operators.airflow.providers.docker.operators.docker.DockerOperator","filename":"docker.py","lineno":71}
{"timestamp":"2026-05-20T22:58:06.027845Z","level":"info","event":"\tat py4j.reflection.MethodInvoker.invoke(MethodInvoker.java:244)","logger":"airflow.task.operators.airflow.providers.docker.operators.docker.DockerOperator","filename":"docker.py","lineno":71}
{"timestamp":"2026-05-20T22:58:06.027907Z","level":"info","event":"\tat py4j.reflection.ReflectionEngine.invoke(ReflectionEngine.java:374)","logger":"airflow.task.operators.airflow.providers.docker.operators.docker.DockerOperator","filename":"docker.py","lineno":71}
{"timestamp":"2026-05-20T22:58:06.027968Z","level":"info","event":"\tat py4j.Gateway.invoke(Gateway.java:282)","logger":"airflow.task.operators.airflow.providers.docker.operators.docker.DockerOperator","filename":"docker.py","lineno":71}
{"timestamp":"2026-05-20T22:58:06.028025Z","level":"info","event":"\tat py4j.commands.AbstractCommand.invokeMethod(AbstractCommand.java:132)","logger":"airflow.task.operators.airflow.providers.docker.operators.docker.DockerOperator","filename":"docker.py","lineno":71}
{"timestamp":"2026-05-20T22:58:06.028081Z","level":"info","event":"\tat py4j.commands.CallCommand.execute(CallCommand.java:79)","logger":"airflow.task.operators.airflow.providers.docker.operators.docker.DockerOperator","filename":"docker.py","lineno":71}
{"timestamp":"2026-05-20T22:58:06.028136Z","level":"info","event":"\tat py4j.ClientServerConnection.waitForCommands(ClientServerConnection.java:182)","logger":"airflow.task.operators.airflow.providers.docker.operators.docker.DockerOperator","filename":"docker.py","lineno":71}
{"timestamp":"2026-05-20T22:58:06.028190Z","level":"info","event":"\tat py4j.ClientServerConnection.run(ClientServerConnection.java:106)","logger":"airflow.task.operators.airflow.providers.docker.operators.docker.DockerOperator","filename":"docker.py","lineno":71}
{"timestamp":"2026-05-20T22:58:06.028245Z","level":"info","event":"\tat java.base/java.lang.Thread.run(Unknown Source)","logger":"airflow.task.operators.airflow.providers.docker.operators.docker.DockerOperator","filename":"docker.py","lineno":71}
{"timestamp":"2026-05-20T22:58:06.028299Z","level":"info","event":"Caused by: java.lang.RuntimeException: java.lang.ClassNotFoundException: Class org.apache.hadoop.fs.s3a.S3AFileSystem not found","logger":"airflow.task.operators.airflow.providers.docker.operators.docker.DockerOperator","filename":"docker.py","lineno":71}
{"timestamp":"2026-05-20T22:58:06.028353Z","level":"info","event":"\tat org.apache.hadoop.conf.Configuration.getClass(Configuration.java:2688)","logger":"airflow.task.operators.airflow.providers.docker.operators.docker.DockerOperator","filename":"docker.py","lineno":71}
{"timestamp":"2026-05-20T22:58:06.028412Z","level":"info","event":"\tat org.apache.hadoop.fs.FileSystem.getFileSystemClass(FileSystem.java:3431)","logger":"airflow.task.operators.airflow.providers.docker.operators.docker.DockerOperator","filename":"docker.py","lineno":71}
{"timestamp":"2026-05-20T22:58:06.028483Z","level":"info","event":"\tat org.apache.hadoop.fs.FileSystem.createFileSystem(FileSystem.java:3466)","logger":"airflow.task.operators.airflow.providers.docker.operators.docker.DockerOperator","filename":"docker.py","lineno":71}
{"timestamp":"2026-05-20T22:58:06.028541Z","level":"info","event":"\tat org.apache.hadoop.fs.FileSystem.access$300(FileSystem.java:174)","logger":"airflow.task.operators.airflow.providers.docker.operators.docker.DockerOperator","filename":"docker.py","lineno":71}
{"timestamp":"2026-05-20T22:58:06.028595Z","level":"info","event":"\tat org.apache.hadoop.fs.FileSystem$Cache.getInternal(FileSystem.java:3574)","logger":"airflow.task.operators.airflow.providers.docker.operators.docker.DockerOperator","filename":"docker.py","lineno":71}
{"timestamp":"2026-05-20T22:58:06.028648Z","level":"info","event":"\tat org.apache.hadoop.fs.FileSystem$Cache.get(FileSystem.java:3521)","logger":"airflow.task.operators.airflow.providers.docker.operators.docker.DockerOperator","filename":"docker.py","lineno":71}
{"timestamp":"2026-05-20T22:58:06.028702Z","level":"info","event":"\tat org.apache.hadoop.fs.FileSystem.get(FileSystem.java:540)","logger":"airflow.task.operators.airflow.providers.docker.operators.docker.DockerOperator","filename":"docker.py","lineno":71}
{"timestamp":"2026-05-20T22:58:06.028756Z","level":"info","event":"\tat org.apache.hadoop.fs.Path.getFileSystem(Path.java:365)","logger":"airflow.task.operators.airflow.providers.docker.operators.docker.DockerOperator","filename":"docker.py","lineno":71}
{"timestamp":"2026-05-20T22:58:06.028811Z","level":"info","event":"\tat org.apache.hadoop.mapreduce.lib.input.LineRecordReader.initialize(LineRecordReader.java:88)","logger":"airflow.task.operators.airflow.providers.docker.operators.docker.DockerOperator","filename":"docker.py","lineno":71}
{"timestamp":"2026-05-20T22:58:06.028891Z","level":"info","event":"\tat org.apache.spark.sql.execution.datasources.HadoopFileLinesReader.<init>(HadoopFileLinesReader.scala:63)","logger":"airflow.task.operators.airflow.providers.docker.operators.docker.DockerOperator","filename":"docker.py","lineno":71}
{"timestamp":"2026-05-20T22:58:06.028950Z","level":"info","event":"\tat org.apache.spark.sql.execution.datasources.json.TextInputJsonDataSource$.readFile(JsonDataSource.scala:132)","logger":"airflow.task.operators.airflow.providers.docker.operators.docker.DockerOperator","filename":"docker.py","lineno":71}
{"timestamp":"2026-05-20T22:58:06.029007Z","level":"info","event":"\tat org.apache.spark.sql.execution.datasources.json.JsonFileFormat.$anonfun$buildReader$2(JsonFileFormat.scala:126)","logger":"airflow.task.operators.airflow.providers.docker.operators.docker.DockerOperator","filename":"docker.py","lineno":71}
{"timestamp":"2026-05-20T22:58:06.029062Z","level":"info","event":"\tat org.apache.spark.sql.execution.datasources.FileFormat$$anon$1.apply(FileFormat.scala:160)","logger":"airflow.task.operators.airflow.providers.docker.operators.docker.DockerOperator","filename":"docker.py","lineno":71}
{"timestamp":"2026-05-20T22:58:06.029114Z","level":"info","event":"\tat org.apache.spark.sql.execution.datasources.FileFormat$$anon$1.apply(FileFormat.scala:140)","logger":"airflow.task.operators.airflow.providers.docker.operators.docker.DockerOperator","filename":"docker.py","lineno":71}
{"timestamp":"2026-05-20T22:58:06.029167Z","level":"info","event":"\tat org.apache.spark.sql.execution.datasources.FileScanRDD$$anon$1.org$apache$spark$sql$execution$datasources$FileScanRDD$$anon$$readCurrentFile(FileScanRDD.scala:217)","logger":"airflow.task.operators.airflow.providers.docker.operators.docker.DockerOperator","filename":"docker.py","lineno":71}
{"timestamp":"2026-05-20T22:58:06.029223Z","level":"info","event":"\tat org.apache.spark.sql.execution.datasources.FileScanRDD$$anon$1.nextIterator(FileScanRDD.scala:279)","logger":"airflow.task.operators.airflow.providers.docker.operators.docker.DockerOperator","filename":"docker.py","lineno":71}
{"timestamp":"2026-05-20T22:58:06.029283Z","level":"info","event":"\tat org.apache.spark.sql.execution.datasources.FileScanRDD$$anon$1.hasNext(FileScanRDD.scala:129)","logger":"airflow.task.operators.airflow.providers.docker.operators.docker.DockerOperator","filename":"docker.py","lineno":71}
{"timestamp":"2026-05-20T22:58:06.029340Z","level":"info","event":"\tat scala.collection.Iterator$$anon$10.hasNext(Iterator.scala:460)","logger":"airflow.task.operators.airflow.providers.docker.operators.docker.DockerOperator","filename":"docker.py","lineno":71}
{"timestamp":"2026-05-20T22:58:06.029394Z","level":"info","event":"\tat org.apache.spark.sql.catalyst.expressions.GeneratedClass$GeneratedIteratorForCodegenStage1.processNext(Unknown Source)","logger":"airflow.task.operators.airflow.providers.docker.operators.docker.DockerOperator","filename":"docker.py","lineno":71}
{"timestamp":"2026-05-20T22:58:06.029466Z","level":"info","event":"\tat org.apache.spark.sql.execution.BufferedRowIterator.hasNext(BufferedRowIterator.java:43)","logger":"airflow.task.operators.airflow.providers.docker.operators.docker.DockerOperator","filename":"docker.py","lineno":71}
{"timestamp":"2026-05-20T22:58:06.029524Z","level":"info","event":"\tat org.apache.spark.sql.execution.WholeStageCodegenEvaluatorFactory$WholeStageCodegenPartitionEvaluator$$anon$1.hasNext(WholeStageCodegenEvaluatorFactory.scala:43)","logger":"airflow.task.operators.airflow.providers.docker.operators.docker.DockerOperator","filename":"docker.py","lineno":71}
{"timestamp":"2026-05-20T22:58:06.029581Z","level":"info","event":"\tat org.apache.spark.sql.execution.SparkPlan.$anonfun$getByteArrayRdd$1(SparkPlan.scala:388)","logger":"airflow.task.operators.airflow.providers.docker.operators.docker.DockerOperator","filename":"docker.py","lineno":71}
{"timestamp":"2026-05-20T22:58:06.029634Z","level":"info","event":"\tat org.apache.spark.rdd.RDD.$anonfun$mapPartitionsInternal$2(RDD.scala:890)","logger":"airflow.task.operators.airflow.providers.docker.operators.docker.DockerOperator","filename":"docker.py","lineno":71}
{"timestamp":"2026-05-20T22:58:06.029857Z","level":"info","event":"\tat org.apache.spark.rdd.RDD.$anonfun$mapPartitionsInternal$2$adapted(RDD.scala:890)","logger":"airflow.task.operators.airflow.providers.docker.operators.docker.DockerOperator","filename":"docker.py","lineno":71}
{"timestamp":"2026-05-20T22:58:06.029969Z","level":"info","event":"\tat org.apache.spark.rdd.MapPartitionsRDD.compute(MapPartitionsRDD.scala:52)","logger":"airflow.task.operators.airflow.providers.docker.operators.docker.DockerOperator","filename":"docker.py","lineno":71}
{"timestamp":"2026-05-20T22:58:06.030034Z","level":"info","event":"\tat org.apache.spark.rdd.RDD.computeOrReadCheckpoint(RDD.scala:364)","logger":"airflow.task.operators.airflow.providers.docker.operators.docker.DockerOperator","filename":"docker.py","lineno":71}
{"timestamp":"2026-05-20T22:58:06.030092Z","level":"info","event":"\tat org.apache.spark.rdd.RDD.iterator(RDD.scala:328)","logger":"airflow.task.operators.airflow.providers.docker.operators.docker.DockerOperator","filename":"docker.py","lineno":71}
{"timestamp":"2026-05-20T22:58:06.030149Z","level":"info","event":"\tat org.apache.spark.scheduler.ResultTask.runTask(ResultTask.scala:93)","logger":"airflow.task.operators.airflow.providers.docker.operators.docker.DockerOperator","filename":"docker.py","lineno":71}
{"timestamp":"2026-05-20T22:58:06.030204Z","level":"info","event":"\tat org.apache.spark.TaskContext.runTaskWithListeners(TaskContext.scala:161)","logger":"airflow.task.operators.airflow.providers.docker.operators.docker.DockerOperator","filename":"docker.py","lineno":71}
{"timestamp":"2026-05-20T22:58:06.030260Z","level":"info","event":"\tat org.apache.spark.scheduler.Task.run(Task.scala:141)","logger":"airflow.task.operators.airflow.providers.docker.operators.docker.DockerOperator","filename":"docker.py","lineno":71}
{"timestamp":"2026-05-20T22:58:06.030315Z","level":"info","event":"\tat org.apache.spark.executor.Executor$TaskRunner.$anonfun$run$4(Executor.scala:620)","logger":"airflow.task.operators.airflow.providers.docker.operators.docker.DockerOperator","filename":"docker.py","lineno":71}
{"timestamp":"2026-05-20T22:58:06.030369Z","level":"info","event":"\tat org.apache.spark.util.SparkErrorUtils.tryWithSafeFinally(SparkErrorUtils.scala:64)","logger":"airflow.task.operators.airflow.providers.docker.operators.docker.DockerOperator","filename":"docker.py","lineno":71}
{"timestamp":"2026-05-20T22:58:06.030437Z","level":"info","event":"\tat org.apache.spark.util.SparkErrorUtils.tryWithSafeFinally$(SparkErrorUtils.scala:61)","logger":"airflow.task.operators.airflow.providers.docker.operators.docker.DockerOperator","filename":"docker.py","lineno":71}
{"timestamp":"2026-05-20T22:58:06.030497Z","level":"info","event":"\tat org.apache.spark.util.Utils$.tryWithSafeFinally(Utils.scala:94)","logger":"airflow.task.operators.airflow.providers.docker.operators.docker.DockerOperator","filename":"docker.py","lineno":71}
{"timestamp":"2026-05-20T22:58:06.030550Z","level":"info","event":"\tat org.apache.spark.executor.Executor$TaskRunner.run(Executor.scala:623)","logger":"airflow.task.operators.airflow.providers.docker.operators.docker.DockerOperator","filename":"docker.py","lineno":71}
{"timestamp":"2026-05-20T22:58:06.030603Z","level":"info","event":"\tat java.base/java.util.concurrent.ThreadPoolExecutor.runWorker(Unknown Source)","logger":"airflow.task.operators.airflow.providers.docker.operators.docker.DockerOperator","filename":"docker.py","lineno":71}
{"timestamp":"2026-05-20T22:58:06.030662Z","level":"info","event":"\tat java.base/java.util.concurrent.ThreadPoolExecutor$Worker.run(Unknown Source)","logger":"airflow.task.operators.airflow.providers.docker.operators.docker.DockerOperator","filename":"docker.py","lineno":71}
{"timestamp":"2026-05-20T22:58:06.030720Z","level":"info","event":"\t... 1 more","logger":"airflow.task.operators.airflow.providers.docker.operators.docker.DockerOperator","filename":"docker.py","lineno":71}
{"timestamp":"2026-05-20T22:58:06.030907Z","level":"info","event":"Caused by: java.lang.ClassNotFoundException: Class org.apache.hadoop.fs.s3a.S3AFileSystem not found","logger":"airflow.task.operators.airflow.providers.docker.operators.docker.DockerOperator","filename":"docker.py","lineno":71}
{"timestamp":"2026-05-20T22:58:06.031066Z","level":"info","event":"\tat org.apache.hadoop.conf.Configuration.getClassByName(Configuration.java:2592)","logger":"airflow.task.operators.airflow.providers.docker.operators.docker.DockerOperator","filename":"docker.py","lineno":71}
{"timestamp":"2026-05-20T22:58:06.031178Z","level":"info","event":"\tat org.apache.hadoop.conf.Configuration.getClass(Configuration.java:2686)","logger":"airflow.task.operators.airflow.providers.docker.operators.docker.DockerOperator","filename":"docker.py","lineno":71}
{"timestamp":"2026-05-20T22:58:06.031246Z","level":"info","event":"\t... 37 more","logger":"airflow.task.operators.airflow.providers.docker.operators.docker.DockerOperator","filename":"docker.py","lineno":71}
{"timestamp":"2026-05-20T22:58:06.031302Z","level":"info","event":"","logger":"airflow.task.operators.airflow.providers.docker.operators.docker.DockerOperator","filename":"docker.py","lineno":71}
{"timestamp":"2026-05-20T22:58:06.031465Z","level":"info","event":"26/05/20 22:58:05 INFO BlockManagerInfo: Removed broadcast_1_piece0 on 92e75bdc4654:38479 in memory (size: 34.9 KiB, free: 434.3 MiB)","logger":"airflow.task.operators.airflow.providers.docker.operators.docker.DockerOperator","filename":"docker.py","lineno":71}
{"timestamp":"2026-05-20T22:58:06.031721Z","level":"info","event":"2026-05-20 22:58:06,001 - ERROR - Error processing table quantity_sales_per_ship_method: An error occurred while calling o52.load.","logger":"airflow.task.operators.airflow.providers.docker.operators.docker.DockerOperator","filename":"docker.py","lineno":71}
{"timestamp":"2026-05-20T22:58:06.031845Z","level":"info","event":": org.apache.spark.SparkException: Job aborted due to stage failure: Task 0 in stage 5.0 failed 4 times, most recent failure: Lost task 0.3 in stage 5.0 (TID 26) (172.20.0.21 executor 1): java.lang.RuntimeException: java.lang.ClassNotFoundException: Class org.apache.hadoop.fs.s3a.S3AFileSystem not found","logger":"airflow.task.operators.airflow.providers.docker.operators.docker.DockerOperator","filename":"docker.py","lineno":71}
{"timestamp":"2026-05-20T22:58:06.031919Z","level":"info","event":"\tat org.apache.hadoop.conf.Configuration.getClass(Configuration.java:2688)","logger":"airflow.task.operators.airflow.providers.docker.operators.docker.DockerOperator","filename":"docker.py","lineno":71}
{"timestamp":"2026-05-20T22:58:06.031980Z","level":"info","event":"\tat org.apache.hadoop.fs.FileSystem.getFileSystemClass(FileSystem.java:3431)","logger":"airflow.task.operators.airflow.providers.docker.operators.docker.DockerOperator","filename":"docker.py","lineno":71}
{"timestamp":"2026-05-20T22:58:06.032038Z","level":"info","event":"\tat org.apache.hadoop.fs.FileSystem.createFileSystem(FileSystem.java:3466)","logger":"airflow.task.operators.airflow.providers.docker.operators.docker.DockerOperator","filename":"docker.py","lineno":71}
{"timestamp":"2026-05-20T22:58:06.032093Z","level":"info","event":"\tat org.apache.hadoop.fs.FileSystem.access$300(FileSystem.java:174)","logger":"airflow.task.operators.airflow.providers.docker.operators.docker.DockerOperator","filename":"docker.py","lineno":71}
{"timestamp":"2026-05-20T22:58:06.032145Z","level":"info","event":"\tat org.apache.hadoop.fs.FileSystem$Cache.getInternal(FileSystem.java:3574)","logger":"airflow.task.operators.airflow.providers.docker.operators.docker.DockerOperator","filename":"docker.py","lineno":71}
{"timestamp":"2026-05-20T22:58:06.032201Z","level":"info","event":"\tat org.apache.hadoop.fs.FileSystem$Cache.get(FileSystem.java:3521)","logger":"airflow.task.operators.airflow.providers.docker.operators.docker.DockerOperator","filename":"docker.py","lineno":71}
{"timestamp":"2026-05-20T22:58:06.032260Z","level":"info","event":"\tat org.apache.hadoop.fs.FileSystem.get(FileSystem.java:540)","logger":"airflow.task.operators.airflow.providers.docker.operators.docker.DockerOperator","filename":"docker.py","lineno":71}
{"timestamp":"2026-05-20T22:58:06.032318Z","level":"info","event":"\tat org.apache.hadoop.fs.Path.getFileSystem(Path.java:365)","logger":"airflow.task.operators.airflow.providers.docker.operators.docker.DockerOperator","filename":"docker.py","lineno":71}
{"timestamp":"2026-05-20T22:58:06.032372Z","level":"info","event":"\tat org.apache.hadoop.mapreduce.lib.input.LineRecordReader.initialize(LineRecordReader.java:88)","logger":"airflow.task.operators.airflow.providers.docker.operators.docker.DockerOperator","filename":"docker.py","lineno":71}
{"timestamp":"2026-05-20T22:58:06.032436Z","level":"info","event":"\tat org.apache.spark.sql.execution.datasources.HadoopFileLinesReader.<init>(HadoopFileLinesReader.scala:63)","logger":"airflow.task.operators.airflow.providers.docker.operators.docker.DockerOperator","filename":"docker.py","lineno":71}
{"timestamp":"2026-05-20T22:58:06.032536Z","level":"info","event":"\tat org.apache.spark.sql.execution.datasources.json.TextInputJsonDataSource$.readFile(JsonDataSource.scala:132)","logger":"airflow.task.operators.airflow.providers.docker.operators.docker.DockerOperator","filename":"docker.py","lineno":71}
{"timestamp":"2026-05-20T22:58:06.032609Z","level":"info","event":"\tat org.apache.spark.sql.execution.datasources.json.JsonFileFormat.$anonfun$buildReader$2(JsonFileFormat.scala:126)","logger":"airflow.task.operators.airflow.providers.docker.operators.docker.DockerOperator","filename":"docker.py","lineno":71}
{"timestamp":"2026-05-20T22:58:06.032668Z","level":"info","event":"\tat org.apache.spark.sql.execution.datasources.FileFormat$$anon$1.apply(FileFormat.scala:160)","logger":"airflow.task.operators.airflow.providers.docker.operators.docker.DockerOperator","filename":"docker.py","lineno":71}
{"timestamp":"2026-05-20T22:58:06.032724Z","level":"info","event":"\tat org.apache.spark.sql.execution.datasources.FileFormat$$anon$1.apply(FileFormat.scala:140)","logger":"airflow.task.operators.airflow.providers.docker.operators.docker.DockerOperator","filename":"docker.py","lineno":71}
{"timestamp":"2026-05-20T22:58:06.032777Z","level":"info","event":"\tat org.apache.spark.sql.execution.datasources.FileScanRDD$$anon$1.org$apache$spark$sql$execution$datasources$FileScanRDD$$anon$$readCurrentFile(FileScanRDD.scala:217)","logger":"airflow.task.operators.airflow.providers.docker.operators.docker.DockerOperator","filename":"docker.py","lineno":71}
{"timestamp":"2026-05-20T22:58:06.032854Z","level":"info","event":"\tat org.apache.spark.sql.execution.datasources.FileScanRDD$$anon$1.nextIterator(FileScanRDD.scala:279)","logger":"airflow.task.operators.airflow.providers.docker.operators.docker.DockerOperator","filename":"docker.py","lineno":71}
{"timestamp":"2026-05-20T22:58:06.032920Z","level":"info","event":"\tat org.apache.spark.sql.execution.datasources.FileScanRDD$$anon$1.hasNext(FileScanRDD.scala:129)","logger":"airflow.task.operators.airflow.providers.docker.operators.docker.DockerOperator","filename":"docker.py","lineno":71}
{"timestamp":"2026-05-20T22:58:06.032986Z","level":"info","event":"\tat scala.collection.Iterator$$anon$10.hasNext(Iterator.scala:460)","logger":"airflow.task.operators.airflow.providers.docker.operators.docker.DockerOperator","filename":"docker.py","lineno":71}
{"timestamp":"2026-05-20T22:58:06.033042Z","level":"info","event":"\tat org.apache.spark.sql.catalyst.expressions.GeneratedClass$GeneratedIteratorForCodegenStage1.processNext(Unknown Source)","logger":"airflow.task.operators.airflow.providers.docker.operators.docker.DockerOperator","filename":"docker.py","lineno":71}
{"timestamp":"2026-05-20T22:58:06.033100Z","level":"info","event":"\tat org.apache.spark.sql.execution.BufferedRowIterator.hasNext(BufferedRowIterator.java:43)","logger":"airflow.task.operators.airflow.providers.docker.operators.docker.DockerOperator","filename":"docker.py","lineno":71}
{"timestamp":"2026-05-20T22:58:06.033162Z","level":"info","event":"\tat org.apache.spark.sql.execution.WholeStageCodegenEvaluatorFactory$WholeStageCodegenPartitionEvaluator$$anon$1.hasNext(WholeStageCodegenEvaluatorFactory.scala:43)","logger":"airflow.task.operators.airflow.providers.docker.operators.docker.DockerOperator","filename":"docker.py","lineno":71}
{"timestamp":"2026-05-20T22:58:06.033223Z","level":"info","event":"\tat org.apache.spark.sql.execution.SparkPlan.$anonfun$getByteArrayRdd$1(SparkPlan.scala:388)","logger":"airflow.task.operators.airflow.providers.docker.operators.docker.DockerOperator","filename":"docker.py","lineno":71}
{"timestamp":"2026-05-20T22:58:06.033281Z","level":"info","event":"\tat org.apache.spark.rdd.RDD.$anonfun$mapPartitionsInternal$2(RDD.scala:890)","logger":"airflow.task.operators.airflow.providers.docker.operators.docker.DockerOperator","filename":"docker.py","lineno":71}
{"timestamp":"2026-05-20T22:58:06.033565Z","level":"info","event":"\tat org.apache.spark.rdd.RDD.$anonfun$mapPartitionsInternal$2$adapted(RDD.scala:890)","logger":"airflow.task.operators.airflow.providers.docker.operators.docker.DockerOperator","filename":"docker.py","lineno":71}
{"timestamp":"2026-05-20T22:58:06.033642Z","level":"info","event":"\tat org.apache.spark.rdd.MapPartitionsRDD.compute(MapPartitionsRDD.scala:52)","logger":"airflow.task.operators.airflow.providers.docker.operators.docker.DockerOperator","filename":"docker.py","lineno":71}
{"timestamp":"2026-05-20T22:58:06.033699Z","level":"info","event":"\tat org.apache.spark.rdd.RDD.computeOrReadCheckpoint(RDD.scala:364)","logger":"airflow.task.operators.airflow.providers.docker.operators.docker.DockerOperator","filename":"docker.py","lineno":71}
{"timestamp":"2026-05-20T22:58:06.033758Z","level":"info","event":"\tat org.apache.spark.rdd.RDD.iterator(RDD.scala:328)","logger":"airflow.task.operators.airflow.providers.docker.operators.docker.DockerOperator","filename":"docker.py","lineno":71}
{"timestamp":"2026-05-20T22:58:06.033840Z","level":"info","event":"\tat org.apache.spark.scheduler.ResultTask.runTask(ResultTask.scala:93)","logger":"airflow.task.operators.airflow.providers.docker.operators.docker.DockerOperator","filename":"docker.py","lineno":71}
{"timestamp":"2026-05-20T22:58:06.033908Z","level":"info","event":"\tat org.apache.spark.TaskContext.runTaskWithListeners(TaskContext.scala:161)","logger":"airflow.task.operators.airflow.providers.docker.operators.docker.DockerOperator","filename":"docker.py","lineno":71}
{"timestamp":"2026-05-20T22:58:06.033969Z","level":"info","event":"\tat org.apache.spark.scheduler.Task.run(Task.scala:141)","logger":"airflow.task.operators.airflow.providers.docker.operators.docker.DockerOperator","filename":"docker.py","lineno":71}
{"timestamp":"2026-05-20T22:58:06.034025Z","level":"info","event":"\tat org.apache.spark.executor.Executor$TaskRunner.$anonfun$run$4(Executor.scala:620)","logger":"airflow.task.operators.airflow.providers.docker.operators.docker.DockerOperator","filename":"docker.py","lineno":71}
{"timestamp":"2026-05-20T22:58:06.034083Z","level":"info","event":"\tat org.apache.spark.util.SparkErrorUtils.tryWithSafeFinally(SparkErrorUtils.scala:64)","logger":"airflow.task.operators.airflow.providers.docker.operators.docker.DockerOperator","filename":"docker.py","lineno":71}
{"timestamp":"2026-05-20T22:58:06.034137Z","level":"info","event":"\tat org.apache.spark.util.SparkErrorUtils.tryWithSafeFinally$(SparkErrorUtils.scala:61)","logger":"airflow.task.operators.airflow.providers.docker.operators.docker.DockerOperator","filename":"docker.py","lineno":71}
{"timestamp":"2026-05-20T22:58:06.034189Z","level":"info","event":"\tat org.apache.spark.util.Utils$.tryWithSafeFinally(Utils.scala:94)","logger":"airflow.task.operators.airflow.providers.docker.operators.docker.DockerOperator","filename":"docker.py","lineno":71}
{"timestamp":"2026-05-20T22:58:06.034244Z","level":"info","event":"\tat org.apache.spark.executor.Executor$TaskRunner.run(Executor.scala:623)","logger":"airflow.task.operators.airflow.providers.docker.operators.docker.DockerOperator","filename":"docker.py","lineno":71}
{"timestamp":"2026-05-20T22:58:06.034298Z","level":"info","event":"\tat java.base/java.util.concurrent.ThreadPoolExecutor.runWorker(Unknown Source)","logger":"airflow.task.operators.airflow.providers.docker.operators.docker.DockerOperator","filename":"docker.py","lineno":71}
{"timestamp":"2026-05-20T22:58:06.034351Z","level":"info","event":"\tat java.base/java.util.concurrent.ThreadPoolExecutor$Worker.run(Unknown Source)","logger":"airflow.task.operators.airflow.providers.docker.operators.docker.DockerOperator","filename":"docker.py","lineno":71}
{"timestamp":"2026-05-20T22:58:06.034407Z","level":"info","event":"\tat java.base/java.lang.Thread.run(Unknown Source)","logger":"airflow.task.operators.airflow.providers.docker.operators.docker.DockerOperator","filename":"docker.py","lineno":71}
{"timestamp":"2026-05-20T22:58:06.034479Z","level":"info","event":"Caused by: java.lang.ClassNotFoundException: Class org.apache.hadoop.fs.s3a.S3AFileSystem not found","logger":"airflow.task.operators.airflow.providers.docker.operators.docker.DockerOperator","filename":"docker.py","lineno":71}
{"timestamp":"2026-05-20T22:58:06.034541Z","level":"info","event":"\tat org.apache.hadoop.conf.Configuration.getClassByName(Configuration.java:2592)","logger":"airflow.task.operators.airflow.providers.docker.operators.docker.DockerOperator","filename":"docker.py","lineno":71}
{"timestamp":"2026-05-20T22:58:06.034597Z","level":"info","event":"\tat org.apache.hadoop.conf.Configuration.getClass(Configuration.java:2686)","logger":"airflow.task.operators.airflow.providers.docker.operators.docker.DockerOperator","filename":"docker.py","lineno":71}
{"timestamp":"2026-05-20T22:58:06.034650Z","level":"info","event":"\t... 37 more","logger":"airflow.task.operators.airflow.providers.docker.operators.docker.DockerOperator","filename":"docker.py","lineno":71}
{"timestamp":"2026-05-20T22:58:06.034706Z","level":"info","event":"","logger":"airflow.task.operators.airflow.providers.docker.operators.docker.DockerOperator","filename":"docker.py","lineno":71}
{"timestamp":"2026-05-20T22:58:06.034762Z","level":"info","event":"Driver stacktrace:","logger":"airflow.task.operators.airflow.providers.docker.operators.docker.DockerOperator","filename":"docker.py","lineno":71}
{"timestamp":"2026-05-20T22:58:06.044467Z","level":"info","event":"\tat org.apache.spark.scheduler.DAGScheduler.failJobAndIndependentStages(DAGScheduler.scala:2844)","logger":"airflow.task.operators.airflow.providers.docker.operators.docker.DockerOperator","filename":"docker.py","lineno":71}
{"timestamp":"2026-05-20T22:58:06.044691Z","level":"info","event":"\tat org.apache.spark.scheduler.DAGScheduler.$anonfun$abortStage$2(DAGScheduler.scala:2780)","logger":"airflow.task.operators.airflow.providers.docker.operators.docker.DockerOperator","filename":"docker.py","lineno":71}
{"timestamp":"2026-05-20T22:58:06.044800Z","level":"info","event":"\tat org.apache.spark.scheduler.DAGScheduler.$anonfun$abortStage$2$adapted(DAGScheduler.scala:2779)","logger":"airflow.task.operators.airflow.providers.docker.operators.docker.DockerOperator","filename":"docker.py","lineno":71}
{"timestamp":"2026-05-20T22:58:06.044957Z","level":"info","event":"\tat scala.collection.mutable.ResizableArray.foreach(ResizableArray.scala:62)","logger":"airflow.task.operators.airflow.providers.docker.operators.docker.DockerOperator","filename":"docker.py","lineno":71}
{"timestamp":"2026-05-20T22:58:06.045047Z","level":"info","event":"\tat scala.collection.mutable.ResizableArray.foreach$(ResizableArray.scala:55)","logger":"airflow.task.operators.airflow.providers.docker.operators.docker.DockerOperator","filename":"docker.py","lineno":71}
{"timestamp":"2026-05-20T22:58:06.045117Z","level":"info","event":"\tat scala.collection.mutable.ArrayBuffer.foreach(ArrayBuffer.scala:49)","logger":"airflow.task.operators.airflow.providers.docker.operators.docker.DockerOperator","filename":"docker.py","lineno":71}
{"timestamp":"2026-05-20T22:58:06.045178Z","level":"info","event":"\tat org.apache.spark.scheduler.DAGScheduler.abortStage(DAGScheduler.scala:2779)","logger":"airflow.task.operators.airflow.providers.docker.operators.docker.DockerOperator","filename":"docker.py","lineno":71}
{"timestamp":"2026-05-20T22:58:06.045241Z","level":"info","event":"\tat org.apache.spark.scheduler.DAGScheduler.$anonfun$handleTaskSetFailed$1(DAGScheduler.scala:1242)","logger":"airflow.task.operators.airflow.providers.docker.operators.docker.DockerOperator","filename":"docker.py","lineno":71}
{"timestamp":"2026-05-20T22:58:06.045301Z","level":"info","event":"\tat org.apache.spark.scheduler.DAGScheduler.$anonfun$handleTaskSetFailed$1$adapted(DAGScheduler.scala:1242)","logger":"airflow.task.operators.airflow.providers.docker.operators.docker.DockerOperator","filename":"docker.py","lineno":71}
{"timestamp":"2026-05-20T22:58:06.045384Z","level":"info","event":"\tat scala.Option.foreach(Option.scala:407)","logger":"airflow.task.operators.airflow.providers.docker.operators.docker.DockerOperator","filename":"docker.py","lineno":71}
{"timestamp":"2026-05-20T22:58:06.045481Z","level":"info","event":"\tat org.apache.spark.scheduler.DAGScheduler.handleTaskSetFailed(DAGScheduler.scala:1242)","logger":"airflow.task.operators.airflow.providers.docker.operators.docker.DockerOperator","filename":"docker.py","lineno":71}
{"timestamp":"2026-05-20T22:58:06.045555Z","level":"info","event":"\tat org.apache.spark.scheduler.DAGSchedulerEventProcessLoop.doOnReceive(DAGScheduler.scala:3048)","logger":"airflow.task.operators.airflow.providers.docker.operators.docker.DockerOperator","filename":"docker.py","lineno":71}
{"timestamp":"2026-05-20T22:58:06.045628Z","level":"info","event":"\tat org.apache.spark.scheduler.DAGSchedulerEventProcessLoop.onReceive(DAGScheduler.scala:2982)","logger":"airflow.task.operators.airflow.providers.docker.operators.docker.DockerOperator","filename":"docker.py","lineno":71}
{"timestamp":"2026-05-20T22:58:06.045677Z","level":"info","event":"\tat org.apache.spark.scheduler.DAGSchedulerEventProcessLoop.onReceive(DAGScheduler.scala:2971)","logger":"airflow.task.operators.airflow.providers.docker.operators.docker.DockerOperator","filename":"docker.py","lineno":71}
{"timestamp":"2026-05-20T22:58:06.045733Z","level":"info","event":"\tat org.apache.spark.util.EventLoop$$anon$1.run(EventLoop.scala:49)","logger":"airflow.task.operators.airflow.providers.docker.operators.docker.DockerOperator","filename":"docker.py","lineno":71}
{"timestamp":"2026-05-20T22:58:06.045796Z","level":"info","event":"\tat org.apache.spark.scheduler.DAGScheduler.runJob(DAGScheduler.scala:984)","logger":"airflow.task.operators.airflow.providers.docker.operators.docker.DockerOperator","filename":"docker.py","lineno":71}
{"timestamp":"2026-05-20T22:58:06.045948Z","level":"info","event":"\tat org.apache.spark.SparkContext.runJob(SparkContext.scala:2398)","logger":"airflow.task.operators.airflow.providers.docker.operators.docker.DockerOperator","filename":"docker.py","lineno":71}
{"timestamp":"2026-05-20T22:58:06.046010Z","level":"info","event":"\tat org.apache.spark.SparkContext.runJob(SparkContext.scala:2419)","logger":"airflow.task.operators.airflow.providers.docker.operators.docker.DockerOperator","filename":"docker.py","lineno":71}
{"timestamp":"2026-05-20T22:58:06.046061Z","level":"info","event":"\tat org.apache.spark.SparkContext.runJob(SparkContext.scala:2438)","logger":"airflow.task.operators.airflow.providers.docker.operators.docker.DockerOperator","filename":"docker.py","lineno":71}
{"timestamp":"2026-05-20T22:58:06.046104Z","level":"info","event":"\tat org.apache.spark.SparkContext.runJob(SparkContext.scala:2463)","logger":"airflow.task.operators.airflow.providers.docker.operators.docker.DockerOperator","filename":"docker.py","lineno":71}
{"timestamp":"2026-05-20T22:58:06.046151Z","level":"info","event":"\tat org.apache.spark.rdd.RDD.$anonfun$collect$1(RDD.scala:1046)","logger":"airflow.task.operators.airflow.providers.docker.operators.docker.DockerOperator","filename":"docker.py","lineno":71}
{"timestamp":"2026-05-20T22:58:06.046208Z","level":"info","event":"\tat org.apache.spark.rdd.RDDOperationScope$.withScope(RDDOperationScope.scala:151)","logger":"airflow.task.operators.airflow.providers.docker.operators.docker.DockerOperator","filename":"docker.py","lineno":71}
{"timestamp":"2026-05-20T22:58:06.046265Z","level":"info","event":"\tat org.apache.spark.rdd.RDDOperationScope$.withScope(RDDOperationScope.scala:112)","logger":"airflow.task.operators.airflow.providers.docker.operators.docker.DockerOperator","filename":"docker.py","lineno":71}
{"timestamp":"2026-05-20T22:58:06.046325Z","level":"info","event":"\tat org.apache.spark.rdd.RDD.withScope(RDD.scala:407)","logger":"airflow.task.operators.airflow.providers.docker.operators.docker.DockerOperator","filename":"docker.py","lineno":71}
{"timestamp":"2026-05-20T22:58:06.046384Z","level":"info","event":"\tat org.apache.spark.rdd.RDD.collect(RDD.scala:1045)","logger":"airflow.task.operators.airflow.providers.docker.operators.docker.DockerOperator","filename":"docker.py","lineno":71}
{"timestamp":"2026-05-20T22:58:06.046435Z","level":"info","event":"\tat org.apache.spark.sql.execution.SparkPlan.executeCollect(SparkPlan.scala:448)","logger":"airflow.task.operators.airflow.providers.docker.operators.docker.DockerOperator","filename":"docker.py","lineno":71}
{"timestamp":"2026-05-20T22:58:06.046512Z","level":"info","event":"\tat org.apache.spark.sql.Dataset.collectFromPlan(Dataset.scala:4344)","logger":"airflow.task.operators.airflow.providers.docker.operators.docker.DockerOperator","filename":"docker.py","lineno":71}
{"timestamp":"2026-05-20T22:58:06.046571Z","level":"info","event":"\tat org.apache.spark.sql.Dataset.$anonfun$collect$1(Dataset.scala:3585)","logger":"airflow.task.operators.airflow.providers.docker.operators.docker.DockerOperator","filename":"docker.py","lineno":71}
{"timestamp":"2026-05-20T22:58:06.046637Z","level":"info","event":"\tat org.apache.spark.sql.Dataset.$anonfun$withAction$2(Dataset.scala:4334)","logger":"airflow.task.operators.airflow.providers.docker.operators.docker.DockerOperator","filename":"docker.py","lineno":71}
{"timestamp":"2026-05-20T22:58:06.046697Z","level":"info","event":"\tat org.apache.spark.sql.execution.QueryExecution$.withInternalError(QueryExecution.scala:546)","logger":"airflow.task.operators.airflow.providers.docker.operators.docker.DockerOperator","filename":"docker.py","lineno":71}
{"timestamp":"2026-05-20T22:58:06.046764Z","level":"info","event":"\tat org.apache.spark.sql.Dataset.$anonfun$withAction$1(Dataset.scala:4332)","logger":"airflow.task.operators.airflow.providers.docker.operators.docker.DockerOperator","filename":"docker.py","lineno":71}
{"timestamp":"2026-05-20T22:58:06.046848Z","level":"info","event":"\tat org.apache.spark.sql.execution.SQLExecution$.$anonfun$withNewExecutionId$6(SQLExecution.scala:125)","logger":"airflow.task.operators.airflow.providers.docker.operators.docker.DockerOperator","filename":"docker.py","lineno":71}
{"timestamp":"2026-05-20T22:58:06.046921Z","level":"info","event":"\tat org.apache.spark.sql.execution.SQLExecution$.withSQLConfPropagated(SQLExecution.scala:201)","logger":"airflow.task.operators.airflow.providers.docker.operators.docker.DockerOperator","filename":"docker.py","lineno":71}
{"timestamp":"2026-05-20T22:58:06.046987Z","level":"info","event":"\tat org.apache.spark.sql.execution.SQLExecution$.$anonfun$withNewExecutionId$1(SQLExecution.scala:108)","logger":"airflow.task.operators.airflow.providers.docker.operators.docker.DockerOperator","filename":"docker.py","lineno":71}
{"timestamp":"2026-05-20T22:58:06.047059Z","level":"info","event":"\tat org.apache.spark.sql.SparkSession.withActive(SparkSession.scala:900)","logger":"airflow.task.operators.airflow.providers.docker.operators.docker.DockerOperator","filename":"docker.py","lineno":71}
{"timestamp":"2026-05-20T22:58:06.047130Z","level":"info","event":"\tat org.apache.spark.sql.execution.SQLExecution$.withNewExecutionId(SQLExecution.scala:66)","logger":"airflow.task.operators.airflow.providers.docker.operators.docker.DockerOperator","filename":"docker.py","lineno":71}
{"timestamp":"2026-05-20T22:58:06.047199Z","level":"info","event":"\tat org.apache.spark.sql.Dataset.withAction(Dataset.scala:4332)","logger":"airflow.task.operators.airflow.providers.docker.operators.docker.DockerOperator","filename":"docker.py","lineno":71}
{"timestamp":"2026-05-20T22:58:06.047258Z","level":"info","event":"\tat org.apache.spark.sql.Dataset.collect(Dataset.scala:3585)","logger":"airflow.task.operators.airflow.providers.docker.operators.docker.DockerOperator","filename":"docker.py","lineno":71}
{"timestamp":"2026-05-20T22:58:06.047321Z","level":"info","event":"\tat org.apache.spark.sql.delta.Snapshot.protocolAndMetadataReconstruction(Snapshot.scala:229)","logger":"airflow.task.operators.airflow.providers.docker.operators.docker.DockerOperator","filename":"docker.py","lineno":71}
{"timestamp":"2026-05-20T22:58:06.047387Z","level":"info","event":"\tat org.apache.spark.sql.delta.Snapshot.x$1$lzycompute(Snapshot.scala:138)","logger":"airflow.task.operators.airflow.providers.docker.operators.docker.DockerOperator","filename":"docker.py","lineno":71}
{"timestamp":"2026-05-20T22:58:06.047466Z","level":"info","event":"\tat org.apache.spark.sql.delta.Snapshot.x$1(Snapshot.scala:133)","logger":"airflow.task.operators.airflow.providers.docker.operators.docker.DockerOperator","filename":"docker.py","lineno":71}
{"timestamp":"2026-05-20T22:58:06.047530Z","level":"info","event":"\tat org.apache.spark.sql.delta.Snapshot._metadata$lzycompute(Snapshot.scala:133)","logger":"airflow.task.operators.airflow.providers.docker.operators.docker.DockerOperator","filename":"docker.py","lineno":71}
{"timestamp":"2026-05-20T22:58:06.047587Z","level":"info","event":"\tat org.apache.spark.sql.delta.Snapshot._metadata(Snapshot.scala:133)","logger":"airflow.task.operators.airflow.providers.docker.operators.docker.DockerOperator","filename":"docker.py","lineno":71}
{"timestamp":"2026-05-20T22:58:06.047634Z","level":"info","event":"\tat org.apache.spark.sql.delta.Snapshot.metadata(Snapshot.scala:202)","logger":"airflow.task.operators.airflow.providers.docker.operators.docker.DockerOperator","filename":"docker.py","lineno":71}
{"timestamp":"2026-05-20T22:58:06.047677Z","level":"info","event":"\tat org.apache.spark.sql.delta.Snapshot.toString(Snapshot.scala:416)","logger":"airflow.task.operators.airflow.providers.docker.operators.docker.DockerOperator","filename":"docker.py","lineno":71}
{"timestamp":"2026-05-20T22:58:06.047740Z","level":"info","event":"\tat java.base/java.lang.String.valueOf(Unknown Source)","logger":"airflow.task.operators.airflow.providers.docker.operators.docker.DockerOperator","filename":"docker.py","lineno":71}
{"timestamp":"2026-05-20T22:58:06.047806Z","level":"info","event":"\tat java.base/java.lang.StringBuilder.append(Unknown Source)","logger":"airflow.task.operators.airflow.providers.docker.operators.docker.DockerOperator","filename":"docker.py","lineno":71}
{"timestamp":"2026-05-20T22:58:06.047895Z","level":"info","event":"\tat org.apache.spark.sql.delta.Snapshot.$anonfun$new$1(Snapshot.scala:419)","logger":"airflow.task.operators.airflow.providers.docker.operators.docker.DockerOperator","filename":"docker.py","lineno":71}
{"timestamp":"2026-05-20T22:58:06.047962Z","level":"info","event":"\tat org.apache.spark.sql.delta.Snapshot.$anonfun$logInfo$1(Snapshot.scala:396)","logger":"airflow.task.operators.airflow.providers.docker.operators.docker.DockerOperator","filename":"docker.py","lineno":71}
{"timestamp":"2026-05-20T22:58:06.048014Z","level":"info","event":"\tat org.apache.spark.internal.Logging.logInfo(Logging.scala:60)","logger":"airflow.task.operators.airflow.providers.docker.operators.docker.DockerOperator","filename":"docker.py","lineno":71}
{"timestamp":"2026-05-20T22:58:06.048076Z","level":"info","event":"\tat org.apache.spark.internal.Logging.logInfo$(Logging.scala:59)","logger":"airflow.task.operators.airflow.providers.docker.operators.docker.DockerOperator","filename":"docker.py","lineno":71}
{"timestamp":"2026-05-20T22:58:06.048144Z","level":"info","event":"\tat org.apache.spark.sql.delta.Snapshot.logInfo(Snapshot.scala:396)","logger":"airflow.task.operators.airflow.providers.docker.operators.docker.DockerOperator","filename":"docker.py","lineno":71}
{"timestamp":"2026-05-20T22:58:06.048208Z","level":"info","event":"\tat org.apache.spark.sql.delta.Snapshot.<init>(Snapshot.scala:419)","logger":"airflow.task.operators.airflow.providers.docker.operators.docker.DockerOperator","filename":"docker.py","lineno":71}
{"timestamp":"2026-05-20T22:58:06.048275Z","level":"info","event":"\tat org.apache.spark.sql.delta.SnapshotManagement.$anonfun$createSnapshot$2(SnapshotManagement.scala:503)","logger":"airflow.task.operators.airflow.providers.docker.operators.docker.DockerOperator","filename":"docker.py","lineno":71}
{"timestamp":"2026-05-20T22:58:06.048346Z","level":"info","event":"\tat org.apache.spark.sql.delta.SnapshotManagement.createSnapshotFromGivenOrEquivalentLogSegment(SnapshotManagement.scala:628)","logger":"airflow.task.operators.airflow.providers.docker.operators.docker.DockerOperator","filename":"docker.py","lineno":71}
{"timestamp":"2026-05-20T22:58:06.048406Z","level":"info","event":"\tat org.apache.spark.sql.delta.SnapshotManagement.createSnapshotFromGivenOrEquivalentLogSegment$(SnapshotManagement.scala:616)","logger":"airflow.task.operators.airflow.providers.docker.operators.docker.DockerOperator","filename":"docker.py","lineno":71}
{"timestamp":"2026-05-20T22:58:06.048483Z","level":"info","event":"\tat org.apache.spark.sql.delta.DeltaLog.createSnapshotFromGivenOrEquivalentLogSegment(DeltaLog.scala:72)","logger":"airflow.task.operators.airflow.providers.docker.operators.docker.DockerOperator","filename":"docker.py","lineno":71}
{"timestamp":"2026-05-20T22:58:06.048551Z","level":"info","event":"\tat org.apache.spark.sql.delta.SnapshotManagement.createSnapshot(SnapshotManagement.scala:496)","logger":"airflow.task.operators.airflow.providers.docker.operators.docker.DockerOperator","filename":"docker.py","lineno":71}
{"timestamp":"2026-05-20T22:58:06.048599Z","level":"info","event":"\tat org.apache.spark.sql.delta.SnapshotManagement.createSnapshot$(SnapshotManagement.scala:489)","logger":"airflow.task.operators.airflow.providers.docker.operators.docker.DockerOperator","filename":"docker.py","lineno":71}
{"timestamp":"2026-05-20T22:58:06.048642Z","level":"info","event":"\tat org.apache.spark.sql.delta.DeltaLog.createSnapshot(DeltaLog.scala:72)","logger":"airflow.task.operators.airflow.providers.docker.operators.docker.DockerOperator","filename":"docker.py","lineno":71}
{"timestamp":"2026-05-20T22:58:06.048683Z","level":"info","event":"\tat org.apache.spark.sql.delta.SnapshotManagement.$anonfun$createSnapshotAtInitInternal$1(SnapshotManagement.scala:450)","logger":"airflow.task.operators.airflow.providers.docker.operators.docker.DockerOperator","filename":"docker.py","lineno":71}
{"timestamp":"2026-05-20T22:58:06.048731Z","level":"info","event":"\tat scala.Option.map(Option.scala:230)","logger":"airflow.task.operators.airflow.providers.docker.operators.docker.DockerOperator","filename":"docker.py","lineno":71}
{"timestamp":"2026-05-20T22:58:06.048794Z","level":"info","event":"\tat org.apache.spark.sql.delta.SnapshotManagement.createSnapshotAtInitInternal(SnapshotManagement.scala:447)","logger":"airflow.task.operators.airflow.providers.docker.operators.docker.DockerOperator","filename":"docker.py","lineno":71}
{"timestamp":"2026-05-20T22:58:06.048883Z","level":"info","event":"\tat org.apache.spark.sql.delta.SnapshotManagement.createSnapshotAtInitInternal$(SnapshotManagement.scala:444)","logger":"airflow.task.operators.airflow.providers.docker.operators.docker.DockerOperator","filename":"docker.py","lineno":71}
{"timestamp":"2026-05-20T22:58:06.048958Z","level":"info","event":"\tat org.apache.spark.sql.delta.DeltaLog.createSnapshotAtInitInternal(DeltaLog.scala:72)","logger":"airflow.task.operators.airflow.providers.docker.operators.docker.DockerOperator","filename":"docker.py","lineno":71}
{"timestamp":"2026-05-20T22:58:06.049019Z","level":"info","event":"\tat org.apache.spark.sql.delta.SnapshotManagement.$anonfun$getSnapshotAtInit$1(SnapshotManagement.scala:439)","logger":"airflow.task.operators.airflow.providers.docker.operators.docker.DockerOperator","filename":"docker.py","lineno":71}
{"timestamp":"2026-05-20T22:58:06.049080Z","level":"info","event":"\tat org.apache.spark.sql.delta.metering.DeltaLogging.recordFrameProfile(DeltaLogging.scala:140)","logger":"airflow.task.operators.airflow.providers.docker.operators.docker.DockerOperator","filename":"docker.py","lineno":71}
{"timestamp":"2026-05-20T22:58:06.049146Z","level":"info","event":"\tat org.apache.spark.sql.delta.metering.DeltaLogging.recordFrameProfile$(DeltaLogging.scala:138)","logger":"airflow.task.operators.airflow.providers.docker.operators.docker.DockerOperator","filename":"docker.py","lineno":71}
{"timestamp":"2026-05-20T22:58:06.049212Z","level":"info","event":"\tat org.apache.spark.sql.delta.DeltaLog.recordFrameProfile(DeltaLog.scala:72)","logger":"airflow.task.operators.airflow.providers.docker.operators.docker.DockerOperator","filename":"docker.py","lineno":71}
{"timestamp":"2026-05-20T22:58:06.049281Z","level":"info","event":"\tat org.apache.spark.sql.delta.SnapshotManagement.getSnapshotAtInit(SnapshotManagement.scala:434)","logger":"airflow.task.operators.airflow.providers.docker.operators.docker.DockerOperator","filename":"docker.py","lineno":71}
{"timestamp":"2026-05-20T22:58:06.049353Z","level":"info","event":"\tat org.apache.spark.sql.delta.SnapshotManagement.getSnapshotAtInit$(SnapshotManagement.scala:433)","logger":"airflow.task.operators.airflow.providers.docker.operators.docker.DockerOperator","filename":"docker.py","lineno":71}
{"timestamp":"2026-05-20T22:58:06.049415Z","level":"info","event":"\tat org.apache.spark.sql.delta.DeltaLog.getSnapshotAtInit(DeltaLog.scala:72)","logger":"airflow.task.operators.airflow.providers.docker.operators.docker.DockerOperator","filename":"docker.py","lineno":71}
{"timestamp":"2026-05-20T22:58:06.049494Z","level":"info","event":"\tat org.apache.spark.sql.delta.SnapshotManagement.$init$(SnapshotManagement.scala:60)","logger":"airflow.task.operators.airflow.providers.docker.operators.docker.DockerOperator","filename":"docker.py","lineno":71}
{"timestamp":"2026-05-20T22:58:06.049553Z","level":"info","event":"\tat org.apache.spark.sql.delta.DeltaLog.<init>(DeltaLog.scala:78)","logger":"airflow.task.operators.airflow.providers.docker.operators.docker.DockerOperator","filename":"docker.py","lineno":71}
{"timestamp":"2026-05-20T22:58:06.049598Z","level":"info","event":"\tat org.apache.spark.sql.delta.DeltaLog$.$anonfun$apply$4(DeltaLog.scala:779)","logger":"airflow.task.operators.airflow.providers.docker.operators.docker.DockerOperator","filename":"docker.py","lineno":71}
{"timestamp":"2026-05-20T22:58:06.049642Z","level":"info","event":"\tat org.apache.spark.sql.catalyst.plans.logical.AnalysisHelper$.allowInvokingTransformsInAnalyzer(AnalysisHelper.scala:323)","logger":"airflow.task.operators.airflow.providers.docker.operators.docker.DockerOperator","filename":"docker.py","lineno":71}
{"timestamp":"2026-05-20T22:58:06.049689Z","level":"info","event":"\tat org.apache.spark.sql.delta.DeltaLog$.$anonfun$apply$3(DeltaLog.scala:774)","logger":"airflow.task.operators.airflow.providers.docker.operators.docker.DockerOperator","filename":"docker.py","lineno":71}
{"timestamp":"2026-05-20T22:58:06.049748Z","level":"info","event":"\tat org.apache.spark.sql.delta.metering.DeltaLogging.recordFrameProfile(DeltaLogging.scala:140)","logger":"airflow.task.operators.airflow.providers.docker.operators.docker.DockerOperator","filename":"docker.py","lineno":71}
{"timestamp":"2026-05-20T22:58:06.049811Z","level":"info","event":"\tat org.apache.spark.sql.delta.metering.DeltaLogging.recordFrameProfile$(DeltaLogging.scala:138)","logger":"airflow.task.operators.airflow.providers.docker.operators.docker.DockerOperator","filename":"docker.py","lineno":71}
{"timestamp":"2026-05-20T22:58:06.049941Z","level":"info","event":"\tat org.apache.spark.sql.delta.DeltaLog$.recordFrameProfile(DeltaLog.scala:598)","logger":"airflow.task.operators.airflow.providers.docker.operators.docker.DockerOperator","filename":"docker.py","lineno":71}
{"timestamp":"2026-05-20T22:58:06.050015Z","level":"info","event":"\tat org.apache.spark.sql.delta.metering.DeltaLogging.$anonfun$recordDeltaOperationInternal$1(DeltaLogging.scala:133)","logger":"airflow.task.operators.airflow.providers.docker.operators.docker.DockerOperator","filename":"docker.py","lineno":71}
{"timestamp":"2026-05-20T22:58:06.050080Z","level":"info","event":"\tat com.databricks.spark.util.DatabricksLogging.recordOperation(DatabricksLogging.scala:128)","logger":"airflow.task.operators.airflow.providers.docker.operators.docker.DockerOperator","filename":"docker.py","lineno":71}
{"timestamp":"2026-05-20T22:58:06.050135Z","level":"info","event":"\tat com.databricks.spark.util.DatabricksLogging.recordOperation$(DatabricksLogging.scala:117)","logger":"airflow.task.operators.airflow.providers.docker.operators.docker.DockerOperator","filename":"docker.py","lineno":71}
{"timestamp":"2026-05-20T22:58:06.050184Z","level":"info","event":"\tat org.apache.spark.sql.delta.DeltaLog$.recordOperation(DeltaLog.scala:598)","logger":"airflow.task.operators.airflow.providers.docker.operators.docker.DockerOperator","filename":"docker.py","lineno":71}
{"timestamp":"2026-05-20T22:58:06.050227Z","level":"info","event":"\tat org.apache.spark.sql.delta.metering.DeltaLogging.recordDeltaOperationInternal(DeltaLogging.scala:132)","logger":"airflow.task.operators.airflow.providers.docker.operators.docker.DockerOperator","filename":"docker.py","lineno":71}
{"timestamp":"2026-05-20T22:58:06.050271Z","level":"info","event":"\tat org.apache.spark.sql.delta.metering.DeltaLogging.recordDeltaOperation(DeltaLogging.scala:122)","logger":"airflow.task.operators.airflow.providers.docker.operators.docker.DockerOperator","filename":"docker.py","lineno":71}
{"timestamp":"2026-05-20T22:58:06.050383Z","level":"info","event":"\tat org.apache.spark.sql.delta.metering.DeltaLogging.recordDeltaOperation$(DeltaLogging.scala:112)","logger":"airflow.task.operators.airflow.providers.docker.operators.docker.DockerOperator","filename":"docker.py","lineno":71}
{"timestamp":"2026-05-20T22:58:06.050423Z","level":"info","event":"\tat org.apache.spark.sql.delta.DeltaLog$.recordDeltaOperation(DeltaLog.scala:598)","logger":"airflow.task.operators.airflow.providers.docker.operators.docker.DockerOperator","filename":"docker.py","lineno":71}
{"timestamp":"2026-05-20T22:58:06.050465Z","level":"info","event":"\tat org.apache.spark.sql.delta.DeltaLog$.createDeltaLog$1(DeltaLog.scala:773)","logger":"airflow.task.operators.airflow.providers.docker.operators.docker.DockerOperator","filename":"docker.py","lineno":71}
{"timestamp":"2026-05-20T22:58:06.050496Z","level":"info","event":"\tat org.apache.spark.sql.delta.DeltaLog$.$anonfun$apply$5(DeltaLog.scala:791)","logger":"airflow.task.operators.airflow.providers.docker.operators.docker.DockerOperator","filename":"docker.py","lineno":71}
{"timestamp":"2026-05-20T22:58:06.050524Z","level":"info","event":"\tat com.google.common.cache.LocalCache$LocalManualCache$1.load(LocalCache.java:4792)","logger":"airflow.task.operators.airflow.providers.docker.operators.docker.DockerOperator","filename":"docker.py","lineno":71}
{"timestamp":"2026-05-20T22:58:06.050551Z","level":"info","event":"\tat com.google.common.cache.LocalCache$LoadingValueReference.loadFuture(LocalCache.java:3599)","logger":"airflow.task.operators.airflow.providers.docker.operators.docker.DockerOperator","filename":"docker.py","lineno":71}
{"timestamp":"2026-05-20T22:58:06.050585Z","level":"info","event":"\tat com.google.common.cache.LocalCache$Segment.loadSync(LocalCache.java:2379)","logger":"airflow.task.operators.airflow.providers.docker.operators.docker.DockerOperator","filename":"docker.py","lineno":71}
{"timestamp":"2026-05-20T22:58:06.050614Z","level":"info","event":"\tat com.google.common.cache.LocalCache$Segment.lockedGetOrLoad(LocalCache.java:2342)","logger":"airflow.task.operators.airflow.providers.docker.operators.docker.DockerOperator","filename":"docker.py","lineno":71}
{"timestamp":"2026-05-20T22:58:06.050641Z","level":"info","event":"\tat com.google.common.cache.LocalCache$Segment.get(LocalCache.java:2257)","logger":"airflow.task.operators.airflow.providers.docker.operators.docker.DockerOperator","filename":"docker.py","lineno":71}
{"timestamp":"2026-05-20T22:58:06.050668Z","level":"info","event":"\tat com.google.common.cache.LocalCache.get(LocalCache.java:4000)","logger":"airflow.task.operators.airflow.providers.docker.operators.docker.DockerOperator","filename":"docker.py","lineno":71}
{"timestamp":"2026-05-20T22:58:06.050694Z","level":"info","event":"\tat com.google.common.cache.LocalCache$LocalManualCache.get(LocalCache.java:4789)","logger":"airflow.task.operators.airflow.providers.docker.operators.docker.DockerOperator","filename":"docker.py","lineno":71}
{"timestamp":"2026-05-20T22:58:06.050721Z","level":"info","event":"\tat org.apache.spark.sql.delta.DeltaLog$.getDeltaLogFromCache$1(DeltaLog.scala:790)","logger":"airflow.task.operators.airflow.providers.docker.operators.docker.DockerOperator","filename":"docker.py","lineno":71}
{"timestamp":"2026-05-20T22:58:06.050749Z","level":"info","event":"\tat org.apache.spark.sql.delta.DeltaLog$.apply(DeltaLog.scala:800)","logger":"airflow.task.operators.airflow.providers.docker.operators.docker.DockerOperator","filename":"docker.py","lineno":71}
{"timestamp":"2026-05-20T22:58:06.050778Z","level":"info","event":"\tat org.apache.spark.sql.delta.DeltaLog$.forTable(DeltaLog.scala:677)","logger":"airflow.task.operators.airflow.providers.docker.operators.docker.DockerOperator","filename":"docker.py","lineno":71}
{"timestamp":"2026-05-20T22:58:06.050806Z","level":"info","event":"\tat org.apache.spark.sql.delta.catalog.DeltaTableV2.$anonfun$deltaLog$1(DeltaTableV2.scala:91)","logger":"airflow.task.operators.airflow.providers.docker.operators.docker.DockerOperator","filename":"docker.py","lineno":71}
{"timestamp":"2026-05-20T22:58:06.050876Z","level":"info","event":"\tat org.apache.spark.sql.delta.catalog.DeltaTableV2$.withEnrichedUnsupportedTableException(DeltaTableV2.scala:364)","logger":"airflow.task.operators.airflow.providers.docker.operators.docker.DockerOperator","filename":"docker.py","lineno":71}
{"timestamp":"2026-05-20T22:58:06.050930Z","level":"info","event":"\tat org.apache.spark.sql.delta.catalog.DeltaTableV2.deltaLog$lzycompute(DeltaTableV2.scala:91)","logger":"airflow.task.operators.airflow.providers.docker.operators.docker.DockerOperator","filename":"docker.py","lineno":71}
{"timestamp":"2026-05-20T22:58:06.050972Z","level":"info","event":"\tat org.apache.spark.sql.delta.catalog.DeltaTableV2.deltaLog(DeltaTableV2.scala:89)","logger":"airflow.task.operators.airflow.providers.docker.operators.docker.DockerOperator","filename":"docker.py","lineno":71}
{"timestamp":"2026-05-20T22:58:06.051004Z","level":"info","event":"\tat org.apache.spark.sql.delta.catalog.DeltaTableV2.$anonfun$initialSnapshot$4(DeltaTableV2.scala:144)","logger":"airflow.task.operators.airflow.providers.docker.operators.docker.DockerOperator","filename":"docker.py","lineno":71}
{"timestamp":"2026-05-20T22:58:06.051035Z","level":"info","event":"\tat scala.Option.getOrElse(Option.scala:189)","logger":"airflow.task.operators.airflow.providers.docker.operators.docker.DockerOperator","filename":"docker.py","lineno":71}
{"timestamp":"2026-05-20T22:58:06.051064Z","level":"info","event":"\tat org.apache.spark.sql.delta.catalog.DeltaTableV2.$anonfun$initialSnapshot$1(DeltaTableV2.scala:144)","logger":"airflow.task.operators.airflow.providers.docker.operators.docker.DockerOperator","filename":"docker.py","lineno":71}
{"timestamp":"2026-05-20T22:58:06.051093Z","level":"info","event":"\tat org.apache.spark.sql.delta.catalog.DeltaTableV2$.withEnrichedUnsupportedTableException(DeltaTableV2.scala:364)","logger":"airflow.task.operators.airflow.providers.docker.operators.docker.DockerOperator","filename":"docker.py","lineno":71}
{"timestamp":"2026-05-20T22:58:06.051124Z","level":"info","event":"\tat org.apache.spark.sql.delta.catalog.DeltaTableV2.initialSnapshot$lzycompute(DeltaTableV2.scala:143)","logger":"airflow.task.operators.airflow.providers.docker.operators.docker.DockerOperator","filename":"docker.py","lineno":71}
{"timestamp":"2026-05-20T22:58:06.051154Z","level":"info","event":"\tat org.apache.spark.sql.delta.catalog.DeltaTableV2.initialSnapshot(DeltaTableV2.scala:123)","logger":"airflow.task.operators.airflow.providers.docker.operators.docker.DockerOperator","filename":"docker.py","lineno":71}
{"timestamp":"2026-05-20T22:58:06.051184Z","level":"info","event":"\tat org.apache.spark.sql.delta.catalog.DeltaTableV2.toBaseRelation$lzycompute(DeltaTableV2.scala:235)","logger":"airflow.task.operators.airflow.providers.docker.operators.docker.DockerOperator","filename":"docker.py","lineno":71}
{"timestamp":"2026-05-20T22:58:06.051213Z","level":"info","event":"\tat org.apache.spark.sql.delta.catalog.DeltaTableV2.toBaseRelation(DeltaTableV2.scala:233)","logger":"airflow.task.operators.airflow.providers.docker.operators.docker.DockerOperator","filename":"docker.py","lineno":71}
{"timestamp":"2026-05-20T22:58:06.051243Z","level":"info","event":"\tat org.apache.spark.sql.delta.sources.DeltaDataSource.$anonfun$createRelation$5(DeltaDataSource.scala:250)","logger":"airflow.task.operators.airflow.providers.docker.operators.docker.DockerOperator","filename":"docker.py","lineno":71}
{"timestamp":"2026-05-20T22:58:06.051271Z","level":"info","event":"\tat org.apache.spark.sql.delta.metering.DeltaLogging.recordFrameProfile(DeltaLogging.scala:140)","logger":"airflow.task.operators.airflow.providers.docker.operators.docker.DockerOperator","filename":"docker.py","lineno":71}
{"timestamp":"2026-05-20T22:58:06.051300Z","level":"info","event":"\tat org.apache.spark.sql.delta.metering.DeltaLogging.recordFrameProfile$(DeltaLogging.scala:138)","logger":"airflow.task.operators.airflow.providers.docker.operators.docker.DockerOperator","filename":"docker.py","lineno":71}
{"timestamp":"2026-05-20T22:58:06.051328Z","level":"info","event":"\tat org.apache.spark.sql.delta.sources.DeltaDataSource.recordFrameProfile(DeltaDataSource.scala:49)","logger":"airflow.task.operators.airflow.providers.docker.operators.docker.DockerOperator","filename":"docker.py","lineno":71}
{"timestamp":"2026-05-20T22:58:06.051359Z","level":"info","event":"\tat org.apache.spark.sql.delta.sources.DeltaDataSource.createRelation(DeltaDataSource.scala:209)","logger":"airflow.task.operators.airflow.providers.docker.operators.docker.DockerOperator","filename":"docker.py","lineno":71}
{"timestamp":"2026-05-20T22:58:06.051388Z","level":"info","event":"\tat org.apache.spark.sql.execution.datasources.DataSource.resolveRelation(DataSource.scala:346)","logger":"airflow.task.operators.airflow.providers.docker.operators.docker.DockerOperator","filename":"docker.py","lineno":71}
{"timestamp":"2026-05-20T22:58:06.051420Z","level":"info","event":"\tat org.apache.spark.sql.DataFrameReader.loadV1Source(DataFrameReader.scala:229)","logger":"airflow.task.operators.airflow.providers.docker.operators.docker.DockerOperator","filename":"docker.py","lineno":71}
{"timestamp":"2026-05-20T22:58:06.051462Z","level":"info","event":"\tat org.apache.spark.sql.DataFrameReader.$anonfun$load$2(DataFrameReader.scala:211)","logger":"airflow.task.operators.airflow.providers.docker.operators.docker.DockerOperator","filename":"docker.py","lineno":71}
{"timestamp":"2026-05-20T22:58:06.051495Z","level":"info","event":"\tat scala.Option.getOrElse(Option.scala:189)","logger":"airflow.task.operators.airflow.providers.docker.operators.docker.DockerOperator","filename":"docker.py","lineno":71}
{"timestamp":"2026-05-20T22:58:06.051526Z","level":"info","event":"\tat org.apache.spark.sql.DataFrameReader.load(DataFrameReader.scala:211)","logger":"airflow.task.operators.airflow.providers.docker.operators.docker.DockerOperator","filename":"docker.py","lineno":71}
{"timestamp":"2026-05-20T22:58:06.051555Z","level":"info","event":"\tat org.apache.spark.sql.DataFrameReader.load(DataFrameReader.scala:186)","logger":"airflow.task.operators.airflow.providers.docker.operators.docker.DockerOperator","filename":"docker.py","lineno":71}
{"timestamp":"2026-05-20T22:58:06.051583Z","level":"info","event":"\tat java.base/jdk.internal.reflect.NativeMethodAccessorImpl.invoke0(Native Method)","logger":"airflow.task.operators.airflow.providers.docker.operators.docker.DockerOperator","filename":"docker.py","lineno":71}
{"timestamp":"2026-05-20T22:58:06.051611Z","level":"info","event":"\tat java.base/jdk.internal.reflect.NativeMethodAccessorImpl.invoke(Unknown Source)","logger":"airflow.task.operators.airflow.providers.docker.operators.docker.DockerOperator","filename":"docker.py","lineno":71}
{"timestamp":"2026-05-20T22:58:06.051639Z","level":"info","event":"\tat java.base/jdk.internal.reflect.DelegatingMethodAccessorImpl.invoke(Unknown Source)","logger":"airflow.task.operators.airflow.providers.docker.operators.docker.DockerOperator","filename":"docker.py","lineno":71}
{"timestamp":"2026-05-20T22:58:06.051666Z","level":"info","event":"\tat java.base/java.lang.reflect.Method.invoke(Unknown Source)","logger":"airflow.task.operators.airflow.providers.docker.operators.docker.DockerOperator","filename":"docker.py","lineno":71}
{"timestamp":"2026-05-20T22:58:06.051692Z","level":"info","event":"\tat py4j.reflection.MethodInvoker.invoke(MethodInvoker.java:244)","logger":"airflow.task.operators.airflow.providers.docker.operators.docker.DockerOperator","filename":"docker.py","lineno":71}
{"timestamp":"2026-05-20T22:58:06.051721Z","level":"info","event":"\tat py4j.reflection.ReflectionEngine.invoke(ReflectionEngine.java:374)","logger":"airflow.task.operators.airflow.providers.docker.operators.docker.DockerOperator","filename":"docker.py","lineno":71}
{"timestamp":"2026-05-20T22:58:06.051748Z","level":"info","event":"\tat py4j.Gateway.invoke(Gateway.java:282)","logger":"airflow.task.operators.airflow.providers.docker.operators.docker.DockerOperator","filename":"docker.py","lineno":71}
{"timestamp":"2026-05-20T22:58:06.051775Z","level":"info","event":"\tat py4j.commands.AbstractCommand.invokeMethod(AbstractCommand.java:132)","logger":"airflow.task.operators.airflow.providers.docker.operators.docker.DockerOperator","filename":"docker.py","lineno":71}
{"timestamp":"2026-05-20T22:58:06.051802Z","level":"info","event":"\tat py4j.commands.CallCommand.execute(CallCommand.java:79)","logger":"airflow.task.operators.airflow.providers.docker.operators.docker.DockerOperator","filename":"docker.py","lineno":71}
{"timestamp":"2026-05-20T22:58:06.051857Z","level":"info","event":"\tat py4j.ClientServerConnection.waitForCommands(ClientServerConnection.java:182)","logger":"airflow.task.operators.airflow.providers.docker.operators.docker.DockerOperator","filename":"docker.py","lineno":71}
{"timestamp":"2026-05-20T22:58:06.051894Z","level":"info","event":"\tat py4j.ClientServerConnection.run(ClientServerConnection.java:106)","logger":"airflow.task.operators.airflow.providers.docker.operators.docker.DockerOperator","filename":"docker.py","lineno":71}
{"timestamp":"2026-05-20T22:58:06.051924Z","level":"info","event":"\tat java.base/java.lang.Thread.run(Unknown Source)","logger":"airflow.task.operators.airflow.providers.docker.operators.docker.DockerOperator","filename":"docker.py","lineno":71}
{"timestamp":"2026-05-20T22:58:06.051956Z","level":"info","event":"Caused by: java.lang.RuntimeException: java.lang.ClassNotFoundException: Class org.apache.hadoop.fs.s3a.S3AFileSystem not found","logger":"airflow.task.operators.airflow.providers.docker.operators.docker.DockerOperator","filename":"docker.py","lineno":71}
{"timestamp":"2026-05-20T22:58:06.051985Z","level":"info","event":"\tat org.apache.hadoop.conf.Configuration.getClass(Configuration.java:2688)","logger":"airflow.task.operators.airflow.providers.docker.operators.docker.DockerOperator","filename":"docker.py","lineno":71}
{"timestamp":"2026-05-20T22:58:06.052023Z","level":"info","event":"\tat org.apache.hadoop.fs.FileSystem.getFileSystemClass(FileSystem.java:3431)","logger":"airflow.task.operators.airflow.providers.docker.operators.docker.DockerOperator","filename":"docker.py","lineno":71}
{"timestamp":"2026-05-20T22:58:06.052079Z","level":"info","event":"\tat org.apache.hadoop.fs.FileSystem.createFileSystem(FileSystem.java:3466)","logger":"airflow.task.operators.airflow.providers.docker.operators.docker.DockerOperator","filename":"docker.py","lineno":71}
{"timestamp":"2026-05-20T22:58:06.052137Z","level":"info","event":"\tat org.apache.hadoop.fs.FileSystem.access$300(FileSystem.java:174)","logger":"airflow.task.operators.airflow.providers.docker.operators.docker.DockerOperator","filename":"docker.py","lineno":71}
{"timestamp":"2026-05-20T22:58:06.052206Z","level":"info","event":"\tat org.apache.hadoop.fs.FileSystem$Cache.getInternal(FileSystem.java:3574)","logger":"airflow.task.operators.airflow.providers.docker.operators.docker.DockerOperator","filename":"docker.py","lineno":71}
{"timestamp":"2026-05-20T22:58:06.052269Z","level":"info","event":"\tat org.apache.hadoop.fs.FileSystem$Cache.get(FileSystem.java:3521)","logger":"airflow.task.operators.airflow.providers.docker.operators.docker.DockerOperator","filename":"docker.py","lineno":71}
{"timestamp":"2026-05-20T22:58:06.052323Z","level":"info","event":"\tat org.apache.hadoop.fs.FileSystem.get(FileSystem.java:540)","logger":"airflow.task.operators.airflow.providers.docker.operators.docker.DockerOperator","filename":"docker.py","lineno":71}
{"timestamp":"2026-05-20T22:58:06.052380Z","level":"info","event":"\tat org.apache.hadoop.fs.Path.getFileSystem(Path.java:365)","logger":"airflow.task.operators.airflow.providers.docker.operators.docker.DockerOperator","filename":"docker.py","lineno":71}
{"timestamp":"2026-05-20T22:58:06.052435Z","level":"info","event":"\tat org.apache.hadoop.mapreduce.lib.input.LineRecordReader.initialize(LineRecordReader.java:88)","logger":"airflow.task.operators.airflow.providers.docker.operators.docker.DockerOperator","filename":"docker.py","lineno":71}
{"timestamp":"2026-05-20T22:58:06.052513Z","level":"info","event":"\tat org.apache.spark.sql.execution.datasources.HadoopFileLinesReader.<init>(HadoopFileLinesReader.scala:63)","logger":"airflow.task.operators.airflow.providers.docker.operators.docker.DockerOperator","filename":"docker.py","lineno":71}
{"timestamp":"2026-05-20T22:58:06.052577Z","level":"info","event":"\tat org.apache.spark.sql.execution.datasources.json.TextInputJsonDataSource$.readFile(JsonDataSource.scala:132)","logger":"airflow.task.operators.airflow.providers.docker.operators.docker.DockerOperator","filename":"docker.py","lineno":71}
{"timestamp":"2026-05-20T22:58:06.052639Z","level":"info","event":"\tat org.apache.spark.sql.execution.datasources.json.JsonFileFormat.$anonfun$buildReader$2(JsonFileFormat.scala:126)","logger":"airflow.task.operators.airflow.providers.docker.operators.docker.DockerOperator","filename":"docker.py","lineno":71}
{"timestamp":"2026-05-20T22:58:06.052700Z","level":"info","event":"\tat org.apache.spark.sql.execution.datasources.FileFormat$$anon$1.apply(FileFormat.scala:160)","logger":"airflow.task.operators.airflow.providers.docker.operators.docker.DockerOperator","filename":"docker.py","lineno":71}
{"timestamp":"2026-05-20T22:58:06.052762Z","level":"info","event":"\tat org.apache.spark.sql.execution.datasources.FileFormat$$anon$1.apply(FileFormat.scala:140)","logger":"airflow.task.operators.airflow.providers.docker.operators.docker.DockerOperator","filename":"docker.py","lineno":71}
{"timestamp":"2026-05-20T22:58:06.052841Z","level":"info","event":"\tat org.apache.spark.sql.execution.datasources.FileScanRDD$$anon$1.org$apache$spark$sql$execution$datasources$FileScanRDD$$anon$$readCurrentFile(FileScanRDD.scala:217)","logger":"airflow.task.operators.airflow.providers.docker.operators.docker.DockerOperator","filename":"docker.py","lineno":71}
{"timestamp":"2026-05-20T22:58:06.052902Z","level":"info","event":"\tat org.apache.spark.sql.execution.datasources.FileScanRDD$$anon$1.nextIterator(FileScanRDD.scala:279)","logger":"airflow.task.operators.airflow.providers.docker.operators.docker.DockerOperator","filename":"docker.py","lineno":71}
{"timestamp":"2026-05-20T22:58:06.052957Z","level":"info","event":"\tat org.apache.spark.sql.execution.datasources.FileScanRDD$$anon$1.hasNext(FileScanRDD.scala:129)","logger":"airflow.task.operators.airflow.providers.docker.operators.docker.DockerOperator","filename":"docker.py","lineno":71}
{"timestamp":"2026-05-20T22:58:06.053010Z","level":"info","event":"\tat scala.collection.Iterator$$anon$10.hasNext(Iterator.scala:460)","logger":"airflow.task.operators.airflow.providers.docker.operators.docker.DockerOperator","filename":"docker.py","lineno":71}
{"timestamp":"2026-05-20T22:58:06.053060Z","level":"info","event":"\tat org.apache.spark.sql.catalyst.expressions.GeneratedClass$GeneratedIteratorForCodegenStage1.processNext(Unknown Source)","logger":"airflow.task.operators.airflow.providers.docker.operators.docker.DockerOperator","filename":"docker.py","lineno":71}
{"timestamp":"2026-05-20T22:58:06.053114Z","level":"info","event":"\tat org.apache.spark.sql.execution.BufferedRowIterator.hasNext(BufferedRowIterator.java:43)","logger":"airflow.task.operators.airflow.providers.docker.operators.docker.DockerOperator","filename":"docker.py","lineno":71}
{"timestamp":"2026-05-20T22:58:06.053170Z","level":"info","event":"\tat org.apache.spark.sql.execution.WholeStageCodegenEvaluatorFactory$WholeStageCodegenPartitionEvaluator$$anon$1.hasNext(WholeStageCodegenEvaluatorFactory.scala:43)","logger":"airflow.task.operators.airflow.providers.docker.operators.docker.DockerOperator","filename":"docker.py","lineno":71}
{"timestamp":"2026-05-20T22:58:06.053227Z","level":"info","event":"\tat org.apache.spark.sql.execution.SparkPlan.$anonfun$getByteArrayRdd$1(SparkPlan.scala:388)","logger":"airflow.task.operators.airflow.providers.docker.operators.docker.DockerOperator","filename":"docker.py","lineno":71}
{"timestamp":"2026-05-20T22:58:06.053769Z","level":"info","event":"\tat org.apache.spark.rdd.RDD.$anonfun$mapPartitionsInternal$2(RDD.scala:890)","logger":"airflow.task.operators.airflow.providers.docker.operators.docker.DockerOperator","filename":"docker.py","lineno":71}
{"timestamp":"2026-05-20T22:58:06.053873Z","level":"info","event":"\tat org.apache.spark.rdd.RDD.$anonfun$mapPartitionsInternal$2$adapted(RDD.scala:890)","logger":"airflow.task.operators.airflow.providers.docker.operators.docker.DockerOperator","filename":"docker.py","lineno":71}
{"timestamp":"2026-05-20T22:58:06.053958Z","level":"info","event":"\tat org.apache.spark.rdd.MapPartitionsRDD.compute(MapPartitionsRDD.scala:52)","logger":"airflow.task.operators.airflow.providers.docker.operators.docker.DockerOperator","filename":"docker.py","lineno":71}
{"timestamp":"2026-05-20T22:58:06.054016Z","level":"info","event":"\tat org.apache.spark.rdd.RDD.computeOrReadCheckpoint(RDD.scala:364)","logger":"airflow.task.operators.airflow.providers.docker.operators.docker.DockerOperator","filename":"docker.py","lineno":71}
{"timestamp":"2026-05-20T22:58:06.054052Z","level":"info","event":"\tat org.apache.spark.rdd.RDD.iterator(RDD.scala:328)","logger":"airflow.task.operators.airflow.providers.docker.operators.docker.DockerOperator","filename":"docker.py","lineno":71}
{"timestamp":"2026-05-20T22:58:06.054085Z","level":"info","event":"\tat org.apache.spark.scheduler.ResultTask.runTask(ResultTask.scala:93)","logger":"airflow.task.operators.airflow.providers.docker.operators.docker.DockerOperator","filename":"docker.py","lineno":71}
{"timestamp":"2026-05-20T22:58:06.054116Z","level":"info","event":"\tat org.apache.spark.TaskContext.runTaskWithListeners(TaskContext.scala:161)","logger":"airflow.task.operators.airflow.providers.docker.operators.docker.DockerOperator","filename":"docker.py","lineno":71}
{"timestamp":"2026-05-20T22:58:06.054146Z","level":"info","event":"\tat org.apache.spark.scheduler.Task.run(Task.scala:141)","logger":"airflow.task.operators.airflow.providers.docker.operators.docker.DockerOperator","filename":"docker.py","lineno":71}
{"timestamp":"2026-05-20T22:58:06.054174Z","level":"info","event":"\tat org.apache.spark.executor.Executor$TaskRunner.$anonfun$run$4(Executor.scala:620)","logger":"airflow.task.operators.airflow.providers.docker.operators.docker.DockerOperator","filename":"docker.py","lineno":71}
{"timestamp":"2026-05-20T22:58:06.054223Z","level":"info","event":"\tat org.apache.spark.util.SparkErrorUtils.tryWithSafeFinally(SparkErrorUtils.scala:64)","logger":"airflow.task.operators.airflow.providers.docker.operators.docker.DockerOperator","filename":"docker.py","lineno":71}
{"timestamp":"2026-05-20T22:58:06.054254Z","level":"info","event":"\tat org.apache.spark.util.SparkErrorUtils.tryWithSafeFinally$(SparkErrorUtils.scala:61)","logger":"airflow.task.operators.airflow.providers.docker.operators.docker.DockerOperator","filename":"docker.py","lineno":71}
{"timestamp":"2026-05-20T22:58:06.054283Z","level":"info","event":"\tat org.apache.spark.util.Utils$.tryWithSafeFinally(Utils.scala:94)","logger":"airflow.task.operators.airflow.providers.docker.operators.docker.DockerOperator","filename":"docker.py","lineno":71}
{"timestamp":"2026-05-20T22:58:06.054311Z","level":"info","event":"\tat org.apache.spark.executor.Executor$TaskRunner.run(Executor.scala:623)","logger":"airflow.task.operators.airflow.providers.docker.operators.docker.DockerOperator","filename":"docker.py","lineno":71}
{"timestamp":"2026-05-20T22:58:06.054338Z","level":"info","event":"\tat java.base/java.util.concurrent.ThreadPoolExecutor.runWorker(Unknown Source)","logger":"airflow.task.operators.airflow.providers.docker.operators.docker.DockerOperator","filename":"docker.py","lineno":71}
{"timestamp":"2026-05-20T22:58:06.054366Z","level":"info","event":"\tat java.base/java.util.concurrent.ThreadPoolExecutor$Worker.run(Unknown Source)","logger":"airflow.task.operators.airflow.providers.docker.operators.docker.DockerOperator","filename":"docker.py","lineno":71}
{"timestamp":"2026-05-20T22:58:06.054394Z","level":"info","event":"\t... 1 more","logger":"airflow.task.operators.airflow.providers.docker.operators.docker.DockerOperator","filename":"docker.py","lineno":71}
{"timestamp":"2026-05-20T22:58:06.054421Z","level":"info","event":"Caused by: java.lang.ClassNotFoundException: Class org.apache.hadoop.fs.s3a.S3AFileSystem not found","logger":"airflow.task.operators.airflow.providers.docker.operators.docker.DockerOperator","filename":"docker.py","lineno":71}
{"timestamp":"2026-05-20T22:58:06.054453Z","level":"info","event":"\tat org.apache.hadoop.conf.Configuration.getClassByName(Configuration.java:2592)","logger":"airflow.task.operators.airflow.providers.docker.operators.docker.DockerOperator","filename":"docker.py","lineno":71}
{"timestamp":"2026-05-20T22:58:06.054483Z","level":"info","event":"\tat org.apache.hadoop.conf.Configuration.getClass(Configuration.java:2686)","logger":"airflow.task.operators.airflow.providers.docker.operators.docker.DockerOperator","filename":"docker.py","lineno":71}
{"timestamp":"2026-05-20T22:58:06.054510Z","level":"info","event":"\t... 37 more","logger":"airflow.task.operators.airflow.providers.docker.operators.docker.DockerOperator","filename":"docker.py","lineno":71}
{"timestamp":"2026-05-20T22:58:06.054537Z","level":"info","event":"","logger":"airflow.task.operators.airflow.providers.docker.operators.docker.DockerOperator","filename":"docker.py","lineno":71}
{"timestamp":"2026-05-20T22:58:06.054635Z","level":"info","event":"2026-05-20 22:58:06,004 - INFO - Closing down clientserver connection","logger":"airflow.task.operators.airflow.providers.docker.operators.docker.DockerOperator","filename":"docker.py","lineno":71}
{"timestamp":"2026-05-20T22:58:06.054700Z","level":"info","event":"2026-05-20 22:58:06,006 - INFO - Closing down clientserver connection","logger":"airflow.task.operators.airflow.providers.docker.operators.docker.DockerOperator","filename":"docker.py","lineno":71}
{"timestamp":"2026-05-20T22:58:06.054756Z","level":"info","event":"26/05/20 22:58:06 INFO BlockManagerInfo: Removed broadcast_1_piece0 on 172.20.0.21:46005 in memory (size: 34.9 KiB, free: 434.4 MiB)","logger":"airflow.task.operators.airflow.providers.docker.operators.docker.DockerOperator","filename":"docker.py","lineno":71}
{"timestamp":"2026-05-20T22:58:06.054812Z","level":"info","event":"2026-05-20 22:58:06,007 - INFO - Closing down clientserver connection","logger":"airflow.task.operators.airflow.providers.docker.operators.docker.DockerOperator","filename":"docker.py","lineno":71}
{"timestamp":"2026-05-20T22:58:06.054932Z","level":"info","event":"2026-05-20 22:58:06,007 - INFO - Closing down clientserver connection","logger":"airflow.task.operators.airflow.providers.docker.operators.docker.DockerOperator","filename":"docker.py","lineno":71}
{"timestamp":"2026-05-20T22:58:06.055003Z","level":"info","event":"2026-05-20 22:58:06,008 - INFO - Closing down clientserver connection","logger":"airflow.task.operators.airflow.providers.docker.operators.docker.DockerOperator","filename":"docker.py","lineno":71}
{"timestamp":"2026-05-20T22:58:06.055060Z","level":"info","event":"2026-05-20 22:58:06,008 - INFO - Closing down clientserver connection","logger":"airflow.task.operators.airflow.providers.docker.operators.docker.DockerOperator","filename":"docker.py","lineno":71}
{"timestamp":"2026-05-20T22:58:06.055095Z","level":"info","event":"2026-05-20 22:58:06,008 - INFO - Closing down clientserver connection","logger":"airflow.task.operators.airflow.providers.docker.operators.docker.DockerOperator","filename":"docker.py","lineno":71}
{"timestamp":"2026-05-20T22:58:06.055145Z","level":"info","event":"2026-05-20 22:58:06,009 - INFO - Incremental agregation to gold layer completed!","logger":"airflow.task.operators.airflow.providers.docker.operators.docker.DockerOperator","filename":"docker.py","lineno":71}
{"timestamp":"2026-05-20T22:58:06.055239Z","level":"info","event":"26/05/20 22:58:06 INFO SparkContext: SparkContext is stopping with exitCode 0.","logger":"airflow.task.operators.airflow.providers.docker.operators.docker.DockerOperator","filename":"docker.py","lineno":71}
{"timestamp":"2026-05-20T22:58:06.055302Z","level":"info","event":"26/05/20 22:58:06 INFO BlockManagerInfo: Removed broadcast_2_piece0 on 92e75bdc4654:38479 in memory (size: 34.9 KiB, free: 434.4 MiB)","logger":"airflow.task.operators.airflow.providers.docker.operators.docker.DockerOperator","filename":"docker.py","lineno":71}
{"timestamp":"2026-05-20T22:58:06.055356Z","level":"info","event":"26/05/20 22:58:06 INFO BlockManagerInfo: Removed broadcast_2_piece0 on 172.20.0.20:36959 in memory (size: 34.9 KiB, free: 434.4 MiB)","logger":"airflow.task.operators.airflow.providers.docker.operators.docker.DockerOperator","filename":"docker.py","lineno":71}
{"timestamp":"2026-05-20T22:58:06.055409Z","level":"info","event":"26/05/20 22:58:06 INFO SparkUI: Stopped Spark web UI at http://92e75bdc4654:4040","logger":"airflow.task.operators.airflow.providers.docker.operators.docker.DockerOperator","filename":"docker.py","lineno":71}
{"timestamp":"2026-05-20T22:58:06.055466Z","level":"info","event":"26/05/20 22:58:06 INFO StandaloneSchedulerBackend: Shutting down all executors","logger":"airflow.task.operators.airflow.providers.docker.operators.docker.DockerOperator","filename":"docker.py","lineno":71}
{"timestamp":"2026-05-20T22:58:06.055543Z","level":"info","event":"26/05/20 22:58:06 INFO StandaloneSchedulerBackend$StandaloneDriverEndpoint: Asking each executor to shut down","logger":"airflow.task.operators.airflow.providers.docker.operators.docker.DockerOperator","filename":"docker.py","lineno":71}
{"timestamp":"2026-05-20T22:58:06.112520Z","level":"info","event":"26/05/20 22:58:06 INFO MapOutputTrackerMasterEndpoint: MapOutputTrackerMasterEndpoint stopped!","logger":"airflow.task.operators.airflow.providers.docker.operators.docker.DockerOperator","filename":"docker.py","lineno":71}
{"timestamp":"2026-05-20T22:58:06.154011Z","level":"info","event":"26/05/20 22:58:06 INFO MemoryStore: MemoryStore cleared","logger":"airflow.task.operators.airflow.providers.docker.operators.docker.DockerOperator","filename":"docker.py","lineno":71}
{"timestamp":"2026-05-20T22:58:06.154952Z","level":"info","event":"26/05/20 22:58:06 INFO BlockManager: BlockManager stopped","logger":"airflow.task.operators.airflow.providers.docker.operators.docker.DockerOperator","filename":"docker.py","lineno":71}
{"timestamp":"2026-05-20T22:58:06.163974Z","level":"info","event":"26/05/20 22:58:06 INFO BlockManagerMaster: BlockManagerMaster stopped","logger":"airflow.task.operators.airflow.providers.docker.operators.docker.DockerOperator","filename":"docker.py","lineno":71}
{"timestamp":"2026-05-20T22:58:06.173411Z","level":"info","event":"26/05/20 22:58:06 INFO OutputCommitCoordinator$OutputCommitCoordinatorEndpoint: OutputCommitCoordinator stopped!","logger":"airflow.task.operators.airflow.providers.docker.operators.docker.DockerOperator","filename":"docker.py","lineno":71}
{"timestamp":"2026-05-20T22:58:06.195594Z","level":"info","event":"26/05/20 22:58:06 INFO SparkContext: Successfully stopped SparkContext","logger":"airflow.task.operators.airflow.providers.docker.operators.docker.DockerOperator","filename":"docker.py","lineno":71}
{"timestamp":"2026-05-20T22:58:06.666145Z","level":"info","event":"26/05/20 22:58:06 INFO ShutdownHookManager: Shutdown hook called","logger":"airflow.task.operators.airflow.providers.docker.operators.docker.DockerOperator","filename":"docker.py","lineno":71}
{"timestamp":"2026-05-20T22:58:06.667162Z","level":"info","event":"26/05/20 22:58:06 INFO ShutdownHookManager: Deleting directory /tmp/spark-da801745-65b6-445f-a04d-5629d40b8b7c/pyspark-6f76b2c3-09fe-49ed-842a-8a4310889f6a","logger":"airflow.task.operators.airflow.providers.docker.operators.docker.DockerOperator","filename":"docker.py","lineno":71}
{"timestamp":"2026-05-20T22:58:06.673728Z","level":"info","event":"26/05/20 22:58:06 INFO ShutdownHookManager: Deleting directory /tmp/spark-2b81151e-491e-404f-acf4-cb603a53827d","logger":"airflow.task.operators.airflow.providers.docker.operators.docker.DockerOperator","filename":"docker.py","lineno":71}
{"timestamp":"2026-05-20T22:58:06.678678Z","level":"info","event":"26/05/20 22:58:06 INFO ShutdownHookManager: Deleting directory /tmp/spark-da801745-65b6-445f-a04d-5629d40b8b7c","logger":"airflow.task.operators.airflow.providers.docker.operators.docker.DockerOperator","filename":"docker.py","lineno":71}
{"timestamp":"2026-05-20T22:58:06.687961Z","level":"info","event":"26/05/20 22:58:06 INFO MetricsSystemImpl: Stopping s3a-file-system metrics system...","logger":"airflow.task.operators.airflow.providers.docker.operators.docker.DockerOperator","filename":"docker.py","lineno":71}
{"timestamp":"2026-05-20T22:58:06.689554Z","level":"info","event":"26/05/20 22:58:06 INFO MetricsSystemImpl: s3a-file-system metrics system stopped.","logger":"airflow.task.operators.airflow.providers.docker.operators.docker.DockerOperator","filename":"docker.py","lineno":71}
{"timestamp":"2026-05-20T22:58:06.689961Z","level":"info","event":"26/05/20 22:58:06 INFO MetricsSystemImpl: s3a-file-system metrics system shutdown complete.","logger":"airflow.task.operators.airflow.providers.docker.operators.docker.DockerOperator","filename":"docker.py","lineno":71}
{"timestamp":"2026-05-20T22:58:07.025413Z","level":"info","event":"Pushing xcom","ti":"RuntimeTaskInstance(id=UUID('019e479b-f1e3-76b3-94f9-01cac3ea5ad7'), task_id='aggregation_gold', dag_id='ELT_minIO', run_id='manual__2026-05-20T22:57:42.855057+00:00', try_number=1, dag_version_id=UUID('019e476d-c69c-75be-a20e-ff24b9955f37'), map_index=-1, hostname='bf5a50b6a169', context_carrier={'traceparent': '00-225edae6edf346fbbbb0bf17a296dbb4-35f96060a45335d9-01'}, task=<Task(DockerOperator): aggregation_gold>, bundle_instance=LocalDagBundle(name=dags-folder), max_tries=0, start_date=datetime.datetime(2026, 5, 20, 22, 57, 43, 284396, tzinfo=datetime.timezone.utc), end_date=None, state=<TaskInstanceState.RUNNING: 'running'>, is_mapped=False, rendered_map_index=None, sentry_integration='')","logger":"task","filename":"task_runner.py","lineno":1724}
