{"timestamp":"2026-05-19T22:26:14.579660Z","level":"info","event":"DAG bundles loaded: dags-folder","logger":"airflow.dag_processing.bundles.manager.DagBundlesManager","filename":"manager.py","lineno":209}
{"timestamp":"2026-05-19T22:26:14.580725Z","level":"info","event":"Filling up the DagBag from /opt/airflow/dags/dag_elt.py","logger":"airflow.dag_processing.dagbag.BundleDagBag","filename":"dagbag.py","lineno":469}
{"timestamp":"2026-05-19T22:26:14.812154Z","level":"info","event":"Starting docker container from image rodrigofbms/project-pyspark-minio-superset","logger":"airflow.task.operators.airflow.providers.docker.operators.docker.DockerOperator","filename":"docker.py","lineno":367}
{"timestamp":"2026-05-19T22:26:18.734960Z","level":"info","event":"2026-05-19 22:26:18,734 - INFO - Starting incremental extract from Postgres adventureworks to MinIO landing...","logger":"airflow.task.operators.airflow.providers.docker.operators.docker.DockerOperator","filename":"docker.py","lineno":71}
{"timestamp":"2026-05-19T22:26:18.919099Z","level":"info","event":"26/05/19 22:26:18 INFO SparkContext: Running Spark version 3.5.0","logger":"airflow.task.operators.airflow.providers.docker.operators.docker.DockerOperator","filename":"docker.py","lineno":71}
{"timestamp":"2026-05-19T22:26:18.921614Z","level":"info","event":"26/05/19 22:26:18 INFO SparkContext: OS info Linux, 6.8.0-1054-gcp, amd64","logger":"airflow.task.operators.airflow.providers.docker.operators.docker.DockerOperator","filename":"docker.py","lineno":71}
{"timestamp":"2026-05-19T22:26:18.921858Z","level":"info","event":"26/05/19 22:26:18 INFO SparkContext: Java version 11.0.20.1","logger":"airflow.task.operators.airflow.providers.docker.operators.docker.DockerOperator","filename":"docker.py","lineno":71}
{"timestamp":"2026-05-19T22:26:18.985207Z","level":"info","event":"26/05/19 22:26:18 WARN NativeCodeLoader: Unable to load native-hadoop library for your platform... using builtin-java classes where applicable","logger":"airflow.task.operators.airflow.providers.docker.operators.docker.DockerOperator","filename":"docker.py","lineno":71}
{"timestamp":"2026-05-19T22:26:19.069706Z","level":"info","event":"26/05/19 22:26:19 INFO ResourceUtils: ==============================================================","logger":"airflow.task.operators.airflow.providers.docker.operators.docker.DockerOperator","filename":"docker.py","lineno":71}
{"timestamp":"2026-05-19T22:26:19.070218Z","level":"info","event":"26/05/19 22:26:19 INFO ResourceUtils: No custom resources configured for spark.driver.","logger":"airflow.task.operators.airflow.providers.docker.operators.docker.DockerOperator","filename":"docker.py","lineno":71}
{"timestamp":"2026-05-19T22:26:19.070917Z","level":"info","event":"26/05/19 22:26:19 INFO ResourceUtils: ==============================================================","logger":"airflow.task.operators.airflow.providers.docker.operators.docker.DockerOperator","filename":"docker.py","lineno":71}
{"timestamp":"2026-05-19T22:26:19.071172Z","level":"info","event":"26/05/19 22:26:19 INFO SparkContext: Submitted application: Incremental extract from postgres to minIO landing Parallel","logger":"airflow.task.operators.airflow.providers.docker.operators.docker.DockerOperator","filename":"docker.py","lineno":71}
{"timestamp":"2026-05-19T22:26:19.164039Z","level":"info","event":"26/05/19 22:26:19 INFO ResourceProfile: Default ResourceProfile created, executor resources: Map(memory -> name: memory, amount: 1024, script: , vendor: , offHeap -> name: offHeap, amount: 0, script: , vendor: ), task resources: Map(cpus -> name: cpus, amount: 1.0)","logger":"airflow.task.operators.airflow.providers.docker.operators.docker.DockerOperator","filename":"docker.py","lineno":71}
{"timestamp":"2026-05-19T22:26:19.174851Z","level":"info","event":"26/05/19 22:26:19 INFO ResourceProfile: Limiting resource is cpu","logger":"airflow.task.operators.airflow.providers.docker.operators.docker.DockerOperator","filename":"docker.py","lineno":71}
{"timestamp":"2026-05-19T22:26:19.175159Z","level":"info","event":"26/05/19 22:26:19 INFO ResourceProfileManager: Added ResourceProfile id: 0","logger":"airflow.task.operators.airflow.providers.docker.operators.docker.DockerOperator","filename":"docker.py","lineno":71}
{"timestamp":"2026-05-19T22:26:19.335798Z","level":"info","event":"26/05/19 22:26:19 INFO SecurityManager: Changing view acls to: root","logger":"airflow.task.operators.airflow.providers.docker.operators.docker.DockerOperator","filename":"docker.py","lineno":71}
{"timestamp":"2026-05-19T22:26:19.336089Z","level":"info","event":"26/05/19 22:26:19 INFO SecurityManager: Changing modify acls to: root","logger":"airflow.task.operators.airflow.providers.docker.operators.docker.DockerOperator","filename":"docker.py","lineno":71}
{"timestamp":"2026-05-19T22:26:19.336654Z","level":"info","event":"26/05/19 22:26:19 INFO SecurityManager: Changing view acls groups to:","logger":"airflow.task.operators.airflow.providers.docker.operators.docker.DockerOperator","filename":"docker.py","lineno":71}
{"timestamp":"2026-05-19T22:26:19.336967Z","level":"info","event":"26/05/19 22:26:19 INFO SecurityManager: Changing modify acls groups to:","logger":"airflow.task.operators.airflow.providers.docker.operators.docker.DockerOperator","filename":"docker.py","lineno":71}
{"timestamp":"2026-05-19T22:26:19.337626Z","level":"info","event":"26/05/19 22:26:19 INFO SecurityManager: SecurityManager: authentication disabled; ui acls disabled; users with view permissions: root; groups with view permissions: EMPTY; users with modify permissions: root; groups with modify permissions: EMPTY","logger":"airflow.task.operators.airflow.providers.docker.operators.docker.DockerOperator","filename":"docker.py","lineno":71}
{"timestamp":"2026-05-19T22:26:19.585519Z","level":"info","event":"26/05/19 22:26:19 INFO Utils: Successfully started service 'sparkDriver' on port 37723.","logger":"airflow.task.operators.airflow.providers.docker.operators.docker.DockerOperator","filename":"docker.py","lineno":71}
{"timestamp":"2026-05-19T22:26:19.764149Z","level":"info","event":"26/05/19 22:26:19 INFO SparkEnv: Registering MapOutputTracker","logger":"airflow.task.operators.airflow.providers.docker.operators.docker.DockerOperator","filename":"docker.py","lineno":71}
{"timestamp":"2026-05-19T22:26:19.855173Z","level":"info","event":"26/05/19 22:26:19 INFO SparkEnv: Registering BlockManagerMaster","logger":"airflow.task.operators.airflow.providers.docker.operators.docker.DockerOperator","filename":"docker.py","lineno":71}
{"timestamp":"2026-05-19T22:26:19.878137Z","level":"info","event":"26/05/19 22:26:19 INFO BlockManagerMasterEndpoint: Using org.apache.spark.storage.DefaultTopologyMapper for getting topology information","logger":"airflow.task.operators.airflow.providers.docker.operators.docker.DockerOperator","filename":"docker.py","lineno":71}
{"timestamp":"2026-05-19T22:26:19.878657Z","level":"info","event":"26/05/19 22:26:19 INFO BlockManagerMasterEndpoint: BlockManagerMasterEndpoint up","logger":"airflow.task.operators.airflow.providers.docker.operators.docker.DockerOperator","filename":"docker.py","lineno":71}
{"timestamp":"2026-05-19T22:26:19.885358Z","level":"info","event":"26/05/19 22:26:19 INFO SparkEnv: Registering BlockManagerMasterHeartbeat","logger":"airflow.task.operators.airflow.providers.docker.operators.docker.DockerOperator","filename":"docker.py","lineno":71}
{"timestamp":"2026-05-19T22:26:20.005603Z","level":"info","event":"26/05/19 22:26:20 INFO DiskBlockManager: Created local directory at /tmp/blockmgr-ed25e263-d6cf-468d-ae8a-afc17c0bbe65","logger":"airflow.task.operators.airflow.providers.docker.operators.docker.DockerOperator","filename":"docker.py","lineno":71}
{"timestamp":"2026-05-19T22:26:20.079612Z","level":"info","event":"26/05/19 22:26:20 INFO MemoryStore: MemoryStore started with capacity 434.4 MiB","logger":"airflow.task.operators.airflow.providers.docker.operators.docker.DockerOperator","filename":"docker.py","lineno":71}
{"timestamp":"2026-05-19T22:26:20.094934Z","level":"info","event":"26/05/19 22:26:20 INFO SparkEnv: Registering OutputCommitCoordinator","logger":"airflow.task.operators.airflow.providers.docker.operators.docker.DockerOperator","filename":"docker.py","lineno":71}
{"timestamp":"2026-05-19T22:26:20.364046Z","level":"info","event":"26/05/19 22:26:20 INFO JettyUtils: Start Jetty 0.0.0.0:4040 for SparkUI","logger":"airflow.task.operators.airflow.providers.docker.operators.docker.DockerOperator","filename":"docker.py","lineno":71}
{"timestamp":"2026-05-19T22:26:20.453022Z","level":"info","event":"26/05/19 22:26:20 INFO Utils: Successfully started service 'SparkUI' on port 4040.","logger":"airflow.task.operators.airflow.providers.docker.operators.docker.DockerOperator","filename":"docker.py","lineno":71}
{"timestamp":"2026-05-19T22:26:20.728286Z","level":"info","event":"26/05/19 22:26:20 INFO StandaloneAppClient$ClientEndpoint: Connecting to master spark://spark-master:7077...","logger":"airflow.task.operators.airflow.providers.docker.operators.docker.DockerOperator","filename":"docker.py","lineno":71}
{"timestamp":"2026-05-19T22:26:20.783779Z","level":"info","event":"26/05/19 22:26:20 INFO TransportClientFactory: Successfully created connection to spark-master/172.20.0.19:7077 after 31 ms (0 ms spent in bootstraps)","logger":"airflow.task.operators.airflow.providers.docker.operators.docker.DockerOperator","filename":"docker.py","lineno":71}
{"timestamp":"2026-05-19T22:26:21.073729Z","level":"info","event":"26/05/19 22:26:21 INFO StandaloneSchedulerBackend: Connected to Spark cluster with app ID app-20260519222621-0000","logger":"airflow.task.operators.airflow.providers.docker.operators.docker.DockerOperator","filename":"docker.py","lineno":71}
{"timestamp":"2026-05-19T22:26:21.085498Z","level":"info","event":"26/05/19 22:26:21 INFO Utils: Successfully started service 'org.apache.spark.network.netty.NettyBlockTransferService' on port 40087.","logger":"airflow.task.operators.airflow.providers.docker.operators.docker.DockerOperator","filename":"docker.py","lineno":71}
{"timestamp":"2026-05-19T22:26:21.085725Z","level":"info","event":"26/05/19 22:26:21 INFO NettyBlockTransferService: Server created on aa6f9a1f2b5c:40087","logger":"airflow.task.operators.airflow.providers.docker.operators.docker.DockerOperator","filename":"docker.py","lineno":71}
{"timestamp":"2026-05-19T22:26:21.101524Z","level":"info","event":"26/05/19 22:26:21 INFO StandaloneAppClient$ClientEndpoint: Executor added: app-20260519222621-0000/0 on worker-20260519190133-172.20.0.20-38627 (172.20.0.20:38627) with 8 core(s)","logger":"airflow.task.operators.airflow.providers.docker.operators.docker.DockerOperator","filename":"docker.py","lineno":71}
{"timestamp":"2026-05-19T22:26:21.104044Z","level":"info","event":"26/05/19 22:26:21 INFO StandaloneSchedulerBackend: Granted executor ID app-20260519222621-0000/0 on hostPort 172.20.0.20:38627 with 8 core(s), 1024.0 MiB RAM","logger":"airflow.task.operators.airflow.providers.docker.operators.docker.DockerOperator","filename":"docker.py","lineno":71}
{"timestamp":"2026-05-19T22:26:21.104251Z","level":"info","event":"26/05/19 22:26:21 INFO BlockManager: Using org.apache.spark.storage.RandomBlockReplicationPolicy for block replication policy","logger":"airflow.task.operators.airflow.providers.docker.operators.docker.DockerOperator","filename":"docker.py","lineno":71}
{"timestamp":"2026-05-19T22:26:21.104563Z","level":"info","event":"26/05/19 22:26:21 INFO StandaloneAppClient$ClientEndpoint: Executor added: app-20260519222621-0000/1 on worker-20260519190133-172.20.0.21-42257 (172.20.0.21:42257) with 8 core(s)","logger":"airflow.task.operators.airflow.providers.docker.operators.docker.DockerOperator","filename":"docker.py","lineno":71}
{"timestamp":"2026-05-19T22:26:21.104660Z","level":"info","event":"26/05/19 22:26:21 INFO StandaloneSchedulerBackend: Granted executor ID app-20260519222621-0000/1 on hostPort 172.20.0.21:42257 with 8 core(s), 1024.0 MiB RAM","logger":"airflow.task.operators.airflow.providers.docker.operators.docker.DockerOperator","filename":"docker.py","lineno":71}
{"timestamp":"2026-05-19T22:26:21.117718Z","level":"info","event":"26/05/19 22:26:21 INFO BlockManagerMaster: Registering BlockManager BlockManagerId(driver, aa6f9a1f2b5c, 40087, None)","logger":"airflow.task.operators.airflow.providers.docker.operators.docker.DockerOperator","filename":"docker.py","lineno":71}
{"timestamp":"2026-05-19T22:26:21.122321Z","level":"info","event":"26/05/19 22:26:21 INFO BlockManagerMasterEndpoint: Registering block manager aa6f9a1f2b5c:40087 with 434.4 MiB RAM, BlockManagerId(driver, aa6f9a1f2b5c, 40087, None)","logger":"airflow.task.operators.airflow.providers.docker.operators.docker.DockerOperator","filename":"docker.py","lineno":71}
{"timestamp":"2026-05-19T22:26:21.124706Z","level":"info","event":"26/05/19 22:26:21 INFO BlockManagerMaster: Registered BlockManager BlockManagerId(driver, aa6f9a1f2b5c, 40087, None)","logger":"airflow.task.operators.airflow.providers.docker.operators.docker.DockerOperator","filename":"docker.py","lineno":71}
{"timestamp":"2026-05-19T22:26:21.126498Z","level":"info","event":"26/05/19 22:26:21 INFO BlockManager: Initialized BlockManager: BlockManagerId(driver, aa6f9a1f2b5c, 40087, None)","logger":"airflow.task.operators.airflow.providers.docker.operators.docker.DockerOperator","filename":"docker.py","lineno":71}
{"timestamp":"2026-05-19T22:26:21.356949Z","level":"info","event":"26/05/19 22:26:21 INFO StandaloneAppClient$ClientEndpoint: Executor updated: app-20260519222621-0000/1 is now RUNNING","logger":"airflow.task.operators.airflow.providers.docker.operators.docker.DockerOperator","filename":"docker.py","lineno":71}
{"timestamp":"2026-05-19T22:26:21.360242Z","level":"info","event":"26/05/19 22:26:21 INFO StandaloneAppClient$ClientEndpoint: Executor updated: app-20260519222621-0000/0 is now RUNNING","logger":"airflow.task.operators.airflow.providers.docker.operators.docker.DockerOperator","filename":"docker.py","lineno":71}
{"timestamp":"2026-05-19T22:26:21.398034Z","level":"info","event":"26/05/19 22:26:21 INFO StandaloneSchedulerBackend: SchedulerBackend is ready for scheduling beginning after reached minRegisteredResourcesRatio: 0.0","logger":"airflow.task.operators.airflow.providers.docker.operators.docker.DockerOperator","filename":"docker.py","lineno":71}
{"timestamp":"2026-05-19T22:26:22.356290Z","level":"info","event":"26/05/19 22:26:22 WARN SparkSession: Cannot use io.delta.sql.DeltaSparkSessionExtension to configure session extensions.","logger":"airflow.task.operators.airflow.providers.docker.operators.docker.DockerOperator","filename":"docker.py","lineno":71}
{"timestamp":"2026-05-19T22:26:22.356520Z","level":"info","event":"java.lang.ClassNotFoundException: io.delta.sql.DeltaSparkSessionExtension","logger":"airflow.task.operators.airflow.providers.docker.operators.docker.DockerOperator","filename":"docker.py","lineno":71}
{"timestamp":"2026-05-19T22:26:22.356600Z","level":"info","event":"\tat java.base/java.net.URLClassLoader.findClass(Unknown Source)","logger":"airflow.task.operators.airflow.providers.docker.operators.docker.DockerOperator","filename":"docker.py","lineno":71}
{"timestamp":"2026-05-19T22:26:22.356665Z","level":"info","event":"\tat java.base/java.lang.ClassLoader.loadClass(Unknown Source)","logger":"airflow.task.operators.airflow.providers.docker.operators.docker.DockerOperator","filename":"docker.py","lineno":71}
{"timestamp":"2026-05-19T22:26:22.356726Z","level":"info","event":"\tat java.base/java.lang.ClassLoader.loadClass(Unknown Source)","logger":"airflow.task.operators.airflow.providers.docker.operators.docker.DockerOperator","filename":"docker.py","lineno":71}
{"timestamp":"2026-05-19T22:26:22.356787Z","level":"info","event":"\tat java.base/java.lang.Class.forName0(Native Method)","logger":"airflow.task.operators.airflow.providers.docker.operators.docker.DockerOperator","filename":"docker.py","lineno":71}
{"timestamp":"2026-05-19T22:26:22.356846Z","level":"info","event":"\tat java.base/java.lang.Class.forName(Unknown Source)","logger":"airflow.task.operators.airflow.providers.docker.operators.docker.DockerOperator","filename":"docker.py","lineno":71}
{"timestamp":"2026-05-19T22:26:22.356934Z","level":"info","event":"\tat org.apache.spark.util.SparkClassUtils.classForName(SparkClassUtils.scala:41)","logger":"airflow.task.operators.airflow.providers.docker.operators.docker.DockerOperator","filename":"docker.py","lineno":71}
{"timestamp":"2026-05-19T22:26:22.357009Z","level":"info","event":"\tat org.apache.spark.util.SparkClassUtils.classForName$(SparkClassUtils.scala:36)","logger":"airflow.task.operators.airflow.providers.docker.operators.docker.DockerOperator","filename":"docker.py","lineno":71}
{"timestamp":"2026-05-19T22:26:22.357064Z","level":"info","event":"\tat org.apache.spark.util.Utils$.classForName(Utils.scala:94)","logger":"airflow.task.operators.airflow.providers.docker.operators.docker.DockerOperator","filename":"docker.py","lineno":71}
{"timestamp":"2026-05-19T22:26:22.357115Z","level":"info","event":"\tat org.apache.spark.sql.SparkSession$.$anonfun$applyExtensions$2(SparkSession.scala:1367)","logger":"airflow.task.operators.airflow.providers.docker.operators.docker.DockerOperator","filename":"docker.py","lineno":71}
{"timestamp":"2026-05-19T22:26:22.357168Z","level":"info","event":"\tat org.apache.spark.sql.SparkSession$.$anonfun$applyExtensions$2$adapted(SparkSession.scala:1365)","logger":"airflow.task.operators.airflow.providers.docker.operators.docker.DockerOperator","filename":"docker.py","lineno":71}
{"timestamp":"2026-05-19T22:26:22.357225Z","level":"info","event":"\tat scala.collection.mutable.ResizableArray.foreach(ResizableArray.scala:62)","logger":"airflow.task.operators.airflow.providers.docker.operators.docker.DockerOperator","filename":"docker.py","lineno":71}
{"timestamp":"2026-05-19T22:26:22.357279Z","level":"info","event":"\tat scala.collection.mutable.ResizableArray.foreach$(ResizableArray.scala:55)","logger":"airflow.task.operators.airflow.providers.docker.operators.docker.DockerOperator","filename":"docker.py","lineno":71}
{"timestamp":"2026-05-19T22:26:22.357337Z","level":"info","event":"\tat scala.collection.mutable.ArrayBuffer.foreach(ArrayBuffer.scala:49)","logger":"airflow.task.operators.airflow.providers.docker.operators.docker.DockerOperator","filename":"docker.py","lineno":71}
{"timestamp":"2026-05-19T22:26:22.357392Z","level":"info","event":"\tat org.apache.spark.sql.SparkSession$.org$apache$spark$sql$SparkSession$$applyExtensions(SparkSession.scala:1365)","logger":"airflow.task.operators.airflow.providers.docker.operators.docker.DockerOperator","filename":"docker.py","lineno":71}
{"timestamp":"2026-05-19T22:26:22.357446Z","level":"info","event":"\tat org.apache.spark.sql.SparkSession.<init>(SparkSession.scala:105)","logger":"airflow.task.operators.airflow.providers.docker.operators.docker.DockerOperator","filename":"docker.py","lineno":71}
{"timestamp":"2026-05-19T22:26:22.357520Z","level":"info","event":"\tat java.base/jdk.internal.reflect.NativeConstructorAccessorImpl.newInstance0(Native Method)","logger":"airflow.task.operators.airflow.providers.docker.operators.docker.DockerOperator","filename":"docker.py","lineno":71}
{"timestamp":"2026-05-19T22:26:22.357586Z","level":"info","event":"\tat java.base/jdk.internal.reflect.NativeConstructorAccessorImpl.newInstance(Unknown Source)","logger":"airflow.task.operators.airflow.providers.docker.operators.docker.DockerOperator","filename":"docker.py","lineno":71}
{"timestamp":"2026-05-19T22:26:22.357638Z","level":"info","event":"\tat java.base/jdk.internal.reflect.DelegatingConstructorAccessorImpl.newInstance(Unknown Source)","logger":"airflow.task.operators.airflow.providers.docker.operators.docker.DockerOperator","filename":"docker.py","lineno":71}
{"timestamp":"2026-05-19T22:26:22.357692Z","level":"info","event":"\tat java.base/java.lang.reflect.Constructor.newInstance(Unknown Source)","logger":"airflow.task.operators.airflow.providers.docker.operators.docker.DockerOperator","filename":"docker.py","lineno":71}
{"timestamp":"2026-05-19T22:26:22.357744Z","level":"info","event":"\tat py4j.reflection.MethodInvoker.invoke(MethodInvoker.java:247)","logger":"airflow.task.operators.airflow.providers.docker.operators.docker.DockerOperator","filename":"docker.py","lineno":71}
{"timestamp":"2026-05-19T22:26:22.357801Z","level":"info","event":"\tat py4j.reflection.ReflectionEngine.invoke(ReflectionEngine.java:374)","logger":"airflow.task.operators.airflow.providers.docker.operators.docker.DockerOperator","filename":"docker.py","lineno":71}
{"timestamp":"2026-05-19T22:26:22.357859Z","level":"info","event":"\tat py4j.Gateway.invoke(Gateway.java:238)","logger":"airflow.task.operators.airflow.providers.docker.operators.docker.DockerOperator","filename":"docker.py","lineno":71}
{"timestamp":"2026-05-19T22:26:22.357937Z","level":"info","event":"\tat py4j.commands.ConstructorCommand.invokeConstructor(ConstructorCommand.java:80)","logger":"airflow.task.operators.airflow.providers.docker.operators.docker.DockerOperator","filename":"docker.py","lineno":71}
{"timestamp":"2026-05-19T22:26:22.358012Z","level":"info","event":"\tat py4j.commands.ConstructorCommand.execute(ConstructorCommand.java:69)","logger":"airflow.task.operators.airflow.providers.docker.operators.docker.DockerOperator","filename":"docker.py","lineno":71}
{"timestamp":"2026-05-19T22:26:22.358067Z","level":"info","event":"\tat py4j.ClientServerConnection.waitForCommands(ClientServerConnection.java:182)","logger":"airflow.task.operators.airflow.providers.docker.operators.docker.DockerOperator","filename":"docker.py","lineno":71}
{"timestamp":"2026-05-19T22:26:22.358122Z","level":"info","event":"\tat py4j.ClientServerConnection.run(ClientServerConnection.java:106)","logger":"airflow.task.operators.airflow.providers.docker.operators.docker.DockerOperator","filename":"docker.py","lineno":71}
{"timestamp":"2026-05-19T22:26:22.358177Z","level":"info","event":"\tat java.base/java.lang.Thread.run(Unknown Source)","logger":"airflow.task.operators.airflow.providers.docker.operators.docker.DockerOperator","filename":"docker.py","lineno":71}
{"timestamp":"2026-05-19T22:26:22.779878Z","level":"info","event":"26/05/19 22:26:22 INFO SharedState: Setting hive.metastore.warehouse.dir ('null') to the value of spark.sql.warehouse.dir.","logger":"airflow.task.operators.airflow.providers.docker.operators.docker.DockerOperator","filename":"docker.py","lineno":71}
{"timestamp":"2026-05-19T22:26:22.803399Z","level":"info","event":"26/05/19 22:26:22 INFO SharedState: Warehouse path is 'file:/app/spark-warehouse'.","logger":"airflow.task.operators.airflow.providers.docker.operators.docker.DockerOperator","filename":"docker.py","lineno":71}
{"timestamp":"2026-05-19T22:26:25.510420Z","level":"info","event":"26/05/19 22:26:25 INFO StandaloneSchedulerBackend$StandaloneDriverEndpoint: Registered executor NettyRpcEndpointRef(spark-client://Executor) (172.20.0.21:56654) with ID 1,  ResourceProfileId 0","logger":"airflow.task.operators.airflow.providers.docker.operators.docker.DockerOperator","filename":"docker.py","lineno":71}
{"timestamp":"2026-05-19T22:26:25.584306Z","level":"info","event":"26/05/19 22:26:25 INFO StandaloneSchedulerBackend$StandaloneDriverEndpoint: Registered executor NettyRpcEndpointRef(spark-client://Executor) (172.20.0.20:50952) with ID 0,  ResourceProfileId 0","logger":"airflow.task.operators.airflow.providers.docker.operators.docker.DockerOperator","filename":"docker.py","lineno":71}
{"timestamp":"2026-05-19T22:26:25.745198Z","level":"info","event":"26/05/19 22:26:25 INFO BlockManagerMasterEndpoint: Registering block manager 172.20.0.20:41837 with 434.4 MiB RAM, BlockManagerId(0, 172.20.0.20, 41837, None)","logger":"airflow.task.operators.airflow.providers.docker.operators.docker.DockerOperator","filename":"docker.py","lineno":71}
{"timestamp":"2026-05-19T22:26:25.750871Z","level":"info","event":"26/05/19 22:26:25 INFO BlockManagerMasterEndpoint: Registering block manager 172.20.0.21:37901 with 434.4 MiB RAM, BlockManagerId(1, 172.20.0.21, 37901, None)","logger":"airflow.task.operators.airflow.providers.docker.operators.docker.DockerOperator","filename":"docker.py","lineno":71}
{"timestamp":"2026-05-19T22:26:25.963828Z","level":"info","event":"26/05/19 22:26:25 WARN FileStreamSink: Assume no metadata directory. Error while looking for metadata directory in the path: s3a://landing/adventureworks/sales_countryregioncurrency.","logger":"airflow.task.operators.airflow.providers.docker.operators.docker.DockerOperator","filename":"docker.py","lineno":71}
{"timestamp":"2026-05-19T22:26:25.964034Z","level":"info","event":"java.lang.RuntimeException: java.lang.ClassNotFoundException: Class org.apache.hadoop.fs.s3a.S3AFileSystem not found","logger":"airflow.task.operators.airflow.providers.docker.operators.docker.DockerOperator","filename":"docker.py","lineno":71}
{"timestamp":"2026-05-19T22:26:25.964103Z","level":"info","event":"\tat org.apache.hadoop.conf.Configuration.getClass(Configuration.java:2688)","logger":"airflow.task.operators.airflow.providers.docker.operators.docker.DockerOperator","filename":"docker.py","lineno":71}
{"timestamp":"2026-05-19T22:26:25.964159Z","level":"info","event":"\tat org.apache.hadoop.fs.FileSystem.getFileSystemClass(FileSystem.java:3431)","logger":"airflow.task.operators.airflow.providers.docker.operators.docker.DockerOperator","filename":"docker.py","lineno":71}
{"timestamp":"2026-05-19T22:26:25.964216Z","level":"info","event":"\tat org.apache.hadoop.fs.FileSystem.createFileSystem(FileSystem.java:3466)","logger":"airflow.task.operators.airflow.providers.docker.operators.docker.DockerOperator","filename":"docker.py","lineno":71}
{"timestamp":"2026-05-19T22:26:25.964270Z","level":"info","event":"\tat org.apache.hadoop.fs.FileSystem.access$300(FileSystem.java:174)","logger":"airflow.task.operators.airflow.providers.docker.operators.docker.DockerOperator","filename":"docker.py","lineno":71}
{"timestamp":"2026-05-19T22:26:25.964320Z","level":"info","event":"\tat org.apache.hadoop.fs.FileSystem$Cache.getInternal(FileSystem.java:3574)","logger":"airflow.task.operators.airflow.providers.docker.operators.docker.DockerOperator","filename":"docker.py","lineno":71}
{"timestamp":"2026-05-19T22:26:25.964370Z","level":"info","event":"\tat org.apache.hadoop.fs.FileSystem$Cache.get(FileSystem.java:3521)","logger":"airflow.task.operators.airflow.providers.docker.operators.docker.DockerOperator","filename":"docker.py","lineno":71}
{"timestamp":"2026-05-19T22:26:25.964419Z","level":"info","event":"\tat org.apache.hadoop.fs.FileSystem.get(FileSystem.java:540)","logger":"airflow.task.operators.airflow.providers.docker.operators.docker.DockerOperator","filename":"docker.py","lineno":71}
{"timestamp":"2026-05-19T22:26:25.964468Z","level":"info","event":"\tat org.apache.hadoop.fs.Path.getFileSystem(Path.java:365)","logger":"airflow.task.operators.airflow.providers.docker.operators.docker.DockerOperator","filename":"docker.py","lineno":71}
{"timestamp":"2026-05-19T22:26:25.964529Z","level":"info","event":"\tat org.apache.spark.sql.execution.streaming.FileStreamSink$.hasMetadata(FileStreamSink.scala:53)","logger":"airflow.task.operators.airflow.providers.docker.operators.docker.DockerOperator","filename":"docker.py","lineno":71}
{"timestamp":"2026-05-19T22:26:25.964583Z","level":"info","event":"\tat org.apache.spark.sql.execution.datasources.DataSource.resolveRelation(DataSource.scala:366)","logger":"airflow.task.operators.airflow.providers.docker.operators.docker.DockerOperator","filename":"docker.py","lineno":71}
{"timestamp":"2026-05-19T22:26:25.964635Z","level":"info","event":"\tat org.apache.spark.sql.DataFrameReader.loadV1Source(DataFrameReader.scala:229)","logger":"airflow.task.operators.airflow.providers.docker.operators.docker.DockerOperator","filename":"docker.py","lineno":71}
{"timestamp":"2026-05-19T22:26:25.964694Z","level":"info","event":"\tat org.apache.spark.sql.DataFrameReader.$anonfun$load$2(DataFrameReader.scala:211)","logger":"airflow.task.operators.airflow.providers.docker.operators.docker.DockerOperator","filename":"docker.py","lineno":71}
{"timestamp":"2026-05-19T22:26:25.964743Z","level":"info","event":"\tat scala.Option.getOrElse(Option.scala:189)","logger":"airflow.task.operators.airflow.providers.docker.operators.docker.DockerOperator","filename":"docker.py","lineno":71}
{"timestamp":"2026-05-19T22:26:25.964799Z","level":"info","event":"\tat org.apache.spark.sql.DataFrameReader.load(DataFrameReader.scala:211)","logger":"airflow.task.operators.airflow.providers.docker.operators.docker.DockerOperator","filename":"docker.py","lineno":71}
{"timestamp":"2026-05-19T22:26:25.964850Z","level":"info","event":"\tat org.apache.spark.sql.DataFrameReader.load(DataFrameReader.scala:186)","logger":"airflow.task.operators.airflow.providers.docker.operators.docker.DockerOperator","filename":"docker.py","lineno":71}
{"timestamp":"2026-05-19T22:26:25.964917Z","level":"info","event":"\tat java.base/jdk.internal.reflect.NativeMethodAccessorImpl.invoke0(Native Method)","logger":"airflow.task.operators.airflow.providers.docker.operators.docker.DockerOperator","filename":"docker.py","lineno":71}
{"timestamp":"2026-05-19T22:26:25.964975Z","level":"info","event":"\tat java.base/jdk.internal.reflect.NativeMethodAccessorImpl.invoke(Unknown Source)","logger":"airflow.task.operators.airflow.providers.docker.operators.docker.DockerOperator","filename":"docker.py","lineno":71}
{"timestamp":"2026-05-19T22:26:25.965027Z","level":"info","event":"\tat java.base/jdk.internal.reflect.DelegatingMethodAccessorImpl.invoke(Unknown Source)","logger":"airflow.task.operators.airflow.providers.docker.operators.docker.DockerOperator","filename":"docker.py","lineno":71}
{"timestamp":"2026-05-19T22:26:25.965076Z","level":"info","event":"\tat java.base/java.lang.reflect.Method.invoke(Unknown Source)","logger":"airflow.task.operators.airflow.providers.docker.operators.docker.DockerOperator","filename":"docker.py","lineno":71}
{"timestamp":"2026-05-19T22:26:25.965122Z","level":"info","event":"\tat py4j.reflection.MethodInvoker.invoke(MethodInvoker.java:244)","logger":"airflow.task.operators.airflow.providers.docker.operators.docker.DockerOperator","filename":"docker.py","lineno":71}
{"timestamp":"2026-05-19T22:26:25.965167Z","level":"info","event":"\tat py4j.reflection.ReflectionEngine.invoke(ReflectionEngine.java:374)","logger":"airflow.task.operators.airflow.providers.docker.operators.docker.DockerOperator","filename":"docker.py","lineno":71}
{"timestamp":"2026-05-19T22:26:25.965213Z","level":"info","event":"\tat py4j.Gateway.invoke(Gateway.java:282)","logger":"airflow.task.operators.airflow.providers.docker.operators.docker.DockerOperator","filename":"docker.py","lineno":71}
{"timestamp":"2026-05-19T22:26:25.965260Z","level":"info","event":"\tat py4j.commands.AbstractCommand.invokeMethod(AbstractCommand.java:132)","logger":"airflow.task.operators.airflow.providers.docker.operators.docker.DockerOperator","filename":"docker.py","lineno":71}
{"timestamp":"2026-05-19T22:26:25.965308Z","level":"info","event":"\tat py4j.commands.CallCommand.execute(CallCommand.java:79)","logger":"airflow.task.operators.airflow.providers.docker.operators.docker.DockerOperator","filename":"docker.py","lineno":71}
{"timestamp":"2026-05-19T22:26:25.965354Z","level":"info","event":"\tat py4j.ClientServerConnection.waitForCommands(ClientServerConnection.java:182)","logger":"airflow.task.operators.airflow.providers.docker.operators.docker.DockerOperator","filename":"docker.py","lineno":71}
{"timestamp":"2026-05-19T22:26:25.965399Z","level":"info","event":"\tat py4j.ClientServerConnection.run(ClientServerConnection.java:106)","logger":"airflow.task.operators.airflow.providers.docker.operators.docker.DockerOperator","filename":"docker.py","lineno":71}
{"timestamp":"2026-05-19T22:26:25.965444Z","level":"info","event":"\tat java.base/java.lang.Thread.run(Unknown Source)","logger":"airflow.task.operators.airflow.providers.docker.operators.docker.DockerOperator","filename":"docker.py","lineno":71}
{"timestamp":"2026-05-19T22:26:25.965489Z","level":"info","event":"Caused by: java.lang.ClassNotFoundException: Class org.apache.hadoop.fs.s3a.S3AFileSystem not found","logger":"airflow.task.operators.airflow.providers.docker.operators.docker.DockerOperator","filename":"docker.py","lineno":71}
{"timestamp":"2026-05-19T22:26:25.965635Z","level":"info","event":"\tat org.apache.hadoop.conf.Configuration.getClassByName(Configuration.java:2592)","logger":"airflow.task.operators.airflow.providers.docker.operators.docker.DockerOperator","filename":"docker.py","lineno":71}
{"timestamp":"2026-05-19T22:26:25.965688Z","level":"info","event":"\tat org.apache.hadoop.conf.Configuration.getClass(Configuration.java:2686)","logger":"airflow.task.operators.airflow.providers.docker.operators.docker.DockerOperator","filename":"docker.py","lineno":71}
{"timestamp":"2026-05-19T22:26:25.965735Z","level":"info","event":"\t... 26 more","logger":"airflow.task.operators.airflow.providers.docker.operators.docker.DockerOperator","filename":"docker.py","lineno":71}
{"timestamp":"2026-05-19T22:26:25.978456Z","level":"info","event":"26/05/19 22:26:25 WARN FileStreamSink: Assume no metadata directory. Error while looking for metadata directory in the path: s3a://landing/adventureworks/sales_creditcard.","logger":"airflow.task.operators.airflow.providers.docker.operators.docker.DockerOperator","filename":"docker.py","lineno":71}
{"timestamp":"2026-05-19T22:26:25.978643Z","level":"info","event":"java.lang.RuntimeException: java.lang.ClassNotFoundException: Class org.apache.hadoop.fs.s3a.S3AFileSystem not found","logger":"airflow.task.operators.airflow.providers.docker.operators.docker.DockerOperator","filename":"docker.py","lineno":71}
{"timestamp":"2026-05-19T22:26:25.978706Z","level":"info","event":"\tat org.apache.hadoop.conf.Configuration.getClass(Configuration.java:2688)","logger":"airflow.task.operators.airflow.providers.docker.operators.docker.DockerOperator","filename":"docker.py","lineno":71}
{"timestamp":"2026-05-19T22:26:25.978760Z","level":"info","event":"\tat org.apache.hadoop.fs.FileSystem.getFileSystemClass(FileSystem.java:3431)","logger":"airflow.task.operators.airflow.providers.docker.operators.docker.DockerOperator","filename":"docker.py","lineno":71}
{"timestamp":"2026-05-19T22:26:25.978813Z","level":"info","event":"\tat org.apache.hadoop.fs.FileSystem.createFileSystem(FileSystem.java:3466)","logger":"airflow.task.operators.airflow.providers.docker.operators.docker.DockerOperator","filename":"docker.py","lineno":71}
{"timestamp":"2026-05-19T22:26:25.978865Z","level":"info","event":"\tat org.apache.hadoop.fs.FileSystem.access$300(FileSystem.java:174)","logger":"airflow.task.operators.airflow.providers.docker.operators.docker.DockerOperator","filename":"docker.py","lineno":71}
{"timestamp":"2026-05-19T22:26:25.978937Z","level":"info","event":"\tat org.apache.hadoop.fs.FileSystem$Cache.getInternal(FileSystem.java:3574)","logger":"airflow.task.operators.airflow.providers.docker.operators.docker.DockerOperator","filename":"docker.py","lineno":71}
{"timestamp":"2026-05-19T22:26:25.979002Z","level":"info","event":"\tat org.apache.hadoop.fs.FileSystem$Cache.get(FileSystem.java:3521)","logger":"airflow.task.operators.airflow.providers.docker.operators.docker.DockerOperator","filename":"docker.py","lineno":71}
{"timestamp":"2026-05-19T22:26:25.979067Z","level":"info","event":"\tat org.apache.hadoop.fs.FileSystem.get(FileSystem.java:540)","logger":"airflow.task.operators.airflow.providers.docker.operators.docker.DockerOperator","filename":"docker.py","lineno":71}
{"timestamp":"2026-05-19T22:26:25.979125Z","level":"info","event":"\tat org.apache.hadoop.fs.Path.getFileSystem(Path.java:365)","logger":"airflow.task.operators.airflow.providers.docker.operators.docker.DockerOperator","filename":"docker.py","lineno":71}
{"timestamp":"2026-05-19T22:26:25.979182Z","level":"info","event":"\tat org.apache.spark.sql.execution.streaming.FileStreamSink$.hasMetadata(FileStreamSink.scala:53)","logger":"airflow.task.operators.airflow.providers.docker.operators.docker.DockerOperator","filename":"docker.py","lineno":71}
{"timestamp":"2026-05-19T22:26:25.979240Z","level":"info","event":"\tat org.apache.spark.sql.execution.datasources.DataSource.resolveRelation(DataSource.scala:366)","logger":"airflow.task.operators.airflow.providers.docker.operators.docker.DockerOperator","filename":"docker.py","lineno":71}
{"timestamp":"2026-05-19T22:26:25.979297Z","level":"info","event":"\tat org.apache.spark.sql.DataFrameReader.loadV1Source(DataFrameReader.scala:229)","logger":"airflow.task.operators.airflow.providers.docker.operators.docker.DockerOperator","filename":"docker.py","lineno":71}
{"timestamp":"2026-05-19T22:26:25.979362Z","level":"info","event":"\tat org.apache.spark.sql.DataFrameReader.$anonfun$load$2(DataFrameReader.scala:211)","logger":"airflow.task.operators.airflow.providers.docker.operators.docker.DockerOperator","filename":"docker.py","lineno":71}
{"timestamp":"2026-05-19T22:26:25.979418Z","level":"info","event":"\tat scala.Option.getOrElse(Option.scala:189)","logger":"airflow.task.operators.airflow.providers.docker.operators.docker.DockerOperator","filename":"docker.py","lineno":71}
{"timestamp":"2026-05-19T22:26:25.979473Z","level":"info","event":"\tat org.apache.spark.sql.DataFrameReader.load(DataFrameReader.scala:211)","logger":"airflow.task.operators.airflow.providers.docker.operators.docker.DockerOperator","filename":"docker.py","lineno":71}
{"timestamp":"2026-05-19T22:26:25.979548Z","level":"info","event":"\tat org.apache.spark.sql.DataFrameReader.load(DataFrameReader.scala:186)","logger":"airflow.task.operators.airflow.providers.docker.operators.docker.DockerOperator","filename":"docker.py","lineno":71}
{"timestamp":"2026-05-19T22:26:25.979606Z","level":"info","event":"\tat java.base/jdk.internal.reflect.NativeMethodAccessorImpl.invoke0(Native Method)","logger":"airflow.task.operators.airflow.providers.docker.operators.docker.DockerOperator","filename":"docker.py","lineno":71}
{"timestamp":"2026-05-19T22:26:25.979661Z","level":"info","event":"\tat java.base/jdk.internal.reflect.NativeMethodAccessorImpl.invoke(Unknown Source)","logger":"airflow.task.operators.airflow.providers.docker.operators.docker.DockerOperator","filename":"docker.py","lineno":71}
{"timestamp":"2026-05-19T22:26:25.979718Z","level":"info","event":"\tat java.base/jdk.internal.reflect.DelegatingMethodAccessorImpl.invoke(Unknown Source)","logger":"airflow.task.operators.airflow.providers.docker.operators.docker.DockerOperator","filename":"docker.py","lineno":71}
{"timestamp":"2026-05-19T22:26:25.979772Z","level":"info","event":"\tat java.base/java.lang.reflect.Method.invoke(Unknown Source)","logger":"airflow.task.operators.airflow.providers.docker.operators.docker.DockerOperator","filename":"docker.py","lineno":71}
{"timestamp":"2026-05-19T22:26:25.979832Z","level":"info","event":"\tat py4j.reflection.MethodInvoker.invoke(MethodInvoker.java:244)","logger":"airflow.task.operators.airflow.providers.docker.operators.docker.DockerOperator","filename":"docker.py","lineno":71}
{"timestamp":"2026-05-19T22:26:25.979911Z","level":"info","event":"\tat py4j.reflection.ReflectionEngine.invoke(ReflectionEngine.java:374)","logger":"airflow.task.operators.airflow.providers.docker.operators.docker.DockerOperator","filename":"docker.py","lineno":71}
{"timestamp":"2026-05-19T22:26:25.979974Z","level":"info","event":"\tat py4j.Gateway.invoke(Gateway.java:282)","logger":"airflow.task.operators.airflow.providers.docker.operators.docker.DockerOperator","filename":"docker.py","lineno":71}
{"timestamp":"2026-05-19T22:26:25.980028Z","level":"info","event":"\tat py4j.commands.AbstractCommand.invokeMethod(AbstractCommand.java:132)","logger":"airflow.task.operators.airflow.providers.docker.operators.docker.DockerOperator","filename":"docker.py","lineno":71}
{"timestamp":"2026-05-19T22:26:25.980085Z","level":"info","event":"\tat py4j.commands.CallCommand.execute(CallCommand.java:79)","logger":"airflow.task.operators.airflow.providers.docker.operators.docker.DockerOperator","filename":"docker.py","lineno":71}
{"timestamp":"2026-05-19T22:26:25.980132Z","level":"info","event":"\tat py4j.ClientServerConnection.waitForCommands(ClientServerConnection.java:182)","logger":"airflow.task.operators.airflow.providers.docker.operators.docker.DockerOperator","filename":"docker.py","lineno":71}
{"timestamp":"2026-05-19T22:26:25.980194Z","level":"info","event":"\tat py4j.ClientServerConnection.run(ClientServerConnection.java:106)","logger":"airflow.task.operators.airflow.providers.docker.operators.docker.DockerOperator","filename":"docker.py","lineno":71}
{"timestamp":"2026-05-19T22:26:25.980259Z","level":"info","event":"\tat java.base/java.lang.Thread.run(Unknown Source)","logger":"airflow.task.operators.airflow.providers.docker.operators.docker.DockerOperator","filename":"docker.py","lineno":71}
{"timestamp":"2026-05-19T22:26:25.980319Z","level":"info","event":"Caused by: java.lang.ClassNotFoundException: Class org.apache.hadoop.fs.s3a.S3AFileSystem not found","logger":"airflow.task.operators.airflow.providers.docker.operators.docker.DockerOperator","filename":"docker.py","lineno":71}
{"timestamp":"2026-05-19T22:26:25.980379Z","level":"info","event":"\tat org.apache.hadoop.conf.Configuration.getClassByName(Configuration.java:2592)","logger":"airflow.task.operators.airflow.providers.docker.operators.docker.DockerOperator","filename":"docker.py","lineno":71}
{"timestamp":"2026-05-19T22:26:25.980445Z","level":"info","event":"\tat org.apache.hadoop.conf.Configuration.getClass(Configuration.java:2686)","logger":"airflow.task.operators.airflow.providers.docker.operators.docker.DockerOperator","filename":"docker.py","lineno":71}
{"timestamp":"2026-05-19T22:26:25.980511Z","level":"info","event":"\t... 26 more","logger":"airflow.task.operators.airflow.providers.docker.operators.docker.DockerOperator","filename":"docker.py","lineno":71}
{"timestamp":"2026-05-19T22:26:25.980659Z","level":"info","event":"26/05/19 22:26:25 WARN FileStreamSink: Assume no metadata directory. Error while looking for metadata directory in the path: s3a://landing/adventureworks/sales_currency.","logger":"airflow.task.operators.airflow.providers.docker.operators.docker.DockerOperator","filename":"docker.py","lineno":71}
{"timestamp":"2026-05-19T22:26:25.980733Z","level":"info","event":"java.lang.RuntimeException: java.lang.ClassNotFoundException: Class org.apache.hadoop.fs.s3a.S3AFileSystem not found","logger":"airflow.task.operators.airflow.providers.docker.operators.docker.DockerOperator","filename":"docker.py","lineno":71}
{"timestamp":"2026-05-19T22:26:25.980794Z","level":"info","event":"\tat org.apache.hadoop.conf.Configuration.getClass(Configuration.java:2688)","logger":"airflow.task.operators.airflow.providers.docker.operators.docker.DockerOperator","filename":"docker.py","lineno":71}
{"timestamp":"2026-05-19T22:26:25.980851Z","level":"info","event":"\tat org.apache.hadoop.fs.FileSystem.getFileSystemClass(FileSystem.java:3431)","logger":"airflow.task.operators.airflow.providers.docker.operators.docker.DockerOperator","filename":"docker.py","lineno":71}
{"timestamp":"2026-05-19T22:26:25.980930Z","level":"info","event":"\tat org.apache.hadoop.fs.FileSystem.createFileSystem(FileSystem.java:3466)","logger":"airflow.task.operators.airflow.providers.docker.operators.docker.DockerOperator","filename":"docker.py","lineno":71}
{"timestamp":"2026-05-19T22:26:25.980991Z","level":"info","event":"\tat org.apache.hadoop.fs.FileSystem.access$300(FileSystem.java:174)","logger":"airflow.task.operators.airflow.providers.docker.operators.docker.DockerOperator","filename":"docker.py","lineno":71}
{"timestamp":"2026-05-19T22:26:25.981049Z","level":"info","event":"\tat org.apache.hadoop.fs.FileSystem$Cache.getInternal(FileSystem.java:3574)","logger":"airflow.task.operators.airflow.providers.docker.operators.docker.DockerOperator","filename":"docker.py","lineno":71}
{"timestamp":"2026-05-19T22:26:25.981106Z","level":"info","event":"\tat org.apache.hadoop.fs.FileSystem$Cache.get(FileSystem.java:3521)","logger":"airflow.task.operators.airflow.providers.docker.operators.docker.DockerOperator","filename":"docker.py","lineno":71}
{"timestamp":"2026-05-19T22:26:25.981162Z","level":"info","event":"\tat org.apache.hadoop.fs.FileSystem.get(FileSystem.java:540)","logger":"airflow.task.operators.airflow.providers.docker.operators.docker.DockerOperator","filename":"docker.py","lineno":71}
{"timestamp":"2026-05-19T22:26:25.981224Z","level":"info","event":"\tat org.apache.hadoop.fs.Path.getFileSystem(Path.java:365)","logger":"airflow.task.operators.airflow.providers.docker.operators.docker.DockerOperator","filename":"docker.py","lineno":71}
{"timestamp":"2026-05-19T22:26:25.981281Z","level":"info","event":"\tat org.apache.spark.sql.execution.streaming.FileStreamSink$.hasMetadata(FileStreamSink.scala:53)","logger":"airflow.task.operators.airflow.providers.docker.operators.docker.DockerOperator","filename":"docker.py","lineno":71}
{"timestamp":"2026-05-19T22:26:25.981334Z","level":"info","event":"\tat org.apache.spark.sql.execution.datasources.DataSource.resolveRelation(DataSource.scala:366)","logger":"airflow.task.operators.airflow.providers.docker.operators.docker.DockerOperator","filename":"docker.py","lineno":71}
{"timestamp":"2026-05-19T22:26:25.981388Z","level":"info","event":"\tat org.apache.spark.sql.DataFrameReader.loadV1Source(DataFrameReader.scala:229)","logger":"airflow.task.operators.airflow.providers.docker.operators.docker.DockerOperator","filename":"docker.py","lineno":71}
{"timestamp":"2026-05-19T22:26:25.981442Z","level":"info","event":"\tat org.apache.spark.sql.DataFrameReader.$anonfun$load$2(DataFrameReader.scala:211)","logger":"airflow.task.operators.airflow.providers.docker.operators.docker.DockerOperator","filename":"docker.py","lineno":71}
{"timestamp":"2026-05-19T22:26:25.981495Z","level":"info","event":"\tat scala.Option.getOrElse(Option.scala:189)","logger":"airflow.task.operators.airflow.providers.docker.operators.docker.DockerOperator","filename":"docker.py","lineno":71}
{"timestamp":"2026-05-19T22:26:25.981560Z","level":"info","event":"\tat org.apache.spark.sql.DataFrameReader.load(DataFrameReader.scala:211)","logger":"airflow.task.operators.airflow.providers.docker.operators.docker.DockerOperator","filename":"docker.py","lineno":71}
{"timestamp":"2026-05-19T22:26:25.981617Z","level":"info","event":"\tat org.apache.spark.sql.DataFrameReader.load(DataFrameReader.scala:186)","logger":"airflow.task.operators.airflow.providers.docker.operators.docker.DockerOperator","filename":"docker.py","lineno":71}
{"timestamp":"2026-05-19T22:26:25.981669Z","level":"info","event":"\tat java.base/jdk.internal.reflect.NativeMethodAccessorImpl.invoke0(Native Method)","logger":"airflow.task.operators.airflow.providers.docker.operators.docker.DockerOperator","filename":"docker.py","lineno":71}
{"timestamp":"2026-05-19T22:26:25.981720Z","level":"info","event":"\tat java.base/jdk.internal.reflect.NativeMethodAccessorImpl.invoke(Unknown Source)","logger":"airflow.task.operators.airflow.providers.docker.operators.docker.DockerOperator","filename":"docker.py","lineno":71}
{"timestamp":"2026-05-19T22:26:25.981778Z","level":"info","event":"\tat java.base/jdk.internal.reflect.DelegatingMethodAccessorImpl.invoke(Unknown Source)","logger":"airflow.task.operators.airflow.providers.docker.operators.docker.DockerOperator","filename":"docker.py","lineno":71}
{"timestamp":"2026-05-19T22:26:25.981837Z","level":"info","event":"\tat java.base/java.lang.reflect.Method.invoke(Unknown Source)","logger":"airflow.task.operators.airflow.providers.docker.operators.docker.DockerOperator","filename":"docker.py","lineno":71}
{"timestamp":"2026-05-19T22:26:25.981934Z","level":"info","event":"\tat py4j.reflection.MethodInvoker.invoke(MethodInvoker.java:244)","logger":"airflow.task.operators.airflow.providers.docker.operators.docker.DockerOperator","filename":"docker.py","lineno":71}
{"timestamp":"2026-05-19T22:26:25.981993Z","level":"info","event":"\tat py4j.reflection.ReflectionEngine.invoke(ReflectionEngine.java:374)","logger":"airflow.task.operators.airflow.providers.docker.operators.docker.DockerOperator","filename":"docker.py","lineno":71}
{"timestamp":"2026-05-19T22:26:25.982050Z","level":"info","event":"\tat py4j.Gateway.invoke(Gateway.java:282)","logger":"airflow.task.operators.airflow.providers.docker.operators.docker.DockerOperator","filename":"docker.py","lineno":71}
{"timestamp":"2026-05-19T22:26:25.982127Z","level":"info","event":"\tat py4j.commands.AbstractCommand.invokeMethod(AbstractCommand.java:132)","logger":"airflow.task.operators.airflow.providers.docker.operators.docker.DockerOperator","filename":"docker.py","lineno":71}
{"timestamp":"2026-05-19T22:26:25.982183Z","level":"info","event":"\tat py4j.commands.CallCommand.execute(CallCommand.java:79)","logger":"airflow.task.operators.airflow.providers.docker.operators.docker.DockerOperator","filename":"docker.py","lineno":71}
{"timestamp":"2026-05-19T22:26:25.982239Z","level":"info","event":"\tat py4j.ClientServerConnection.waitForCommands(ClientServerConnection.java:182)","logger":"airflow.task.operators.airflow.providers.docker.operators.docker.DockerOperator","filename":"docker.py","lineno":71}
{"timestamp":"2026-05-19T22:26:25.982293Z","level":"info","event":"\tat py4j.ClientServerConnection.run(ClientServerConnection.java:106)","logger":"airflow.task.operators.airflow.providers.docker.operators.docker.DockerOperator","filename":"docker.py","lineno":71}
{"timestamp":"2026-05-19T22:26:25.982355Z","level":"info","event":"\tat java.base/java.lang.Thread.run(Unknown Source)","logger":"airflow.task.operators.airflow.providers.docker.operators.docker.DockerOperator","filename":"docker.py","lineno":71}
{"timestamp":"2026-05-19T22:26:25.982412Z","level":"info","event":"Caused by: java.lang.ClassNotFoundException: Class org.apache.hadoop.fs.s3a.S3AFileSystem not found","logger":"airflow.task.operators.airflow.providers.docker.operators.docker.DockerOperator","filename":"docker.py","lineno":71}
{"timestamp":"2026-05-19T22:26:25.982472Z","level":"info","event":"\tat org.apache.hadoop.conf.Configuration.getClassByName(Configuration.java:2592)","logger":"airflow.task.operators.airflow.providers.docker.operators.docker.DockerOperator","filename":"docker.py","lineno":71}
{"timestamp":"2026-05-19T22:26:25.982538Z","level":"info","event":"\tat org.apache.hadoop.conf.Configuration.getClass(Configuration.java:2686)","logger":"airflow.task.operators.airflow.providers.docker.operators.docker.DockerOperator","filename":"docker.py","lineno":71}
{"timestamp":"2026-05-19T22:26:25.982596Z","level":"info","event":"\t... 26 more","logger":"airflow.task.operators.airflow.providers.docker.operators.docker.DockerOperator","filename":"docker.py","lineno":71}
{"timestamp":"2026-05-19T22:26:25.982721Z","level":"info","event":"26/05/19 22:26:25 WARN FileStreamSink: Assume no metadata directory. Error while looking for metadata directory in the path: s3a://landing/adventureworks/sales_salesorderdetail.","logger":"airflow.task.operators.airflow.providers.docker.operators.docker.DockerOperator","filename":"docker.py","lineno":71}
{"timestamp":"2026-05-19T22:26:25.982785Z","level":"info","event":"java.lang.RuntimeException: java.lang.ClassNotFoundException: Class org.apache.hadoop.fs.s3a.S3AFileSystem not found","logger":"airflow.task.operators.airflow.providers.docker.operators.docker.DockerOperator","filename":"docker.py","lineno":71}
{"timestamp":"2026-05-19T22:26:25.982842Z","level":"info","event":"\tat org.apache.hadoop.conf.Configuration.getClass(Configuration.java:2688)","logger":"airflow.task.operators.airflow.providers.docker.operators.docker.DockerOperator","filename":"docker.py","lineno":71}
{"timestamp":"2026-05-19T22:26:25.989990Z","level":"info","event":"\tat org.apache.hadoop.fs.FileSystem.getFileSystemClass(FileSystem.java:3431)","logger":"airflow.task.operators.airflow.providers.docker.operators.docker.DockerOperator","filename":"docker.py","lineno":71}
{"timestamp":"2026-05-19T22:26:25.990251Z","level":"info","event":"\tat org.apache.hadoop.fs.FileSystem.createFileSystem(FileSystem.java:3466)","logger":"airflow.task.operators.airflow.providers.docker.operators.docker.DockerOperator","filename":"docker.py","lineno":71}
{"timestamp":"2026-05-19T22:26:25.990346Z","level":"info","event":"\tat org.apache.hadoop.fs.FileSystem.access$300(FileSystem.java:174)","logger":"airflow.task.operators.airflow.providers.docker.operators.docker.DockerOperator","filename":"docker.py","lineno":71}
{"timestamp":"2026-05-19T22:26:25.990414Z","level":"info","event":"\tat org.apache.hadoop.fs.FileSystem$Cache.getInternal(FileSystem.java:3574)","logger":"airflow.task.operators.airflow.providers.docker.operators.docker.DockerOperator","filename":"docker.py","lineno":71}
{"timestamp":"2026-05-19T22:26:25.990478Z","level":"info","event":"\tat org.apache.hadoop.fs.FileSystem$Cache.get(FileSystem.java:3521)","logger":"airflow.task.operators.airflow.providers.docker.operators.docker.DockerOperator","filename":"docker.py","lineno":71}
{"timestamp":"2026-05-19T22:26:25.990545Z","level":"info","event":"\tat org.apache.hadoop.fs.FileSystem.get(FileSystem.java:540)","logger":"airflow.task.operators.airflow.providers.docker.operators.docker.DockerOperator","filename":"docker.py","lineno":71}
{"timestamp":"2026-05-19T22:26:25.990596Z","level":"info","event":"\tat org.apache.hadoop.fs.Path.getFileSystem(Path.java:365)","logger":"airflow.task.operators.airflow.providers.docker.operators.docker.DockerOperator","filename":"docker.py","lineno":71}
{"timestamp":"2026-05-19T22:26:25.990653Z","level":"info","event":"\tat org.apache.spark.sql.execution.streaming.FileStreamSink$.hasMetadata(FileStreamSink.scala:53)","logger":"airflow.task.operators.airflow.providers.docker.operators.docker.DockerOperator","filename":"docker.py","lineno":71}
{"timestamp":"2026-05-19T22:26:25.990707Z","level":"info","event":"\tat org.apache.spark.sql.execution.datasources.DataSource.resolveRelation(DataSource.scala:366)","logger":"airflow.task.operators.airflow.providers.docker.operators.docker.DockerOperator","filename":"docker.py","lineno":71}
{"timestamp":"2026-05-19T22:26:25.990752Z","level":"info","event":"\tat org.apache.spark.sql.DataFrameReader.loadV1Source(DataFrameReader.scala:229)","logger":"airflow.task.operators.airflow.providers.docker.operators.docker.DockerOperator","filename":"docker.py","lineno":71}
{"timestamp":"2026-05-19T22:26:25.990792Z","level":"info","event":"\tat org.apache.spark.sql.DataFrameReader.$anonfun$load$2(DataFrameReader.scala:211)","logger":"airflow.task.operators.airflow.providers.docker.operators.docker.DockerOperator","filename":"docker.py","lineno":71}
{"timestamp":"2026-05-19T22:26:25.990834Z","level":"info","event":"\tat scala.Option.getOrElse(Option.scala:189)","logger":"airflow.task.operators.airflow.providers.docker.operators.docker.DockerOperator","filename":"docker.py","lineno":71}
{"timestamp":"2026-05-19T22:26:25.990873Z","level":"info","event":"\tat org.apache.spark.sql.DataFrameReader.load(DataFrameReader.scala:211)","logger":"airflow.task.operators.airflow.providers.docker.operators.docker.DockerOperator","filename":"docker.py","lineno":71}
{"timestamp":"2026-05-19T22:26:25.990957Z","level":"info","event":"\tat org.apache.spark.sql.DataFrameReader.load(DataFrameReader.scala:186)","logger":"airflow.task.operators.airflow.providers.docker.operators.docker.DockerOperator","filename":"docker.py","lineno":71}
{"timestamp":"2026-05-19T22:26:25.991012Z","level":"info","event":"\tat java.base/jdk.internal.reflect.NativeMethodAccessorImpl.invoke0(Native Method)","logger":"airflow.task.operators.airflow.providers.docker.operators.docker.DockerOperator","filename":"docker.py","lineno":71}
{"timestamp":"2026-05-19T22:26:25.991072Z","level":"info","event":"\tat java.base/jdk.internal.reflect.NativeMethodAccessorImpl.invoke(Unknown Source)","logger":"airflow.task.operators.airflow.providers.docker.operators.docker.DockerOperator","filename":"docker.py","lineno":71}
{"timestamp":"2026-05-19T22:26:25.991137Z","level":"info","event":"\tat java.base/jdk.internal.reflect.DelegatingMethodAccessorImpl.invoke(Unknown Source)","logger":"airflow.task.operators.airflow.providers.docker.operators.docker.DockerOperator","filename":"docker.py","lineno":71}
{"timestamp":"2026-05-19T22:26:25.991194Z","level":"info","event":"\tat java.base/java.lang.reflect.Method.invoke(Unknown Source)","logger":"airflow.task.operators.airflow.providers.docker.operators.docker.DockerOperator","filename":"docker.py","lineno":71}
{"timestamp":"2026-05-19T22:26:25.991239Z","level":"info","event":"\tat py4j.reflection.MethodInvoker.invoke(MethodInvoker.java:244)","logger":"airflow.task.operators.airflow.providers.docker.operators.docker.DockerOperator","filename":"docker.py","lineno":71}
{"timestamp":"2026-05-19T22:26:25.991283Z","level":"info","event":"\tat py4j.reflection.ReflectionEngine.invoke(ReflectionEngine.java:374)","logger":"airflow.task.operators.airflow.providers.docker.operators.docker.DockerOperator","filename":"docker.py","lineno":71}
{"timestamp":"2026-05-19T22:26:25.991324Z","level":"info","event":"\tat py4j.Gateway.invoke(Gateway.java:282)","logger":"airflow.task.operators.airflow.providers.docker.operators.docker.DockerOperator","filename":"docker.py","lineno":71}
{"timestamp":"2026-05-19T22:26:25.991376Z","level":"info","event":"\tat py4j.commands.AbstractCommand.invokeMethod(AbstractCommand.java:132)","logger":"airflow.task.operators.airflow.providers.docker.operators.docker.DockerOperator","filename":"docker.py","lineno":71}
{"timestamp":"2026-05-19T22:26:25.991428Z","level":"info","event":"\tat py4j.commands.CallCommand.execute(CallCommand.java:79)","logger":"airflow.task.operators.airflow.providers.docker.operators.docker.DockerOperator","filename":"docker.py","lineno":71}
{"timestamp":"2026-05-19T22:26:25.991477Z","level":"info","event":"\tat py4j.ClientServerConnection.waitForCommands(ClientServerConnection.java:182)","logger":"airflow.task.operators.airflow.providers.docker.operators.docker.DockerOperator","filename":"docker.py","lineno":71}
{"timestamp":"2026-05-19T22:26:25.991528Z","level":"info","event":"\tat py4j.ClientServerConnection.run(ClientServerConnection.java:106)","logger":"airflow.task.operators.airflow.providers.docker.operators.docker.DockerOperator","filename":"docker.py","lineno":71}
{"timestamp":"2026-05-19T22:26:25.991579Z","level":"info","event":"\tat java.base/java.lang.Thread.run(Unknown Source)","logger":"airflow.task.operators.airflow.providers.docker.operators.docker.DockerOperator","filename":"docker.py","lineno":71}
{"timestamp":"2026-05-19T22:26:25.991634Z","level":"info","event":"Caused by: java.lang.ClassNotFoundException: Class org.apache.hadoop.fs.s3a.S3AFileSystem not found","logger":"airflow.task.operators.airflow.providers.docker.operators.docker.DockerOperator","filename":"docker.py","lineno":71}
{"timestamp":"2026-05-19T22:26:25.991692Z","level":"info","event":"\tat org.apache.hadoop.conf.Configuration.getClassByName(Configuration.java:2592)","logger":"airflow.task.operators.airflow.providers.docker.operators.docker.DockerOperator","filename":"docker.py","lineno":71}
{"timestamp":"2026-05-19T22:26:25.991754Z","level":"info","event":"\tat org.apache.hadoop.conf.Configuration.getClass(Configuration.java:2686)","logger":"airflow.task.operators.airflow.providers.docker.operators.docker.DockerOperator","filename":"docker.py","lineno":71}
{"timestamp":"2026-05-19T22:26:25.991823Z","level":"info","event":"\t... 26 more","logger":"airflow.task.operators.airflow.providers.docker.operators.docker.DockerOperator","filename":"docker.py","lineno":71}
{"timestamp":"2026-05-19T22:26:25.991882Z","level":"info","event":"26/05/19 22:26:25 WARN FileStreamSink: Assume no metadata directory. Error while looking for metadata directory in the path: s3a://landing/adventureworks/sales_customer.","logger":"airflow.task.operators.airflow.providers.docker.operators.docker.DockerOperator","filename":"docker.py","lineno":71}
{"timestamp":"2026-05-19T22:26:25.994665Z","level":"info","event":"java.lang.RuntimeException: java.lang.ClassNotFoundException: Class org.apache.hadoop.fs.s3a.S3AFileSystem not found","logger":"airflow.task.operators.airflow.providers.docker.operators.docker.DockerOperator","filename":"docker.py","lineno":71}
{"timestamp":"2026-05-19T22:26:25.994785Z","level":"info","event":"\tat org.apache.hadoop.conf.Configuration.getClass(Configuration.java:2688)","logger":"airflow.task.operators.airflow.providers.docker.operators.docker.DockerOperator","filename":"docker.py","lineno":71}
{"timestamp":"2026-05-19T22:26:25.994866Z","level":"info","event":"\tat org.apache.hadoop.fs.FileSystem.getFileSystemClass(FileSystem.java:3431)","logger":"airflow.task.operators.airflow.providers.docker.operators.docker.DockerOperator","filename":"docker.py","lineno":71}
{"timestamp":"2026-05-19T22:26:25.994959Z","level":"info","event":"\tat org.apache.hadoop.fs.FileSystem.createFileSystem(FileSystem.java:3466)","logger":"airflow.task.operators.airflow.providers.docker.operators.docker.DockerOperator","filename":"docker.py","lineno":71}
{"timestamp":"2026-05-19T22:26:25.995027Z","level":"info","event":"\tat org.apache.hadoop.fs.FileSystem.access$300(FileSystem.java:174)","logger":"airflow.task.operators.airflow.providers.docker.operators.docker.DockerOperator","filename":"docker.py","lineno":71}
{"timestamp":"2026-05-19T22:26:25.995093Z","level":"info","event":"\tat org.apache.hadoop.fs.FileSystem$Cache.getInternal(FileSystem.java:3574)","logger":"airflow.task.operators.airflow.providers.docker.operators.docker.DockerOperator","filename":"docker.py","lineno":71}
{"timestamp":"2026-05-19T22:26:25.995155Z","level":"info","event":"\tat org.apache.hadoop.fs.FileSystem$Cache.get(FileSystem.java:3521)","logger":"airflow.task.operators.airflow.providers.docker.operators.docker.DockerOperator","filename":"docker.py","lineno":71}
{"timestamp":"2026-05-19T22:26:25.995221Z","level":"info","event":"\tat org.apache.hadoop.fs.FileSystem.get(FileSystem.java:540)","logger":"airflow.task.operators.airflow.providers.docker.operators.docker.DockerOperator","filename":"docker.py","lineno":71}
{"timestamp":"2026-05-19T22:26:25.995287Z","level":"info","event":"\tat org.apache.hadoop.fs.Path.getFileSystem(Path.java:365)","logger":"airflow.task.operators.airflow.providers.docker.operators.docker.DockerOperator","filename":"docker.py","lineno":71}
{"timestamp":"2026-05-19T22:26:25.995349Z","level":"info","event":"\tat org.apache.spark.sql.execution.streaming.FileStreamSink$.hasMetadata(FileStreamSink.scala:53)","logger":"airflow.task.operators.airflow.providers.docker.operators.docker.DockerOperator","filename":"docker.py","lineno":71}
{"timestamp":"2026-05-19T22:26:25.995413Z","level":"info","event":"\tat org.apache.spark.sql.execution.datasources.DataSource.resolveRelation(DataSource.scala:366)","logger":"airflow.task.operators.airflow.providers.docker.operators.docker.DockerOperator","filename":"docker.py","lineno":71}
{"timestamp":"2026-05-19T22:26:25.995495Z","level":"info","event":"\tat org.apache.spark.sql.DataFrameReader.loadV1Source(DataFrameReader.scala:229)","logger":"airflow.task.operators.airflow.providers.docker.operators.docker.DockerOperator","filename":"docker.py","lineno":71}
{"timestamp":"2026-05-19T22:26:25.995570Z","level":"info","event":"\tat org.apache.spark.sql.DataFrameReader.$anonfun$load$2(DataFrameReader.scala:211)","logger":"airflow.task.operators.airflow.providers.docker.operators.docker.DockerOperator","filename":"docker.py","lineno":71}
{"timestamp":"2026-05-19T22:26:25.995639Z","level":"info","event":"\tat scala.Option.getOrElse(Option.scala:189)","logger":"airflow.task.operators.airflow.providers.docker.operators.docker.DockerOperator","filename":"docker.py","lineno":71}
{"timestamp":"2026-05-19T22:26:25.995696Z","level":"info","event":"\tat org.apache.spark.sql.DataFrameReader.load(DataFrameReader.scala:211)","logger":"airflow.task.operators.airflow.providers.docker.operators.docker.DockerOperator","filename":"docker.py","lineno":71}
{"timestamp":"2026-05-19T22:26:25.995758Z","level":"info","event":"\tat org.apache.spark.sql.DataFrameReader.load(DataFrameReader.scala:186)","logger":"airflow.task.operators.airflow.providers.docker.operators.docker.DockerOperator","filename":"docker.py","lineno":71}
{"timestamp":"2026-05-19T22:26:25.995824Z","level":"info","event":"\tat java.base/jdk.internal.reflect.NativeMethodAccessorImpl.invoke0(Native Method)","logger":"airflow.task.operators.airflow.providers.docker.operators.docker.DockerOperator","filename":"docker.py","lineno":71}
{"timestamp":"2026-05-19T22:26:25.995892Z","level":"info","event":"\tat java.base/jdk.internal.reflect.NativeMethodAccessorImpl.invoke(Unknown Source)","logger":"airflow.task.operators.airflow.providers.docker.operators.docker.DockerOperator","filename":"docker.py","lineno":71}
{"timestamp":"2026-05-19T22:26:25.995976Z","level":"info","event":"\tat java.base/jdk.internal.reflect.DelegatingMethodAccessorImpl.invoke(Unknown Source)","logger":"airflow.task.operators.airflow.providers.docker.operators.docker.DockerOperator","filename":"docker.py","lineno":71}
{"timestamp":"2026-05-19T22:26:25.996044Z","level":"info","event":"\tat java.base/java.lang.reflect.Method.invoke(Unknown Source)","logger":"airflow.task.operators.airflow.providers.docker.operators.docker.DockerOperator","filename":"docker.py","lineno":71}
{"timestamp":"2026-05-19T22:26:25.996116Z","level":"info","event":"\tat py4j.reflection.MethodInvoker.invoke(MethodInvoker.java:244)","logger":"airflow.task.operators.airflow.providers.docker.operators.docker.DockerOperator","filename":"docker.py","lineno":71}
{"timestamp":"2026-05-19T22:26:25.996180Z","level":"info","event":"\tat py4j.reflection.ReflectionEngine.invoke(ReflectionEngine.java:374)","logger":"airflow.task.operators.airflow.providers.docker.operators.docker.DockerOperator","filename":"docker.py","lineno":71}
{"timestamp":"2026-05-19T22:26:25.996236Z","level":"info","event":"\tat py4j.Gateway.invoke(Gateway.java:282)","logger":"airflow.task.operators.airflow.providers.docker.operators.docker.DockerOperator","filename":"docker.py","lineno":71}
{"timestamp":"2026-05-19T22:26:25.996294Z","level":"info","event":"\tat py4j.commands.AbstractCommand.invokeMethod(AbstractCommand.java:132)","logger":"airflow.task.operators.airflow.providers.docker.operators.docker.DockerOperator","filename":"docker.py","lineno":71}
{"timestamp":"2026-05-19T22:26:25.996379Z","level":"info","event":"\tat py4j.commands.CallCommand.execute(CallCommand.java:79)","logger":"airflow.task.operators.airflow.providers.docker.operators.docker.DockerOperator","filename":"docker.py","lineno":71}
{"timestamp":"2026-05-19T22:26:25.996439Z","level":"info","event":"\tat py4j.ClientServerConnection.waitForCommands(ClientServerConnection.java:182)","logger":"airflow.task.operators.airflow.providers.docker.operators.docker.DockerOperator","filename":"docker.py","lineno":71}
{"timestamp":"2026-05-19T22:26:25.996514Z","level":"info","event":"\tat py4j.ClientServerConnection.run(ClientServerConnection.java:106)","logger":"airflow.task.operators.airflow.providers.docker.operators.docker.DockerOperator","filename":"docker.py","lineno":71}
{"timestamp":"2026-05-19T22:26:25.996583Z","level":"info","event":"\tat java.base/java.lang.Thread.run(Unknown Source)","logger":"airflow.task.operators.airflow.providers.docker.operators.docker.DockerOperator","filename":"docker.py","lineno":71}
{"timestamp":"2026-05-19T22:26:25.996644Z","level":"info","event":"Caused by: java.lang.ClassNotFoundException: Class org.apache.hadoop.fs.s3a.S3AFileSystem not found","logger":"airflow.task.operators.airflow.providers.docker.operators.docker.DockerOperator","filename":"docker.py","lineno":71}
{"timestamp":"2026-05-19T22:26:25.996714Z","level":"info","event":"\tat org.apache.hadoop.conf.Configuration.getClassByName(Configuration.java:2592)","logger":"airflow.task.operators.airflow.providers.docker.operators.docker.DockerOperator","filename":"docker.py","lineno":71}
{"timestamp":"2026-05-19T22:26:25.996778Z","level":"info","event":"\tat org.apache.hadoop.conf.Configuration.getClass(Configuration.java:2686)","logger":"airflow.task.operators.airflow.providers.docker.operators.docker.DockerOperator","filename":"docker.py","lineno":71}
{"timestamp":"2026-05-19T22:26:25.996840Z","level":"info","event":"\t... 26 more","logger":"airflow.task.operators.airflow.providers.docker.operators.docker.DockerOperator","filename":"docker.py","lineno":71}
{"timestamp":"2026-05-19T22:26:25.997033Z","level":"info","event":"26/05/19 22:26:25 WARN FileStreamSink: Assume no metadata directory. Error while looking for metadata directory in the path: s3a://landing/adventureworks/sales_salesorderheader.","logger":"airflow.task.operators.airflow.providers.docker.operators.docker.DockerOperator","filename":"docker.py","lineno":71}
{"timestamp":"2026-05-19T22:26:25.997115Z","level":"info","event":"java.lang.RuntimeException: java.lang.ClassNotFoundException: Class org.apache.hadoop.fs.s3a.S3AFileSystem not found","logger":"airflow.task.operators.airflow.providers.docker.operators.docker.DockerOperator","filename":"docker.py","lineno":71}
{"timestamp":"2026-05-19T22:26:25.997184Z","level":"info","event":"\tat org.apache.hadoop.conf.Configuration.getClass(Configuration.java:2688)","logger":"airflow.task.operators.airflow.providers.docker.operators.docker.DockerOperator","filename":"docker.py","lineno":71}
{"timestamp":"2026-05-19T22:26:25.997248Z","level":"info","event":"\tat org.apache.hadoop.fs.FileSystem.getFileSystemClass(FileSystem.java:3431)","logger":"airflow.task.operators.airflow.providers.docker.operators.docker.DockerOperator","filename":"docker.py","lineno":71}
{"timestamp":"2026-05-19T22:26:25.997318Z","level":"info","event":"\tat org.apache.hadoop.fs.FileSystem.createFileSystem(FileSystem.java:3466)","logger":"airflow.task.operators.airflow.providers.docker.operators.docker.DockerOperator","filename":"docker.py","lineno":71}
{"timestamp":"2026-05-19T22:26:25.997384Z","level":"info","event":"\tat org.apache.hadoop.fs.FileSystem.access$300(FileSystem.java:174)","logger":"airflow.task.operators.airflow.providers.docker.operators.docker.DockerOperator","filename":"docker.py","lineno":71}
{"timestamp":"2026-05-19T22:26:25.997444Z","level":"info","event":"\tat org.apache.hadoop.fs.FileSystem$Cache.getInternal(FileSystem.java:3574)","logger":"airflow.task.operators.airflow.providers.docker.operators.docker.DockerOperator","filename":"docker.py","lineno":71}
{"timestamp":"2026-05-19T22:26:25.997523Z","level":"info","event":"\tat org.apache.hadoop.fs.FileSystem$Cache.get(FileSystem.java:3521)","logger":"airflow.task.operators.airflow.providers.docker.operators.docker.DockerOperator","filename":"docker.py","lineno":71}
{"timestamp":"2026-05-19T22:26:25.997590Z","level":"info","event":"\tat org.apache.hadoop.fs.FileSystem.get(FileSystem.java:540)","logger":"airflow.task.operators.airflow.providers.docker.operators.docker.DockerOperator","filename":"docker.py","lineno":71}
{"timestamp":"2026-05-19T22:26:25.997654Z","level":"info","event":"\tat org.apache.hadoop.fs.Path.getFileSystem(Path.java:365)","logger":"airflow.task.operators.airflow.providers.docker.operators.docker.DockerOperator","filename":"docker.py","lineno":71}
{"timestamp":"2026-05-19T22:26:25.997720Z","level":"info","event":"\tat org.apache.spark.sql.execution.streaming.FileStreamSink$.hasMetadata(FileStreamSink.scala:53)","logger":"airflow.task.operators.airflow.providers.docker.operators.docker.DockerOperator","filename":"docker.py","lineno":71}
{"timestamp":"2026-05-19T22:26:25.997782Z","level":"info","event":"\tat org.apache.spark.sql.execution.datasources.DataSource.resolveRelation(DataSource.scala:366)","logger":"airflow.task.operators.airflow.providers.docker.operators.docker.DockerOperator","filename":"docker.py","lineno":71}
{"timestamp":"2026-05-19T22:26:25.997851Z","level":"info","event":"\tat org.apache.spark.sql.DataFrameReader.loadV1Source(DataFrameReader.scala:229)","logger":"airflow.task.operators.airflow.providers.docker.operators.docker.DockerOperator","filename":"docker.py","lineno":71}
{"timestamp":"2026-05-19T22:26:25.997995Z","level":"info","event":"\tat org.apache.spark.sql.DataFrameReader.$anonfun$load$2(DataFrameReader.scala:211)","logger":"airflow.task.operators.airflow.providers.docker.operators.docker.DockerOperator","filename":"docker.py","lineno":71}
{"timestamp":"2026-05-19T22:26:25.998069Z","level":"info","event":"\tat scala.Option.getOrElse(Option.scala:189)","logger":"airflow.task.operators.airflow.providers.docker.operators.docker.DockerOperator","filename":"docker.py","lineno":71}
{"timestamp":"2026-05-19T22:26:25.998133Z","level":"info","event":"\tat org.apache.spark.sql.DataFrameReader.load(DataFrameReader.scala:211)","logger":"airflow.task.operators.airflow.providers.docker.operators.docker.DockerOperator","filename":"docker.py","lineno":71}
{"timestamp":"2026-05-19T22:26:25.998195Z","level":"info","event":"\tat org.apache.spark.sql.DataFrameReader.load(DataFrameReader.scala:186)","logger":"airflow.task.operators.airflow.providers.docker.operators.docker.DockerOperator","filename":"docker.py","lineno":71}
{"timestamp":"2026-05-19T22:26:25.998250Z","level":"info","event":"\tat java.base/jdk.internal.reflect.NativeMethodAccessorImpl.invoke0(Native Method)","logger":"airflow.task.operators.airflow.providers.docker.operators.docker.DockerOperator","filename":"docker.py","lineno":71}
{"timestamp":"2026-05-19T22:26:25.998312Z","level":"info","event":"\tat java.base/jdk.internal.reflect.NativeMethodAccessorImpl.invoke(Unknown Source)","logger":"airflow.task.operators.airflow.providers.docker.operators.docker.DockerOperator","filename":"docker.py","lineno":71}
{"timestamp":"2026-05-19T22:26:25.998365Z","level":"info","event":"\tat java.base/jdk.internal.reflect.DelegatingMethodAccessorImpl.invoke(Unknown Source)","logger":"airflow.task.operators.airflow.providers.docker.operators.docker.DockerOperator","filename":"docker.py","lineno":71}
{"timestamp":"2026-05-19T22:26:25.998495Z","level":"info","event":"\tat java.base/java.lang.reflect.Method.invoke(Unknown Source)","logger":"airflow.task.operators.airflow.providers.docker.operators.docker.DockerOperator","filename":"docker.py","lineno":71}
{"timestamp":"2026-05-19T22:26:25.998575Z","level":"info","event":"\tat py4j.reflection.MethodInvoker.invoke(MethodInvoker.java:244)","logger":"airflow.task.operators.airflow.providers.docker.operators.docker.DockerOperator","filename":"docker.py","lineno":71}
{"timestamp":"2026-05-19T22:26:25.998635Z","level":"info","event":"\tat py4j.reflection.ReflectionEngine.invoke(ReflectionEngine.java:374)","logger":"airflow.task.operators.airflow.providers.docker.operators.docker.DockerOperator","filename":"docker.py","lineno":71}
{"timestamp":"2026-05-19T22:26:25.998692Z","level":"info","event":"\tat py4j.Gateway.invoke(Gateway.java:282)","logger":"airflow.task.operators.airflow.providers.docker.operators.docker.DockerOperator","filename":"docker.py","lineno":71}
{"timestamp":"2026-05-19T22:26:25.998754Z","level":"info","event":"\tat py4j.commands.AbstractCommand.invokeMethod(AbstractCommand.java:132)","logger":"airflow.task.operators.airflow.providers.docker.operators.docker.DockerOperator","filename":"docker.py","lineno":71}
{"timestamp":"2026-05-19T22:26:25.998823Z","level":"info","event":"\tat py4j.commands.CallCommand.execute(CallCommand.java:79)","logger":"airflow.task.operators.airflow.providers.docker.operators.docker.DockerOperator","filename":"docker.py","lineno":71}
{"timestamp":"2026-05-19T22:26:25.998911Z","level":"info","event":"\tat py4j.ClientServerConnection.waitForCommands(ClientServerConnection.java:182)","logger":"airflow.task.operators.airflow.providers.docker.operators.docker.DockerOperator","filename":"docker.py","lineno":71}
{"timestamp":"2026-05-19T22:26:25.998981Z","level":"info","event":"\tat py4j.ClientServerConnection.run(ClientServerConnection.java:106)","logger":"airflow.task.operators.airflow.providers.docker.operators.docker.DockerOperator","filename":"docker.py","lineno":71}
{"timestamp":"2026-05-19T22:26:25.999128Z","level":"info","event":"\tat java.base/java.lang.Thread.run(Unknown Source)","logger":"airflow.task.operators.airflow.providers.docker.operators.docker.DockerOperator","filename":"docker.py","lineno":71}
{"timestamp":"2026-05-19T22:26:25.999203Z","level":"info","event":"Caused by: java.lang.ClassNotFoundException: Class org.apache.hadoop.fs.s3a.S3AFileSystem not found","logger":"airflow.task.operators.airflow.providers.docker.operators.docker.DockerOperator","filename":"docker.py","lineno":71}
{"timestamp":"2026-05-19T22:26:25.999270Z","level":"info","event":"\tat org.apache.hadoop.conf.Configuration.getClassByName(Configuration.java:2592)","logger":"airflow.task.operators.airflow.providers.docker.operators.docker.DockerOperator","filename":"docker.py","lineno":71}
{"timestamp":"2026-05-19T22:26:25.999342Z","level":"info","event":"\tat org.apache.hadoop.conf.Configuration.getClass(Configuration.java:2686)","logger":"airflow.task.operators.airflow.providers.docker.operators.docker.DockerOperator","filename":"docker.py","lineno":71}
{"timestamp":"2026-05-19T22:26:25.999408Z","level":"info","event":"\t... 26 more","logger":"airflow.task.operators.airflow.providers.docker.operators.docker.DockerOperator","filename":"docker.py","lineno":71}
{"timestamp":"2026-05-19T22:26:25.999582Z","level":"info","event":"26/05/19 22:26:25 WARN FileStreamSink: Assume no metadata directory. Error while looking for metadata directory in the path: s3a://landing/adventureworks/sales_personcreditcard.","logger":"airflow.task.operators.airflow.providers.docker.operators.docker.DockerOperator","filename":"docker.py","lineno":71}
{"timestamp":"2026-05-19T22:26:25.999655Z","level":"info","event":"java.lang.RuntimeException: java.lang.ClassNotFoundException: Class org.apache.hadoop.fs.s3a.S3AFileSystem not found","logger":"airflow.task.operators.airflow.providers.docker.operators.docker.DockerOperator","filename":"docker.py","lineno":71}
{"timestamp":"2026-05-19T22:26:25.999722Z","level":"info","event":"\tat org.apache.hadoop.conf.Configuration.getClass(Configuration.java:2688)","logger":"airflow.task.operators.airflow.providers.docker.operators.docker.DockerOperator","filename":"docker.py","lineno":71}
{"timestamp":"2026-05-19T22:26:25.999786Z","level":"info","event":"\tat org.apache.hadoop.fs.FileSystem.getFileSystemClass(FileSystem.java:3431)","logger":"airflow.task.operators.airflow.providers.docker.operators.docker.DockerOperator","filename":"docker.py","lineno":71}
{"timestamp":"2026-05-19T22:26:25.999855Z","level":"info","event":"\tat org.apache.hadoop.fs.FileSystem.createFileSystem(FileSystem.java:3466)","logger":"airflow.task.operators.airflow.providers.docker.operators.docker.DockerOperator","filename":"docker.py","lineno":71}
{"timestamp":"2026-05-19T22:26:25.999942Z","level":"info","event":"\tat org.apache.hadoop.fs.FileSystem.access$300(FileSystem.java:174)","logger":"airflow.task.operators.airflow.providers.docker.operators.docker.DockerOperator","filename":"docker.py","lineno":71}
{"timestamp":"2026-05-19T22:26:26.000024Z","level":"info","event":"\tat org.apache.hadoop.fs.FileSystem$Cache.getInternal(FileSystem.java:3574)","logger":"airflow.task.operators.airflow.providers.docker.operators.docker.DockerOperator","filename":"docker.py","lineno":71}
{"timestamp":"2026-05-19T22:26:26.000092Z","level":"info","event":"\tat org.apache.hadoop.fs.FileSystem$Cache.get(FileSystem.java:3521)","logger":"airflow.task.operators.airflow.providers.docker.operators.docker.DockerOperator","filename":"docker.py","lineno":71}
{"timestamp":"2026-05-19T22:26:26.000163Z","level":"info","event":"\tat org.apache.hadoop.fs.FileSystem.get(FileSystem.java:540)","logger":"airflow.task.operators.airflow.providers.docker.operators.docker.DockerOperator","filename":"docker.py","lineno":71}
{"timestamp":"2026-05-19T22:26:26.000226Z","level":"info","event":"\tat org.apache.hadoop.fs.Path.getFileSystem(Path.java:365)","logger":"airflow.task.operators.airflow.providers.docker.operators.docker.DockerOperator","filename":"docker.py","lineno":71}
{"timestamp":"2026-05-19T22:26:26.000294Z","level":"info","event":"\tat org.apache.spark.sql.execution.streaming.FileStreamSink$.hasMetadata(FileStreamSink.scala:53)","logger":"airflow.task.operators.airflow.providers.docker.operators.docker.DockerOperator","filename":"docker.py","lineno":71}
{"timestamp":"2026-05-19T22:26:26.000368Z","level":"info","event":"\tat org.apache.spark.sql.execution.datasources.DataSource.resolveRelation(DataSource.scala:366)","logger":"airflow.task.operators.airflow.providers.docker.operators.docker.DockerOperator","filename":"docker.py","lineno":71}
{"timestamp":"2026-05-19T22:26:26.000438Z","level":"info","event":"\tat org.apache.spark.sql.DataFrameReader.loadV1Source(DataFrameReader.scala:229)","logger":"airflow.task.operators.airflow.providers.docker.operators.docker.DockerOperator","filename":"docker.py","lineno":71}
{"timestamp":"2026-05-19T22:26:26.000543Z","level":"info","event":"\tat org.apache.spark.sql.DataFrameReader.$anonfun$load$2(DataFrameReader.scala:211)","logger":"airflow.task.operators.airflow.providers.docker.operators.docker.DockerOperator","filename":"docker.py","lineno":71}
{"timestamp":"2026-05-19T22:26:26.000608Z","level":"info","event":"\tat scala.Option.getOrElse(Option.scala:189)","logger":"airflow.task.operators.airflow.providers.docker.operators.docker.DockerOperator","filename":"docker.py","lineno":71}
{"timestamp":"2026-05-19T22:26:26.000680Z","level":"info","event":"\tat org.apache.spark.sql.DataFrameReader.load(DataFrameReader.scala:211)","logger":"airflow.task.operators.airflow.providers.docker.operators.docker.DockerOperator","filename":"docker.py","lineno":71}
{"timestamp":"2026-05-19T22:26:26.000771Z","level":"info","event":"\tat org.apache.spark.sql.DataFrameReader.load(DataFrameReader.scala:186)","logger":"airflow.task.operators.airflow.providers.docker.operators.docker.DockerOperator","filename":"docker.py","lineno":71}
{"timestamp":"2026-05-19T22:26:26.000838Z","level":"info","event":"\tat java.base/jdk.internal.reflect.NativeMethodAccessorImpl.invoke0(Native Method)","logger":"airflow.task.operators.airflow.providers.docker.operators.docker.DockerOperator","filename":"docker.py","lineno":71}
{"timestamp":"2026-05-19T22:26:26.001048Z","level":"info","event":"\tat java.base/jdk.internal.reflect.NativeMethodAccessorImpl.invoke(Unknown Source)","logger":"airflow.task.operators.airflow.providers.docker.operators.docker.DockerOperator","filename":"docker.py","lineno":71}
{"timestamp":"2026-05-19T22:26:26.001212Z","level":"info","event":"\tat java.base/jdk.internal.reflect.DelegatingMethodAccessorImpl.invoke(Unknown Source)","logger":"airflow.task.operators.airflow.providers.docker.operators.docker.DockerOperator","filename":"docker.py","lineno":71}
{"timestamp":"2026-05-19T22:26:26.001299Z","level":"info","event":"\tat java.base/java.lang.reflect.Method.invoke(Unknown Source)","logger":"airflow.task.operators.airflow.providers.docker.operators.docker.DockerOperator","filename":"docker.py","lineno":71}
{"timestamp":"2026-05-19T22:26:26.001368Z","level":"info","event":"\tat py4j.reflection.MethodInvoker.invoke(MethodInvoker.java:244)","logger":"airflow.task.operators.airflow.providers.docker.operators.docker.DockerOperator","filename":"docker.py","lineno":71}
{"timestamp":"2026-05-19T22:26:26.001433Z","level":"info","event":"\tat py4j.reflection.ReflectionEngine.invoke(ReflectionEngine.java:374)","logger":"airflow.task.operators.airflow.providers.docker.operators.docker.DockerOperator","filename":"docker.py","lineno":71}
{"timestamp":"2026-05-19T22:26:26.001507Z","level":"info","event":"\tat py4j.Gateway.invoke(Gateway.java:282)","logger":"airflow.task.operators.airflow.providers.docker.operators.docker.DockerOperator","filename":"docker.py","lineno":71}
{"timestamp":"2026-05-19T22:26:26.001574Z","level":"info","event":"\tat py4j.commands.AbstractCommand.invokeMethod(AbstractCommand.java:132)","logger":"airflow.task.operators.airflow.providers.docker.operators.docker.DockerOperator","filename":"docker.py","lineno":71}
{"timestamp":"2026-05-19T22:26:26.001643Z","level":"info","event":"\tat py4j.commands.CallCommand.execute(CallCommand.java:79)","logger":"airflow.task.operators.airflow.providers.docker.operators.docker.DockerOperator","filename":"docker.py","lineno":71}
{"timestamp":"2026-05-19T22:26:26.001702Z","level":"info","event":"\tat py4j.ClientServerConnection.waitForCommands(ClientServerConnection.java:182)","logger":"airflow.task.operators.airflow.providers.docker.operators.docker.DockerOperator","filename":"docker.py","lineno":71}
{"timestamp":"2026-05-19T22:26:26.001766Z","level":"info","event":"\tat py4j.ClientServerConnection.run(ClientServerConnection.java:106)","logger":"airflow.task.operators.airflow.providers.docker.operators.docker.DockerOperator","filename":"docker.py","lineno":71}
{"timestamp":"2026-05-19T22:26:26.001830Z","level":"info","event":"\tat java.base/java.lang.Thread.run(Unknown Source)","logger":"airflow.task.operators.airflow.providers.docker.operators.docker.DockerOperator","filename":"docker.py","lineno":71}
{"timestamp":"2026-05-19T22:26:26.001921Z","level":"info","event":"Caused by: java.lang.ClassNotFoundException: Class org.apache.hadoop.fs.s3a.S3AFileSystem not found","logger":"airflow.task.operators.airflow.providers.docker.operators.docker.DockerOperator","filename":"docker.py","lineno":71}
{"timestamp":"2026-05-19T22:26:26.001996Z","level":"info","event":"\tat org.apache.hadoop.conf.Configuration.getClassByName(Configuration.java:2592)","logger":"airflow.task.operators.airflow.providers.docker.operators.docker.DockerOperator","filename":"docker.py","lineno":71}
{"timestamp":"2026-05-19T22:26:26.002062Z","level":"info","event":"\tat org.apache.hadoop.conf.Configuration.getClass(Configuration.java:2686)","logger":"airflow.task.operators.airflow.providers.docker.operators.docker.DockerOperator","filename":"docker.py","lineno":71}
{"timestamp":"2026-05-19T22:26:26.002124Z","level":"info","event":"\t... 26 more","logger":"airflow.task.operators.airflow.providers.docker.operators.docker.DockerOperator","filename":"docker.py","lineno":71}
{"timestamp":"2026-05-19T22:26:26.002263Z","level":"info","event":"26/05/19 22:26:25 WARN FileStreamSink: Assume no metadata directory. Error while looking for metadata directory in the path: s3a://landing/adventureworks/sales_currencyrate.","logger":"airflow.task.operators.airflow.providers.docker.operators.docker.DockerOperator","filename":"docker.py","lineno":71}
{"timestamp":"2026-05-19T22:26:26.002342Z","level":"info","event":"java.lang.RuntimeException: java.lang.ClassNotFoundException: Class org.apache.hadoop.fs.s3a.S3AFileSystem not found","logger":"airflow.task.operators.airflow.providers.docker.operators.docker.DockerOperator","filename":"docker.py","lineno":71}
{"timestamp":"2026-05-19T22:26:26.002404Z","level":"info","event":"\tat org.apache.hadoop.conf.Configuration.getClass(Configuration.java:2688)","logger":"airflow.task.operators.airflow.providers.docker.operators.docker.DockerOperator","filename":"docker.py","lineno":71}
{"timestamp":"2026-05-19T22:26:26.002468Z","level":"info","event":"\tat org.apache.hadoop.fs.FileSystem.getFileSystemClass(FileSystem.java:3431)","logger":"airflow.task.operators.airflow.providers.docker.operators.docker.DockerOperator","filename":"docker.py","lineno":71}
{"timestamp":"2026-05-19T22:26:26.002547Z","level":"info","event":"\tat org.apache.hadoop.fs.FileSystem.createFileSystem(FileSystem.java:3466)","logger":"airflow.task.operators.airflow.providers.docker.operators.docker.DockerOperator","filename":"docker.py","lineno":71}
{"timestamp":"2026-05-19T22:26:26.002607Z","level":"info","event":"\tat org.apache.hadoop.fs.FileSystem.access$300(FileSystem.java:174)","logger":"airflow.task.operators.airflow.providers.docker.operators.docker.DockerOperator","filename":"docker.py","lineno":71}
{"timestamp":"2026-05-19T22:26:26.002672Z","level":"info","event":"\tat org.apache.hadoop.fs.FileSystem$Cache.getInternal(FileSystem.java:3574)","logger":"airflow.task.operators.airflow.providers.docker.operators.docker.DockerOperator","filename":"docker.py","lineno":71}
{"timestamp":"2026-05-19T22:26:26.002734Z","level":"info","event":"\tat org.apache.hadoop.fs.FileSystem$Cache.get(FileSystem.java:3521)","logger":"airflow.task.operators.airflow.providers.docker.operators.docker.DockerOperator","filename":"docker.py","lineno":71}
{"timestamp":"2026-05-19T22:26:26.002793Z","level":"info","event":"\tat org.apache.hadoop.fs.FileSystem.get(FileSystem.java:540)","logger":"airflow.task.operators.airflow.providers.docker.operators.docker.DockerOperator","filename":"docker.py","lineno":71}
{"timestamp":"2026-05-19T22:26:26.002856Z","level":"info","event":"\tat org.apache.hadoop.fs.Path.getFileSystem(Path.java:365)","logger":"airflow.task.operators.airflow.providers.docker.operators.docker.DockerOperator","filename":"docker.py","lineno":71}
{"timestamp":"2026-05-19T22:26:26.002936Z","level":"info","event":"\tat org.apache.spark.sql.execution.streaming.FileStreamSink$.hasMetadata(FileStreamSink.scala:53)","logger":"airflow.task.operators.airflow.providers.docker.operators.docker.DockerOperator","filename":"docker.py","lineno":71}
{"timestamp":"2026-05-19T22:26:26.003004Z","level":"info","event":"\tat org.apache.spark.sql.execution.datasources.DataSource.resolveRelation(DataSource.scala:366)","logger":"airflow.task.operators.airflow.providers.docker.operators.docker.DockerOperator","filename":"docker.py","lineno":71}
{"timestamp":"2026-05-19T22:26:26.003069Z","level":"info","event":"\tat org.apache.spark.sql.DataFrameReader.loadV1Source(DataFrameReader.scala:229)","logger":"airflow.task.operators.airflow.providers.docker.operators.docker.DockerOperator","filename":"docker.py","lineno":71}
{"timestamp":"2026-05-19T22:26:26.003134Z","level":"info","event":"\tat org.apache.spark.sql.DataFrameReader.$anonfun$load$2(DataFrameReader.scala:211)","logger":"airflow.task.operators.airflow.providers.docker.operators.docker.DockerOperator","filename":"docker.py","lineno":71}
{"timestamp":"2026-05-19T22:26:26.003198Z","level":"info","event":"\tat scala.Option.getOrElse(Option.scala:189)","logger":"airflow.task.operators.airflow.providers.docker.operators.docker.DockerOperator","filename":"docker.py","lineno":71}
{"timestamp":"2026-05-19T22:26:26.003257Z","level":"info","event":"\tat org.apache.spark.sql.DataFrameReader.load(DataFrameReader.scala:211)","logger":"airflow.task.operators.airflow.providers.docker.operators.docker.DockerOperator","filename":"docker.py","lineno":71}
{"timestamp":"2026-05-19T22:26:26.003319Z","level":"info","event":"\tat org.apache.spark.sql.DataFrameReader.load(DataFrameReader.scala:186)","logger":"airflow.task.operators.airflow.providers.docker.operators.docker.DockerOperator","filename":"docker.py","lineno":71}
{"timestamp":"2026-05-19T22:26:26.003383Z","level":"info","event":"\tat java.base/jdk.internal.reflect.NativeMethodAccessorImpl.invoke0(Native Method)","logger":"airflow.task.operators.airflow.providers.docker.operators.docker.DockerOperator","filename":"docker.py","lineno":71}
{"timestamp":"2026-05-19T22:26:26.003441Z","level":"info","event":"\tat java.base/jdk.internal.reflect.NativeMethodAccessorImpl.invoke(Unknown Source)","logger":"airflow.task.operators.airflow.providers.docker.operators.docker.DockerOperator","filename":"docker.py","lineno":71}
{"timestamp":"2026-05-19T22:26:26.003520Z","level":"info","event":"\tat java.base/jdk.internal.reflect.DelegatingMethodAccessorImpl.invoke(Unknown Source)","logger":"airflow.task.operators.airflow.providers.docker.operators.docker.DockerOperator","filename":"docker.py","lineno":71}
{"timestamp":"2026-05-19T22:26:26.003585Z","level":"info","event":"\tat java.base/java.lang.reflect.Method.invoke(Unknown Source)","logger":"airflow.task.operators.airflow.providers.docker.operators.docker.DockerOperator","filename":"docker.py","lineno":71}
{"timestamp":"2026-05-19T22:26:26.003645Z","level":"info","event":"\tat py4j.reflection.MethodInvoker.invoke(MethodInvoker.java:244)","logger":"airflow.task.operators.airflow.providers.docker.operators.docker.DockerOperator","filename":"docker.py","lineno":71}
{"timestamp":"2026-05-19T22:26:26.003722Z","level":"info","event":"\tat py4j.reflection.ReflectionEngine.invoke(ReflectionEngine.java:374)","logger":"airflow.task.operators.airflow.providers.docker.operators.docker.DockerOperator","filename":"docker.py","lineno":71}
{"timestamp":"2026-05-19T22:26:26.003787Z","level":"info","event":"\tat py4j.Gateway.invoke(Gateway.java:282)","logger":"airflow.task.operators.airflow.providers.docker.operators.docker.DockerOperator","filename":"docker.py","lineno":71}
{"timestamp":"2026-05-19T22:26:26.003845Z","level":"info","event":"\tat py4j.commands.AbstractCommand.invokeMethod(AbstractCommand.java:132)","logger":"airflow.task.operators.airflow.providers.docker.operators.docker.DockerOperator","filename":"docker.py","lineno":71}
{"timestamp":"2026-05-19T22:26:26.003890Z","level":"info","event":"\tat py4j.commands.CallCommand.execute(CallCommand.java:79)","logger":"airflow.task.operators.airflow.providers.docker.operators.docker.DockerOperator","filename":"docker.py","lineno":71}
{"timestamp":"2026-05-19T22:26:26.004613Z","level":"info","event":"\tat py4j.ClientServerConnection.waitForCommands(ClientServerConnection.java:182)","logger":"airflow.task.operators.airflow.providers.docker.operators.docker.DockerOperator","filename":"docker.py","lineno":71}
{"timestamp":"2026-05-19T22:26:26.004685Z","level":"info","event":"\tat py4j.ClientServerConnection.run(ClientServerConnection.java:106)","logger":"airflow.task.operators.airflow.providers.docker.operators.docker.DockerOperator","filename":"docker.py","lineno":71}
{"timestamp":"2026-05-19T22:26:26.004753Z","level":"info","event":"\tat java.base/java.lang.Thread.run(Unknown Source)","logger":"airflow.task.operators.airflow.providers.docker.operators.docker.DockerOperator","filename":"docker.py","lineno":71}
{"timestamp":"2026-05-19T22:26:26.004813Z","level":"info","event":"Caused by: java.lang.ClassNotFoundException: Class org.apache.hadoop.fs.s3a.S3AFileSystem not found","logger":"airflow.task.operators.airflow.providers.docker.operators.docker.DockerOperator","filename":"docker.py","lineno":71}
{"timestamp":"2026-05-19T22:26:26.004877Z","level":"info","event":"\tat org.apache.hadoop.conf.Configuration.getClassByName(Configuration.java:2592)","logger":"airflow.task.operators.airflow.providers.docker.operators.docker.DockerOperator","filename":"docker.py","lineno":71}
{"timestamp":"2026-05-19T22:26:26.004964Z","level":"info","event":"\tat org.apache.hadoop.conf.Configuration.getClass(Configuration.java:2686)","logger":"airflow.task.operators.airflow.providers.docker.operators.docker.DockerOperator","filename":"docker.py","lineno":71}
{"timestamp":"2026-05-19T22:26:26.005037Z","level":"info","event":"\t... 26 more","logger":"airflow.task.operators.airflow.providers.docker.operators.docker.DockerOperator","filename":"docker.py","lineno":71}
{"timestamp":"2026-05-19T22:26:26.270419Z","level":"info","event":"2026-05-19 22:26:26,269 - ERROR - Error processing table sales.countryregioncurrency: An error occurred while calling o53.load.","logger":"airflow.task.operators.airflow.providers.docker.operators.docker.DockerOperator","filename":"docker.py","lineno":71}
{"timestamp":"2026-05-19T22:26:26.270645Z","level":"info","event":": java.lang.RuntimeException: java.lang.ClassNotFoundException: Class org.apache.hadoop.fs.s3a.S3AFileSystem not found","logger":"airflow.task.operators.airflow.providers.docker.operators.docker.DockerOperator","filename":"docker.py","lineno":71}
{"timestamp":"2026-05-19T22:26:26.270731Z","level":"info","event":"\tat org.apache.hadoop.conf.Configuration.getClass(Configuration.java:2688)","logger":"airflow.task.operators.airflow.providers.docker.operators.docker.DockerOperator","filename":"docker.py","lineno":71}
{"timestamp":"2026-05-19T22:26:26.270805Z","level":"info","event":"\tat org.apache.hadoop.fs.FileSystem.getFileSystemClass(FileSystem.java:3431)","logger":"airflow.task.operators.airflow.providers.docker.operators.docker.DockerOperator","filename":"docker.py","lineno":71}
{"timestamp":"2026-05-19T22:26:26.270878Z","level":"info","event":"\tat org.apache.hadoop.fs.FileSystem.createFileSystem(FileSystem.java:3466)","logger":"airflow.task.operators.airflow.providers.docker.operators.docker.DockerOperator","filename":"docker.py","lineno":71}
{"timestamp":"2026-05-19T22:26:26.270963Z","level":"info","event":"\tat org.apache.hadoop.fs.FileSystem.access$300(FileSystem.java:174)","logger":"airflow.task.operators.airflow.providers.docker.operators.docker.DockerOperator","filename":"docker.py","lineno":71}
{"timestamp":"2026-05-19T22:26:26.271024Z","level":"info","event":"\tat org.apache.hadoop.fs.FileSystem$Cache.getInternal(FileSystem.java:3574)","logger":"airflow.task.operators.airflow.providers.docker.operators.docker.DockerOperator","filename":"docker.py","lineno":71}
{"timestamp":"2026-05-19T22:26:26.271082Z","level":"info","event":"\tat org.apache.hadoop.fs.FileSystem$Cache.get(FileSystem.java:3521)","logger":"airflow.task.operators.airflow.providers.docker.operators.docker.DockerOperator","filename":"docker.py","lineno":71}
{"timestamp":"2026-05-19T22:26:26.271132Z","level":"info","event":"\tat org.apache.hadoop.fs.FileSystem.get(FileSystem.java:540)","logger":"airflow.task.operators.airflow.providers.docker.operators.docker.DockerOperator","filename":"docker.py","lineno":71}
{"timestamp":"2026-05-19T22:26:26.271184Z","level":"info","event":"\tat org.apache.hadoop.fs.Path.getFileSystem(Path.java:365)","logger":"airflow.task.operators.airflow.providers.docker.operators.docker.DockerOperator","filename":"docker.py","lineno":71}
{"timestamp":"2026-05-19T22:26:26.271241Z","level":"info","event":"\tat org.apache.spark.sql.execution.datasources.DataSource$.$anonfun$checkAndGlobPathIfNecessary$1(DataSource.scala:724)","logger":"airflow.task.operators.airflow.providers.docker.operators.docker.DockerOperator","filename":"docker.py","lineno":71}
{"timestamp":"2026-05-19T22:26:26.271297Z","level":"info","event":"\tat scala.collection.immutable.List.map(List.scala:293)","logger":"airflow.task.operators.airflow.providers.docker.operators.docker.DockerOperator","filename":"docker.py","lineno":71}
{"timestamp":"2026-05-19T22:26:26.271427Z","level":"info","event":"\tat org.apache.spark.sql.execution.datasources.DataSource$.checkAndGlobPathIfNecessary(DataSource.scala:722)","logger":"airflow.task.operators.airflow.providers.docker.operators.docker.DockerOperator","filename":"docker.py","lineno":71}
{"timestamp":"2026-05-19T22:26:26.271506Z","level":"info","event":"\tat org.apache.spark.sql.execution.datasources.DataSource.checkAndGlobPathIfNecessary(DataSource.scala:551)","logger":"airflow.task.operators.airflow.providers.docker.operators.docker.DockerOperator","filename":"docker.py","lineno":71}
{"timestamp":"2026-05-19T22:26:26.271574Z","level":"info","event":"\tat org.apache.spark.sql.execution.datasources.DataSource.resolveRelation(DataSource.scala:404)","logger":"airflow.task.operators.airflow.providers.docker.operators.docker.DockerOperator","filename":"docker.py","lineno":71}
{"timestamp":"2026-05-19T22:26:26.271632Z","level":"info","event":"\tat org.apache.spark.sql.DataFrameReader.loadV1Source(DataFrameReader.scala:229)","logger":"airflow.task.operators.airflow.providers.docker.operators.docker.DockerOperator","filename":"docker.py","lineno":71}
{"timestamp":"2026-05-19T22:26:26.271691Z","level":"info","event":"\tat org.apache.spark.sql.DataFrameReader.$anonfun$load$2(DataFrameReader.scala:211)","logger":"airflow.task.operators.airflow.providers.docker.operators.docker.DockerOperator","filename":"docker.py","lineno":71}
{"timestamp":"2026-05-19T22:26:26.271740Z","level":"info","event":"\tat scala.Option.getOrElse(Option.scala:189)","logger":"airflow.task.operators.airflow.providers.docker.operators.docker.DockerOperator","filename":"docker.py","lineno":71}
{"timestamp":"2026-05-19T22:26:26.271793Z","level":"info","event":"\tat org.apache.spark.sql.DataFrameReader.load(DataFrameReader.scala:211)","logger":"airflow.task.operators.airflow.providers.docker.operators.docker.DockerOperator","filename":"docker.py","lineno":71}
{"timestamp":"2026-05-19T22:26:26.271848Z","level":"info","event":"\tat org.apache.spark.sql.DataFrameReader.load(DataFrameReader.scala:186)","logger":"airflow.task.operators.airflow.providers.docker.operators.docker.DockerOperator","filename":"docker.py","lineno":71}
{"timestamp":"2026-05-19T22:26:26.271938Z","level":"info","event":"\tat java.base/jdk.internal.reflect.NativeMethodAccessorImpl.invoke0(Native Method)","logger":"airflow.task.operators.airflow.providers.docker.operators.docker.DockerOperator","filename":"docker.py","lineno":71}
{"timestamp":"2026-05-19T22:26:26.271988Z","level":"info","event":"\tat java.base/jdk.internal.reflect.NativeMethodAccessorImpl.invoke(Unknown Source)","logger":"airflow.task.operators.airflow.providers.docker.operators.docker.DockerOperator","filename":"docker.py","lineno":71}
{"timestamp":"2026-05-19T22:26:26.272034Z","level":"info","event":"\tat java.base/jdk.internal.reflect.DelegatingMethodAccessorImpl.invoke(Unknown Source)","logger":"airflow.task.operators.airflow.providers.docker.operators.docker.DockerOperator","filename":"docker.py","lineno":71}
{"timestamp":"2026-05-19T22:26:26.272094Z","level":"info","event":"\tat java.base/java.lang.reflect.Method.invoke(Unknown Source)","logger":"airflow.task.operators.airflow.providers.docker.operators.docker.DockerOperator","filename":"docker.py","lineno":71}
{"timestamp":"2026-05-19T22:26:26.272148Z","level":"info","event":"\tat py4j.reflection.MethodInvoker.invoke(MethodInvoker.java:244)","logger":"airflow.task.operators.airflow.providers.docker.operators.docker.DockerOperator","filename":"docker.py","lineno":71}
{"timestamp":"2026-05-19T22:26:26.272245Z","level":"info","event":"\tat py4j.reflection.ReflectionEngine.invoke(ReflectionEngine.java:374)","logger":"airflow.task.operators.airflow.providers.docker.operators.docker.DockerOperator","filename":"docker.py","lineno":71}
{"timestamp":"2026-05-19T22:26:26.272301Z","level":"info","event":"\tat py4j.Gateway.invoke(Gateway.java:282)","logger":"airflow.task.operators.airflow.providers.docker.operators.docker.DockerOperator","filename":"docker.py","lineno":71}
{"timestamp":"2026-05-19T22:26:26.272362Z","level":"info","event":"\tat py4j.commands.AbstractCommand.invokeMethod(AbstractCommand.java:132)","logger":"airflow.task.operators.airflow.providers.docker.operators.docker.DockerOperator","filename":"docker.py","lineno":71}
{"timestamp":"2026-05-19T22:26:26.272413Z","level":"info","event":"\tat py4j.commands.CallCommand.execute(CallCommand.java:79)","logger":"airflow.task.operators.airflow.providers.docker.operators.docker.DockerOperator","filename":"docker.py","lineno":71}
{"timestamp":"2026-05-19T22:26:26.272458Z","level":"info","event":"\tat py4j.ClientServerConnection.waitForCommands(ClientServerConnection.java:182)","logger":"airflow.task.operators.airflow.providers.docker.operators.docker.DockerOperator","filename":"docker.py","lineno":71}
{"timestamp":"2026-05-19T22:26:26.272514Z","level":"info","event":"\tat py4j.ClientServerConnection.run(ClientServerConnection.java:106)","logger":"airflow.task.operators.airflow.providers.docker.operators.docker.DockerOperator","filename":"docker.py","lineno":71}
{"timestamp":"2026-05-19T22:26:26.272560Z","level":"info","event":"\tat java.base/java.lang.Thread.run(Unknown Source)","logger":"airflow.task.operators.airflow.providers.docker.operators.docker.DockerOperator","filename":"docker.py","lineno":71}
{"timestamp":"2026-05-19T22:26:26.272603Z","level":"info","event":"Caused by: java.lang.ClassNotFoundException: Class org.apache.hadoop.fs.s3a.S3AFileSystem not found","logger":"airflow.task.operators.airflow.providers.docker.operators.docker.DockerOperator","filename":"docker.py","lineno":71}
{"timestamp":"2026-05-19T22:26:26.272650Z","level":"info","event":"\tat org.apache.hadoop.conf.Configuration.getClassByName(Configuration.java:2592)","logger":"airflow.task.operators.airflow.providers.docker.operators.docker.DockerOperator","filename":"docker.py","lineno":71}
{"timestamp":"2026-05-19T22:26:26.272703Z","level":"info","event":"\tat org.apache.hadoop.conf.Configuration.getClass(Configuration.java:2686)","logger":"airflow.task.operators.airflow.providers.docker.operators.docker.DockerOperator","filename":"docker.py","lineno":71}
{"timestamp":"2026-05-19T22:26:26.272754Z","level":"info","event":"\t... 29 more","logger":"airflow.task.operators.airflow.providers.docker.operators.docker.DockerOperator","filename":"docker.py","lineno":71}
{"timestamp":"2026-05-19T22:26:26.272797Z","level":"info","event":"","logger":"airflow.task.operators.airflow.providers.docker.operators.docker.DockerOperator","filename":"docker.py","lineno":71}
{"timestamp":"2026-05-19T22:26:26.283548Z","level":"info","event":"2026-05-19 22:26:26,280 - ERROR - Error processing table sales.currencyrate: An error occurred while calling o58.load.","logger":"airflow.task.operators.airflow.providers.docker.operators.docker.DockerOperator","filename":"docker.py","lineno":71}
{"timestamp":"2026-05-19T22:26:26.283750Z","level":"info","event":": java.lang.RuntimeException: java.lang.ClassNotFoundException: Class org.apache.hadoop.fs.s3a.S3AFileSystem not found","logger":"airflow.task.operators.airflow.providers.docker.operators.docker.DockerOperator","filename":"docker.py","lineno":71}
{"timestamp":"2026-05-19T22:26:26.283818Z","level":"info","event":"\tat org.apache.hadoop.conf.Configuration.getClass(Configuration.java:2688)","logger":"airflow.task.operators.airflow.providers.docker.operators.docker.DockerOperator","filename":"docker.py","lineno":71}
{"timestamp":"2026-05-19T22:26:26.283891Z","level":"info","event":"\tat org.apache.hadoop.fs.FileSystem.getFileSystemClass(FileSystem.java:3431)","logger":"airflow.task.operators.airflow.providers.docker.operators.docker.DockerOperator","filename":"docker.py","lineno":71}
{"timestamp":"2026-05-19T22:26:26.284627Z","level":"info","event":"\tat org.apache.hadoop.fs.FileSystem.createFileSystem(FileSystem.java:3466)","logger":"airflow.task.operators.airflow.providers.docker.operators.docker.DockerOperator","filename":"docker.py","lineno":71}
{"timestamp":"2026-05-19T22:26:26.284698Z","level":"info","event":"\tat org.apache.hadoop.fs.FileSystem.access$300(FileSystem.java:174)","logger":"airflow.task.operators.airflow.providers.docker.operators.docker.DockerOperator","filename":"docker.py","lineno":71}
{"timestamp":"2026-05-19T22:26:26.284765Z","level":"info","event":"\tat org.apache.hadoop.fs.FileSystem$Cache.getInternal(FileSystem.java:3574)","logger":"airflow.task.operators.airflow.providers.docker.operators.docker.DockerOperator","filename":"docker.py","lineno":71}
{"timestamp":"2026-05-19T22:26:26.284829Z","level":"info","event":"\tat org.apache.hadoop.fs.FileSystem$Cache.get(FileSystem.java:3521)","logger":"airflow.task.operators.airflow.providers.docker.operators.docker.DockerOperator","filename":"docker.py","lineno":71}
{"timestamp":"2026-05-19T22:26:26.284894Z","level":"info","event":"\tat org.apache.hadoop.fs.FileSystem.get(FileSystem.java:540)","logger":"airflow.task.operators.airflow.providers.docker.operators.docker.DockerOperator","filename":"docker.py","lineno":71}
{"timestamp":"2026-05-19T22:26:26.284992Z","level":"info","event":"\tat org.apache.hadoop.fs.Path.getFileSystem(Path.java:365)","logger":"airflow.task.operators.airflow.providers.docker.operators.docker.DockerOperator","filename":"docker.py","lineno":71}
{"timestamp":"2026-05-19T22:26:26.285054Z","level":"info","event":"\tat org.apache.spark.sql.execution.datasources.DataSource$.$anonfun$checkAndGlobPathIfNecessary$1(DataSource.scala:724)","logger":"airflow.task.operators.airflow.providers.docker.operators.docker.DockerOperator","filename":"docker.py","lineno":71}
{"timestamp":"2026-05-19T22:26:26.285115Z","level":"info","event":"\tat scala.collection.immutable.List.map(List.scala:293)","logger":"airflow.task.operators.airflow.providers.docker.operators.docker.DockerOperator","filename":"docker.py","lineno":71}
{"timestamp":"2026-05-19T22:26:26.285169Z","level":"info","event":"\tat org.apache.spark.sql.execution.datasources.DataSource$.checkAndGlobPathIfNecessary(DataSource.scala:722)","logger":"airflow.task.operators.airflow.providers.docker.operators.docker.DockerOperator","filename":"docker.py","lineno":71}
{"timestamp":"2026-05-19T22:26:26.285224Z","level":"info","event":"\tat org.apache.spark.sql.execution.datasources.DataSource.checkAndGlobPathIfNecessary(DataSource.scala:551)","logger":"airflow.task.operators.airflow.providers.docker.operators.docker.DockerOperator","filename":"docker.py","lineno":71}
{"timestamp":"2026-05-19T22:26:26.285285Z","level":"info","event":"\tat org.apache.spark.sql.execution.datasources.DataSource.resolveRelation(DataSource.scala:404)","logger":"airflow.task.operators.airflow.providers.docker.operators.docker.DockerOperator","filename":"docker.py","lineno":71}
{"timestamp":"2026-05-19T22:26:26.285342Z","level":"info","event":"\tat org.apache.spark.sql.DataFrameReader.loadV1Source(DataFrameReader.scala:229)","logger":"airflow.task.operators.airflow.providers.docker.operators.docker.DockerOperator","filename":"docker.py","lineno":71}
{"timestamp":"2026-05-19T22:26:26.285401Z","level":"info","event":"\tat org.apache.spark.sql.DataFrameReader.$anonfun$load$2(DataFrameReader.scala:211)","logger":"airflow.task.operators.airflow.providers.docker.operators.docker.DockerOperator","filename":"docker.py","lineno":71}
{"timestamp":"2026-05-19T22:26:26.285464Z","level":"info","event":"\tat scala.Option.getOrElse(Option.scala:189)","logger":"airflow.task.operators.airflow.providers.docker.operators.docker.DockerOperator","filename":"docker.py","lineno":71}
{"timestamp":"2026-05-19T22:26:26.285530Z","level":"info","event":"\tat org.apache.spark.sql.DataFrameReader.load(DataFrameReader.scala:211)","logger":"airflow.task.operators.airflow.providers.docker.operators.docker.DockerOperator","filename":"docker.py","lineno":71}
{"timestamp":"2026-05-19T22:26:26.285592Z","level":"info","event":"\tat org.apache.spark.sql.DataFrameReader.load(DataFrameReader.scala:186)","logger":"airflow.task.operators.airflow.providers.docker.operators.docker.DockerOperator","filename":"docker.py","lineno":71}
{"timestamp":"2026-05-19T22:26:26.285651Z","level":"info","event":"\tat java.base/jdk.internal.reflect.NativeMethodAccessorImpl.invoke0(Native Method)","logger":"airflow.task.operators.airflow.providers.docker.operators.docker.DockerOperator","filename":"docker.py","lineno":71}
{"timestamp":"2026-05-19T22:26:26.285709Z","level":"info","event":"\tat java.base/jdk.internal.reflect.NativeMethodAccessorImpl.invoke(Unknown Source)","logger":"airflow.task.operators.airflow.providers.docker.operators.docker.DockerOperator","filename":"docker.py","lineno":71}
{"timestamp":"2026-05-19T22:26:26.285770Z","level":"info","event":"\tat java.base/jdk.internal.reflect.DelegatingMethodAccessorImpl.invoke(Unknown Source)","logger":"airflow.task.operators.airflow.providers.docker.operators.docker.DockerOperator","filename":"docker.py","lineno":71}
{"timestamp":"2026-05-19T22:26:26.285834Z","level":"info","event":"\tat java.base/java.lang.reflect.Method.invoke(Unknown Source)","logger":"airflow.task.operators.airflow.providers.docker.operators.docker.DockerOperator","filename":"docker.py","lineno":71}
{"timestamp":"2026-05-19T22:26:26.285928Z","level":"info","event":"\tat py4j.reflection.MethodInvoker.invoke(MethodInvoker.java:244)","logger":"airflow.task.operators.airflow.providers.docker.operators.docker.DockerOperator","filename":"docker.py","lineno":71}
{"timestamp":"2026-05-19T22:26:26.285995Z","level":"info","event":"\tat py4j.reflection.ReflectionEngine.invoke(ReflectionEngine.java:374)","logger":"airflow.task.operators.airflow.providers.docker.operators.docker.DockerOperator","filename":"docker.py","lineno":71}
{"timestamp":"2026-05-19T22:26:26.286051Z","level":"info","event":"\tat py4j.Gateway.invoke(Gateway.java:282)","logger":"airflow.task.operators.airflow.providers.docker.operators.docker.DockerOperator","filename":"docker.py","lineno":71}
{"timestamp":"2026-05-19T22:26:26.286104Z","level":"info","event":"\tat py4j.commands.AbstractCommand.invokeMethod(AbstractCommand.java:132)","logger":"airflow.task.operators.airflow.providers.docker.operators.docker.DockerOperator","filename":"docker.py","lineno":71}
{"timestamp":"2026-05-19T22:26:26.286157Z","level":"info","event":"\tat py4j.commands.CallCommand.execute(CallCommand.java:79)","logger":"airflow.task.operators.airflow.providers.docker.operators.docker.DockerOperator","filename":"docker.py","lineno":71}
{"timestamp":"2026-05-19T22:26:26.286212Z","level":"info","event":"\tat py4j.ClientServerConnection.waitForCommands(ClientServerConnection.java:182)","logger":"airflow.task.operators.airflow.providers.docker.operators.docker.DockerOperator","filename":"docker.py","lineno":71}
{"timestamp":"2026-05-19T22:26:26.286275Z","level":"info","event":"\tat py4j.ClientServerConnection.run(ClientServerConnection.java:106)","logger":"airflow.task.operators.airflow.providers.docker.operators.docker.DockerOperator","filename":"docker.py","lineno":71}
{"timestamp":"2026-05-19T22:26:26.286340Z","level":"info","event":"\tat java.base/java.lang.Thread.run(Unknown Source)","logger":"airflow.task.operators.airflow.providers.docker.operators.docker.DockerOperator","filename":"docker.py","lineno":71}
{"timestamp":"2026-05-19T22:26:26.286403Z","level":"info","event":"Caused by: java.lang.ClassNotFoundException: Class org.apache.hadoop.fs.s3a.S3AFileSystem not found","logger":"airflow.task.operators.airflow.providers.docker.operators.docker.DockerOperator","filename":"docker.py","lineno":71}
{"timestamp":"2026-05-19T22:26:26.286468Z","level":"info","event":"\tat org.apache.hadoop.conf.Configuration.getClassByName(Configuration.java:2592)","logger":"airflow.task.operators.airflow.providers.docker.operators.docker.DockerOperator","filename":"docker.py","lineno":71}
{"timestamp":"2026-05-19T22:26:26.286524Z","level":"info","event":"\tat org.apache.hadoop.conf.Configuration.getClass(Configuration.java:2686)","logger":"airflow.task.operators.airflow.providers.docker.operators.docker.DockerOperator","filename":"docker.py","lineno":71}
{"timestamp":"2026-05-19T22:26:26.286578Z","level":"info","event":"\t... 29 more","logger":"airflow.task.operators.airflow.providers.docker.operators.docker.DockerOperator","filename":"docker.py","lineno":71}
{"timestamp":"2026-05-19T22:26:26.286632Z","level":"info","event":"","logger":"airflow.task.operators.airflow.providers.docker.operators.docker.DockerOperator","filename":"docker.py","lineno":71}
{"timestamp":"2026-05-19T22:26:26.299376Z","level":"info","event":"26/05/19 22:26:26 WARN FileStreamSink: Assume no metadata directory. Error while looking for metadata directory in the path: s3a://landing/adventureworks/sales_salesorderheadersalesreason.","logger":"airflow.task.operators.airflow.providers.docker.operators.docker.DockerOperator","filename":"docker.py","lineno":71}
{"timestamp":"2026-05-19T22:26:26.300598Z","level":"info","event":"java.lang.RuntimeException: java.lang.ClassNotFoundException: Class org.apache.hadoop.fs.s3a.S3AFileSystem not found","logger":"airflow.task.operators.airflow.providers.docker.operators.docker.DockerOperator","filename":"docker.py","lineno":71}
{"timestamp":"2026-05-19T22:26:26.300722Z","level":"info","event":"\tat org.apache.hadoop.conf.Configuration.getClass(Configuration.java:2688)","logger":"airflow.task.operators.airflow.providers.docker.operators.docker.DockerOperator","filename":"docker.py","lineno":71}
{"timestamp":"2026-05-19T22:26:26.300797Z","level":"info","event":"\tat org.apache.hadoop.fs.FileSystem.getFileSystemClass(FileSystem.java:3431)","logger":"airflow.task.operators.airflow.providers.docker.operators.docker.DockerOperator","filename":"docker.py","lineno":71}
{"timestamp":"2026-05-19T22:26:26.300870Z","level":"info","event":"\tat org.apache.hadoop.fs.FileSystem.createFileSystem(FileSystem.java:3466)","logger":"airflow.task.operators.airflow.providers.docker.operators.docker.DockerOperator","filename":"docker.py","lineno":71}
{"timestamp":"2026-05-19T22:26:26.300969Z","level":"info","event":"\tat org.apache.hadoop.fs.FileSystem.access$300(FileSystem.java:174)","logger":"airflow.task.operators.airflow.providers.docker.operators.docker.DockerOperator","filename":"docker.py","lineno":71}
{"timestamp":"2026-05-19T22:26:26.301032Z","level":"info","event":"\tat org.apache.hadoop.fs.FileSystem$Cache.getInternal(FileSystem.java:3574)","logger":"airflow.task.operators.airflow.providers.docker.operators.docker.DockerOperator","filename":"docker.py","lineno":71}
{"timestamp":"2026-05-19T22:26:26.301093Z","level":"info","event":"\tat org.apache.hadoop.fs.FileSystem$Cache.get(FileSystem.java:3521)","logger":"airflow.task.operators.airflow.providers.docker.operators.docker.DockerOperator","filename":"docker.py","lineno":71}
{"timestamp":"2026-05-19T22:26:26.301161Z","level":"info","event":"\tat org.apache.hadoop.fs.FileSystem.get(FileSystem.java:540)","logger":"airflow.task.operators.airflow.providers.docker.operators.docker.DockerOperator","filename":"docker.py","lineno":71}
{"timestamp":"2026-05-19T22:26:26.303047Z","level":"info","event":"\tat org.apache.hadoop.fs.Path.getFileSystem(Path.java:365)","logger":"airflow.task.operators.airflow.providers.docker.operators.docker.DockerOperator","filename":"docker.py","lineno":71}
{"timestamp":"2026-05-19T22:26:26.303157Z","level":"info","event":"\tat org.apache.spark.sql.execution.streaming.FileStreamSink$.hasMetadata(FileStreamSink.scala:53)","logger":"airflow.task.operators.airflow.providers.docker.operators.docker.DockerOperator","filename":"docker.py","lineno":71}
{"timestamp":"2026-05-19T22:26:26.303215Z","level":"info","event":"\tat org.apache.spark.sql.execution.datasources.DataSource.resolveRelation(DataSource.scala:366)","logger":"airflow.task.operators.airflow.providers.docker.operators.docker.DockerOperator","filename":"docker.py","lineno":71}
{"timestamp":"2026-05-19T22:26:26.303264Z","level":"info","event":"\tat org.apache.spark.sql.DataFrameReader.loadV1Source(DataFrameReader.scala:229)","logger":"airflow.task.operators.airflow.providers.docker.operators.docker.DockerOperator","filename":"docker.py","lineno":71}
{"timestamp":"2026-05-19T22:26:26.303310Z","level":"info","event":"\tat org.apache.spark.sql.DataFrameReader.$anonfun$load$2(DataFrameReader.scala:211)","logger":"airflow.task.operators.airflow.providers.docker.operators.docker.DockerOperator","filename":"docker.py","lineno":71}
{"timestamp":"2026-05-19T22:26:26.303353Z","level":"info","event":"\tat scala.Option.getOrElse(Option.scala:189)","logger":"airflow.task.operators.airflow.providers.docker.operators.docker.DockerOperator","filename":"docker.py","lineno":71}
{"timestamp":"2026-05-19T22:26:26.303394Z","level":"info","event":"\tat org.apache.spark.sql.DataFrameReader.load(DataFrameReader.scala:211)","logger":"airflow.task.operators.airflow.providers.docker.operators.docker.DockerOperator","filename":"docker.py","lineno":71}
{"timestamp":"2026-05-19T22:26:26.303439Z","level":"info","event":"\tat org.apache.spark.sql.DataFrameReader.load(DataFrameReader.scala:186)","logger":"airflow.task.operators.airflow.providers.docker.operators.docker.DockerOperator","filename":"docker.py","lineno":71}
{"timestamp":"2026-05-19T22:26:26.303496Z","level":"info","event":"\tat java.base/jdk.internal.reflect.NativeMethodAccessorImpl.invoke0(Native Method)","logger":"airflow.task.operators.airflow.providers.docker.operators.docker.DockerOperator","filename":"docker.py","lineno":71}
{"timestamp":"2026-05-19T22:26:26.303539Z","level":"info","event":"\tat java.base/jdk.internal.reflect.NativeMethodAccessorImpl.invoke(Unknown Source)","logger":"airflow.task.operators.airflow.providers.docker.operators.docker.DockerOperator","filename":"docker.py","lineno":71}
{"timestamp":"2026-05-19T22:26:26.303579Z","level":"info","event":"\tat java.base/jdk.internal.reflect.DelegatingMethodAccessorImpl.invoke(Unknown Source)","logger":"airflow.task.operators.airflow.providers.docker.operators.docker.DockerOperator","filename":"docker.py","lineno":71}
{"timestamp":"2026-05-19T22:26:26.303621Z","level":"info","event":"\tat java.base/java.lang.reflect.Method.invoke(Unknown Source)","logger":"airflow.task.operators.airflow.providers.docker.operators.docker.DockerOperator","filename":"docker.py","lineno":71}
{"timestamp":"2026-05-19T22:26:26.303662Z","level":"info","event":"\tat py4j.reflection.MethodInvoker.invoke(MethodInvoker.java:244)","logger":"airflow.task.operators.airflow.providers.docker.operators.docker.DockerOperator","filename":"docker.py","lineno":71}
{"timestamp":"2026-05-19T22:26:26.303704Z","level":"info","event":"\tat py4j.reflection.ReflectionEngine.invoke(ReflectionEngine.java:374)","logger":"airflow.task.operators.airflow.providers.docker.operators.docker.DockerOperator","filename":"docker.py","lineno":71}
{"timestamp":"2026-05-19T22:26:26.303744Z","level":"info","event":"\tat py4j.Gateway.invoke(Gateway.java:282)","logger":"airflow.task.operators.airflow.providers.docker.operators.docker.DockerOperator","filename":"docker.py","lineno":71}
{"timestamp":"2026-05-19T22:26:26.303784Z","level":"info","event":"\tat py4j.commands.AbstractCommand.invokeMethod(AbstractCommand.java:132)","logger":"airflow.task.operators.airflow.providers.docker.operators.docker.DockerOperator","filename":"docker.py","lineno":71}
{"timestamp":"2026-05-19T22:26:26.303824Z","level":"info","event":"\tat py4j.commands.CallCommand.execute(CallCommand.java:79)","logger":"airflow.task.operators.airflow.providers.docker.operators.docker.DockerOperator","filename":"docker.py","lineno":71}
{"timestamp":"2026-05-19T22:26:26.303864Z","level":"info","event":"\tat py4j.ClientServerConnection.waitForCommands(ClientServerConnection.java:182)","logger":"airflow.task.operators.airflow.providers.docker.operators.docker.DockerOperator","filename":"docker.py","lineno":71}
{"timestamp":"2026-05-19T22:26:26.303933Z","level":"info","event":"\tat py4j.ClientServerConnection.run(ClientServerConnection.java:106)","logger":"airflow.task.operators.airflow.providers.docker.operators.docker.DockerOperator","filename":"docker.py","lineno":71}
{"timestamp":"2026-05-19T22:26:26.303983Z","level":"info","event":"\tat java.base/java.lang.Thread.run(Unknown Source)","logger":"airflow.task.operators.airflow.providers.docker.operators.docker.DockerOperator","filename":"docker.py","lineno":71}
{"timestamp":"2026-05-19T22:26:26.304028Z","level":"info","event":"Caused by: java.lang.ClassNotFoundException: Class org.apache.hadoop.fs.s3a.S3AFileSystem not found","logger":"airflow.task.operators.airflow.providers.docker.operators.docker.DockerOperator","filename":"docker.py","lineno":71}
{"timestamp":"2026-05-19T22:26:26.304068Z","level":"info","event":"\tat org.apache.hadoop.conf.Configuration.getClassByName(Configuration.java:2592)","logger":"airflow.task.operators.airflow.providers.docker.operators.docker.DockerOperator","filename":"docker.py","lineno":71}
{"timestamp":"2026-05-19T22:26:26.304107Z","level":"info","event":"\tat org.apache.hadoop.conf.Configuration.getClass(Configuration.java:2686)","logger":"airflow.task.operators.airflow.providers.docker.operators.docker.DockerOperator","filename":"docker.py","lineno":71}
{"timestamp":"2026-05-19T22:26:26.304147Z","level":"info","event":"\t... 26 more","logger":"airflow.task.operators.airflow.providers.docker.operators.docker.DockerOperator","filename":"docker.py","lineno":71}
{"timestamp":"2026-05-19T22:26:26.304277Z","level":"info","event":"2026-05-19 22:26:26,300 - ERROR - Error processing table sales.currency: An error occurred while calling o55.load.","logger":"airflow.task.operators.airflow.providers.docker.operators.docker.DockerOperator","filename":"docker.py","lineno":71}
{"timestamp":"2026-05-19T22:26:26.304333Z","level":"info","event":": java.lang.RuntimeException: java.lang.ClassNotFoundException: Class org.apache.hadoop.fs.s3a.S3AFileSystem not found","logger":"airflow.task.operators.airflow.providers.docker.operators.docker.DockerOperator","filename":"docker.py","lineno":71}
{"timestamp":"2026-05-19T22:26:26.304378Z","level":"info","event":"\tat org.apache.hadoop.conf.Configuration.getClass(Configuration.java:2688)","logger":"airflow.task.operators.airflow.providers.docker.operators.docker.DockerOperator","filename":"docker.py","lineno":71}
{"timestamp":"2026-05-19T22:26:26.304421Z","level":"info","event":"\tat org.apache.hadoop.fs.FileSystem.getFileSystemClass(FileSystem.java:3431)","logger":"airflow.task.operators.airflow.providers.docker.operators.docker.DockerOperator","filename":"docker.py","lineno":71}
{"timestamp":"2026-05-19T22:26:26.304474Z","level":"info","event":"\tat org.apache.hadoop.fs.FileSystem.createFileSystem(FileSystem.java:3466)","logger":"airflow.task.operators.airflow.providers.docker.operators.docker.DockerOperator","filename":"docker.py","lineno":71}
{"timestamp":"2026-05-19T22:26:26.304519Z","level":"info","event":"\tat org.apache.hadoop.fs.FileSystem.access$300(FileSystem.java:174)","logger":"airflow.task.operators.airflow.providers.docker.operators.docker.DockerOperator","filename":"docker.py","lineno":71}
{"timestamp":"2026-05-19T22:26:26.304561Z","level":"info","event":"\tat org.apache.hadoop.fs.FileSystem$Cache.getInternal(FileSystem.java:3574)","logger":"airflow.task.operators.airflow.providers.docker.operators.docker.DockerOperator","filename":"docker.py","lineno":71}
{"timestamp":"2026-05-19T22:26:26.304602Z","level":"info","event":"\tat org.apache.hadoop.fs.FileSystem$Cache.get(FileSystem.java:3521)","logger":"airflow.task.operators.airflow.providers.docker.operators.docker.DockerOperator","filename":"docker.py","lineno":71}
{"timestamp":"2026-05-19T22:26:26.304647Z","level":"info","event":"\tat org.apache.hadoop.fs.FileSystem.get(FileSystem.java:540)","logger":"airflow.task.operators.airflow.providers.docker.operators.docker.DockerOperator","filename":"docker.py","lineno":71}
{"timestamp":"2026-05-19T22:26:26.304687Z","level":"info","event":"\tat org.apache.hadoop.fs.Path.getFileSystem(Path.java:365)","logger":"airflow.task.operators.airflow.providers.docker.operators.docker.DockerOperator","filename":"docker.py","lineno":71}
{"timestamp":"2026-05-19T22:26:26.304726Z","level":"info","event":"\tat org.apache.spark.sql.execution.datasources.DataSource$.$anonfun$checkAndGlobPathIfNecessary$1(DataSource.scala:724)","logger":"airflow.task.operators.airflow.providers.docker.operators.docker.DockerOperator","filename":"docker.py","lineno":71}
{"timestamp":"2026-05-19T22:26:26.304766Z","level":"info","event":"\tat scala.collection.immutable.List.map(List.scala:293)","logger":"airflow.task.operators.airflow.providers.docker.operators.docker.DockerOperator","filename":"docker.py","lineno":71}
{"timestamp":"2026-05-19T22:26:26.304805Z","level":"info","event":"\tat org.apache.spark.sql.execution.datasources.DataSource$.checkAndGlobPathIfNecessary(DataSource.scala:722)","logger":"airflow.task.operators.airflow.providers.docker.operators.docker.DockerOperator","filename":"docker.py","lineno":71}
{"timestamp":"2026-05-19T22:26:26.304844Z","level":"info","event":"\tat org.apache.spark.sql.execution.datasources.DataSource.checkAndGlobPathIfNecessary(DataSource.scala:551)","logger":"airflow.task.operators.airflow.providers.docker.operators.docker.DockerOperator","filename":"docker.py","lineno":71}
{"timestamp":"2026-05-19T22:26:26.304884Z","level":"info","event":"\tat org.apache.spark.sql.execution.datasources.DataSource.resolveRelation(DataSource.scala:404)","logger":"airflow.task.operators.airflow.providers.docker.operators.docker.DockerOperator","filename":"docker.py","lineno":71}
{"timestamp":"2026-05-19T22:26:26.304949Z","level":"info","event":"\tat org.apache.spark.sql.DataFrameReader.loadV1Source(DataFrameReader.scala:229)","logger":"airflow.task.operators.airflow.providers.docker.operators.docker.DockerOperator","filename":"docker.py","lineno":71}
{"timestamp":"2026-05-19T22:26:26.304996Z","level":"info","event":"\tat org.apache.spark.sql.DataFrameReader.$anonfun$load$2(DataFrameReader.scala:211)","logger":"airflow.task.operators.airflow.providers.docker.operators.docker.DockerOperator","filename":"docker.py","lineno":71}
{"timestamp":"2026-05-19T22:26:26.305044Z","level":"info","event":"\tat scala.Option.getOrElse(Option.scala:189)","logger":"airflow.task.operators.airflow.providers.docker.operators.docker.DockerOperator","filename":"docker.py","lineno":71}
{"timestamp":"2026-05-19T22:26:26.305191Z","level":"info","event":"\tat org.apache.spark.sql.DataFrameReader.load(DataFrameReader.scala:211)","logger":"airflow.task.operators.airflow.providers.docker.operators.docker.DockerOperator","filename":"docker.py","lineno":71}
{"timestamp":"2026-05-19T22:26:26.305242Z","level":"info","event":"\tat org.apache.spark.sql.DataFrameReader.load(DataFrameReader.scala:186)","logger":"airflow.task.operators.airflow.providers.docker.operators.docker.DockerOperator","filename":"docker.py","lineno":71}
{"timestamp":"2026-05-19T22:26:26.305285Z","level":"info","event":"\tat java.base/jdk.internal.reflect.NativeMethodAccessorImpl.invoke0(Native Method)","logger":"airflow.task.operators.airflow.providers.docker.operators.docker.DockerOperator","filename":"docker.py","lineno":71}
{"timestamp":"2026-05-19T22:26:26.305327Z","level":"info","event":"\tat java.base/jdk.internal.reflect.NativeMethodAccessorImpl.invoke(Unknown Source)","logger":"airflow.task.operators.airflow.providers.docker.operators.docker.DockerOperator","filename":"docker.py","lineno":71}
{"timestamp":"2026-05-19T22:26:26.305368Z","level":"info","event":"\tat java.base/jdk.internal.reflect.DelegatingMethodAccessorImpl.invoke(Unknown Source)","logger":"airflow.task.operators.airflow.providers.docker.operators.docker.DockerOperator","filename":"docker.py","lineno":71}
{"timestamp":"2026-05-19T22:26:26.305409Z","level":"info","event":"\tat java.base/java.lang.reflect.Method.invoke(Unknown Source)","logger":"airflow.task.operators.airflow.providers.docker.operators.docker.DockerOperator","filename":"docker.py","lineno":71}
{"timestamp":"2026-05-19T22:26:26.305463Z","level":"info","event":"\tat py4j.reflection.MethodInvoker.invoke(MethodInvoker.java:244)","logger":"airflow.task.operators.airflow.providers.docker.operators.docker.DockerOperator","filename":"docker.py","lineno":71}
{"timestamp":"2026-05-19T22:26:26.305508Z","level":"info","event":"\tat py4j.reflection.ReflectionEngine.invoke(ReflectionEngine.java:374)","logger":"airflow.task.operators.airflow.providers.docker.operators.docker.DockerOperator","filename":"docker.py","lineno":71}
{"timestamp":"2026-05-19T22:26:26.305550Z","level":"info","event":"\tat py4j.Gateway.invoke(Gateway.java:282)","logger":"airflow.task.operators.airflow.providers.docker.operators.docker.DockerOperator","filename":"docker.py","lineno":71}
{"timestamp":"2026-05-19T22:26:26.305656Z","level":"info","event":"\tat py4j.commands.AbstractCommand.invokeMethod(AbstractCommand.java:132)","logger":"airflow.task.operators.airflow.providers.docker.operators.docker.DockerOperator","filename":"docker.py","lineno":71}
{"timestamp":"2026-05-19T22:26:26.305715Z","level":"info","event":"\tat py4j.commands.CallCommand.execute(CallCommand.java:79)","logger":"airflow.task.operators.airflow.providers.docker.operators.docker.DockerOperator","filename":"docker.py","lineno":71}
{"timestamp":"2026-05-19T22:26:26.305761Z","level":"info","event":"\tat py4j.ClientServerConnection.waitForCommands(ClientServerConnection.java:182)","logger":"airflow.task.operators.airflow.providers.docker.operators.docker.DockerOperator","filename":"docker.py","lineno":71}
{"timestamp":"2026-05-19T22:26:26.305803Z","level":"info","event":"\tat py4j.ClientServerConnection.run(ClientServerConnection.java:106)","logger":"airflow.task.operators.airflow.providers.docker.operators.docker.DockerOperator","filename":"docker.py","lineno":71}
{"timestamp":"2026-05-19T22:26:26.305847Z","level":"info","event":"\tat java.base/java.lang.Thread.run(Unknown Source)","logger":"airflow.task.operators.airflow.providers.docker.operators.docker.DockerOperator","filename":"docker.py","lineno":71}
{"timestamp":"2026-05-19T22:26:26.305954Z","level":"info","event":"Caused by: java.lang.ClassNotFoundException: Class org.apache.hadoop.fs.s3a.S3AFileSystem not found","logger":"airflow.task.operators.airflow.providers.docker.operators.docker.DockerOperator","filename":"docker.py","lineno":71}
{"timestamp":"2026-05-19T22:26:26.306091Z","level":"info","event":"\tat org.apache.hadoop.conf.Configuration.getClassByName(Configuration.java:2592)","logger":"airflow.task.operators.airflow.providers.docker.operators.docker.DockerOperator","filename":"docker.py","lineno":71}
{"timestamp":"2026-05-19T22:26:26.306140Z","level":"info","event":"\tat org.apache.hadoop.conf.Configuration.getClass(Configuration.java:2686)","logger":"airflow.task.operators.airflow.providers.docker.operators.docker.DockerOperator","filename":"docker.py","lineno":71}
{"timestamp":"2026-05-19T22:26:26.306185Z","level":"info","event":"\t... 29 more","logger":"airflow.task.operators.airflow.providers.docker.operators.docker.DockerOperator","filename":"docker.py","lineno":71}
{"timestamp":"2026-05-19T22:26:26.306226Z","level":"info","event":"","logger":"airflow.task.operators.airflow.providers.docker.operators.docker.DockerOperator","filename":"docker.py","lineno":71}
{"timestamp":"2026-05-19T22:26:26.314795Z","level":"info","event":"26/05/19 22:26:26 WARN FileStreamSink: Assume no metadata directory. Error while looking for metadata directory in the path: s3a://landing/adventureworks/sales_salesperson.","logger":"airflow.task.operators.airflow.providers.docker.operators.docker.DockerOperator","filename":"docker.py","lineno":71}
{"timestamp":"2026-05-19T22:26:26.314998Z","level":"info","event":"java.lang.RuntimeException: java.lang.ClassNotFoundException: Class org.apache.hadoop.fs.s3a.S3AFileSystem not found","logger":"airflow.task.operators.airflow.providers.docker.operators.docker.DockerOperator","filename":"docker.py","lineno":71}
{"timestamp":"2026-05-19T22:26:26.315077Z","level":"info","event":"\tat org.apache.hadoop.conf.Configuration.getClass(Configuration.java:2688)","logger":"airflow.task.operators.airflow.providers.docker.operators.docker.DockerOperator","filename":"docker.py","lineno":71}
{"timestamp":"2026-05-19T22:26:26.315148Z","level":"info","event":"\tat org.apache.hadoop.fs.FileSystem.getFileSystemClass(FileSystem.java:3431)","logger":"airflow.task.operators.airflow.providers.docker.operators.docker.DockerOperator","filename":"docker.py","lineno":71}
{"timestamp":"2026-05-19T22:26:26.315205Z","level":"info","event":"\tat org.apache.hadoop.fs.FileSystem.createFileSystem(FileSystem.java:3466)","logger":"airflow.task.operators.airflow.providers.docker.operators.docker.DockerOperator","filename":"docker.py","lineno":71}
{"timestamp":"2026-05-19T22:26:26.315266Z","level":"info","event":"\tat org.apache.hadoop.fs.FileSystem.access$300(FileSystem.java:174)","logger":"airflow.task.operators.airflow.providers.docker.operators.docker.DockerOperator","filename":"docker.py","lineno":71}
{"timestamp":"2026-05-19T22:26:26.315333Z","level":"info","event":"\tat org.apache.hadoop.fs.FileSystem$Cache.getInternal(FileSystem.java:3574)","logger":"airflow.task.operators.airflow.providers.docker.operators.docker.DockerOperator","filename":"docker.py","lineno":71}
{"timestamp":"2026-05-19T22:26:26.315401Z","level":"info","event":"\tat org.apache.hadoop.fs.FileSystem$Cache.get(FileSystem.java:3521)","logger":"airflow.task.operators.airflow.providers.docker.operators.docker.DockerOperator","filename":"docker.py","lineno":71}
{"timestamp":"2026-05-19T22:26:26.315467Z","level":"info","event":"\tat org.apache.hadoop.fs.FileSystem.get(FileSystem.java:540)","logger":"airflow.task.operators.airflow.providers.docker.operators.docker.DockerOperator","filename":"docker.py","lineno":71}
{"timestamp":"2026-05-19T22:26:26.315538Z","level":"info","event":"\tat org.apache.hadoop.fs.Path.getFileSystem(Path.java:365)","logger":"airflow.task.operators.airflow.providers.docker.operators.docker.DockerOperator","filename":"docker.py","lineno":71}
{"timestamp":"2026-05-19T22:26:26.315595Z","level":"info","event":"\tat org.apache.spark.sql.execution.streaming.FileStreamSink$.hasMetadata(FileStreamSink.scala:53)","logger":"airflow.task.operators.airflow.providers.docker.operators.docker.DockerOperator","filename":"docker.py","lineno":71}
{"timestamp":"2026-05-19T22:26:26.315655Z","level":"info","event":"\tat org.apache.spark.sql.execution.datasources.DataSource.resolveRelation(DataSource.scala:366)","logger":"airflow.task.operators.airflow.providers.docker.operators.docker.DockerOperator","filename":"docker.py","lineno":71}
{"timestamp":"2026-05-19T22:26:26.315715Z","level":"info","event":"\tat org.apache.spark.sql.DataFrameReader.loadV1Source(DataFrameReader.scala:229)","logger":"airflow.task.operators.airflow.providers.docker.operators.docker.DockerOperator","filename":"docker.py","lineno":71}
{"timestamp":"2026-05-19T22:26:26.315776Z","level":"info","event":"\tat org.apache.spark.sql.DataFrameReader.$anonfun$load$2(DataFrameReader.scala:211)","logger":"airflow.task.operators.airflow.providers.docker.operators.docker.DockerOperator","filename":"docker.py","lineno":71}
{"timestamp":"2026-05-19T22:26:26.315837Z","level":"info","event":"\tat scala.Option.getOrElse(Option.scala:189)","logger":"airflow.task.operators.airflow.providers.docker.operators.docker.DockerOperator","filename":"docker.py","lineno":71}
{"timestamp":"2026-05-19T22:26:26.315917Z","level":"info","event":"\tat org.apache.spark.sql.DataFrameReader.load(DataFrameReader.scala:211)","logger":"airflow.task.operators.airflow.providers.docker.operators.docker.DockerOperator","filename":"docker.py","lineno":71}
{"timestamp":"2026-05-19T22:26:26.315979Z","level":"info","event":"\tat org.apache.spark.sql.DataFrameReader.load(DataFrameReader.scala:186)","logger":"airflow.task.operators.airflow.providers.docker.operators.docker.DockerOperator","filename":"docker.py","lineno":71}
{"timestamp":"2026-05-19T22:26:26.316047Z","level":"info","event":"\tat java.base/jdk.internal.reflect.NativeMethodAccessorImpl.invoke0(Native Method)","logger":"airflow.task.operators.airflow.providers.docker.operators.docker.DockerOperator","filename":"docker.py","lineno":71}
{"timestamp":"2026-05-19T22:26:26.316111Z","level":"info","event":"\tat java.base/jdk.internal.reflect.NativeMethodAccessorImpl.invoke(Unknown Source)","logger":"airflow.task.operators.airflow.providers.docker.operators.docker.DockerOperator","filename":"docker.py","lineno":71}
{"timestamp":"2026-05-19T22:26:26.316172Z","level":"info","event":"\tat java.base/jdk.internal.reflect.DelegatingMethodAccessorImpl.invoke(Unknown Source)","logger":"airflow.task.operators.airflow.providers.docker.operators.docker.DockerOperator","filename":"docker.py","lineno":71}
{"timestamp":"2026-05-19T22:26:26.316232Z","level":"info","event":"\tat java.base/java.lang.reflect.Method.invoke(Unknown Source)","logger":"airflow.task.operators.airflow.providers.docker.operators.docker.DockerOperator","filename":"docker.py","lineno":71}
{"timestamp":"2026-05-19T22:26:26.316292Z","level":"info","event":"\tat py4j.reflection.MethodInvoker.invoke(MethodInvoker.java:244)","logger":"airflow.task.operators.airflow.providers.docker.operators.docker.DockerOperator","filename":"docker.py","lineno":71}
{"timestamp":"2026-05-19T22:26:26.316378Z","level":"info","event":"\tat py4j.reflection.ReflectionEngine.invoke(ReflectionEngine.java:374)","logger":"airflow.task.operators.airflow.providers.docker.operators.docker.DockerOperator","filename":"docker.py","lineno":71}
{"timestamp":"2026-05-19T22:26:26.316444Z","level":"info","event":"\tat py4j.Gateway.invoke(Gateway.java:282)","logger":"airflow.task.operators.airflow.providers.docker.operators.docker.DockerOperator","filename":"docker.py","lineno":71}
{"timestamp":"2026-05-19T22:26:26.316519Z","level":"info","event":"\tat py4j.commands.AbstractCommand.invokeMethod(AbstractCommand.java:132)","logger":"airflow.task.operators.airflow.providers.docker.operators.docker.DockerOperator","filename":"docker.py","lineno":71}
{"timestamp":"2026-05-19T22:26:26.316582Z","level":"info","event":"\tat py4j.commands.CallCommand.execute(CallCommand.java:79)","logger":"airflow.task.operators.airflow.providers.docker.operators.docker.DockerOperator","filename":"docker.py","lineno":71}
{"timestamp":"2026-05-19T22:26:26.316645Z","level":"info","event":"\tat py4j.ClientServerConnection.waitForCommands(ClientServerConnection.java:182)","logger":"airflow.task.operators.airflow.providers.docker.operators.docker.DockerOperator","filename":"docker.py","lineno":71}
{"timestamp":"2026-05-19T22:26:26.316706Z","level":"info","event":"\tat py4j.ClientServerConnection.run(ClientServerConnection.java:106)","logger":"airflow.task.operators.airflow.providers.docker.operators.docker.DockerOperator","filename":"docker.py","lineno":71}
{"timestamp":"2026-05-19T22:26:26.316768Z","level":"info","event":"\tat java.base/java.lang.Thread.run(Unknown Source)","logger":"airflow.task.operators.airflow.providers.docker.operators.docker.DockerOperator","filename":"docker.py","lineno":71}
{"timestamp":"2026-05-19T22:26:26.316829Z","level":"info","event":"Caused by: java.lang.ClassNotFoundException: Class org.apache.hadoop.fs.s3a.S3AFileSystem not found","logger":"airflow.task.operators.airflow.providers.docker.operators.docker.DockerOperator","filename":"docker.py","lineno":71}
{"timestamp":"2026-05-19T22:26:26.316892Z","level":"info","event":"\tat org.apache.hadoop.conf.Configuration.getClassByName(Configuration.java:2592)","logger":"airflow.task.operators.airflow.providers.docker.operators.docker.DockerOperator","filename":"docker.py","lineno":71}
{"timestamp":"2026-05-19T22:26:26.316974Z","level":"info","event":"\tat org.apache.hadoop.conf.Configuration.getClass(Configuration.java:2686)","logger":"airflow.task.operators.airflow.providers.docker.operators.docker.DockerOperator","filename":"docker.py","lineno":71}
{"timestamp":"2026-05-19T22:26:26.317038Z","level":"info","event":"\t... 26 more","logger":"airflow.task.operators.airflow.providers.docker.operators.docker.DockerOperator","filename":"docker.py","lineno":71}
{"timestamp":"2026-05-19T22:26:26.326105Z","level":"info","event":"26/05/19 22:26:26 WARN FileStreamSink: Assume no metadata directory. Error while looking for metadata directory in the path: s3a://landing/adventureworks/sales_salespersonquotahistory.","logger":"airflow.task.operators.airflow.providers.docker.operators.docker.DockerOperator","filename":"docker.py","lineno":71}
{"timestamp":"2026-05-19T22:26:26.326282Z","level":"info","event":"java.lang.RuntimeException: java.lang.ClassNotFoundException: Class org.apache.hadoop.fs.s3a.S3AFileSystem not found","logger":"airflow.task.operators.airflow.providers.docker.operators.docker.DockerOperator","filename":"docker.py","lineno":71}
{"timestamp":"2026-05-19T22:26:26.326358Z","level":"info","event":"\tat org.apache.hadoop.conf.Configuration.getClass(Configuration.java:2688)","logger":"airflow.task.operators.airflow.providers.docker.operators.docker.DockerOperator","filename":"docker.py","lineno":71}
{"timestamp":"2026-05-19T22:26:26.326421Z","level":"info","event":"\tat org.apache.hadoop.fs.FileSystem.getFileSystemClass(FileSystem.java:3431)","logger":"airflow.task.operators.airflow.providers.docker.operators.docker.DockerOperator","filename":"docker.py","lineno":71}
{"timestamp":"2026-05-19T22:26:26.326478Z","level":"info","event":"\tat org.apache.hadoop.fs.FileSystem.createFileSystem(FileSystem.java:3466)","logger":"airflow.task.operators.airflow.providers.docker.operators.docker.DockerOperator","filename":"docker.py","lineno":71}
{"timestamp":"2026-05-19T22:26:26.326554Z","level":"info","event":"\tat org.apache.hadoop.fs.FileSystem.access$300(FileSystem.java:174)","logger":"airflow.task.operators.airflow.providers.docker.operators.docker.DockerOperator","filename":"docker.py","lineno":71}
{"timestamp":"2026-05-19T22:26:26.326615Z","level":"info","event":"\tat org.apache.hadoop.fs.FileSystem$Cache.getInternal(FileSystem.java:3574)","logger":"airflow.task.operators.airflow.providers.docker.operators.docker.DockerOperator","filename":"docker.py","lineno":71}
{"timestamp":"2026-05-19T22:26:26.326676Z","level":"info","event":"\tat org.apache.hadoop.fs.FileSystem$Cache.get(FileSystem.java:3521)","logger":"airflow.task.operators.airflow.providers.docker.operators.docker.DockerOperator","filename":"docker.py","lineno":71}
{"timestamp":"2026-05-19T22:26:26.326729Z","level":"info","event":"\tat org.apache.hadoop.fs.FileSystem.get(FileSystem.java:540)","logger":"airflow.task.operators.airflow.providers.docker.operators.docker.DockerOperator","filename":"docker.py","lineno":71}
{"timestamp":"2026-05-19T22:26:26.326781Z","level":"info","event":"\tat org.apache.hadoop.fs.Path.getFileSystem(Path.java:365)","logger":"airflow.task.operators.airflow.providers.docker.operators.docker.DockerOperator","filename":"docker.py","lineno":71}
{"timestamp":"2026-05-19T22:26:26.326840Z","level":"info","event":"\tat org.apache.spark.sql.execution.streaming.FileStreamSink$.hasMetadata(FileStreamSink.scala:53)","logger":"airflow.task.operators.airflow.providers.docker.operators.docker.DockerOperator","filename":"docker.py","lineno":71}
{"timestamp":"2026-05-19T22:26:26.326942Z","level":"info","event":"\tat org.apache.spark.sql.execution.datasources.DataSource.resolveRelation(DataSource.scala:366)","logger":"airflow.task.operators.airflow.providers.docker.operators.docker.DockerOperator","filename":"docker.py","lineno":71}
{"timestamp":"2026-05-19T22:26:26.327025Z","level":"info","event":"\tat org.apache.spark.sql.DataFrameReader.loadV1Source(DataFrameReader.scala:229)","logger":"airflow.task.operators.airflow.providers.docker.operators.docker.DockerOperator","filename":"docker.py","lineno":71}
{"timestamp":"2026-05-19T22:26:26.327094Z","level":"info","event":"\tat org.apache.spark.sql.DataFrameReader.$anonfun$load$2(DataFrameReader.scala:211)","logger":"airflow.task.operators.airflow.providers.docker.operators.docker.DockerOperator","filename":"docker.py","lineno":71}
{"timestamp":"2026-05-19T22:26:26.327160Z","level":"info","event":"\tat scala.Option.getOrElse(Option.scala:189)","logger":"airflow.task.operators.airflow.providers.docker.operators.docker.DockerOperator","filename":"docker.py","lineno":71}
{"timestamp":"2026-05-19T22:26:26.327225Z","level":"info","event":"\tat org.apache.spark.sql.DataFrameReader.load(DataFrameReader.scala:211)","logger":"airflow.task.operators.airflow.providers.docker.operators.docker.DockerOperator","filename":"docker.py","lineno":71}
{"timestamp":"2026-05-19T22:26:26.327291Z","level":"info","event":"\tat org.apache.spark.sql.DataFrameReader.load(DataFrameReader.scala:186)","logger":"airflow.task.operators.airflow.providers.docker.operators.docker.DockerOperator","filename":"docker.py","lineno":71}
{"timestamp":"2026-05-19T22:26:26.327350Z","level":"info","event":"\tat java.base/jdk.internal.reflect.NativeMethodAccessorImpl.invoke0(Native Method)","logger":"airflow.task.operators.airflow.providers.docker.operators.docker.DockerOperator","filename":"docker.py","lineno":71}
{"timestamp":"2026-05-19T22:26:26.327414Z","level":"info","event":"\tat java.base/jdk.internal.reflect.NativeMethodAccessorImpl.invoke(Unknown Source)","logger":"airflow.task.operators.airflow.providers.docker.operators.docker.DockerOperator","filename":"docker.py","lineno":71}
{"timestamp":"2026-05-19T22:26:26.327474Z","level":"info","event":"\tat java.base/jdk.internal.reflect.DelegatingMethodAccessorImpl.invoke(Unknown Source)","logger":"airflow.task.operators.airflow.providers.docker.operators.docker.DockerOperator","filename":"docker.py","lineno":71}
{"timestamp":"2026-05-19T22:26:26.327564Z","level":"info","event":"\tat java.base/java.lang.reflect.Method.invoke(Unknown Source)","logger":"airflow.task.operators.airflow.providers.docker.operators.docker.DockerOperator","filename":"docker.py","lineno":71}
{"timestamp":"2026-05-19T22:26:26.327637Z","level":"info","event":"\tat py4j.reflection.MethodInvoker.invoke(MethodInvoker.java:244)","logger":"airflow.task.operators.airflow.providers.docker.operators.docker.DockerOperator","filename":"docker.py","lineno":71}
{"timestamp":"2026-05-19T22:26:26.327706Z","level":"info","event":"\tat py4j.reflection.ReflectionEngine.invoke(ReflectionEngine.java:374)","logger":"airflow.task.operators.airflow.providers.docker.operators.docker.DockerOperator","filename":"docker.py","lineno":71}
{"timestamp":"2026-05-19T22:26:26.327772Z","level":"info","event":"\tat py4j.Gateway.invoke(Gateway.java:282)","logger":"airflow.task.operators.airflow.providers.docker.operators.docker.DockerOperator","filename":"docker.py","lineno":71}
{"timestamp":"2026-05-19T22:26:26.327837Z","level":"info","event":"\tat py4j.commands.AbstractCommand.invokeMethod(AbstractCommand.java:132)","logger":"airflow.task.operators.airflow.providers.docker.operators.docker.DockerOperator","filename":"docker.py","lineno":71}
{"timestamp":"2026-05-19T22:26:26.327917Z","level":"info","event":"\tat py4j.commands.CallCommand.execute(CallCommand.java:79)","logger":"airflow.task.operators.airflow.providers.docker.operators.docker.DockerOperator","filename":"docker.py","lineno":71}
{"timestamp":"2026-05-19T22:26:26.327986Z","level":"info","event":"\tat py4j.ClientServerConnection.waitForCommands(ClientServerConnection.java:182)","logger":"airflow.task.operators.airflow.providers.docker.operators.docker.DockerOperator","filename":"docker.py","lineno":71}
{"timestamp":"2026-05-19T22:26:26.328064Z","level":"info","event":"\tat py4j.ClientServerConnection.run(ClientServerConnection.java:106)","logger":"airflow.task.operators.airflow.providers.docker.operators.docker.DockerOperator","filename":"docker.py","lineno":71}
{"timestamp":"2026-05-19T22:26:26.328130Z","level":"info","event":"\tat java.base/java.lang.Thread.run(Unknown Source)","logger":"airflow.task.operators.airflow.providers.docker.operators.docker.DockerOperator","filename":"docker.py","lineno":71}
{"timestamp":"2026-05-19T22:26:26.328193Z","level":"info","event":"Caused by: java.lang.ClassNotFoundException: Class org.apache.hadoop.fs.s3a.S3AFileSystem not found","logger":"airflow.task.operators.airflow.providers.docker.operators.docker.DockerOperator","filename":"docker.py","lineno":71}
{"timestamp":"2026-05-19T22:26:26.328248Z","level":"info","event":"\tat org.apache.hadoop.conf.Configuration.getClassByName(Configuration.java:2592)","logger":"airflow.task.operators.airflow.providers.docker.operators.docker.DockerOperator","filename":"docker.py","lineno":71}
{"timestamp":"2026-05-19T22:26:26.328309Z","level":"info","event":"\tat org.apache.hadoop.conf.Configuration.getClass(Configuration.java:2686)","logger":"airflow.task.operators.airflow.providers.docker.operators.docker.DockerOperator","filename":"docker.py","lineno":71}
{"timestamp":"2026-05-19T22:26:26.328373Z","level":"info","event":"\t... 26 more","logger":"airflow.task.operators.airflow.providers.docker.operators.docker.DockerOperator","filename":"docker.py","lineno":71}
{"timestamp":"2026-05-19T22:26:26.376147Z","level":"info","event":"2026-05-19 22:26:26,368 - ERROR - Error processing table sales.customer: An error occurred while calling o60.load.","logger":"airflow.task.operators.airflow.providers.docker.operators.docker.DockerOperator","filename":"docker.py","lineno":71}
{"timestamp":"2026-05-19T22:26:26.376373Z","level":"info","event":": java.lang.RuntimeException: java.lang.ClassNotFoundException: Class org.apache.hadoop.fs.s3a.S3AFileSystem not found","logger":"airflow.task.operators.airflow.providers.docker.operators.docker.DockerOperator","filename":"docker.py","lineno":71}
{"timestamp":"2026-05-19T22:26:26.376463Z","level":"info","event":"\tat org.apache.hadoop.conf.Configuration.getClass(Configuration.java:2688)","logger":"airflow.task.operators.airflow.providers.docker.operators.docker.DockerOperator","filename":"docker.py","lineno":71}
{"timestamp":"2026-05-19T22:26:26.376526Z","level":"info","event":"\tat org.apache.hadoop.fs.FileSystem.getFileSystemClass(FileSystem.java:3431)","logger":"airflow.task.operators.airflow.providers.docker.operators.docker.DockerOperator","filename":"docker.py","lineno":71}
{"timestamp":"2026-05-19T22:26:26.376580Z","level":"info","event":"\tat org.apache.hadoop.fs.FileSystem.createFileSystem(FileSystem.java:3466)","logger":"airflow.task.operators.airflow.providers.docker.operators.docker.DockerOperator","filename":"docker.py","lineno":71}
{"timestamp":"2026-05-19T22:26:26.376625Z","level":"info","event":"\tat org.apache.hadoop.fs.FileSystem.access$300(FileSystem.java:174)","logger":"airflow.task.operators.airflow.providers.docker.operators.docker.DockerOperator","filename":"docker.py","lineno":71}
{"timestamp":"2026-05-19T22:26:26.376670Z","level":"info","event":"\tat org.apache.hadoop.fs.FileSystem$Cache.getInternal(FileSystem.java:3574)","logger":"airflow.task.operators.airflow.providers.docker.operators.docker.DockerOperator","filename":"docker.py","lineno":71}
{"timestamp":"2026-05-19T22:26:26.376717Z","level":"info","event":"\tat org.apache.hadoop.fs.FileSystem$Cache.get(FileSystem.java:3521)","logger":"airflow.task.operators.airflow.providers.docker.operators.docker.DockerOperator","filename":"docker.py","lineno":71}
{"timestamp":"2026-05-19T22:26:26.376761Z","level":"info","event":"\tat org.apache.hadoop.fs.FileSystem.get(FileSystem.java:540)","logger":"airflow.task.operators.airflow.providers.docker.operators.docker.DockerOperator","filename":"docker.py","lineno":71}
{"timestamp":"2026-05-19T22:26:26.376805Z","level":"info","event":"\tat org.apache.hadoop.fs.Path.getFileSystem(Path.java:365)","logger":"airflow.task.operators.airflow.providers.docker.operators.docker.DockerOperator","filename":"docker.py","lineno":71}
{"timestamp":"2026-05-19T22:26:26.376846Z","level":"info","event":"\tat org.apache.spark.sql.execution.datasources.DataSource$.$anonfun$checkAndGlobPathIfNecessary$1(DataSource.scala:724)","logger":"airflow.task.operators.airflow.providers.docker.operators.docker.DockerOperator","filename":"docker.py","lineno":71}
{"timestamp":"2026-05-19T22:26:26.376888Z","level":"info","event":"\tat scala.collection.immutable.List.map(List.scala:293)","logger":"airflow.task.operators.airflow.providers.docker.operators.docker.DockerOperator","filename":"docker.py","lineno":71}
{"timestamp":"2026-05-19T22:26:26.377190Z","level":"info","event":"\tat org.apache.spark.sql.execution.datasources.DataSource$.checkAndGlobPathIfNecessary(DataSource.scala:722)","logger":"airflow.task.operators.airflow.providers.docker.operators.docker.DockerOperator","filename":"docker.py","lineno":71}
{"timestamp":"2026-05-19T22:26:26.380031Z","level":"info","event":"\tat org.apache.spark.sql.execution.datasources.DataSource.checkAndGlobPathIfNecessary(DataSource.scala:551)","logger":"airflow.task.operators.airflow.providers.docker.operators.docker.DockerOperator","filename":"docker.py","lineno":71}
{"timestamp":"2026-05-19T22:26:26.380162Z","level":"info","event":"\tat org.apache.spark.sql.execution.datasources.DataSource.resolveRelation(DataSource.scala:404)","logger":"airflow.task.operators.airflow.providers.docker.operators.docker.DockerOperator","filename":"docker.py","lineno":71}
{"timestamp":"2026-05-19T22:26:26.380214Z","level":"info","event":"\tat org.apache.spark.sql.DataFrameReader.loadV1Source(DataFrameReader.scala:229)","logger":"airflow.task.operators.airflow.providers.docker.operators.docker.DockerOperator","filename":"docker.py","lineno":71}
{"timestamp":"2026-05-19T22:26:26.380258Z","level":"info","event":"\tat org.apache.spark.sql.DataFrameReader.$anonfun$load$2(DataFrameReader.scala:211)","logger":"airflow.task.operators.airflow.providers.docker.operators.docker.DockerOperator","filename":"docker.py","lineno":71}
{"timestamp":"2026-05-19T22:26:26.380299Z","level":"info","event":"\tat scala.Option.getOrElse(Option.scala:189)","logger":"airflow.task.operators.airflow.providers.docker.operators.docker.DockerOperator","filename":"docker.py","lineno":71}
{"timestamp":"2026-05-19T22:26:26.380340Z","level":"info","event":"\tat org.apache.spark.sql.DataFrameReader.load(DataFrameReader.scala:211)","logger":"airflow.task.operators.airflow.providers.docker.operators.docker.DockerOperator","filename":"docker.py","lineno":71}
{"timestamp":"2026-05-19T22:26:26.380380Z","level":"info","event":"\tat org.apache.spark.sql.DataFrameReader.load(DataFrameReader.scala:186)","logger":"airflow.task.operators.airflow.providers.docker.operators.docker.DockerOperator","filename":"docker.py","lineno":71}
{"timestamp":"2026-05-19T22:26:26.380420Z","level":"info","event":"\tat java.base/jdk.internal.reflect.NativeMethodAccessorImpl.invoke0(Native Method)","logger":"airflow.task.operators.airflow.providers.docker.operators.docker.DockerOperator","filename":"docker.py","lineno":71}
{"timestamp":"2026-05-19T22:26:26.380459Z","level":"info","event":"\tat java.base/jdk.internal.reflect.NativeMethodAccessorImpl.invoke(Unknown Source)","logger":"airflow.task.operators.airflow.providers.docker.operators.docker.DockerOperator","filename":"docker.py","lineno":71}
{"timestamp":"2026-05-19T22:26:26.380500Z","level":"info","event":"\tat java.base/jdk.internal.reflect.DelegatingMethodAccessorImpl.invoke(Unknown Source)","logger":"airflow.task.operators.airflow.providers.docker.operators.docker.DockerOperator","filename":"docker.py","lineno":71}
{"timestamp":"2026-05-19T22:26:26.380545Z","level":"info","event":"\tat java.base/java.lang.reflect.Method.invoke(Unknown Source)","logger":"airflow.task.operators.airflow.providers.docker.operators.docker.DockerOperator","filename":"docker.py","lineno":71}
{"timestamp":"2026-05-19T22:26:26.380587Z","level":"info","event":"\tat py4j.reflection.MethodInvoker.invoke(MethodInvoker.java:244)","logger":"airflow.task.operators.airflow.providers.docker.operators.docker.DockerOperator","filename":"docker.py","lineno":71}
{"timestamp":"2026-05-19T22:26:26.380627Z","level":"info","event":"\tat py4j.reflection.ReflectionEngine.invoke(ReflectionEngine.java:374)","logger":"airflow.task.operators.airflow.providers.docker.operators.docker.DockerOperator","filename":"docker.py","lineno":71}
{"timestamp":"2026-05-19T22:26:26.380666Z","level":"info","event":"\tat py4j.Gateway.invoke(Gateway.java:282)","logger":"airflow.task.operators.airflow.providers.docker.operators.docker.DockerOperator","filename":"docker.py","lineno":71}
{"timestamp":"2026-05-19T22:26:26.380712Z","level":"info","event":"\tat py4j.commands.AbstractCommand.invokeMethod(AbstractCommand.java:132)","logger":"airflow.task.operators.airflow.providers.docker.operators.docker.DockerOperator","filename":"docker.py","lineno":71}
{"timestamp":"2026-05-19T22:26:26.380752Z","level":"info","event":"\tat py4j.commands.CallCommand.execute(CallCommand.java:79)","logger":"airflow.task.operators.airflow.providers.docker.operators.docker.DockerOperator","filename":"docker.py","lineno":71}
{"timestamp":"2026-05-19T22:26:26.380789Z","level":"info","event":"\tat py4j.ClientServerConnection.waitForCommands(ClientServerConnection.java:182)","logger":"airflow.task.operators.airflow.providers.docker.operators.docker.DockerOperator","filename":"docker.py","lineno":71}
{"timestamp":"2026-05-19T22:26:26.380833Z","level":"info","event":"\tat py4j.ClientServerConnection.run(ClientServerConnection.java:106)","logger":"airflow.task.operators.airflow.providers.docker.operators.docker.DockerOperator","filename":"docker.py","lineno":71}
{"timestamp":"2026-05-19T22:26:26.380891Z","level":"info","event":"\tat java.base/java.lang.Thread.run(Unknown Source)","logger":"airflow.task.operators.airflow.providers.docker.operators.docker.DockerOperator","filename":"docker.py","lineno":71}
{"timestamp":"2026-05-19T22:26:26.380956Z","level":"info","event":"Caused by: java.lang.ClassNotFoundException: Class org.apache.hadoop.fs.s3a.S3AFileSystem not found","logger":"airflow.task.operators.airflow.providers.docker.operators.docker.DockerOperator","filename":"docker.py","lineno":71}
{"timestamp":"2026-05-19T22:26:26.380998Z","level":"info","event":"\tat org.apache.hadoop.conf.Configuration.getClassByName(Configuration.java:2592)","logger":"airflow.task.operators.airflow.providers.docker.operators.docker.DockerOperator","filename":"docker.py","lineno":71}
{"timestamp":"2026-05-19T22:26:26.381051Z","level":"info","event":"\tat org.apache.hadoop.conf.Configuration.getClass(Configuration.java:2686)","logger":"airflow.task.operators.airflow.providers.docker.operators.docker.DockerOperator","filename":"docker.py","lineno":71}
{"timestamp":"2026-05-19T22:26:26.381090Z","level":"info","event":"\t... 29 more","logger":"airflow.task.operators.airflow.providers.docker.operators.docker.DockerOperator","filename":"docker.py","lineno":71}
{"timestamp":"2026-05-19T22:26:26.381130Z","level":"info","event":"","logger":"airflow.task.operators.airflow.providers.docker.operators.docker.DockerOperator","filename":"docker.py","lineno":71}
{"timestamp":"2026-05-19T22:26:26.407954Z","level":"info","event":"26/05/19 22:26:26 WARN FileStreamSink: Assume no metadata directory. Error while looking for metadata directory in the path: s3a://landing/adventureworks/sales_salesreason.","logger":"airflow.task.operators.airflow.providers.docker.operators.docker.DockerOperator","filename":"docker.py","lineno":71}
{"timestamp":"2026-05-19T22:26:26.408155Z","level":"info","event":"java.lang.RuntimeException: java.lang.ClassNotFoundException: Class org.apache.hadoop.fs.s3a.S3AFileSystem not found","logger":"airflow.task.operators.airflow.providers.docker.operators.docker.DockerOperator","filename":"docker.py","lineno":71}
{"timestamp":"2026-05-19T22:26:26.408215Z","level":"info","event":"\tat org.apache.hadoop.conf.Configuration.getClass(Configuration.java:2688)","logger":"airflow.task.operators.airflow.providers.docker.operators.docker.DockerOperator","filename":"docker.py","lineno":71}
{"timestamp":"2026-05-19T22:26:26.408722Z","level":"info","event":"\tat org.apache.hadoop.fs.FileSystem.getFileSystemClass(FileSystem.java:3431)","logger":"airflow.task.operators.airflow.providers.docker.operators.docker.DockerOperator","filename":"docker.py","lineno":71}
{"timestamp":"2026-05-19T22:26:26.408824Z","level":"info","event":"\tat org.apache.hadoop.fs.FileSystem.createFileSystem(FileSystem.java:3466)","logger":"airflow.task.operators.airflow.providers.docker.operators.docker.DockerOperator","filename":"docker.py","lineno":71}
{"timestamp":"2026-05-19T22:26:26.408879Z","level":"info","event":"\tat org.apache.hadoop.fs.FileSystem.access$300(FileSystem.java:174)","logger":"airflow.task.operators.airflow.providers.docker.operators.docker.DockerOperator","filename":"docker.py","lineno":71}
{"timestamp":"2026-05-19T22:26:26.408948Z","level":"info","event":"\tat org.apache.hadoop.fs.FileSystem$Cache.getInternal(FileSystem.java:3574)","logger":"airflow.task.operators.airflow.providers.docker.operators.docker.DockerOperator","filename":"docker.py","lineno":71}
{"timestamp":"2026-05-19T22:26:26.409013Z","level":"info","event":"\tat org.apache.hadoop.fs.FileSystem$Cache.get(FileSystem.java:3521)","logger":"airflow.task.operators.airflow.providers.docker.operators.docker.DockerOperator","filename":"docker.py","lineno":71}
{"timestamp":"2026-05-19T22:26:26.409089Z","level":"info","event":"\tat org.apache.hadoop.fs.FileSystem.get(FileSystem.java:540)","logger":"airflow.task.operators.airflow.providers.docker.operators.docker.DockerOperator","filename":"docker.py","lineno":71}
{"timestamp":"2026-05-19T22:26:26.409139Z","level":"info","event":"\tat org.apache.hadoop.fs.Path.getFileSystem(Path.java:365)","logger":"airflow.task.operators.airflow.providers.docker.operators.docker.DockerOperator","filename":"docker.py","lineno":71}
{"timestamp":"2026-05-19T22:26:26.409182Z","level":"info","event":"\tat org.apache.spark.sql.execution.streaming.FileStreamSink$.hasMetadata(FileStreamSink.scala:53)","logger":"airflow.task.operators.airflow.providers.docker.operators.docker.DockerOperator","filename":"docker.py","lineno":71}
{"timestamp":"2026-05-19T22:26:26.409227Z","level":"info","event":"\tat org.apache.spark.sql.execution.datasources.DataSource.resolveRelation(DataSource.scala:366)","logger":"airflow.task.operators.airflow.providers.docker.operators.docker.DockerOperator","filename":"docker.py","lineno":71}
{"timestamp":"2026-05-19T22:26:26.412050Z","level":"info","event":"\tat org.apache.spark.sql.DataFrameReader.loadV1Source(DataFrameReader.scala:229)","logger":"airflow.task.operators.airflow.providers.docker.operators.docker.DockerOperator","filename":"docker.py","lineno":71}
{"timestamp":"2026-05-19T22:26:26.412209Z","level":"info","event":"\tat org.apache.spark.sql.DataFrameReader.$anonfun$load$2(DataFrameReader.scala:211)","logger":"airflow.task.operators.airflow.providers.docker.operators.docker.DockerOperator","filename":"docker.py","lineno":71}
{"timestamp":"2026-05-19T22:26:26.412293Z","level":"info","event":"\tat scala.Option.getOrElse(Option.scala:189)","logger":"airflow.task.operators.airflow.providers.docker.operators.docker.DockerOperator","filename":"docker.py","lineno":71}
{"timestamp":"2026-05-19T22:26:26.412351Z","level":"info","event":"\tat org.apache.spark.sql.DataFrameReader.load(DataFrameReader.scala:211)","logger":"airflow.task.operators.airflow.providers.docker.operators.docker.DockerOperator","filename":"docker.py","lineno":71}
{"timestamp":"2026-05-19T22:26:26.412399Z","level":"info","event":"\tat org.apache.spark.sql.DataFrameReader.load(DataFrameReader.scala:186)","logger":"airflow.task.operators.airflow.providers.docker.operators.docker.DockerOperator","filename":"docker.py","lineno":71}
{"timestamp":"2026-05-19T22:26:26.412442Z","level":"info","event":"\tat java.base/jdk.internal.reflect.NativeMethodAccessorImpl.invoke0(Native Method)","logger":"airflow.task.operators.airflow.providers.docker.operators.docker.DockerOperator","filename":"docker.py","lineno":71}
{"timestamp":"2026-05-19T22:26:26.412522Z","level":"info","event":"\tat java.base/jdk.internal.reflect.NativeMethodAccessorImpl.invoke(Unknown Source)","logger":"airflow.task.operators.airflow.providers.docker.operators.docker.DockerOperator","filename":"docker.py","lineno":71}
{"timestamp":"2026-05-19T22:26:26.412624Z","level":"info","event":"\tat java.base/jdk.internal.reflect.DelegatingMethodAccessorImpl.invoke(Unknown Source)","logger":"airflow.task.operators.airflow.providers.docker.operators.docker.DockerOperator","filename":"docker.py","lineno":71}
{"timestamp":"2026-05-19T22:26:26.412728Z","level":"info","event":"\tat java.base/java.lang.reflect.Method.invoke(Unknown Source)","logger":"airflow.task.operators.airflow.providers.docker.operators.docker.DockerOperator","filename":"docker.py","lineno":71}
{"timestamp":"2026-05-19T22:26:26.412807Z","level":"info","event":"\tat py4j.reflection.MethodInvoker.invoke(MethodInvoker.java:244)","logger":"airflow.task.operators.airflow.providers.docker.operators.docker.DockerOperator","filename":"docker.py","lineno":71}
{"timestamp":"2026-05-19T22:26:26.412859Z","level":"info","event":"\tat py4j.reflection.ReflectionEngine.invoke(ReflectionEngine.java:374)","logger":"airflow.task.operators.airflow.providers.docker.operators.docker.DockerOperator","filename":"docker.py","lineno":71}
{"timestamp":"2026-05-19T22:26:26.412919Z","level":"info","event":"\tat py4j.Gateway.invoke(Gateway.java:282)","logger":"airflow.task.operators.airflow.providers.docker.operators.docker.DockerOperator","filename":"docker.py","lineno":71}
{"timestamp":"2026-05-19T22:26:26.412965Z","level":"info","event":"\tat py4j.commands.AbstractCommand.invokeMethod(AbstractCommand.java:132)","logger":"airflow.task.operators.airflow.providers.docker.operators.docker.DockerOperator","filename":"docker.py","lineno":71}
{"timestamp":"2026-05-19T22:26:26.413018Z","level":"info","event":"\tat py4j.commands.CallCommand.execute(CallCommand.java:79)","logger":"airflow.task.operators.airflow.providers.docker.operators.docker.DockerOperator","filename":"docker.py","lineno":71}
{"timestamp":"2026-05-19T22:26:26.413061Z","level":"info","event":"\tat py4j.ClientServerConnection.waitForCommands(ClientServerConnection.java:182)","logger":"airflow.task.operators.airflow.providers.docker.operators.docker.DockerOperator","filename":"docker.py","lineno":71}
{"timestamp":"2026-05-19T22:26:26.413103Z","level":"info","event":"\tat py4j.ClientServerConnection.run(ClientServerConnection.java:106)","logger":"airflow.task.operators.airflow.providers.docker.operators.docker.DockerOperator","filename":"docker.py","lineno":71}
{"timestamp":"2026-05-19T22:26:26.413144Z","level":"info","event":"\tat java.base/java.lang.Thread.run(Unknown Source)","logger":"airflow.task.operators.airflow.providers.docker.operators.docker.DockerOperator","filename":"docker.py","lineno":71}
{"timestamp":"2026-05-19T22:26:26.413186Z","level":"info","event":"Caused by: java.lang.ClassNotFoundException: Class org.apache.hadoop.fs.s3a.S3AFileSystem not found","logger":"airflow.task.operators.airflow.providers.docker.operators.docker.DockerOperator","filename":"docker.py","lineno":71}
{"timestamp":"2026-05-19T22:26:26.413229Z","level":"info","event":"\tat org.apache.hadoop.conf.Configuration.getClassByName(Configuration.java:2592)","logger":"airflow.task.operators.airflow.providers.docker.operators.docker.DockerOperator","filename":"docker.py","lineno":71}
{"timestamp":"2026-05-19T22:26:26.413271Z","level":"info","event":"\tat org.apache.hadoop.conf.Configuration.getClass(Configuration.java:2686)","logger":"airflow.task.operators.airflow.providers.docker.operators.docker.DockerOperator","filename":"docker.py","lineno":71}
{"timestamp":"2026-05-19T22:26:26.413311Z","level":"info","event":"\t... 26 more","logger":"airflow.task.operators.airflow.providers.docker.operators.docker.DockerOperator","filename":"docker.py","lineno":71}
{"timestamp":"2026-05-19T22:26:26.413430Z","level":"info","event":"2026-05-19 22:26:26,409 - ERROR - Error processing table sales.personcreditcard: An error occurred while calling o56.load.","logger":"airflow.task.operators.airflow.providers.docker.operators.docker.DockerOperator","filename":"docker.py","lineno":71}
{"timestamp":"2026-05-19T22:26:26.413487Z","level":"info","event":": java.lang.RuntimeException: java.lang.ClassNotFoundException: Class org.apache.hadoop.fs.s3a.S3AFileSystem not found","logger":"airflow.task.operators.airflow.providers.docker.operators.docker.DockerOperator","filename":"docker.py","lineno":71}
{"timestamp":"2026-05-19T22:26:26.413535Z","level":"info","event":"\tat org.apache.hadoop.conf.Configuration.getClass(Configuration.java:2688)","logger":"airflow.task.operators.airflow.providers.docker.operators.docker.DockerOperator","filename":"docker.py","lineno":71}
{"timestamp":"2026-05-19T22:26:26.413577Z","level":"info","event":"\tat org.apache.hadoop.fs.FileSystem.getFileSystemClass(FileSystem.java:3431)","logger":"airflow.task.operators.airflow.providers.docker.operators.docker.DockerOperator","filename":"docker.py","lineno":71}
{"timestamp":"2026-05-19T22:26:26.413619Z","level":"info","event":"\tat org.apache.hadoop.fs.FileSystem.createFileSystem(FileSystem.java:3466)","logger":"airflow.task.operators.airflow.providers.docker.operators.docker.DockerOperator","filename":"docker.py","lineno":71}
{"timestamp":"2026-05-19T22:26:26.413661Z","level":"info","event":"\tat org.apache.hadoop.fs.FileSystem.access$300(FileSystem.java:174)","logger":"airflow.task.operators.airflow.providers.docker.operators.docker.DockerOperator","filename":"docker.py","lineno":71}
{"timestamp":"2026-05-19T22:26:26.413702Z","level":"info","event":"\tat org.apache.hadoop.fs.FileSystem$Cache.getInternal(FileSystem.java:3574)","logger":"airflow.task.operators.airflow.providers.docker.operators.docker.DockerOperator","filename":"docker.py","lineno":71}
{"timestamp":"2026-05-19T22:26:26.413743Z","level":"info","event":"\tat org.apache.hadoop.fs.FileSystem$Cache.get(FileSystem.java:3521)","logger":"airflow.task.operators.airflow.providers.docker.operators.docker.DockerOperator","filename":"docker.py","lineno":71}
{"timestamp":"2026-05-19T22:26:26.413785Z","level":"info","event":"\tat org.apache.hadoop.fs.FileSystem.get(FileSystem.java:540)","logger":"airflow.task.operators.airflow.providers.docker.operators.docker.DockerOperator","filename":"docker.py","lineno":71}
{"timestamp":"2026-05-19T22:26:26.413825Z","level":"info","event":"\tat org.apache.hadoop.fs.Path.getFileSystem(Path.java:365)","logger":"airflow.task.operators.airflow.providers.docker.operators.docker.DockerOperator","filename":"docker.py","lineno":71}
{"timestamp":"2026-05-19T22:26:26.413866Z","level":"info","event":"\tat org.apache.spark.sql.execution.datasources.DataSource$.$anonfun$checkAndGlobPathIfNecessary$1(DataSource.scala:724)","logger":"airflow.task.operators.airflow.providers.docker.operators.docker.DockerOperator","filename":"docker.py","lineno":71}
{"timestamp":"2026-05-19T22:26:26.416132Z","level":"info","event":"\tat scala.collection.immutable.List.map(List.scala:293)","logger":"airflow.task.operators.airflow.providers.docker.operators.docker.DockerOperator","filename":"docker.py","lineno":71}
{"timestamp":"2026-05-19T22:26:26.416251Z","level":"info","event":"\tat org.apache.spark.sql.execution.datasources.DataSource$.checkAndGlobPathIfNecessary(DataSource.scala:722)","logger":"airflow.task.operators.airflow.providers.docker.operators.docker.DockerOperator","filename":"docker.py","lineno":71}
{"timestamp":"2026-05-19T22:26:26.416312Z","level":"info","event":"\tat org.apache.spark.sql.execution.datasources.DataSource.checkAndGlobPathIfNecessary(DataSource.scala:551)","logger":"airflow.task.operators.airflow.providers.docker.operators.docker.DockerOperator","filename":"docker.py","lineno":71}
{"timestamp":"2026-05-19T22:26:26.416393Z","level":"info","event":"\tat org.apache.spark.sql.execution.datasources.DataSource.resolveRelation(DataSource.scala:404)","logger":"airflow.task.operators.airflow.providers.docker.operators.docker.DockerOperator","filename":"docker.py","lineno":71}
{"timestamp":"2026-05-19T22:26:26.416442Z","level":"info","event":"\tat org.apache.spark.sql.DataFrameReader.loadV1Source(DataFrameReader.scala:229)","logger":"airflow.task.operators.airflow.providers.docker.operators.docker.DockerOperator","filename":"docker.py","lineno":71}
{"timestamp":"2026-05-19T22:26:26.416496Z","level":"info","event":"\tat org.apache.spark.sql.DataFrameReader.$anonfun$load$2(DataFrameReader.scala:211)","logger":"airflow.task.operators.airflow.providers.docker.operators.docker.DockerOperator","filename":"docker.py","lineno":71}
{"timestamp":"2026-05-19T22:26:26.416561Z","level":"info","event":"\tat scala.Option.getOrElse(Option.scala:189)","logger":"airflow.task.operators.airflow.providers.docker.operators.docker.DockerOperator","filename":"docker.py","lineno":71}
{"timestamp":"2026-05-19T22:26:26.416608Z","level":"info","event":"\tat org.apache.spark.sql.DataFrameReader.load(DataFrameReader.scala:211)","logger":"airflow.task.operators.airflow.providers.docker.operators.docker.DockerOperator","filename":"docker.py","lineno":71}
{"timestamp":"2026-05-19T22:26:26.416653Z","level":"info","event":"\tat org.apache.spark.sql.DataFrameReader.load(DataFrameReader.scala:186)","logger":"airflow.task.operators.airflow.providers.docker.operators.docker.DockerOperator","filename":"docker.py","lineno":71}
{"timestamp":"2026-05-19T22:26:26.416694Z","level":"info","event":"\tat java.base/jdk.internal.reflect.NativeMethodAccessorImpl.invoke0(Native Method)","logger":"airflow.task.operators.airflow.providers.docker.operators.docker.DockerOperator","filename":"docker.py","lineno":71}
{"timestamp":"2026-05-19T22:26:26.416735Z","level":"info","event":"\tat java.base/jdk.internal.reflect.NativeMethodAccessorImpl.invoke(Unknown Source)","logger":"airflow.task.operators.airflow.providers.docker.operators.docker.DockerOperator","filename":"docker.py","lineno":71}
{"timestamp":"2026-05-19T22:26:26.416776Z","level":"info","event":"\tat java.base/jdk.internal.reflect.DelegatingMethodAccessorImpl.invoke(Unknown Source)","logger":"airflow.task.operators.airflow.providers.docker.operators.docker.DockerOperator","filename":"docker.py","lineno":71}
{"timestamp":"2026-05-19T22:26:26.416818Z","level":"info","event":"\tat java.base/java.lang.reflect.Method.invoke(Unknown Source)","logger":"airflow.task.operators.airflow.providers.docker.operators.docker.DockerOperator","filename":"docker.py","lineno":71}
{"timestamp":"2026-05-19T22:26:26.416859Z","level":"info","event":"\tat py4j.reflection.MethodInvoker.invoke(MethodInvoker.java:244)","logger":"airflow.task.operators.airflow.providers.docker.operators.docker.DockerOperator","filename":"docker.py","lineno":71}
{"timestamp":"2026-05-19T22:26:26.416921Z","level":"info","event":"\tat py4j.reflection.ReflectionEngine.invoke(ReflectionEngine.java:374)","logger":"airflow.task.operators.airflow.providers.docker.operators.docker.DockerOperator","filename":"docker.py","lineno":71}
{"timestamp":"2026-05-19T22:26:26.416970Z","level":"info","event":"\tat py4j.Gateway.invoke(Gateway.java:282)","logger":"airflow.task.operators.airflow.providers.docker.operators.docker.DockerOperator","filename":"docker.py","lineno":71}
{"timestamp":"2026-05-19T22:26:26.417038Z","level":"info","event":"\tat py4j.commands.AbstractCommand.invokeMethod(AbstractCommand.java:132)","logger":"airflow.task.operators.airflow.providers.docker.operators.docker.DockerOperator","filename":"docker.py","lineno":71}
{"timestamp":"2026-05-19T22:26:26.417082Z","level":"info","event":"\tat py4j.commands.CallCommand.execute(CallCommand.java:79)","logger":"airflow.task.operators.airflow.providers.docker.operators.docker.DockerOperator","filename":"docker.py","lineno":71}
{"timestamp":"2026-05-19T22:26:26.417125Z","level":"info","event":"\tat py4j.ClientServerConnection.waitForCommands(ClientServerConnection.java:182)","logger":"airflow.task.operators.airflow.providers.docker.operators.docker.DockerOperator","filename":"docker.py","lineno":71}
{"timestamp":"2026-05-19T22:26:26.417166Z","level":"info","event":"\tat py4j.ClientServerConnection.run(ClientServerConnection.java:106)","logger":"airflow.task.operators.airflow.providers.docker.operators.docker.DockerOperator","filename":"docker.py","lineno":71}
{"timestamp":"2026-05-19T22:26:26.417207Z","level":"info","event":"\tat java.base/java.lang.Thread.run(Unknown Source)","logger":"airflow.task.operators.airflow.providers.docker.operators.docker.DockerOperator","filename":"docker.py","lineno":71}
{"timestamp":"2026-05-19T22:26:26.417250Z","level":"info","event":"Caused by: java.lang.ClassNotFoundException: Class org.apache.hadoop.fs.s3a.S3AFileSystem not found","logger":"airflow.task.operators.airflow.providers.docker.operators.docker.DockerOperator","filename":"docker.py","lineno":71}
{"timestamp":"2026-05-19T22:26:26.417291Z","level":"info","event":"\tat org.apache.hadoop.conf.Configuration.getClassByName(Configuration.java:2592)","logger":"airflow.task.operators.airflow.providers.docker.operators.docker.DockerOperator","filename":"docker.py","lineno":71}
{"timestamp":"2026-05-19T22:26:26.417334Z","level":"info","event":"\tat org.apache.hadoop.conf.Configuration.getClass(Configuration.java:2686)","logger":"airflow.task.operators.airflow.providers.docker.operators.docker.DockerOperator","filename":"docker.py","lineno":71}
{"timestamp":"2026-05-19T22:26:26.417374Z","level":"info","event":"\t... 29 more","logger":"airflow.task.operators.airflow.providers.docker.operators.docker.DockerOperator","filename":"docker.py","lineno":71}
{"timestamp":"2026-05-19T22:26:26.417415Z","level":"info","event":"","logger":"airflow.task.operators.airflow.providers.docker.operators.docker.DockerOperator","filename":"docker.py","lineno":71}
{"timestamp":"2026-05-19T22:26:26.421941Z","level":"info","event":"2026-05-19 22:26:26,420 - ERROR - Error processing table sales.salesorderheader: An error occurred while calling o59.load.","logger":"airflow.task.operators.airflow.providers.docker.operators.docker.DockerOperator","filename":"docker.py","lineno":71}
{"timestamp":"2026-05-19T22:26:26.422145Z","level":"info","event":": java.lang.RuntimeException: java.lang.ClassNotFoundException: Class org.apache.hadoop.fs.s3a.S3AFileSystem not found","logger":"airflow.task.operators.airflow.providers.docker.operators.docker.DockerOperator","filename":"docker.py","lineno":71}
{"timestamp":"2026-05-19T22:26:26.422216Z","level":"info","event":"\tat org.apache.hadoop.conf.Configuration.getClass(Configuration.java:2688)","logger":"airflow.task.operators.airflow.providers.docker.operators.docker.DockerOperator","filename":"docker.py","lineno":71}
{"timestamp":"2026-05-19T22:26:26.422277Z","level":"info","event":"\tat org.apache.hadoop.fs.FileSystem.getFileSystemClass(FileSystem.java:3431)","logger":"airflow.task.operators.airflow.providers.docker.operators.docker.DockerOperator","filename":"docker.py","lineno":71}
{"timestamp":"2026-05-19T22:26:26.422360Z","level":"info","event":"\tat org.apache.hadoop.fs.FileSystem.createFileSystem(FileSystem.java:3466)","logger":"airflow.task.operators.airflow.providers.docker.operators.docker.DockerOperator","filename":"docker.py","lineno":71}
{"timestamp":"2026-05-19T22:26:26.422436Z","level":"info","event":"\tat org.apache.hadoop.fs.FileSystem.access$300(FileSystem.java:174)","logger":"airflow.task.operators.airflow.providers.docker.operators.docker.DockerOperator","filename":"docker.py","lineno":71}
{"timestamp":"2026-05-19T22:26:26.422500Z","level":"info","event":"\tat org.apache.hadoop.fs.FileSystem$Cache.getInternal(FileSystem.java:3574)","logger":"airflow.task.operators.airflow.providers.docker.operators.docker.DockerOperator","filename":"docker.py","lineno":71}
{"timestamp":"2026-05-19T22:26:26.422563Z","level":"info","event":"\tat org.apache.hadoop.fs.FileSystem$Cache.get(FileSystem.java:3521)","logger":"airflow.task.operators.airflow.providers.docker.operators.docker.DockerOperator","filename":"docker.py","lineno":71}
{"timestamp":"2026-05-19T22:26:26.422627Z","level":"info","event":"\tat org.apache.hadoop.fs.FileSystem.get(FileSystem.java:540)","logger":"airflow.task.operators.airflow.providers.docker.operators.docker.DockerOperator","filename":"docker.py","lineno":71}
{"timestamp":"2026-05-19T22:26:26.422691Z","level":"info","event":"\tat org.apache.hadoop.fs.Path.getFileSystem(Path.java:365)","logger":"airflow.task.operators.airflow.providers.docker.operators.docker.DockerOperator","filename":"docker.py","lineno":71}
{"timestamp":"2026-05-19T22:26:26.422752Z","level":"info","event":"\tat org.apache.spark.sql.execution.datasources.DataSource$.$anonfun$checkAndGlobPathIfNecessary$1(DataSource.scala:724)","logger":"airflow.task.operators.airflow.providers.docker.operators.docker.DockerOperator","filename":"docker.py","lineno":71}
{"timestamp":"2026-05-19T22:26:26.422814Z","level":"info","event":"\tat scala.collection.immutable.List.map(List.scala:293)","logger":"airflow.task.operators.airflow.providers.docker.operators.docker.DockerOperator","filename":"docker.py","lineno":71}
{"timestamp":"2026-05-19T22:26:26.422873Z","level":"info","event":"\tat org.apache.spark.sql.execution.datasources.DataSource$.checkAndGlobPathIfNecessary(DataSource.scala:722)","logger":"airflow.task.operators.airflow.providers.docker.operators.docker.DockerOperator","filename":"docker.py","lineno":71}
{"timestamp":"2026-05-19T22:26:26.422951Z","level":"info","event":"\tat org.apache.spark.sql.execution.datasources.DataSource.checkAndGlobPathIfNecessary(DataSource.scala:551)","logger":"airflow.task.operators.airflow.providers.docker.operators.docker.DockerOperator","filename":"docker.py","lineno":71}
{"timestamp":"2026-05-19T22:26:26.423004Z","level":"info","event":"\tat org.apache.spark.sql.execution.datasources.DataSource.resolveRelation(DataSource.scala:404)","logger":"airflow.task.operators.airflow.providers.docker.operators.docker.DockerOperator","filename":"docker.py","lineno":71}
{"timestamp":"2026-05-19T22:26:26.423058Z","level":"info","event":"\tat org.apache.spark.sql.DataFrameReader.loadV1Source(DataFrameReader.scala:229)","logger":"airflow.task.operators.airflow.providers.docker.operators.docker.DockerOperator","filename":"docker.py","lineno":71}
{"timestamp":"2026-05-19T22:26:26.423116Z","level":"info","event":"\tat org.apache.spark.sql.DataFrameReader.$anonfun$load$2(DataFrameReader.scala:211)","logger":"airflow.task.operators.airflow.providers.docker.operators.docker.DockerOperator","filename":"docker.py","lineno":71}
{"timestamp":"2026-05-19T22:26:26.423178Z","level":"info","event":"\tat scala.Option.getOrElse(Option.scala:189)","logger":"airflow.task.operators.airflow.providers.docker.operators.docker.DockerOperator","filename":"docker.py","lineno":71}
{"timestamp":"2026-05-19T22:26:26.423244Z","level":"info","event":"\tat org.apache.spark.sql.DataFrameReader.load(DataFrameReader.scala:211)","logger":"airflow.task.operators.airflow.providers.docker.operators.docker.DockerOperator","filename":"docker.py","lineno":71}
{"timestamp":"2026-05-19T22:26:26.423308Z","level":"info","event":"\tat org.apache.spark.sql.DataFrameReader.load(DataFrameReader.scala:186)","logger":"airflow.task.operators.airflow.providers.docker.operators.docker.DockerOperator","filename":"docker.py","lineno":71}
{"timestamp":"2026-05-19T22:26:26.423361Z","level":"info","event":"\tat java.base/jdk.internal.reflect.NativeMethodAccessorImpl.invoke0(Native Method)","logger":"airflow.task.operators.airflow.providers.docker.operators.docker.DockerOperator","filename":"docker.py","lineno":71}
{"timestamp":"2026-05-19T22:26:26.423424Z","level":"info","event":"\tat java.base/jdk.internal.reflect.NativeMethodAccessorImpl.invoke(Unknown Source)","logger":"airflow.task.operators.airflow.providers.docker.operators.docker.DockerOperator","filename":"docker.py","lineno":71}
{"timestamp":"2026-05-19T22:26:26.423473Z","level":"info","event":"\tat java.base/jdk.internal.reflect.DelegatingMethodAccessorImpl.invoke(Unknown Source)","logger":"airflow.task.operators.airflow.providers.docker.operators.docker.DockerOperator","filename":"docker.py","lineno":71}
{"timestamp":"2026-05-19T22:26:26.423521Z","level":"info","event":"\tat java.base/java.lang.reflect.Method.invoke(Unknown Source)","logger":"airflow.task.operators.airflow.providers.docker.operators.docker.DockerOperator","filename":"docker.py","lineno":71}
{"timestamp":"2026-05-19T22:26:26.423569Z","level":"info","event":"\tat py4j.reflection.MethodInvoker.invoke(MethodInvoker.java:244)","logger":"airflow.task.operators.airflow.providers.docker.operators.docker.DockerOperator","filename":"docker.py","lineno":71}
{"timestamp":"2026-05-19T22:26:26.425718Z","level":"info","event":"\tat py4j.reflection.ReflectionEngine.invoke(ReflectionEngine.java:374)","logger":"airflow.task.operators.airflow.providers.docker.operators.docker.DockerOperator","filename":"docker.py","lineno":71}
{"timestamp":"2026-05-19T22:26:26.426394Z","level":"info","event":"\tat py4j.Gateway.invoke(Gateway.java:282)","logger":"airflow.task.operators.airflow.providers.docker.operators.docker.DockerOperator","filename":"docker.py","lineno":71}
{"timestamp":"2026-05-19T22:26:26.426455Z","level":"info","event":"\tat py4j.commands.AbstractCommand.invokeMethod(AbstractCommand.java:132)","logger":"airflow.task.operators.airflow.providers.docker.operators.docker.DockerOperator","filename":"docker.py","lineno":71}
{"timestamp":"2026-05-19T22:26:26.426504Z","level":"info","event":"\tat py4j.commands.CallCommand.execute(CallCommand.java:79)","logger":"airflow.task.operators.airflow.providers.docker.operators.docker.DockerOperator","filename":"docker.py","lineno":71}
{"timestamp":"2026-05-19T22:26:26.428168Z","level":"info","event":"\tat py4j.ClientServerConnection.waitForCommands(ClientServerConnection.java:182)","logger":"airflow.task.operators.airflow.providers.docker.operators.docker.DockerOperator","filename":"docker.py","lineno":71}
{"timestamp":"2026-05-19T22:26:26.428228Z","level":"info","event":"\tat py4j.ClientServerConnection.run(ClientServerConnection.java:106)","logger":"airflow.task.operators.airflow.providers.docker.operators.docker.DockerOperator","filename":"docker.py","lineno":71}
{"timestamp":"2026-05-19T22:26:26.428277Z","level":"info","event":"\tat java.base/java.lang.Thread.run(Unknown Source)","logger":"airflow.task.operators.airflow.providers.docker.operators.docker.DockerOperator","filename":"docker.py","lineno":71}
{"timestamp":"2026-05-19T22:26:26.428326Z","level":"info","event":"Caused by: java.lang.ClassNotFoundException: Class org.apache.hadoop.fs.s3a.S3AFileSystem not found","logger":"airflow.task.operators.airflow.providers.docker.operators.docker.DockerOperator","filename":"docker.py","lineno":71}
{"timestamp":"2026-05-19T22:26:26.428371Z","level":"info","event":"\tat org.apache.hadoop.conf.Configuration.getClassByName(Configuration.java:2592)","logger":"airflow.task.operators.airflow.providers.docker.operators.docker.DockerOperator","filename":"docker.py","lineno":71}
{"timestamp":"2026-05-19T22:26:26.428415Z","level":"info","event":"\tat org.apache.hadoop.conf.Configuration.getClass(Configuration.java:2686)","logger":"airflow.task.operators.airflow.providers.docker.operators.docker.DockerOperator","filename":"docker.py","lineno":71}
{"timestamp":"2026-05-19T22:26:26.428460Z","level":"info","event":"\t... 29 more","logger":"airflow.task.operators.airflow.providers.docker.operators.docker.DockerOperator","filename":"docker.py","lineno":71}
{"timestamp":"2026-05-19T22:26:26.428503Z","level":"info","event":"","logger":"airflow.task.operators.airflow.providers.docker.operators.docker.DockerOperator","filename":"docker.py","lineno":71}
{"timestamp":"2026-05-19T22:26:26.438266Z","level":"info","event":"2026-05-19 22:26:26,437 - ERROR - Error processing table sales.salesorderdetail: An error occurred while calling o57.load.","logger":"airflow.task.operators.airflow.providers.docker.operators.docker.DockerOperator","filename":"docker.py","lineno":71}
{"timestamp":"2026-05-19T22:26:26.438484Z","level":"info","event":": java.lang.RuntimeException: java.lang.ClassNotFoundException: Class org.apache.hadoop.fs.s3a.S3AFileSystem not found","logger":"airflow.task.operators.airflow.providers.docker.operators.docker.DockerOperator","filename":"docker.py","lineno":71}
{"timestamp":"2026-05-19T22:26:26.439913Z","level":"info","event":"\tat org.apache.hadoop.conf.Configuration.getClass(Configuration.java:2688)","logger":"airflow.task.operators.airflow.providers.docker.operators.docker.DockerOperator","filename":"docker.py","lineno":71}
{"timestamp":"2026-05-19T22:26:26.440026Z","level":"info","event":"\tat org.apache.hadoop.fs.FileSystem.getFileSystemClass(FileSystem.java:3431)","logger":"airflow.task.operators.airflow.providers.docker.operators.docker.DockerOperator","filename":"docker.py","lineno":71}
{"timestamp":"2026-05-19T22:26:26.440090Z","level":"info","event":"\tat org.apache.hadoop.fs.FileSystem.createFileSystem(FileSystem.java:3466)","logger":"airflow.task.operators.airflow.providers.docker.operators.docker.DockerOperator","filename":"docker.py","lineno":71}
{"timestamp":"2026-05-19T22:26:26.440150Z","level":"info","event":"\tat org.apache.hadoop.fs.FileSystem.access$300(FileSystem.java:174)","logger":"airflow.task.operators.airflow.providers.docker.operators.docker.DockerOperator","filename":"docker.py","lineno":71}
{"timestamp":"2026-05-19T22:26:26.440203Z","level":"info","event":"\tat org.apache.hadoop.fs.FileSystem$Cache.getInternal(FileSystem.java:3574)","logger":"airflow.task.operators.airflow.providers.docker.operators.docker.DockerOperator","filename":"docker.py","lineno":71}
{"timestamp":"2026-05-19T22:26:26.440261Z","level":"info","event":"\tat org.apache.hadoop.fs.FileSystem$Cache.get(FileSystem.java:3521)","logger":"airflow.task.operators.airflow.providers.docker.operators.docker.DockerOperator","filename":"docker.py","lineno":71}
{"timestamp":"2026-05-19T22:26:26.440310Z","level":"info","event":"\tat org.apache.hadoop.fs.FileSystem.get(FileSystem.java:540)","logger":"airflow.task.operators.airflow.providers.docker.operators.docker.DockerOperator","filename":"docker.py","lineno":71}
{"timestamp":"2026-05-19T22:26:26.440356Z","level":"info","event":"\tat org.apache.hadoop.fs.Path.getFileSystem(Path.java:365)","logger":"airflow.task.operators.airflow.providers.docker.operators.docker.DockerOperator","filename":"docker.py","lineno":71}
{"timestamp":"2026-05-19T22:26:26.440417Z","level":"info","event":"\tat org.apache.spark.sql.execution.datasources.DataSource$.$anonfun$checkAndGlobPathIfNecessary$1(DataSource.scala:724)","logger":"airflow.task.operators.airflow.providers.docker.operators.docker.DockerOperator","filename":"docker.py","lineno":71}
{"timestamp":"2026-05-19T22:26:26.440472Z","level":"info","event":"\tat scala.collection.immutable.List.map(List.scala:293)","logger":"airflow.task.operators.airflow.providers.docker.operators.docker.DockerOperator","filename":"docker.py","lineno":71}
{"timestamp":"2026-05-19T22:26:26.440530Z","level":"info","event":"\tat org.apache.spark.sql.execution.datasources.DataSource$.checkAndGlobPathIfNecessary(DataSource.scala:722)","logger":"airflow.task.operators.airflow.providers.docker.operators.docker.DockerOperator","filename":"docker.py","lineno":71}
{"timestamp":"2026-05-19T22:26:26.440576Z","level":"info","event":"\tat org.apache.spark.sql.execution.datasources.DataSource.checkAndGlobPathIfNecessary(DataSource.scala:551)","logger":"airflow.task.operators.airflow.providers.docker.operators.docker.DockerOperator","filename":"docker.py","lineno":71}
{"timestamp":"2026-05-19T22:26:26.440620Z","level":"info","event":"\tat org.apache.spark.sql.execution.datasources.DataSource.resolveRelation(DataSource.scala:404)","logger":"airflow.task.operators.airflow.providers.docker.operators.docker.DockerOperator","filename":"docker.py","lineno":71}
{"timestamp":"2026-05-19T22:26:26.440664Z","level":"info","event":"\tat org.apache.spark.sql.DataFrameReader.loadV1Source(DataFrameReader.scala:229)","logger":"airflow.task.operators.airflow.providers.docker.operators.docker.DockerOperator","filename":"docker.py","lineno":71}
{"timestamp":"2026-05-19T22:26:26.440713Z","level":"info","event":"\tat org.apache.spark.sql.DataFrameReader.$anonfun$load$2(DataFrameReader.scala:211)","logger":"airflow.task.operators.airflow.providers.docker.operators.docker.DockerOperator","filename":"docker.py","lineno":71}
{"timestamp":"2026-05-19T22:26:26.440768Z","level":"info","event":"\tat scala.Option.getOrElse(Option.scala:189)","logger":"airflow.task.operators.airflow.providers.docker.operators.docker.DockerOperator","filename":"docker.py","lineno":71}
{"timestamp":"2026-05-19T22:26:26.440816Z","level":"info","event":"\tat org.apache.spark.sql.DataFrameReader.load(DataFrameReader.scala:211)","logger":"airflow.task.operators.airflow.providers.docker.operators.docker.DockerOperator","filename":"docker.py","lineno":71}
{"timestamp":"2026-05-19T22:26:26.440861Z","level":"info","event":"\tat org.apache.spark.sql.DataFrameReader.load(DataFrameReader.scala:186)","logger":"airflow.task.operators.airflow.providers.docker.operators.docker.DockerOperator","filename":"docker.py","lineno":71}
{"timestamp":"2026-05-19T22:26:26.440947Z","level":"info","event":"\tat java.base/jdk.internal.reflect.NativeMethodAccessorImpl.invoke0(Native Method)","logger":"airflow.task.operators.airflow.providers.docker.operators.docker.DockerOperator","filename":"docker.py","lineno":71}
{"timestamp":"2026-05-19T22:26:26.441009Z","level":"info","event":"\tat java.base/jdk.internal.reflect.NativeMethodAccessorImpl.invoke(Unknown Source)","logger":"airflow.task.operators.airflow.providers.docker.operators.docker.DockerOperator","filename":"docker.py","lineno":71}
{"timestamp":"2026-05-19T22:26:26.441057Z","level":"info","event":"\tat java.base/jdk.internal.reflect.DelegatingMethodAccessorImpl.invoke(Unknown Source)","logger":"airflow.task.operators.airflow.providers.docker.operators.docker.DockerOperator","filename":"docker.py","lineno":71}
{"timestamp":"2026-05-19T22:26:26.441104Z","level":"info","event":"\tat java.base/java.lang.reflect.Method.invoke(Unknown Source)","logger":"airflow.task.operators.airflow.providers.docker.operators.docker.DockerOperator","filename":"docker.py","lineno":71}
{"timestamp":"2026-05-19T22:26:26.441152Z","level":"info","event":"\tat py4j.reflection.MethodInvoker.invoke(MethodInvoker.java:244)","logger":"airflow.task.operators.airflow.providers.docker.operators.docker.DockerOperator","filename":"docker.py","lineno":71}
{"timestamp":"2026-05-19T22:26:26.441207Z","level":"info","event":"\tat py4j.reflection.ReflectionEngine.invoke(ReflectionEngine.java:374)","logger":"airflow.task.operators.airflow.providers.docker.operators.docker.DockerOperator","filename":"docker.py","lineno":71}
{"timestamp":"2026-05-19T22:26:26.441254Z","level":"info","event":"\tat py4j.Gateway.invoke(Gateway.java:282)","logger":"airflow.task.operators.airflow.providers.docker.operators.docker.DockerOperator","filename":"docker.py","lineno":71}
{"timestamp":"2026-05-19T22:26:26.441299Z","level":"info","event":"\tat py4j.commands.AbstractCommand.invokeMethod(AbstractCommand.java:132)","logger":"airflow.task.operators.airflow.providers.docker.operators.docker.DockerOperator","filename":"docker.py","lineno":71}
{"timestamp":"2026-05-19T22:26:26.441344Z","level":"info","event":"\tat py4j.commands.CallCommand.execute(CallCommand.java:79)","logger":"airflow.task.operators.airflow.providers.docker.operators.docker.DockerOperator","filename":"docker.py","lineno":71}
{"timestamp":"2026-05-19T22:26:26.441404Z","level":"info","event":"\tat py4j.ClientServerConnection.waitForCommands(ClientServerConnection.java:182)","logger":"airflow.task.operators.airflow.providers.docker.operators.docker.DockerOperator","filename":"docker.py","lineno":71}
{"timestamp":"2026-05-19T22:26:26.441466Z","level":"info","event":"\tat py4j.ClientServerConnection.run(ClientServerConnection.java:106)","logger":"airflow.task.operators.airflow.providers.docker.operators.docker.DockerOperator","filename":"docker.py","lineno":71}
{"timestamp":"2026-05-19T22:26:26.441523Z","level":"info","event":"\tat java.base/java.lang.Thread.run(Unknown Source)","logger":"airflow.task.operators.airflow.providers.docker.operators.docker.DockerOperator","filename":"docker.py","lineno":71}
{"timestamp":"2026-05-19T22:26:26.441585Z","level":"info","event":"Caused by: java.lang.ClassNotFoundException: Class org.apache.hadoop.fs.s3a.S3AFileSystem not found","logger":"airflow.task.operators.airflow.providers.docker.operators.docker.DockerOperator","filename":"docker.py","lineno":71}
{"timestamp":"2026-05-19T22:26:26.441647Z","level":"info","event":"\tat org.apache.hadoop.conf.Configuration.getClassByName(Configuration.java:2592)","logger":"airflow.task.operators.airflow.providers.docker.operators.docker.DockerOperator","filename":"docker.py","lineno":71}
{"timestamp":"2026-05-19T22:26:26.441705Z","level":"info","event":"\tat org.apache.hadoop.conf.Configuration.getClass(Configuration.java:2686)","logger":"airflow.task.operators.airflow.providers.docker.operators.docker.DockerOperator","filename":"docker.py","lineno":71}
{"timestamp":"2026-05-19T22:26:26.441755Z","level":"info","event":"\t... 29 more","logger":"airflow.task.operators.airflow.providers.docker.operators.docker.DockerOperator","filename":"docker.py","lineno":71}
{"timestamp":"2026-05-19T22:26:26.441801Z","level":"info","event":"","logger":"airflow.task.operators.airflow.providers.docker.operators.docker.DockerOperator","filename":"docker.py","lineno":71}
{"timestamp":"2026-05-19T22:26:26.446626Z","level":"info","event":"26/05/19 22:26:26 WARN FileStreamSink: Assume no metadata directory. Error while looking for metadata directory in the path: s3a://landing/adventureworks/sales_salesterritory.","logger":"airflow.task.operators.airflow.providers.docker.operators.docker.DockerOperator","filename":"docker.py","lineno":71}
{"timestamp":"2026-05-19T22:26:26.446798Z","level":"info","event":"java.lang.RuntimeException: java.lang.ClassNotFoundException: Class org.apache.hadoop.fs.s3a.S3AFileSystem not found","logger":"airflow.task.operators.airflow.providers.docker.operators.docker.DockerOperator","filename":"docker.py","lineno":71}
{"timestamp":"2026-05-19T22:26:26.446873Z","level":"info","event":"\tat org.apache.hadoop.conf.Configuration.getClass(Configuration.java:2688)","logger":"airflow.task.operators.airflow.providers.docker.operators.docker.DockerOperator","filename":"docker.py","lineno":71}
{"timestamp":"2026-05-19T22:26:26.446954Z","level":"info","event":"\tat org.apache.hadoop.fs.FileSystem.getFileSystemClass(FileSystem.java:3431)","logger":"airflow.task.operators.airflow.providers.docker.operators.docker.DockerOperator","filename":"docker.py","lineno":71}
{"timestamp":"2026-05-19T22:26:26.447008Z","level":"info","event":"\tat org.apache.hadoop.fs.FileSystem.createFileSystem(FileSystem.java:3466)","logger":"airflow.task.operators.airflow.providers.docker.operators.docker.DockerOperator","filename":"docker.py","lineno":71}
{"timestamp":"2026-05-19T22:26:26.447058Z","level":"info","event":"\tat org.apache.hadoop.fs.FileSystem.access$300(FileSystem.java:174)","logger":"airflow.task.operators.airflow.providers.docker.operators.docker.DockerOperator","filename":"docker.py","lineno":71}
{"timestamp":"2026-05-19T22:26:26.447110Z","level":"info","event":"\tat org.apache.hadoop.fs.FileSystem$Cache.getInternal(FileSystem.java:3574)","logger":"airflow.task.operators.airflow.providers.docker.operators.docker.DockerOperator","filename":"docker.py","lineno":71}
{"timestamp":"2026-05-19T22:26:26.447159Z","level":"info","event":"\tat org.apache.hadoop.fs.FileSystem$Cache.get(FileSystem.java:3521)","logger":"airflow.task.operators.airflow.providers.docker.operators.docker.DockerOperator","filename":"docker.py","lineno":71}
{"timestamp":"2026-05-19T22:26:26.447208Z","level":"info","event":"\tat org.apache.hadoop.fs.FileSystem.get(FileSystem.java:540)","logger":"airflow.task.operators.airflow.providers.docker.operators.docker.DockerOperator","filename":"docker.py","lineno":71}
{"timestamp":"2026-05-19T22:26:26.447263Z","level":"info","event":"\tat org.apache.hadoop.fs.Path.getFileSystem(Path.java:365)","logger":"airflow.task.operators.airflow.providers.docker.operators.docker.DockerOperator","filename":"docker.py","lineno":71}
{"timestamp":"2026-05-19T22:26:26.447322Z","level":"info","event":"\tat org.apache.spark.sql.execution.streaming.FileStreamSink$.hasMetadata(FileStreamSink.scala:53)","logger":"airflow.task.operators.airflow.providers.docker.operators.docker.DockerOperator","filename":"docker.py","lineno":71}
{"timestamp":"2026-05-19T22:26:26.447375Z","level":"info","event":"\tat org.apache.spark.sql.execution.datasources.DataSource.resolveRelation(DataSource.scala:366)","logger":"airflow.task.operators.airflow.providers.docker.operators.docker.DockerOperator","filename":"docker.py","lineno":71}
{"timestamp":"2026-05-19T22:26:26.447441Z","level":"info","event":"\tat org.apache.spark.sql.DataFrameReader.loadV1Source(DataFrameReader.scala:229)","logger":"airflow.task.operators.airflow.providers.docker.operators.docker.DockerOperator","filename":"docker.py","lineno":71}
{"timestamp":"2026-05-19T22:26:26.447507Z","level":"info","event":"\tat org.apache.spark.sql.DataFrameReader.$anonfun$load$2(DataFrameReader.scala:211)","logger":"airflow.task.operators.airflow.providers.docker.operators.docker.DockerOperator","filename":"docker.py","lineno":71}
{"timestamp":"2026-05-19T22:26:26.447585Z","level":"info","event":"\tat scala.Option.getOrElse(Option.scala:189)","logger":"airflow.task.operators.airflow.providers.docker.operators.docker.DockerOperator","filename":"docker.py","lineno":71}
{"timestamp":"2026-05-19T22:26:26.447638Z","level":"info","event":"\tat org.apache.spark.sql.DataFrameReader.load(DataFrameReader.scala:211)","logger":"airflow.task.operators.airflow.providers.docker.operators.docker.DockerOperator","filename":"docker.py","lineno":71}
{"timestamp":"2026-05-19T22:26:26.447683Z","level":"info","event":"\tat org.apache.spark.sql.DataFrameReader.load(DataFrameReader.scala:186)","logger":"airflow.task.operators.airflow.providers.docker.operators.docker.DockerOperator","filename":"docker.py","lineno":71}
{"timestamp":"2026-05-19T22:26:26.447727Z","level":"info","event":"\tat java.base/jdk.internal.reflect.NativeMethodAccessorImpl.invoke0(Native Method)","logger":"airflow.task.operators.airflow.providers.docker.operators.docker.DockerOperator","filename":"docker.py","lineno":71}
{"timestamp":"2026-05-19T22:26:26.447780Z","level":"info","event":"\tat java.base/jdk.internal.reflect.NativeMethodAccessorImpl.invoke(Unknown Source)","logger":"airflow.task.operators.airflow.providers.docker.operators.docker.DockerOperator","filename":"docker.py","lineno":71}
{"timestamp":"2026-05-19T22:26:26.447843Z","level":"info","event":"\tat java.base/jdk.internal.reflect.DelegatingMethodAccessorImpl.invoke(Unknown Source)","logger":"airflow.task.operators.airflow.providers.docker.operators.docker.DockerOperator","filename":"docker.py","lineno":71}
{"timestamp":"2026-05-19T22:26:26.447920Z","level":"info","event":"\tat java.base/java.lang.reflect.Method.invoke(Unknown Source)","logger":"airflow.task.operators.airflow.providers.docker.operators.docker.DockerOperator","filename":"docker.py","lineno":71}
{"timestamp":"2026-05-19T22:26:26.447991Z","level":"info","event":"\tat py4j.reflection.MethodInvoker.invoke(MethodInvoker.java:244)","logger":"airflow.task.operators.airflow.providers.docker.operators.docker.DockerOperator","filename":"docker.py","lineno":71}
{"timestamp":"2026-05-19T22:26:26.448043Z","level":"info","event":"\tat py4j.reflection.ReflectionEngine.invoke(ReflectionEngine.java:374)","logger":"airflow.task.operators.airflow.providers.docker.operators.docker.DockerOperator","filename":"docker.py","lineno":71}
{"timestamp":"2026-05-19T22:26:26.448091Z","level":"info","event":"\tat py4j.Gateway.invoke(Gateway.java:282)","logger":"airflow.task.operators.airflow.providers.docker.operators.docker.DockerOperator","filename":"docker.py","lineno":71}
{"timestamp":"2026-05-19T22:26:26.448135Z","level":"info","event":"\tat py4j.commands.AbstractCommand.invokeMethod(AbstractCommand.java:132)","logger":"airflow.task.operators.airflow.providers.docker.operators.docker.DockerOperator","filename":"docker.py","lineno":71}
{"timestamp":"2026-05-19T22:26:26.448181Z","level":"info","event":"\tat py4j.commands.CallCommand.execute(CallCommand.java:79)","logger":"airflow.task.operators.airflow.providers.docker.operators.docker.DockerOperator","filename":"docker.py","lineno":71}
{"timestamp":"2026-05-19T22:26:26.448226Z","level":"info","event":"\tat py4j.ClientServerConnection.waitForCommands(ClientServerConnection.java:182)","logger":"airflow.task.operators.airflow.providers.docker.operators.docker.DockerOperator","filename":"docker.py","lineno":71}
{"timestamp":"2026-05-19T22:26:26.448283Z","level":"info","event":"\tat py4j.ClientServerConnection.run(ClientServerConnection.java:106)","logger":"airflow.task.operators.airflow.providers.docker.operators.docker.DockerOperator","filename":"docker.py","lineno":71}
{"timestamp":"2026-05-19T22:26:26.448339Z","level":"info","event":"\tat java.base/java.lang.Thread.run(Unknown Source)","logger":"airflow.task.operators.airflow.providers.docker.operators.docker.DockerOperator","filename":"docker.py","lineno":71}
{"timestamp":"2026-05-19T22:26:26.448416Z","level":"info","event":"Caused by: java.lang.ClassNotFoundException: Class org.apache.hadoop.fs.s3a.S3AFileSystem not found","logger":"airflow.task.operators.airflow.providers.docker.operators.docker.DockerOperator","filename":"docker.py","lineno":71}
{"timestamp":"2026-05-19T22:26:26.448476Z","level":"info","event":"\tat org.apache.hadoop.conf.Configuration.getClassByName(Configuration.java:2592)","logger":"airflow.task.operators.airflow.providers.docker.operators.docker.DockerOperator","filename":"docker.py","lineno":71}
{"timestamp":"2026-05-19T22:26:26.448534Z","level":"info","event":"\tat org.apache.hadoop.conf.Configuration.getClass(Configuration.java:2686)","logger":"airflow.task.operators.airflow.providers.docker.operators.docker.DockerOperator","filename":"docker.py","lineno":71}
{"timestamp":"2026-05-19T22:26:26.448599Z","level":"info","event":"\t... 26 more","logger":"airflow.task.operators.airflow.providers.docker.operators.docker.DockerOperator","filename":"docker.py","lineno":71}
{"timestamp":"2026-05-19T22:26:26.448730Z","level":"info","event":"26/05/19 22:26:26 WARN FileStreamSink: Assume no metadata directory. Error while looking for metadata directory in the path: s3a://landing/adventureworks/sales_salestaxrate.","logger":"airflow.task.operators.airflow.providers.docker.operators.docker.DockerOperator","filename":"docker.py","lineno":71}
{"timestamp":"2026-05-19T22:26:26.448805Z","level":"info","event":"java.lang.RuntimeException: java.lang.ClassNotFoundException: Class org.apache.hadoop.fs.s3a.S3AFileSystem not found","logger":"airflow.task.operators.airflow.providers.docker.operators.docker.DockerOperator","filename":"docker.py","lineno":71}
{"timestamp":"2026-05-19T22:26:26.448871Z","level":"info","event":"\tat org.apache.hadoop.conf.Configuration.getClass(Configuration.java:2688)","logger":"airflow.task.operators.airflow.providers.docker.operators.docker.DockerOperator","filename":"docker.py","lineno":71}
{"timestamp":"2026-05-19T22:26:26.448964Z","level":"info","event":"\tat org.apache.hadoop.fs.FileSystem.getFileSystemClass(FileSystem.java:3431)","logger":"airflow.task.operators.airflow.providers.docker.operators.docker.DockerOperator","filename":"docker.py","lineno":71}
{"timestamp":"2026-05-19T22:26:26.449024Z","level":"info","event":"\tat org.apache.hadoop.fs.FileSystem.createFileSystem(FileSystem.java:3466)","logger":"airflow.task.operators.airflow.providers.docker.operators.docker.DockerOperator","filename":"docker.py","lineno":71}
{"timestamp":"2026-05-19T22:26:26.449076Z","level":"info","event":"\tat org.apache.hadoop.fs.FileSystem.access$300(FileSystem.java:174)","logger":"airflow.task.operators.airflow.providers.docker.operators.docker.DockerOperator","filename":"docker.py","lineno":71}
{"timestamp":"2026-05-19T22:26:26.449130Z","level":"info","event":"\tat org.apache.hadoop.fs.FileSystem$Cache.getInternal(FileSystem.java:3574)","logger":"airflow.task.operators.airflow.providers.docker.operators.docker.DockerOperator","filename":"docker.py","lineno":71}
{"timestamp":"2026-05-19T22:26:26.449189Z","level":"info","event":"\tat org.apache.hadoop.fs.FileSystem$Cache.get(FileSystem.java:3521)","logger":"airflow.task.operators.airflow.providers.docker.operators.docker.DockerOperator","filename":"docker.py","lineno":71}
{"timestamp":"2026-05-19T22:26:26.449249Z","level":"info","event":"\tat org.apache.hadoop.fs.FileSystem.get(FileSystem.java:540)","logger":"airflow.task.operators.airflow.providers.docker.operators.docker.DockerOperator","filename":"docker.py","lineno":71}
{"timestamp":"2026-05-19T22:26:26.449312Z","level":"info","event":"\tat org.apache.hadoop.fs.Path.getFileSystem(Path.java:365)","logger":"airflow.task.operators.airflow.providers.docker.operators.docker.DockerOperator","filename":"docker.py","lineno":71}
{"timestamp":"2026-05-19T22:26:26.449386Z","level":"info","event":"\tat org.apache.spark.sql.execution.streaming.FileStreamSink$.hasMetadata(FileStreamSink.scala:53)","logger":"airflow.task.operators.airflow.providers.docker.operators.docker.DockerOperator","filename":"docker.py","lineno":71}
{"timestamp":"2026-05-19T22:26:26.449450Z","level":"info","event":"\tat org.apache.spark.sql.execution.datasources.DataSource.resolveRelation(DataSource.scala:366)","logger":"airflow.task.operators.airflow.providers.docker.operators.docker.DockerOperator","filename":"docker.py","lineno":71}
{"timestamp":"2026-05-19T22:26:26.449501Z","level":"info","event":"\tat org.apache.spark.sql.DataFrameReader.loadV1Source(DataFrameReader.scala:229)","logger":"airflow.task.operators.airflow.providers.docker.operators.docker.DockerOperator","filename":"docker.py","lineno":71}
{"timestamp":"2026-05-19T22:26:26.449546Z","level":"info","event":"\tat org.apache.spark.sql.DataFrameReader.$anonfun$load$2(DataFrameReader.scala:211)","logger":"airflow.task.operators.airflow.providers.docker.operators.docker.DockerOperator","filename":"docker.py","lineno":71}
{"timestamp":"2026-05-19T22:26:26.449579Z","level":"info","event":"\tat scala.Option.getOrElse(Option.scala:189)","logger":"airflow.task.operators.airflow.providers.docker.operators.docker.DockerOperator","filename":"docker.py","lineno":71}
{"timestamp":"2026-05-19T22:26:26.449613Z","level":"info","event":"\tat org.apache.spark.sql.DataFrameReader.load(DataFrameReader.scala:211)","logger":"airflow.task.operators.airflow.providers.docker.operators.docker.DockerOperator","filename":"docker.py","lineno":71}
{"timestamp":"2026-05-19T22:26:26.449645Z","level":"info","event":"\tat org.apache.spark.sql.DataFrameReader.load(DataFrameReader.scala:186)","logger":"airflow.task.operators.airflow.providers.docker.operators.docker.DockerOperator","filename":"docker.py","lineno":71}
{"timestamp":"2026-05-19T22:26:26.449677Z","level":"info","event":"\tat java.base/jdk.internal.reflect.NativeMethodAccessorImpl.invoke0(Native Method)","logger":"airflow.task.operators.airflow.providers.docker.operators.docker.DockerOperator","filename":"docker.py","lineno":71}
{"timestamp":"2026-05-19T22:26:26.449708Z","level":"info","event":"\tat java.base/jdk.internal.reflect.NativeMethodAccessorImpl.invoke(Unknown Source)","logger":"airflow.task.operators.airflow.providers.docker.operators.docker.DockerOperator","filename":"docker.py","lineno":71}
{"timestamp":"2026-05-19T22:26:26.449739Z","level":"info","event":"\tat java.base/jdk.internal.reflect.DelegatingMethodAccessorImpl.invoke(Unknown Source)","logger":"airflow.task.operators.airflow.providers.docker.operators.docker.DockerOperator","filename":"docker.py","lineno":71}
{"timestamp":"2026-05-19T22:26:26.449771Z","level":"info","event":"\tat java.base/java.lang.reflect.Method.invoke(Unknown Source)","logger":"airflow.task.operators.airflow.providers.docker.operators.docker.DockerOperator","filename":"docker.py","lineno":71}
{"timestamp":"2026-05-19T22:26:26.449802Z","level":"info","event":"\tat py4j.reflection.MethodInvoker.invoke(MethodInvoker.java:244)","logger":"airflow.task.operators.airflow.providers.docker.operators.docker.DockerOperator","filename":"docker.py","lineno":71}
{"timestamp":"2026-05-19T22:26:26.449832Z","level":"info","event":"\tat py4j.reflection.ReflectionEngine.invoke(ReflectionEngine.java:374)","logger":"airflow.task.operators.airflow.providers.docker.operators.docker.DockerOperator","filename":"docker.py","lineno":71}
{"timestamp":"2026-05-19T22:26:26.449865Z","level":"info","event":"\tat py4j.Gateway.invoke(Gateway.java:282)","logger":"airflow.task.operators.airflow.providers.docker.operators.docker.DockerOperator","filename":"docker.py","lineno":71}
{"timestamp":"2026-05-19T22:26:26.451999Z","level":"info","event":"\tat py4j.commands.AbstractCommand.invokeMethod(AbstractCommand.java:132)","logger":"airflow.task.operators.airflow.providers.docker.operators.docker.DockerOperator","filename":"docker.py","lineno":71}
{"timestamp":"2026-05-19T22:26:26.452074Z","level":"info","event":"\tat py4j.commands.CallCommand.execute(CallCommand.java:79)","logger":"airflow.task.operators.airflow.providers.docker.operators.docker.DockerOperator","filename":"docker.py","lineno":71}
{"timestamp":"2026-05-19T22:26:26.452137Z","level":"info","event":"\tat py4j.ClientServerConnection.waitForCommands(ClientServerConnection.java:182)","logger":"airflow.task.operators.airflow.providers.docker.operators.docker.DockerOperator","filename":"docker.py","lineno":71}
{"timestamp":"2026-05-19T22:26:26.452195Z","level":"info","event":"\tat py4j.ClientServerConnection.run(ClientServerConnection.java:106)","logger":"airflow.task.operators.airflow.providers.docker.operators.docker.DockerOperator","filename":"docker.py","lineno":71}
{"timestamp":"2026-05-19T22:26:26.452251Z","level":"info","event":"\tat java.base/java.lang.Thread.run(Unknown Source)","logger":"airflow.task.operators.airflow.providers.docker.operators.docker.DockerOperator","filename":"docker.py","lineno":71}
{"timestamp":"2026-05-19T22:26:26.452302Z","level":"info","event":"Caused by: java.lang.ClassNotFoundException: Class org.apache.hadoop.fs.s3a.S3AFileSystem not found","logger":"airflow.task.operators.airflow.providers.docker.operators.docker.DockerOperator","filename":"docker.py","lineno":71}
{"timestamp":"2026-05-19T22:26:26.452355Z","level":"info","event":"\tat org.apache.hadoop.conf.Configuration.getClassByName(Configuration.java:2592)","logger":"airflow.task.operators.airflow.providers.docker.operators.docker.DockerOperator","filename":"docker.py","lineno":71}
{"timestamp":"2026-05-19T22:26:26.452410Z","level":"info","event":"\tat org.apache.hadoop.conf.Configuration.getClass(Configuration.java:2686)","logger":"airflow.task.operators.airflow.providers.docker.operators.docker.DockerOperator","filename":"docker.py","lineno":71}
{"timestamp":"2026-05-19T22:26:26.452463Z","level":"info","event":"\t... 26 more","logger":"airflow.task.operators.airflow.providers.docker.operators.docker.DockerOperator","filename":"docker.py","lineno":71}
{"timestamp":"2026-05-19T22:26:26.456522Z","level":"info","event":"26/05/19 22:26:26 WARN FileStreamSink: Assume no metadata directory. Error while looking for metadata directory in the path: s3a://landing/adventureworks/sales_salesterritoryhistory.","logger":"airflow.task.operators.airflow.providers.docker.operators.docker.DockerOperator","filename":"docker.py","lineno":71}
{"timestamp":"2026-05-19T22:26:26.456732Z","level":"info","event":"java.lang.RuntimeException: java.lang.ClassNotFoundException: Class org.apache.hadoop.fs.s3a.S3AFileSystem not found","logger":"airflow.task.operators.airflow.providers.docker.operators.docker.DockerOperator","filename":"docker.py","lineno":71}
{"timestamp":"2026-05-19T22:26:26.456806Z","level":"info","event":"\tat org.apache.hadoop.conf.Configuration.getClass(Configuration.java:2688)","logger":"airflow.task.operators.airflow.providers.docker.operators.docker.DockerOperator","filename":"docker.py","lineno":71}
{"timestamp":"2026-05-19T22:26:26.456870Z","level":"info","event":"\tat org.apache.hadoop.fs.FileSystem.getFileSystemClass(FileSystem.java:3431)","logger":"airflow.task.operators.airflow.providers.docker.operators.docker.DockerOperator","filename":"docker.py","lineno":71}
{"timestamp":"2026-05-19T22:26:26.456962Z","level":"info","event":"\tat org.apache.hadoop.fs.FileSystem.createFileSystem(FileSystem.java:3466)","logger":"airflow.task.operators.airflow.providers.docker.operators.docker.DockerOperator","filename":"docker.py","lineno":71}
{"timestamp":"2026-05-19T22:26:26.457023Z","level":"info","event":"\tat org.apache.hadoop.fs.FileSystem.access$300(FileSystem.java:174)","logger":"airflow.task.operators.airflow.providers.docker.operators.docker.DockerOperator","filename":"docker.py","lineno":71}
{"timestamp":"2026-05-19T22:26:26.457083Z","level":"info","event":"\tat org.apache.hadoop.fs.FileSystem$Cache.getInternal(FileSystem.java:3574)","logger":"airflow.task.operators.airflow.providers.docker.operators.docker.DockerOperator","filename":"docker.py","lineno":71}
{"timestamp":"2026-05-19T22:26:26.457143Z","level":"info","event":"\tat org.apache.hadoop.fs.FileSystem$Cache.get(FileSystem.java:3521)","logger":"airflow.task.operators.airflow.providers.docker.operators.docker.DockerOperator","filename":"docker.py","lineno":71}
{"timestamp":"2026-05-19T22:26:26.457198Z","level":"info","event":"\tat org.apache.hadoop.fs.FileSystem.get(FileSystem.java:540)","logger":"airflow.task.operators.airflow.providers.docker.operators.docker.DockerOperator","filename":"docker.py","lineno":71}
{"timestamp":"2026-05-19T22:26:26.457255Z","level":"info","event":"\tat org.apache.hadoop.fs.Path.getFileSystem(Path.java:365)","logger":"airflow.task.operators.airflow.providers.docker.operators.docker.DockerOperator","filename":"docker.py","lineno":71}
{"timestamp":"2026-05-19T22:26:26.457312Z","level":"info","event":"\tat org.apache.spark.sql.execution.streaming.FileStreamSink$.hasMetadata(FileStreamSink.scala:53)","logger":"airflow.task.operators.airflow.providers.docker.operators.docker.DockerOperator","filename":"docker.py","lineno":71}
{"timestamp":"2026-05-19T22:26:26.457366Z","level":"info","event":"\tat org.apache.spark.sql.execution.datasources.DataSource.resolveRelation(DataSource.scala:366)","logger":"airflow.task.operators.airflow.providers.docker.operators.docker.DockerOperator","filename":"docker.py","lineno":71}
{"timestamp":"2026-05-19T22:26:26.457424Z","level":"info","event":"\tat org.apache.spark.sql.DataFrameReader.loadV1Source(DataFrameReader.scala:229)","logger":"airflow.task.operators.airflow.providers.docker.operators.docker.DockerOperator","filename":"docker.py","lineno":71}
{"timestamp":"2026-05-19T22:26:26.457477Z","level":"info","event":"\tat org.apache.spark.sql.DataFrameReader.$anonfun$load$2(DataFrameReader.scala:211)","logger":"airflow.task.operators.airflow.providers.docker.operators.docker.DockerOperator","filename":"docker.py","lineno":71}
{"timestamp":"2026-05-19T22:26:26.457541Z","level":"info","event":"\tat scala.Option.getOrElse(Option.scala:189)","logger":"airflow.task.operators.airflow.providers.docker.operators.docker.DockerOperator","filename":"docker.py","lineno":71}
{"timestamp":"2026-05-19T22:26:26.457596Z","level":"info","event":"\tat org.apache.spark.sql.DataFrameReader.load(DataFrameReader.scala:211)","logger":"airflow.task.operators.airflow.providers.docker.operators.docker.DockerOperator","filename":"docker.py","lineno":71}
{"timestamp":"2026-05-19T22:26:26.457648Z","level":"info","event":"\tat org.apache.spark.sql.DataFrameReader.load(DataFrameReader.scala:186)","logger":"airflow.task.operators.airflow.providers.docker.operators.docker.DockerOperator","filename":"docker.py","lineno":71}
{"timestamp":"2026-05-19T22:26:26.457704Z","level":"info","event":"\tat java.base/jdk.internal.reflect.NativeMethodAccessorImpl.invoke0(Native Method)","logger":"airflow.task.operators.airflow.providers.docker.operators.docker.DockerOperator","filename":"docker.py","lineno":71}
{"timestamp":"2026-05-19T22:26:26.457762Z","level":"info","event":"\tat java.base/jdk.internal.reflect.NativeMethodAccessorImpl.invoke(Unknown Source)","logger":"airflow.task.operators.airflow.providers.docker.operators.docker.DockerOperator","filename":"docker.py","lineno":71}
{"timestamp":"2026-05-19T22:26:26.457821Z","level":"info","event":"\tat java.base/jdk.internal.reflect.DelegatingMethodAccessorImpl.invoke(Unknown Source)","logger":"airflow.task.operators.airflow.providers.docker.operators.docker.DockerOperator","filename":"docker.py","lineno":71}
{"timestamp":"2026-05-19T22:26:26.457873Z","level":"info","event":"\tat java.base/java.lang.reflect.Method.invoke(Unknown Source)","logger":"airflow.task.operators.airflow.providers.docker.operators.docker.DockerOperator","filename":"docker.py","lineno":71}
{"timestamp":"2026-05-19T22:26:26.457954Z","level":"info","event":"\tat py4j.reflection.MethodInvoker.invoke(MethodInvoker.java:244)","logger":"airflow.task.operators.airflow.providers.docker.operators.docker.DockerOperator","filename":"docker.py","lineno":71}
{"timestamp":"2026-05-19T22:26:26.458023Z","level":"info","event":"\tat py4j.reflection.ReflectionEngine.invoke(ReflectionEngine.java:374)","logger":"airflow.task.operators.airflow.providers.docker.operators.docker.DockerOperator","filename":"docker.py","lineno":71}
{"timestamp":"2026-05-19T22:26:26.458077Z","level":"info","event":"\tat py4j.Gateway.invoke(Gateway.java:282)","logger":"airflow.task.operators.airflow.providers.docker.operators.docker.DockerOperator","filename":"docker.py","lineno":71}
{"timestamp":"2026-05-19T22:26:26.458128Z","level":"info","event":"\tat py4j.commands.AbstractCommand.invokeMethod(AbstractCommand.java:132)","logger":"airflow.task.operators.airflow.providers.docker.operators.docker.DockerOperator","filename":"docker.py","lineno":71}
{"timestamp":"2026-05-19T22:26:26.458178Z","level":"info","event":"\tat py4j.commands.CallCommand.execute(CallCommand.java:79)","logger":"airflow.task.operators.airflow.providers.docker.operators.docker.DockerOperator","filename":"docker.py","lineno":71}
{"timestamp":"2026-05-19T22:26:26.458225Z","level":"info","event":"\tat py4j.ClientServerConnection.waitForCommands(ClientServerConnection.java:182)","logger":"airflow.task.operators.airflow.providers.docker.operators.docker.DockerOperator","filename":"docker.py","lineno":71}
{"timestamp":"2026-05-19T22:26:26.459977Z","level":"info","event":"\tat py4j.ClientServerConnection.run(ClientServerConnection.java:106)","logger":"airflow.task.operators.airflow.providers.docker.operators.docker.DockerOperator","filename":"docker.py","lineno":71}
{"timestamp":"2026-05-19T22:26:26.460060Z","level":"info","event":"\tat java.base/java.lang.Thread.run(Unknown Source)","logger":"airflow.task.operators.airflow.providers.docker.operators.docker.DockerOperator","filename":"docker.py","lineno":71}
{"timestamp":"2026-05-19T22:26:26.460121Z","level":"info","event":"Caused by: java.lang.ClassNotFoundException: Class org.apache.hadoop.fs.s3a.S3AFileSystem not found","logger":"airflow.task.operators.airflow.providers.docker.operators.docker.DockerOperator","filename":"docker.py","lineno":71}
{"timestamp":"2026-05-19T22:26:26.460194Z","level":"info","event":"\tat org.apache.hadoop.conf.Configuration.getClassByName(Configuration.java:2592)","logger":"airflow.task.operators.airflow.providers.docker.operators.docker.DockerOperator","filename":"docker.py","lineno":71}
{"timestamp":"2026-05-19T22:26:26.460259Z","level":"info","event":"\tat org.apache.hadoop.conf.Configuration.getClass(Configuration.java:2686)","logger":"airflow.task.operators.airflow.providers.docker.operators.docker.DockerOperator","filename":"docker.py","lineno":71}
{"timestamp":"2026-05-19T22:26:26.460325Z","level":"info","event":"\t... 26 more","logger":"airflow.task.operators.airflow.providers.docker.operators.docker.DockerOperator","filename":"docker.py","lineno":71}
{"timestamp":"2026-05-19T22:26:26.467846Z","level":"info","event":"2026-05-19 22:26:26,466 - ERROR - Error processing table sales.creditcard: An error occurred while calling o54.load.","logger":"airflow.task.operators.airflow.providers.docker.operators.docker.DockerOperator","filename":"docker.py","lineno":71}
{"timestamp":"2026-05-19T22:26:26.468068Z","level":"info","event":": java.lang.RuntimeException: java.lang.ClassNotFoundException: Class org.apache.hadoop.fs.s3a.S3AFileSystem not found","logger":"airflow.task.operators.airflow.providers.docker.operators.docker.DockerOperator","filename":"docker.py","lineno":71}
{"timestamp":"2026-05-19T22:26:26.468144Z","level":"info","event":"\tat org.apache.hadoop.conf.Configuration.getClass(Configuration.java:2688)","logger":"airflow.task.operators.airflow.providers.docker.operators.docker.DockerOperator","filename":"docker.py","lineno":71}
{"timestamp":"2026-05-19T22:26:26.468205Z","level":"info","event":"\tat org.apache.hadoop.fs.FileSystem.getFileSystemClass(FileSystem.java:3431)","logger":"airflow.task.operators.airflow.providers.docker.operators.docker.DockerOperator","filename":"docker.py","lineno":71}
{"timestamp":"2026-05-19T22:26:26.468289Z","level":"info","event":"\tat org.apache.hadoop.fs.FileSystem.createFileSystem(FileSystem.java:3466)","logger":"airflow.task.operators.airflow.providers.docker.operators.docker.DockerOperator","filename":"docker.py","lineno":71}
{"timestamp":"2026-05-19T22:26:26.468345Z","level":"info","event":"\tat org.apache.hadoop.fs.FileSystem.access$300(FileSystem.java:174)","logger":"airflow.task.operators.airflow.providers.docker.operators.docker.DockerOperator","filename":"docker.py","lineno":71}
{"timestamp":"2026-05-19T22:26:26.468404Z","level":"info","event":"\tat org.apache.hadoop.fs.FileSystem$Cache.getInternal(FileSystem.java:3574)","logger":"airflow.task.operators.airflow.providers.docker.operators.docker.DockerOperator","filename":"docker.py","lineno":71}
{"timestamp":"2026-05-19T22:26:26.468480Z","level":"info","event":"\tat org.apache.hadoop.fs.FileSystem$Cache.get(FileSystem.java:3521)","logger":"airflow.task.operators.airflow.providers.docker.operators.docker.DockerOperator","filename":"docker.py","lineno":71}
{"timestamp":"2026-05-19T22:26:26.468535Z","level":"info","event":"\tat org.apache.hadoop.fs.FileSystem.get(FileSystem.java:540)","logger":"airflow.task.operators.airflow.providers.docker.operators.docker.DockerOperator","filename":"docker.py","lineno":71}
{"timestamp":"2026-05-19T22:26:26.468594Z","level":"info","event":"\tat org.apache.hadoop.fs.Path.getFileSystem(Path.java:365)","logger":"airflow.task.operators.airflow.providers.docker.operators.docker.DockerOperator","filename":"docker.py","lineno":71}
{"timestamp":"2026-05-19T22:26:26.468650Z","level":"info","event":"\tat org.apache.spark.sql.execution.datasources.DataSource$.$anonfun$checkAndGlobPathIfNecessary$1(DataSource.scala:724)","logger":"airflow.task.operators.airflow.providers.docker.operators.docker.DockerOperator","filename":"docker.py","lineno":71}
{"timestamp":"2026-05-19T22:26:26.468701Z","level":"info","event":"\tat scala.collection.immutable.List.map(List.scala:293)","logger":"airflow.task.operators.airflow.providers.docker.operators.docker.DockerOperator","filename":"docker.py","lineno":71}
{"timestamp":"2026-05-19T22:26:26.468750Z","level":"info","event":"\tat org.apache.spark.sql.execution.datasources.DataSource$.checkAndGlobPathIfNecessary(DataSource.scala:722)","logger":"airflow.task.operators.airflow.providers.docker.operators.docker.DockerOperator","filename":"docker.py","lineno":71}
{"timestamp":"2026-05-19T22:26:26.468801Z","level":"info","event":"\tat org.apache.spark.sql.execution.datasources.DataSource.checkAndGlobPathIfNecessary(DataSource.scala:551)","logger":"airflow.task.operators.airflow.providers.docker.operators.docker.DockerOperator","filename":"docker.py","lineno":71}
{"timestamp":"2026-05-19T22:26:26.468852Z","level":"info","event":"\tat org.apache.spark.sql.execution.datasources.DataSource.resolveRelation(DataSource.scala:404)","logger":"airflow.task.operators.airflow.providers.docker.operators.docker.DockerOperator","filename":"docker.py","lineno":71}
{"timestamp":"2026-05-19T22:26:26.468937Z","level":"info","event":"\tat org.apache.spark.sql.DataFrameReader.loadV1Source(DataFrameReader.scala:229)","logger":"airflow.task.operators.airflow.providers.docker.operators.docker.DockerOperator","filename":"docker.py","lineno":71}
{"timestamp":"2026-05-19T22:26:26.468997Z","level":"info","event":"\tat org.apache.spark.sql.DataFrameReader.$anonfun$load$2(DataFrameReader.scala:211)","logger":"airflow.task.operators.airflow.providers.docker.operators.docker.DockerOperator","filename":"docker.py","lineno":71}
{"timestamp":"2026-05-19T22:26:26.469055Z","level":"info","event":"\tat scala.Option.getOrElse(Option.scala:189)","logger":"airflow.task.operators.airflow.providers.docker.operators.docker.DockerOperator","filename":"docker.py","lineno":71}
{"timestamp":"2026-05-19T22:26:26.469110Z","level":"info","event":"\tat org.apache.spark.sql.DataFrameReader.load(DataFrameReader.scala:211)","logger":"airflow.task.operators.airflow.providers.docker.operators.docker.DockerOperator","filename":"docker.py","lineno":71}
{"timestamp":"2026-05-19T22:26:26.469165Z","level":"info","event":"\tat org.apache.spark.sql.DataFrameReader.load(DataFrameReader.scala:186)","logger":"airflow.task.operators.airflow.providers.docker.operators.docker.DockerOperator","filename":"docker.py","lineno":71}
{"timestamp":"2026-05-19T22:26:26.469219Z","level":"info","event":"\tat java.base/jdk.internal.reflect.NativeMethodAccessorImpl.invoke0(Native Method)","logger":"airflow.task.operators.airflow.providers.docker.operators.docker.DockerOperator","filename":"docker.py","lineno":71}
{"timestamp":"2026-05-19T22:26:26.469285Z","level":"info","event":"\tat java.base/jdk.internal.reflect.NativeMethodAccessorImpl.invoke(Unknown Source)","logger":"airflow.task.operators.airflow.providers.docker.operators.docker.DockerOperator","filename":"docker.py","lineno":71}
{"timestamp":"2026-05-19T22:26:26.469342Z","level":"info","event":"\tat java.base/jdk.internal.reflect.DelegatingMethodAccessorImpl.invoke(Unknown Source)","logger":"airflow.task.operators.airflow.providers.docker.operators.docker.DockerOperator","filename":"docker.py","lineno":71}
{"timestamp":"2026-05-19T22:26:26.469395Z","level":"info","event":"\tat java.base/java.lang.reflect.Method.invoke(Unknown Source)","logger":"airflow.task.operators.airflow.providers.docker.operators.docker.DockerOperator","filename":"docker.py","lineno":71}
{"timestamp":"2026-05-19T22:26:26.469458Z","level":"info","event":"\tat py4j.reflection.MethodInvoker.invoke(MethodInvoker.java:244)","logger":"airflow.task.operators.airflow.providers.docker.operators.docker.DockerOperator","filename":"docker.py","lineno":71}
{"timestamp":"2026-05-19T22:26:26.469514Z","level":"info","event":"\tat py4j.reflection.ReflectionEngine.invoke(ReflectionEngine.java:374)","logger":"airflow.task.operators.airflow.providers.docker.operators.docker.DockerOperator","filename":"docker.py","lineno":71}
{"timestamp":"2026-05-19T22:26:26.469567Z","level":"info","event":"\tat py4j.Gateway.invoke(Gateway.java:282)","logger":"airflow.task.operators.airflow.providers.docker.operators.docker.DockerOperator","filename":"docker.py","lineno":71}
{"timestamp":"2026-05-19T22:26:26.469621Z","level":"info","event":"\tat py4j.commands.AbstractCommand.invokeMethod(AbstractCommand.java:132)","logger":"airflow.task.operators.airflow.providers.docker.operators.docker.DockerOperator","filename":"docker.py","lineno":71}
{"timestamp":"2026-05-19T22:26:26.469675Z","level":"info","event":"\tat py4j.commands.CallCommand.execute(CallCommand.java:79)","logger":"airflow.task.operators.airflow.providers.docker.operators.docker.DockerOperator","filename":"docker.py","lineno":71}
{"timestamp":"2026-05-19T22:26:26.469726Z","level":"info","event":"\tat py4j.ClientServerConnection.waitForCommands(ClientServerConnection.java:182)","logger":"airflow.task.operators.airflow.providers.docker.operators.docker.DockerOperator","filename":"docker.py","lineno":71}
{"timestamp":"2026-05-19T22:26:26.469776Z","level":"info","event":"\tat py4j.ClientServerConnection.run(ClientServerConnection.java:106)","logger":"airflow.task.operators.airflow.providers.docker.operators.docker.DockerOperator","filename":"docker.py","lineno":71}
{"timestamp":"2026-05-19T22:26:26.469828Z","level":"info","event":"\tat java.base/java.lang.Thread.run(Unknown Source)","logger":"airflow.task.operators.airflow.providers.docker.operators.docker.DockerOperator","filename":"docker.py","lineno":71}
{"timestamp":"2026-05-19T22:26:26.469883Z","level":"info","event":"Caused by: java.lang.ClassNotFoundException: Class org.apache.hadoop.fs.s3a.S3AFileSystem not found","logger":"airflow.task.operators.airflow.providers.docker.operators.docker.DockerOperator","filename":"docker.py","lineno":71}
{"timestamp":"2026-05-19T22:26:26.469961Z","level":"info","event":"\tat org.apache.hadoop.conf.Configuration.getClassByName(Configuration.java:2592)","logger":"airflow.task.operators.airflow.providers.docker.operators.docker.DockerOperator","filename":"docker.py","lineno":71}
{"timestamp":"2026-05-19T22:26:26.470015Z","level":"info","event":"\tat org.apache.hadoop.conf.Configuration.getClass(Configuration.java:2686)","logger":"airflow.task.operators.airflow.providers.docker.operators.docker.DockerOperator","filename":"docker.py","lineno":71}
{"timestamp":"2026-05-19T22:26:26.470069Z","level":"info","event":"\t... 29 more","logger":"airflow.task.operators.airflow.providers.docker.operators.docker.DockerOperator","filename":"docker.py","lineno":71}
{"timestamp":"2026-05-19T22:26:26.470120Z","level":"info","event":"","logger":"airflow.task.operators.airflow.providers.docker.operators.docker.DockerOperator","filename":"docker.py","lineno":71}
{"timestamp":"2026-05-19T22:26:26.474277Z","level":"info","event":"26/05/19 22:26:26 WARN FileStreamSink: Assume no metadata directory. Error while looking for metadata directory in the path: s3a://landing/adventureworks/sales_shoppingcartitem.","logger":"airflow.task.operators.airflow.providers.docker.operators.docker.DockerOperator","filename":"docker.py","lineno":71}
{"timestamp":"2026-05-19T22:26:26.474457Z","level":"info","event":"java.lang.RuntimeException: java.lang.ClassNotFoundException: Class org.apache.hadoop.fs.s3a.S3AFileSystem not found","logger":"airflow.task.operators.airflow.providers.docker.operators.docker.DockerOperator","filename":"docker.py","lineno":71}
{"timestamp":"2026-05-19T22:26:26.474535Z","level":"info","event":"\tat org.apache.hadoop.conf.Configuration.getClass(Configuration.java:2688)","logger":"airflow.task.operators.airflow.providers.docker.operators.docker.DockerOperator","filename":"docker.py","lineno":71}
{"timestamp":"2026-05-19T22:26:26.474611Z","level":"info","event":"\tat org.apache.hadoop.fs.FileSystem.getFileSystemClass(FileSystem.java:3431)","logger":"airflow.task.operators.airflow.providers.docker.operators.docker.DockerOperator","filename":"docker.py","lineno":71}
{"timestamp":"2026-05-19T22:26:26.474670Z","level":"info","event":"\tat org.apache.hadoop.fs.FileSystem.createFileSystem(FileSystem.java:3466)","logger":"airflow.task.operators.airflow.providers.docker.operators.docker.DockerOperator","filename":"docker.py","lineno":71}
{"timestamp":"2026-05-19T22:26:26.474725Z","level":"info","event":"\tat org.apache.hadoop.fs.FileSystem.access$300(FileSystem.java:174)","logger":"airflow.task.operators.airflow.providers.docker.operators.docker.DockerOperator","filename":"docker.py","lineno":71}
{"timestamp":"2026-05-19T22:26:26.474775Z","level":"info","event":"\tat org.apache.hadoop.fs.FileSystem$Cache.getInternal(FileSystem.java:3574)","logger":"airflow.task.operators.airflow.providers.docker.operators.docker.DockerOperator","filename":"docker.py","lineno":71}
{"timestamp":"2026-05-19T22:26:26.474825Z","level":"info","event":"\tat org.apache.hadoop.fs.FileSystem$Cache.get(FileSystem.java:3521)","logger":"airflow.task.operators.airflow.providers.docker.operators.docker.DockerOperator","filename":"docker.py","lineno":71}
{"timestamp":"2026-05-19T22:26:26.474873Z","level":"info","event":"\tat org.apache.hadoop.fs.FileSystem.get(FileSystem.java:540)","logger":"airflow.task.operators.airflow.providers.docker.operators.docker.DockerOperator","filename":"docker.py","lineno":71}
{"timestamp":"2026-05-19T22:26:26.474946Z","level":"info","event":"\tat org.apache.hadoop.fs.Path.getFileSystem(Path.java:365)","logger":"airflow.task.operators.airflow.providers.docker.operators.docker.DockerOperator","filename":"docker.py","lineno":71}
{"timestamp":"2026-05-19T22:26:26.474998Z","level":"info","event":"\tat org.apache.spark.sql.execution.streaming.FileStreamSink$.hasMetadata(FileStreamSink.scala:53)","logger":"airflow.task.operators.airflow.providers.docker.operators.docker.DockerOperator","filename":"docker.py","lineno":71}
{"timestamp":"2026-05-19T22:26:26.475053Z","level":"info","event":"\tat org.apache.spark.sql.execution.datasources.DataSource.resolveRelation(DataSource.scala:366)","logger":"airflow.task.operators.airflow.providers.docker.operators.docker.DockerOperator","filename":"docker.py","lineno":71}
{"timestamp":"2026-05-19T22:26:26.475102Z","level":"info","event":"\tat org.apache.spark.sql.DataFrameReader.loadV1Source(DataFrameReader.scala:229)","logger":"airflow.task.operators.airflow.providers.docker.operators.docker.DockerOperator","filename":"docker.py","lineno":71}
{"timestamp":"2026-05-19T22:26:26.475156Z","level":"info","event":"\tat org.apache.spark.sql.DataFrameReader.$anonfun$load$2(DataFrameReader.scala:211)","logger":"airflow.task.operators.airflow.providers.docker.operators.docker.DockerOperator","filename":"docker.py","lineno":71}
{"timestamp":"2026-05-19T22:26:26.475207Z","level":"info","event":"\tat scala.Option.getOrElse(Option.scala:189)","logger":"airflow.task.operators.airflow.providers.docker.operators.docker.DockerOperator","filename":"docker.py","lineno":71}
{"timestamp":"2026-05-19T22:26:26.477522Z","level":"info","event":"\tat org.apache.spark.sql.DataFrameReader.load(DataFrameReader.scala:211)","logger":"airflow.task.operators.airflow.providers.docker.operators.docker.DockerOperator","filename":"docker.py","lineno":71}
{"timestamp":"2026-05-19T22:26:26.477603Z","level":"info","event":"\tat org.apache.spark.sql.DataFrameReader.load(DataFrameReader.scala:186)","logger":"airflow.task.operators.airflow.providers.docker.operators.docker.DockerOperator","filename":"docker.py","lineno":71}
{"timestamp":"2026-05-19T22:26:26.477677Z","level":"info","event":"\tat java.base/jdk.internal.reflect.NativeMethodAccessorImpl.invoke0(Native Method)","logger":"airflow.task.operators.airflow.providers.docker.operators.docker.DockerOperator","filename":"docker.py","lineno":71}
{"timestamp":"2026-05-19T22:26:26.477739Z","level":"info","event":"\tat java.base/jdk.internal.reflect.NativeMethodAccessorImpl.invoke(Unknown Source)","logger":"airflow.task.operators.airflow.providers.docker.operators.docker.DockerOperator","filename":"docker.py","lineno":71}
{"timestamp":"2026-05-19T22:26:26.477791Z","level":"info","event":"\tat java.base/jdk.internal.reflect.DelegatingMethodAccessorImpl.invoke(Unknown Source)","logger":"airflow.task.operators.airflow.providers.docker.operators.docker.DockerOperator","filename":"docker.py","lineno":71}
{"timestamp":"2026-05-19T22:26:26.477839Z","level":"info","event":"\tat java.base/java.lang.reflect.Method.invoke(Unknown Source)","logger":"airflow.task.operators.airflow.providers.docker.operators.docker.DockerOperator","filename":"docker.py","lineno":71}
{"timestamp":"2026-05-19T22:26:26.477890Z","level":"info","event":"\tat py4j.reflection.MethodInvoker.invoke(MethodInvoker.java:244)","logger":"airflow.task.operators.airflow.providers.docker.operators.docker.DockerOperator","filename":"docker.py","lineno":71}
{"timestamp":"2026-05-19T22:26:26.477988Z","level":"info","event":"\tat py4j.reflection.ReflectionEngine.invoke(ReflectionEngine.java:374)","logger":"airflow.task.operators.airflow.providers.docker.operators.docker.DockerOperator","filename":"docker.py","lineno":71}
{"timestamp":"2026-05-19T22:26:26.478051Z","level":"info","event":"\tat py4j.Gateway.invoke(Gateway.java:282)","logger":"airflow.task.operators.airflow.providers.docker.operators.docker.DockerOperator","filename":"docker.py","lineno":71}
{"timestamp":"2026-05-19T22:26:26.478104Z","level":"info","event":"\tat py4j.commands.AbstractCommand.invokeMethod(AbstractCommand.java:132)","logger":"airflow.task.operators.airflow.providers.docker.operators.docker.DockerOperator","filename":"docker.py","lineno":71}
{"timestamp":"2026-05-19T22:26:26.478158Z","level":"info","event":"\tat py4j.commands.CallCommand.execute(CallCommand.java:79)","logger":"airflow.task.operators.airflow.providers.docker.operators.docker.DockerOperator","filename":"docker.py","lineno":71}
{"timestamp":"2026-05-19T22:26:26.478216Z","level":"info","event":"\tat py4j.ClientServerConnection.waitForCommands(ClientServerConnection.java:182)","logger":"airflow.task.operators.airflow.providers.docker.operators.docker.DockerOperator","filename":"docker.py","lineno":71}
{"timestamp":"2026-05-19T22:26:26.478266Z","level":"info","event":"\tat py4j.ClientServerConnection.run(ClientServerConnection.java:106)","logger":"airflow.task.operators.airflow.providers.docker.operators.docker.DockerOperator","filename":"docker.py","lineno":71}
{"timestamp":"2026-05-19T22:26:26.479112Z","level":"info","event":"\tat java.base/java.lang.Thread.run(Unknown Source)","logger":"airflow.task.operators.airflow.providers.docker.operators.docker.DockerOperator","filename":"docker.py","lineno":71}
{"timestamp":"2026-05-19T22:26:26.479218Z","level":"info","event":"Caused by: java.lang.ClassNotFoundException: Class org.apache.hadoop.fs.s3a.S3AFileSystem not found","logger":"airflow.task.operators.airflow.providers.docker.operators.docker.DockerOperator","filename":"docker.py","lineno":71}
{"timestamp":"2026-05-19T22:26:26.479287Z","level":"info","event":"\tat org.apache.hadoop.conf.Configuration.getClassByName(Configuration.java:2592)","logger":"airflow.task.operators.airflow.providers.docker.operators.docker.DockerOperator","filename":"docker.py","lineno":71}
{"timestamp":"2026-05-19T22:26:26.479352Z","level":"info","event":"\tat org.apache.hadoop.conf.Configuration.getClass(Configuration.java:2686)","logger":"airflow.task.operators.airflow.providers.docker.operators.docker.DockerOperator","filename":"docker.py","lineno":71}
{"timestamp":"2026-05-19T22:26:26.479419Z","level":"info","event":"\t... 26 more","logger":"airflow.task.operators.airflow.providers.docker.operators.docker.DockerOperator","filename":"docker.py","lineno":71}
{"timestamp":"2026-05-19T22:26:26.677492Z","level":"info","event":"2026-05-19 22:26:26,676 - ERROR - Error processing table sales.salesorderheadersalesreason: An error occurred while calling o78.load.","logger":"airflow.task.operators.airflow.providers.docker.operators.docker.DockerOperator","filename":"docker.py","lineno":71}
{"timestamp":"2026-05-19T22:26:26.677692Z","level":"info","event":": java.lang.RuntimeException: java.lang.ClassNotFoundException: Class org.apache.hadoop.fs.s3a.S3AFileSystem not found","logger":"airflow.task.operators.airflow.providers.docker.operators.docker.DockerOperator","filename":"docker.py","lineno":71}
{"timestamp":"2026-05-19T22:26:26.677777Z","level":"info","event":"\tat org.apache.hadoop.conf.Configuration.getClass(Configuration.java:2688)","logger":"airflow.task.operators.airflow.providers.docker.operators.docker.DockerOperator","filename":"docker.py","lineno":71}
{"timestamp":"2026-05-19T22:26:26.677845Z","level":"info","event":"\tat org.apache.hadoop.fs.FileSystem.getFileSystemClass(FileSystem.java:3431)","logger":"airflow.task.operators.airflow.providers.docker.operators.docker.DockerOperator","filename":"docker.py","lineno":71}
{"timestamp":"2026-05-19T22:26:26.677929Z","level":"info","event":"\tat org.apache.hadoop.fs.FileSystem.createFileSystem(FileSystem.java:3466)","logger":"airflow.task.operators.airflow.providers.docker.operators.docker.DockerOperator","filename":"docker.py","lineno":71}
{"timestamp":"2026-05-19T22:26:26.677993Z","level":"info","event":"\tat org.apache.hadoop.fs.FileSystem.access$300(FileSystem.java:174)","logger":"airflow.task.operators.airflow.providers.docker.operators.docker.DockerOperator","filename":"docker.py","lineno":71}
{"timestamp":"2026-05-19T22:26:26.678044Z","level":"info","event":"\tat org.apache.hadoop.fs.FileSystem$Cache.getInternal(FileSystem.java:3574)","logger":"airflow.task.operators.airflow.providers.docker.operators.docker.DockerOperator","filename":"docker.py","lineno":71}
{"timestamp":"2026-05-19T22:26:26.678096Z","level":"info","event":"\tat org.apache.hadoop.fs.FileSystem$Cache.get(FileSystem.java:3521)","logger":"airflow.task.operators.airflow.providers.docker.operators.docker.DockerOperator","filename":"docker.py","lineno":71}
{"timestamp":"2026-05-19T22:26:26.678154Z","level":"info","event":"\tat org.apache.hadoop.fs.FileSystem.get(FileSystem.java:540)","logger":"airflow.task.operators.airflow.providers.docker.operators.docker.DockerOperator","filename":"docker.py","lineno":71}
{"timestamp":"2026-05-19T22:26:26.678204Z","level":"info","event":"\tat org.apache.hadoop.fs.Path.getFileSystem(Path.java:365)","logger":"airflow.task.operators.airflow.providers.docker.operators.docker.DockerOperator","filename":"docker.py","lineno":71}
{"timestamp":"2026-05-19T22:26:26.678251Z","level":"info","event":"\tat org.apache.spark.sql.execution.datasources.DataSource$.$anonfun$checkAndGlobPathIfNecessary$1(DataSource.scala:724)","logger":"airflow.task.operators.airflow.providers.docker.operators.docker.DockerOperator","filename":"docker.py","lineno":71}
{"timestamp":"2026-05-19T22:26:26.678296Z","level":"info","event":"\tat scala.collection.immutable.List.map(List.scala:293)","logger":"airflow.task.operators.airflow.providers.docker.operators.docker.DockerOperator","filename":"docker.py","lineno":71}
{"timestamp":"2026-05-19T22:26:26.678351Z","level":"info","event":"\tat org.apache.spark.sql.execution.datasources.DataSource$.checkAndGlobPathIfNecessary(DataSource.scala:722)","logger":"airflow.task.operators.airflow.providers.docker.operators.docker.DockerOperator","filename":"docker.py","lineno":71}
{"timestamp":"2026-05-19T22:26:26.678418Z","level":"info","event":"\tat org.apache.spark.sql.execution.datasources.DataSource.checkAndGlobPathIfNecessary(DataSource.scala:551)","logger":"airflow.task.operators.airflow.providers.docker.operators.docker.DockerOperator","filename":"docker.py","lineno":71}
{"timestamp":"2026-05-19T22:26:26.678471Z","level":"info","event":"\tat org.apache.spark.sql.execution.datasources.DataSource.resolveRelation(DataSource.scala:404)","logger":"airflow.task.operators.airflow.providers.docker.operators.docker.DockerOperator","filename":"docker.py","lineno":71}
{"timestamp":"2026-05-19T22:26:26.678525Z","level":"info","event":"\tat org.apache.spark.sql.DataFrameReader.loadV1Source(DataFrameReader.scala:229)","logger":"airflow.task.operators.airflow.providers.docker.operators.docker.DockerOperator","filename":"docker.py","lineno":71}
{"timestamp":"2026-05-19T22:26:26.678586Z","level":"info","event":"\tat org.apache.spark.sql.DataFrameReader.$anonfun$load$2(DataFrameReader.scala:211)","logger":"airflow.task.operators.airflow.providers.docker.operators.docker.DockerOperator","filename":"docker.py","lineno":71}
{"timestamp":"2026-05-19T22:26:26.678636Z","level":"info","event":"\tat scala.Option.getOrElse(Option.scala:189)","logger":"airflow.task.operators.airflow.providers.docker.operators.docker.DockerOperator","filename":"docker.py","lineno":71}
{"timestamp":"2026-05-19T22:26:26.678682Z","level":"info","event":"\tat org.apache.spark.sql.DataFrameReader.load(DataFrameReader.scala:211)","logger":"airflow.task.operators.airflow.providers.docker.operators.docker.DockerOperator","filename":"docker.py","lineno":71}
{"timestamp":"2026-05-19T22:26:26.678727Z","level":"info","event":"\tat org.apache.spark.sql.DataFrameReader.load(DataFrameReader.scala:186)","logger":"airflow.task.operators.airflow.providers.docker.operators.docker.DockerOperator","filename":"docker.py","lineno":71}
{"timestamp":"2026-05-19T22:26:26.678777Z","level":"info","event":"\tat java.base/jdk.internal.reflect.NativeMethodAccessorImpl.invoke0(Native Method)","logger":"airflow.task.operators.airflow.providers.docker.operators.docker.DockerOperator","filename":"docker.py","lineno":71}
{"timestamp":"2026-05-19T22:26:26.678833Z","level":"info","event":"\tat java.base/jdk.internal.reflect.NativeMethodAccessorImpl.invoke(Unknown Source)","logger":"airflow.task.operators.airflow.providers.docker.operators.docker.DockerOperator","filename":"docker.py","lineno":71}
{"timestamp":"2026-05-19T22:26:26.678884Z","level":"info","event":"\tat java.base/jdk.internal.reflect.DelegatingMethodAccessorImpl.invoke(Unknown Source)","logger":"airflow.task.operators.airflow.providers.docker.operators.docker.DockerOperator","filename":"docker.py","lineno":71}
{"timestamp":"2026-05-19T22:26:26.678955Z","level":"info","event":"\tat java.base/java.lang.reflect.Method.invoke(Unknown Source)","logger":"airflow.task.operators.airflow.providers.docker.operators.docker.DockerOperator","filename":"docker.py","lineno":71}
{"timestamp":"2026-05-19T22:26:26.679018Z","level":"info","event":"\tat py4j.reflection.MethodInvoker.invoke(MethodInvoker.java:244)","logger":"airflow.task.operators.airflow.providers.docker.operators.docker.DockerOperator","filename":"docker.py","lineno":71}
{"timestamp":"2026-05-19T22:26:26.679082Z","level":"info","event":"\tat py4j.reflection.ReflectionEngine.invoke(ReflectionEngine.java:374)","logger":"airflow.task.operators.airflow.providers.docker.operators.docker.DockerOperator","filename":"docker.py","lineno":71}
{"timestamp":"2026-05-19T22:26:26.679132Z","level":"info","event":"\tat py4j.Gateway.invoke(Gateway.java:282)","logger":"airflow.task.operators.airflow.providers.docker.operators.docker.DockerOperator","filename":"docker.py","lineno":71}
{"timestamp":"2026-05-19T22:26:26.679181Z","level":"info","event":"\tat py4j.commands.AbstractCommand.invokeMethod(AbstractCommand.java:132)","logger":"airflow.task.operators.airflow.providers.docker.operators.docker.DockerOperator","filename":"docker.py","lineno":71}
{"timestamp":"2026-05-19T22:26:26.679225Z","level":"info","event":"\tat py4j.commands.CallCommand.execute(CallCommand.java:79)","logger":"airflow.task.operators.airflow.providers.docker.operators.docker.DockerOperator","filename":"docker.py","lineno":71}
{"timestamp":"2026-05-19T22:26:26.679278Z","level":"info","event":"\tat py4j.ClientServerConnection.waitForCommands(ClientServerConnection.java:182)","logger":"airflow.task.operators.airflow.providers.docker.operators.docker.DockerOperator","filename":"docker.py","lineno":71}
{"timestamp":"2026-05-19T22:26:26.679338Z","level":"info","event":"\tat py4j.ClientServerConnection.run(ClientServerConnection.java:106)","logger":"airflow.task.operators.airflow.providers.docker.operators.docker.DockerOperator","filename":"docker.py","lineno":71}
{"timestamp":"2026-05-19T22:26:26.679392Z","level":"info","event":"\tat java.base/java.lang.Thread.run(Unknown Source)","logger":"airflow.task.operators.airflow.providers.docker.operators.docker.DockerOperator","filename":"docker.py","lineno":71}
{"timestamp":"2026-05-19T22:26:26.679441Z","level":"info","event":"Caused by: java.lang.ClassNotFoundException: Class org.apache.hadoop.fs.s3a.S3AFileSystem not found","logger":"airflow.task.operators.airflow.providers.docker.operators.docker.DockerOperator","filename":"docker.py","lineno":71}
{"timestamp":"2026-05-19T22:26:26.679502Z","level":"info","event":"\tat org.apache.hadoop.conf.Configuration.getClassByName(Configuration.java:2592)","logger":"airflow.task.operators.airflow.providers.docker.operators.docker.DockerOperator","filename":"docker.py","lineno":71}
{"timestamp":"2026-05-19T22:26:26.679555Z","level":"info","event":"\tat org.apache.hadoop.conf.Configuration.getClass(Configuration.java:2686)","logger":"airflow.task.operators.airflow.providers.docker.operators.docker.DockerOperator","filename":"docker.py","lineno":71}
{"timestamp":"2026-05-19T22:26:26.679601Z","level":"info","event":"\t... 29 more","logger":"airflow.task.operators.airflow.providers.docker.operators.docker.DockerOperator","filename":"docker.py","lineno":71}
{"timestamp":"2026-05-19T22:26:26.679647Z","level":"info","event":"","logger":"airflow.task.operators.airflow.providers.docker.operators.docker.DockerOperator","filename":"docker.py","lineno":71}
{"timestamp":"2026-05-19T22:26:26.684146Z","level":"info","event":"26/05/19 22:26:26 WARN FileStreamSink: Assume no metadata directory. Error while looking for metadata directory in the path: s3a://landing/adventureworks/sales_specialoffer.","logger":"airflow.task.operators.airflow.providers.docker.operators.docker.DockerOperator","filename":"docker.py","lineno":71}
{"timestamp":"2026-05-19T22:26:26.684385Z","level":"info","event":"java.lang.RuntimeException: java.lang.ClassNotFoundException: Class org.apache.hadoop.fs.s3a.S3AFileSystem not found","logger":"airflow.task.operators.airflow.providers.docker.operators.docker.DockerOperator","filename":"docker.py","lineno":71}
{"timestamp":"2026-05-19T22:26:26.684481Z","level":"info","event":"\tat org.apache.hadoop.conf.Configuration.getClass(Configuration.java:2688)","logger":"airflow.task.operators.airflow.providers.docker.operators.docker.DockerOperator","filename":"docker.py","lineno":71}
{"timestamp":"2026-05-19T22:26:26.684543Z","level":"info","event":"\tat org.apache.hadoop.fs.FileSystem.getFileSystemClass(FileSystem.java:3431)","logger":"airflow.task.operators.airflow.providers.docker.operators.docker.DockerOperator","filename":"docker.py","lineno":71}
{"timestamp":"2026-05-19T22:26:26.684607Z","level":"info","event":"\tat org.apache.hadoop.fs.FileSystem.createFileSystem(FileSystem.java:3466)","logger":"airflow.task.operators.airflow.providers.docker.operators.docker.DockerOperator","filename":"docker.py","lineno":71}
{"timestamp":"2026-05-19T22:26:26.684664Z","level":"info","event":"\tat org.apache.hadoop.fs.FileSystem.access$300(FileSystem.java:174)","logger":"airflow.task.operators.airflow.providers.docker.operators.docker.DockerOperator","filename":"docker.py","lineno":71}
{"timestamp":"2026-05-19T22:26:26.684731Z","level":"info","event":"\tat org.apache.hadoop.fs.FileSystem$Cache.getInternal(FileSystem.java:3574)","logger":"airflow.task.operators.airflow.providers.docker.operators.docker.DockerOperator","filename":"docker.py","lineno":71}
{"timestamp":"2026-05-19T22:26:26.684799Z","level":"info","event":"\tat org.apache.hadoop.fs.FileSystem$Cache.get(FileSystem.java:3521)","logger":"airflow.task.operators.airflow.providers.docker.operators.docker.DockerOperator","filename":"docker.py","lineno":71}
{"timestamp":"2026-05-19T22:26:26.684864Z","level":"info","event":"\tat org.apache.hadoop.fs.FileSystem.get(FileSystem.java:540)","logger":"airflow.task.operators.airflow.providers.docker.operators.docker.DockerOperator","filename":"docker.py","lineno":71}
{"timestamp":"2026-05-19T22:26:26.684944Z","level":"info","event":"\tat org.apache.hadoop.fs.Path.getFileSystem(Path.java:365)","logger":"airflow.task.operators.airflow.providers.docker.operators.docker.DockerOperator","filename":"docker.py","lineno":71}
{"timestamp":"2026-05-19T22:26:26.685003Z","level":"info","event":"\tat org.apache.spark.sql.execution.streaming.FileStreamSink$.hasMetadata(FileStreamSink.scala:53)","logger":"airflow.task.operators.airflow.providers.docker.operators.docker.DockerOperator","filename":"docker.py","lineno":71}
{"timestamp":"2026-05-19T22:26:26.685064Z","level":"info","event":"\tat org.apache.spark.sql.execution.datasources.DataSource.resolveRelation(DataSource.scala:366)","logger":"airflow.task.operators.airflow.providers.docker.operators.docker.DockerOperator","filename":"docker.py","lineno":71}
{"timestamp":"2026-05-19T22:26:26.685128Z","level":"info","event":"\tat org.apache.spark.sql.DataFrameReader.loadV1Source(DataFrameReader.scala:229)","logger":"airflow.task.operators.airflow.providers.docker.operators.docker.DockerOperator","filename":"docker.py","lineno":71}
{"timestamp":"2026-05-19T22:26:26.685194Z","level":"info","event":"\tat org.apache.spark.sql.DataFrameReader.$anonfun$load$2(DataFrameReader.scala:211)","logger":"airflow.task.operators.airflow.providers.docker.operators.docker.DockerOperator","filename":"docker.py","lineno":71}
{"timestamp":"2026-05-19T22:26:26.685262Z","level":"info","event":"\tat scala.Option.getOrElse(Option.scala:189)","logger":"airflow.task.operators.airflow.providers.docker.operators.docker.DockerOperator","filename":"docker.py","lineno":71}
{"timestamp":"2026-05-19T22:26:26.685328Z","level":"info","event":"\tat org.apache.spark.sql.DataFrameReader.load(DataFrameReader.scala:211)","logger":"airflow.task.operators.airflow.providers.docker.operators.docker.DockerOperator","filename":"docker.py","lineno":71}
{"timestamp":"2026-05-19T22:26:26.685410Z","level":"info","event":"\tat org.apache.spark.sql.DataFrameReader.load(DataFrameReader.scala:186)","logger":"airflow.task.operators.airflow.providers.docker.operators.docker.DockerOperator","filename":"docker.py","lineno":71}
{"timestamp":"2026-05-19T22:26:26.685476Z","level":"info","event":"\tat java.base/jdk.internal.reflect.NativeMethodAccessorImpl.invoke0(Native Method)","logger":"airflow.task.operators.airflow.providers.docker.operators.docker.DockerOperator","filename":"docker.py","lineno":71}
{"timestamp":"2026-05-19T22:26:26.685542Z","level":"info","event":"\tat java.base/jdk.internal.reflect.NativeMethodAccessorImpl.invoke(Unknown Source)","logger":"airflow.task.operators.airflow.providers.docker.operators.docker.DockerOperator","filename":"docker.py","lineno":71}
{"timestamp":"2026-05-19T22:26:26.685604Z","level":"info","event":"\tat java.base/jdk.internal.reflect.DelegatingMethodAccessorImpl.invoke(Unknown Source)","logger":"airflow.task.operators.airflow.providers.docker.operators.docker.DockerOperator","filename":"docker.py","lineno":71}
{"timestamp":"2026-05-19T22:26:26.685669Z","level":"info","event":"\tat java.base/java.lang.reflect.Method.invoke(Unknown Source)","logger":"airflow.task.operators.airflow.providers.docker.operators.docker.DockerOperator","filename":"docker.py","lineno":71}
{"timestamp":"2026-05-19T22:26:26.685727Z","level":"info","event":"\tat py4j.reflection.MethodInvoker.invoke(MethodInvoker.java:244)","logger":"airflow.task.operators.airflow.providers.docker.operators.docker.DockerOperator","filename":"docker.py","lineno":71}
{"timestamp":"2026-05-19T22:26:26.685783Z","level":"info","event":"\tat py4j.reflection.ReflectionEngine.invoke(ReflectionEngine.java:374)","logger":"airflow.task.operators.airflow.providers.docker.operators.docker.DockerOperator","filename":"docker.py","lineno":71}
{"timestamp":"2026-05-19T22:26:26.685833Z","level":"info","event":"\tat py4j.Gateway.invoke(Gateway.java:282)","logger":"airflow.task.operators.airflow.providers.docker.operators.docker.DockerOperator","filename":"docker.py","lineno":71}
{"timestamp":"2026-05-19T22:26:26.685879Z","level":"info","event":"\tat py4j.commands.AbstractCommand.invokeMethod(AbstractCommand.java:132)","logger":"airflow.task.operators.airflow.providers.docker.operators.docker.DockerOperator","filename":"docker.py","lineno":71}
{"timestamp":"2026-05-19T22:26:26.685951Z","level":"info","event":"\tat py4j.commands.CallCommand.execute(CallCommand.java:79)","logger":"airflow.task.operators.airflow.providers.docker.operators.docker.DockerOperator","filename":"docker.py","lineno":71}
{"timestamp":"2026-05-19T22:26:26.686007Z","level":"info","event":"\tat py4j.ClientServerConnection.waitForCommands(ClientServerConnection.java:182)","logger":"airflow.task.operators.airflow.providers.docker.operators.docker.DockerOperator","filename":"docker.py","lineno":71}
{"timestamp":"2026-05-19T22:26:26.686061Z","level":"info","event":"\tat py4j.ClientServerConnection.run(ClientServerConnection.java:106)","logger":"airflow.task.operators.airflow.providers.docker.operators.docker.DockerOperator","filename":"docker.py","lineno":71}
{"timestamp":"2026-05-19T22:26:26.686114Z","level":"info","event":"\tat java.base/java.lang.Thread.run(Unknown Source)","logger":"airflow.task.operators.airflow.providers.docker.operators.docker.DockerOperator","filename":"docker.py","lineno":71}
{"timestamp":"2026-05-19T22:26:26.686165Z","level":"info","event":"Caused by: java.lang.ClassNotFoundException: Class org.apache.hadoop.fs.s3a.S3AFileSystem not found","logger":"airflow.task.operators.airflow.providers.docker.operators.docker.DockerOperator","filename":"docker.py","lineno":71}
{"timestamp":"2026-05-19T22:26:26.686221Z","level":"info","event":"\tat org.apache.hadoop.conf.Configuration.getClassByName(Configuration.java:2592)","logger":"airflow.task.operators.airflow.providers.docker.operators.docker.DockerOperator","filename":"docker.py","lineno":71}
{"timestamp":"2026-05-19T22:26:26.686280Z","level":"info","event":"\tat org.apache.hadoop.conf.Configuration.getClass(Configuration.java:2686)","logger":"airflow.task.operators.airflow.providers.docker.operators.docker.DockerOperator","filename":"docker.py","lineno":71}
{"timestamp":"2026-05-19T22:26:26.686339Z","level":"info","event":"\t... 26 more","logger":"airflow.task.operators.airflow.providers.docker.operators.docker.DockerOperator","filename":"docker.py","lineno":71}
{"timestamp":"2026-05-19T22:26:26.686487Z","level":"info","event":"2026-05-19 22:26:26,683 - ERROR - Error processing table sales.salesperson: An error occurred while calling o80.load.","logger":"airflow.task.operators.airflow.providers.docker.operators.docker.DockerOperator","filename":"docker.py","lineno":71}
{"timestamp":"2026-05-19T22:26:26.686536Z","level":"info","event":": java.lang.RuntimeException: java.lang.ClassNotFoundException: Class org.apache.hadoop.fs.s3a.S3AFileSystem not found","logger":"airflow.task.operators.airflow.providers.docker.operators.docker.DockerOperator","filename":"docker.py","lineno":71}
{"timestamp":"2026-05-19T22:26:26.686572Z","level":"info","event":"\tat org.apache.hadoop.conf.Configuration.getClass(Configuration.java:2688)","logger":"airflow.task.operators.airflow.providers.docker.operators.docker.DockerOperator","filename":"docker.py","lineno":71}
{"timestamp":"2026-05-19T22:26:26.686603Z","level":"info","event":"\tat org.apache.hadoop.fs.FileSystem.getFileSystemClass(FileSystem.java:3431)","logger":"airflow.task.operators.airflow.providers.docker.operators.docker.DockerOperator","filename":"docker.py","lineno":71}
{"timestamp":"2026-05-19T22:26:26.686634Z","level":"info","event":"\tat org.apache.hadoop.fs.FileSystem.createFileSystem(FileSystem.java:3466)","logger":"airflow.task.operators.airflow.providers.docker.operators.docker.DockerOperator","filename":"docker.py","lineno":71}
{"timestamp":"2026-05-19T22:26:26.686675Z","level":"info","event":"\tat org.apache.hadoop.fs.FileSystem.access$300(FileSystem.java:174)","logger":"airflow.task.operators.airflow.providers.docker.operators.docker.DockerOperator","filename":"docker.py","lineno":71}
{"timestamp":"2026-05-19T22:26:26.686734Z","level":"info","event":"\tat org.apache.hadoop.fs.FileSystem$Cache.getInternal(FileSystem.java:3574)","logger":"airflow.task.operators.airflow.providers.docker.operators.docker.DockerOperator","filename":"docker.py","lineno":71}
{"timestamp":"2026-05-19T22:26:26.686792Z","level":"info","event":"\tat org.apache.hadoop.fs.FileSystem$Cache.get(FileSystem.java:3521)","logger":"airflow.task.operators.airflow.providers.docker.operators.docker.DockerOperator","filename":"docker.py","lineno":71}
{"timestamp":"2026-05-19T22:26:26.686846Z","level":"info","event":"\tat org.apache.hadoop.fs.FileSystem.get(FileSystem.java:540)","logger":"airflow.task.operators.airflow.providers.docker.operators.docker.DockerOperator","filename":"docker.py","lineno":71}
{"timestamp":"2026-05-19T22:26:26.686920Z","level":"info","event":"\tat org.apache.hadoop.fs.Path.getFileSystem(Path.java:365)","logger":"airflow.task.operators.airflow.providers.docker.operators.docker.DockerOperator","filename":"docker.py","lineno":71}
{"timestamp":"2026-05-19T22:26:26.686979Z","level":"info","event":"\tat org.apache.spark.sql.execution.datasources.DataSource$.$anonfun$checkAndGlobPathIfNecessary$1(DataSource.scala:724)","logger":"airflow.task.operators.airflow.providers.docker.operators.docker.DockerOperator","filename":"docker.py","lineno":71}
{"timestamp":"2026-05-19T22:26:26.687034Z","level":"info","event":"\tat scala.collection.immutable.List.map(List.scala:293)","logger":"airflow.task.operators.airflow.providers.docker.operators.docker.DockerOperator","filename":"docker.py","lineno":71}
{"timestamp":"2026-05-19T22:26:26.687087Z","level":"info","event":"\tat org.apache.spark.sql.execution.datasources.DataSource$.checkAndGlobPathIfNecessary(DataSource.scala:722)","logger":"airflow.task.operators.airflow.providers.docker.operators.docker.DockerOperator","filename":"docker.py","lineno":71}
{"timestamp":"2026-05-19T22:26:26.687143Z","level":"info","event":"\tat org.apache.spark.sql.execution.datasources.DataSource.checkAndGlobPathIfNecessary(DataSource.scala:551)","logger":"airflow.task.operators.airflow.providers.docker.operators.docker.DockerOperator","filename":"docker.py","lineno":71}
{"timestamp":"2026-05-19T22:26:26.687201Z","level":"info","event":"\tat org.apache.spark.sql.execution.datasources.DataSource.resolveRelation(DataSource.scala:404)","logger":"airflow.task.operators.airflow.providers.docker.operators.docker.DockerOperator","filename":"docker.py","lineno":71}
{"timestamp":"2026-05-19T22:26:26.687259Z","level":"info","event":"\tat org.apache.spark.sql.DataFrameReader.loadV1Source(DataFrameReader.scala:229)","logger":"airflow.task.operators.airflow.providers.docker.operators.docker.DockerOperator","filename":"docker.py","lineno":71}
{"timestamp":"2026-05-19T22:26:26.687320Z","level":"info","event":"\tat org.apache.spark.sql.DataFrameReader.$anonfun$load$2(DataFrameReader.scala:211)","logger":"airflow.task.operators.airflow.providers.docker.operators.docker.DockerOperator","filename":"docker.py","lineno":71}
{"timestamp":"2026-05-19T22:26:26.687393Z","level":"info","event":"\tat scala.Option.getOrElse(Option.scala:189)","logger":"airflow.task.operators.airflow.providers.docker.operators.docker.DockerOperator","filename":"docker.py","lineno":71}
{"timestamp":"2026-05-19T22:26:26.687453Z","level":"info","event":"\tat org.apache.spark.sql.DataFrameReader.load(DataFrameReader.scala:211)","logger":"airflow.task.operators.airflow.providers.docker.operators.docker.DockerOperator","filename":"docker.py","lineno":71}
{"timestamp":"2026-05-19T22:26:26.687512Z","level":"info","event":"\tat org.apache.spark.sql.DataFrameReader.load(DataFrameReader.scala:186)","logger":"airflow.task.operators.airflow.providers.docker.operators.docker.DockerOperator","filename":"docker.py","lineno":71}
{"timestamp":"2026-05-19T22:26:26.687570Z","level":"info","event":"\tat java.base/jdk.internal.reflect.NativeMethodAccessorImpl.invoke0(Native Method)","logger":"airflow.task.operators.airflow.providers.docker.operators.docker.DockerOperator","filename":"docker.py","lineno":71}
{"timestamp":"2026-05-19T22:26:26.687627Z","level":"info","event":"\tat java.base/jdk.internal.reflect.NativeMethodAccessorImpl.invoke(Unknown Source)","logger":"airflow.task.operators.airflow.providers.docker.operators.docker.DockerOperator","filename":"docker.py","lineno":71}
{"timestamp":"2026-05-19T22:26:26.687686Z","level":"info","event":"\tat java.base/jdk.internal.reflect.DelegatingMethodAccessorImpl.invoke(Unknown Source)","logger":"airflow.task.operators.airflow.providers.docker.operators.docker.DockerOperator","filename":"docker.py","lineno":71}
{"timestamp":"2026-05-19T22:26:26.687744Z","level":"info","event":"\tat java.base/java.lang.reflect.Method.invoke(Unknown Source)","logger":"airflow.task.operators.airflow.providers.docker.operators.docker.DockerOperator","filename":"docker.py","lineno":71}
{"timestamp":"2026-05-19T22:26:26.687799Z","level":"info","event":"\tat py4j.reflection.MethodInvoker.invoke(MethodInvoker.java:244)","logger":"airflow.task.operators.airflow.providers.docker.operators.docker.DockerOperator","filename":"docker.py","lineno":71}
{"timestamp":"2026-05-19T22:26:26.687852Z","level":"info","event":"\tat py4j.reflection.ReflectionEngine.invoke(ReflectionEngine.java:374)","logger":"airflow.task.operators.airflow.providers.docker.operators.docker.DockerOperator","filename":"docker.py","lineno":71}
{"timestamp":"2026-05-19T22:26:26.687925Z","level":"info","event":"\tat py4j.Gateway.invoke(Gateway.java:282)","logger":"airflow.task.operators.airflow.providers.docker.operators.docker.DockerOperator","filename":"docker.py","lineno":71}
{"timestamp":"2026-05-19T22:26:26.687978Z","level":"info","event":"\tat py4j.commands.AbstractCommand.invokeMethod(AbstractCommand.java:132)","logger":"airflow.task.operators.airflow.providers.docker.operators.docker.DockerOperator","filename":"docker.py","lineno":71}
{"timestamp":"2026-05-19T22:26:26.688021Z","level":"info","event":"\tat py4j.commands.CallCommand.execute(CallCommand.java:79)","logger":"airflow.task.operators.airflow.providers.docker.operators.docker.DockerOperator","filename":"docker.py","lineno":71}
{"timestamp":"2026-05-19T22:26:26.688066Z","level":"info","event":"\tat py4j.ClientServerConnection.waitForCommands(ClientServerConnection.java:182)","logger":"airflow.task.operators.airflow.providers.docker.operators.docker.DockerOperator","filename":"docker.py","lineno":71}
{"timestamp":"2026-05-19T22:26:26.688121Z","level":"info","event":"\tat py4j.ClientServerConnection.run(ClientServerConnection.java:106)","logger":"airflow.task.operators.airflow.providers.docker.operators.docker.DockerOperator","filename":"docker.py","lineno":71}
{"timestamp":"2026-05-19T22:26:26.688170Z","level":"info","event":"\tat java.base/java.lang.Thread.run(Unknown Source)","logger":"airflow.task.operators.airflow.providers.docker.operators.docker.DockerOperator","filename":"docker.py","lineno":71}
{"timestamp":"2026-05-19T22:26:26.688202Z","level":"info","event":"Caused by: java.lang.ClassNotFoundException: Class org.apache.hadoop.fs.s3a.S3AFileSystem not found","logger":"airflow.task.operators.airflow.providers.docker.operators.docker.DockerOperator","filename":"docker.py","lineno":71}
{"timestamp":"2026-05-19T22:26:26.688232Z","level":"info","event":"\tat org.apache.hadoop.conf.Configuration.getClassByName(Configuration.java:2592)","logger":"airflow.task.operators.airflow.providers.docker.operators.docker.DockerOperator","filename":"docker.py","lineno":71}
{"timestamp":"2026-05-19T22:26:26.688262Z","level":"info","event":"\tat org.apache.hadoop.conf.Configuration.getClass(Configuration.java:2686)","logger":"airflow.task.operators.airflow.providers.docker.operators.docker.DockerOperator","filename":"docker.py","lineno":71}
{"timestamp":"2026-05-19T22:26:26.688290Z","level":"info","event":"\t... 29 more","logger":"airflow.task.operators.airflow.providers.docker.operators.docker.DockerOperator","filename":"docker.py","lineno":71}
{"timestamp":"2026-05-19T22:26:26.688338Z","level":"info","event":"","logger":"airflow.task.operators.airflow.providers.docker.operators.docker.DockerOperator","filename":"docker.py","lineno":71}
{"timestamp":"2026-05-19T22:26:26.694498Z","level":"info","event":"26/05/19 22:26:26 WARN FileStreamSink: Assume no metadata directory. Error while looking for metadata directory in the path: s3a://landing/adventureworks/sales_specialofferproduct.","logger":"airflow.task.operators.airflow.providers.docker.operators.docker.DockerOperator","filename":"docker.py","lineno":71}
{"timestamp":"2026-05-19T22:26:26.694676Z","level":"info","event":"java.lang.RuntimeException: java.lang.ClassNotFoundException: Class org.apache.hadoop.fs.s3a.S3AFileSystem not found","logger":"airflow.task.operators.airflow.providers.docker.operators.docker.DockerOperator","filename":"docker.py","lineno":71}
{"timestamp":"2026-05-19T22:26:26.694759Z","level":"info","event":"\tat org.apache.hadoop.conf.Configuration.getClass(Configuration.java:2688)","logger":"airflow.task.operators.airflow.providers.docker.operators.docker.DockerOperator","filename":"docker.py","lineno":71}
{"timestamp":"2026-05-19T22:26:26.694817Z","level":"info","event":"\tat org.apache.hadoop.fs.FileSystem.getFileSystemClass(FileSystem.java:3431)","logger":"airflow.task.operators.airflow.providers.docker.operators.docker.DockerOperator","filename":"docker.py","lineno":71}
{"timestamp":"2026-05-19T22:26:26.694867Z","level":"info","event":"\tat org.apache.hadoop.fs.FileSystem.createFileSystem(FileSystem.java:3466)","logger":"airflow.task.operators.airflow.providers.docker.operators.docker.DockerOperator","filename":"docker.py","lineno":71}
{"timestamp":"2026-05-19T22:26:26.694966Z","level":"info","event":"\tat org.apache.hadoop.fs.FileSystem.access$300(FileSystem.java:174)","logger":"airflow.task.operators.airflow.providers.docker.operators.docker.DockerOperator","filename":"docker.py","lineno":71}
{"timestamp":"2026-05-19T22:26:26.695039Z","level":"info","event":"\tat org.apache.hadoop.fs.FileSystem$Cache.getInternal(FileSystem.java:3574)","logger":"airflow.task.operators.airflow.providers.docker.operators.docker.DockerOperator","filename":"docker.py","lineno":71}
{"timestamp":"2026-05-19T22:26:26.695094Z","level":"info","event":"\tat org.apache.hadoop.fs.FileSystem$Cache.get(FileSystem.java:3521)","logger":"airflow.task.operators.airflow.providers.docker.operators.docker.DockerOperator","filename":"docker.py","lineno":71}
{"timestamp":"2026-05-19T22:26:26.695155Z","level":"info","event":"\tat org.apache.hadoop.fs.FileSystem.get(FileSystem.java:540)","logger":"airflow.task.operators.airflow.providers.docker.operators.docker.DockerOperator","filename":"docker.py","lineno":71}
{"timestamp":"2026-05-19T22:26:26.695216Z","level":"info","event":"\tat org.apache.hadoop.fs.Path.getFileSystem(Path.java:365)","logger":"airflow.task.operators.airflow.providers.docker.operators.docker.DockerOperator","filename":"docker.py","lineno":71}
{"timestamp":"2026-05-19T22:26:26.695267Z","level":"info","event":"\tat org.apache.spark.sql.execution.streaming.FileStreamSink$.hasMetadata(FileStreamSink.scala:53)","logger":"airflow.task.operators.airflow.providers.docker.operators.docker.DockerOperator","filename":"docker.py","lineno":71}
{"timestamp":"2026-05-19T22:26:26.695314Z","level":"info","event":"\tat org.apache.spark.sql.execution.datasources.DataSource.resolveRelation(DataSource.scala:366)","logger":"airflow.task.operators.airflow.providers.docker.operators.docker.DockerOperator","filename":"docker.py","lineno":71}
{"timestamp":"2026-05-19T22:26:26.695359Z","level":"info","event":"\tat org.apache.spark.sql.DataFrameReader.loadV1Source(DataFrameReader.scala:229)","logger":"airflow.task.operators.airflow.providers.docker.operators.docker.DockerOperator","filename":"docker.py","lineno":71}
{"timestamp":"2026-05-19T22:26:26.695401Z","level":"info","event":"\tat org.apache.spark.sql.DataFrameReader.$anonfun$load$2(DataFrameReader.scala:211)","logger":"airflow.task.operators.airflow.providers.docker.operators.docker.DockerOperator","filename":"docker.py","lineno":71}
{"timestamp":"2026-05-19T22:26:26.695440Z","level":"info","event":"\tat scala.Option.getOrElse(Option.scala:189)","logger":"airflow.task.operators.airflow.providers.docker.operators.docker.DockerOperator","filename":"docker.py","lineno":71}
{"timestamp":"2026-05-19T22:26:26.695482Z","level":"info","event":"\tat org.apache.spark.sql.DataFrameReader.load(DataFrameReader.scala:211)","logger":"airflow.task.operators.airflow.providers.docker.operators.docker.DockerOperator","filename":"docker.py","lineno":71}
{"timestamp":"2026-05-19T22:26:26.695552Z","level":"info","event":"\tat org.apache.spark.sql.DataFrameReader.load(DataFrameReader.scala:186)","logger":"airflow.task.operators.airflow.providers.docker.operators.docker.DockerOperator","filename":"docker.py","lineno":71}
{"timestamp":"2026-05-19T22:26:26.695606Z","level":"info","event":"\tat java.base/jdk.internal.reflect.NativeMethodAccessorImpl.invoke0(Native Method)","logger":"airflow.task.operators.airflow.providers.docker.operators.docker.DockerOperator","filename":"docker.py","lineno":71}
{"timestamp":"2026-05-19T22:26:26.695660Z","level":"info","event":"\tat java.base/jdk.internal.reflect.NativeMethodAccessorImpl.invoke(Unknown Source)","logger":"airflow.task.operators.airflow.providers.docker.operators.docker.DockerOperator","filename":"docker.py","lineno":71}
{"timestamp":"2026-05-19T22:26:26.695716Z","level":"info","event":"\tat java.base/jdk.internal.reflect.DelegatingMethodAccessorImpl.invoke(Unknown Source)","logger":"airflow.task.operators.airflow.providers.docker.operators.docker.DockerOperator","filename":"docker.py","lineno":71}
{"timestamp":"2026-05-19T22:26:26.695770Z","level":"info","event":"\tat java.base/java.lang.reflect.Method.invoke(Unknown Source)","logger":"airflow.task.operators.airflow.providers.docker.operators.docker.DockerOperator","filename":"docker.py","lineno":71}
{"timestamp":"2026-05-19T22:26:26.695824Z","level":"info","event":"\tat py4j.reflection.MethodInvoker.invoke(MethodInvoker.java:244)","logger":"airflow.task.operators.airflow.providers.docker.operators.docker.DockerOperator","filename":"docker.py","lineno":71}
{"timestamp":"2026-05-19T22:26:26.695875Z","level":"info","event":"\tat py4j.reflection.ReflectionEngine.invoke(ReflectionEngine.java:374)","logger":"airflow.task.operators.airflow.providers.docker.operators.docker.DockerOperator","filename":"docker.py","lineno":71}
{"timestamp":"2026-05-19T22:26:26.695955Z","level":"info","event":"\tat py4j.Gateway.invoke(Gateway.java:282)","logger":"airflow.task.operators.airflow.providers.docker.operators.docker.DockerOperator","filename":"docker.py","lineno":71}
{"timestamp":"2026-05-19T22:26:26.696015Z","level":"info","event":"\tat py4j.commands.AbstractCommand.invokeMethod(AbstractCommand.java:132)","logger":"airflow.task.operators.airflow.providers.docker.operators.docker.DockerOperator","filename":"docker.py","lineno":71}
{"timestamp":"2026-05-19T22:26:26.696071Z","level":"info","event":"\tat py4j.commands.CallCommand.execute(CallCommand.java:79)","logger":"airflow.task.operators.airflow.providers.docker.operators.docker.DockerOperator","filename":"docker.py","lineno":71}
{"timestamp":"2026-05-19T22:26:26.696129Z","level":"info","event":"\tat py4j.ClientServerConnection.waitForCommands(ClientServerConnection.java:182)","logger":"airflow.task.operators.airflow.providers.docker.operators.docker.DockerOperator","filename":"docker.py","lineno":71}
{"timestamp":"2026-05-19T22:26:26.696475Z","level":"info","event":"\tat py4j.ClientServerConnection.run(ClientServerConnection.java:106)","logger":"airflow.task.operators.airflow.providers.docker.operators.docker.DockerOperator","filename":"docker.py","lineno":71}
{"timestamp":"2026-05-19T22:26:26.696600Z","level":"info","event":"\tat java.base/java.lang.Thread.run(Unknown Source)","logger":"airflow.task.operators.airflow.providers.docker.operators.docker.DockerOperator","filename":"docker.py","lineno":71}
{"timestamp":"2026-05-19T22:26:26.696657Z","level":"info","event":"Caused by: java.lang.ClassNotFoundException: Class org.apache.hadoop.fs.s3a.S3AFileSystem not found","logger":"airflow.task.operators.airflow.providers.docker.operators.docker.DockerOperator","filename":"docker.py","lineno":71}
{"timestamp":"2026-05-19T22:26:26.696713Z","level":"info","event":"\tat org.apache.hadoop.conf.Configuration.getClassByName(Configuration.java:2592)","logger":"airflow.task.operators.airflow.providers.docker.operators.docker.DockerOperator","filename":"docker.py","lineno":71}
{"timestamp":"2026-05-19T22:26:26.696767Z","level":"info","event":"\tat org.apache.hadoop.conf.Configuration.getClass(Configuration.java:2686)","logger":"airflow.task.operators.airflow.providers.docker.operators.docker.DockerOperator","filename":"docker.py","lineno":71}
{"timestamp":"2026-05-19T22:26:26.696820Z","level":"info","event":"\t... 26 more","logger":"airflow.task.operators.airflow.providers.docker.operators.docker.DockerOperator","filename":"docker.py","lineno":71}
{"timestamp":"2026-05-19T22:26:26.706287Z","level":"info","event":"2026-05-19 22:26:26,705 - ERROR - Error processing table sales.salespersonquotahistory: An error occurred while calling o83.load.","logger":"airflow.task.operators.airflow.providers.docker.operators.docker.DockerOperator","filename":"docker.py","lineno":71}
{"timestamp":"2026-05-19T22:26:26.706475Z","level":"info","event":": java.lang.RuntimeException: java.lang.ClassNotFoundException: Class org.apache.hadoop.fs.s3a.S3AFileSystem not found","logger":"airflow.task.operators.airflow.providers.docker.operators.docker.DockerOperator","filename":"docker.py","lineno":71}
{"timestamp":"2026-05-19T22:26:26.706584Z","level":"info","event":"\tat org.apache.hadoop.conf.Configuration.getClass(Configuration.java:2688)","logger":"airflow.task.operators.airflow.providers.docker.operators.docker.DockerOperator","filename":"docker.py","lineno":71}
{"timestamp":"2026-05-19T22:26:26.706648Z","level":"info","event":"\tat org.apache.hadoop.fs.FileSystem.getFileSystemClass(FileSystem.java:3431)","logger":"airflow.task.operators.airflow.providers.docker.operators.docker.DockerOperator","filename":"docker.py","lineno":71}
{"timestamp":"2026-05-19T22:26:26.706700Z","level":"info","event":"\tat org.apache.hadoop.fs.FileSystem.createFileSystem(FileSystem.java:3466)","logger":"airflow.task.operators.airflow.providers.docker.operators.docker.DockerOperator","filename":"docker.py","lineno":71}
{"timestamp":"2026-05-19T22:26:26.706761Z","level":"info","event":"\tat org.apache.hadoop.fs.FileSystem.access$300(FileSystem.java:174)","logger":"airflow.task.operators.airflow.providers.docker.operators.docker.DockerOperator","filename":"docker.py","lineno":71}
{"timestamp":"2026-05-19T22:26:26.706823Z","level":"info","event":"\tat org.apache.hadoop.fs.FileSystem$Cache.getInternal(FileSystem.java:3574)","logger":"airflow.task.operators.airflow.providers.docker.operators.docker.DockerOperator","filename":"docker.py","lineno":71}
{"timestamp":"2026-05-19T22:26:26.706882Z","level":"info","event":"\tat org.apache.hadoop.fs.FileSystem$Cache.get(FileSystem.java:3521)","logger":"airflow.task.operators.airflow.providers.docker.operators.docker.DockerOperator","filename":"docker.py","lineno":71}
{"timestamp":"2026-05-19T22:26:26.706965Z","level":"info","event":"\tat org.apache.hadoop.fs.FileSystem.get(FileSystem.java:540)","logger":"airflow.task.operators.airflow.providers.docker.operators.docker.DockerOperator","filename":"docker.py","lineno":71}
{"timestamp":"2026-05-19T22:26:26.707024Z","level":"info","event":"\tat org.apache.hadoop.fs.Path.getFileSystem(Path.java:365)","logger":"airflow.task.operators.airflow.providers.docker.operators.docker.DockerOperator","filename":"docker.py","lineno":71}
{"timestamp":"2026-05-19T22:26:26.707078Z","level":"info","event":"\tat org.apache.spark.sql.execution.datasources.DataSource$.$anonfun$checkAndGlobPathIfNecessary$1(DataSource.scala:724)","logger":"airflow.task.operators.airflow.providers.docker.operators.docker.DockerOperator","filename":"docker.py","lineno":71}
{"timestamp":"2026-05-19T22:26:26.707142Z","level":"info","event":"\tat scala.collection.immutable.List.map(List.scala:293)","logger":"airflow.task.operators.airflow.providers.docker.operators.docker.DockerOperator","filename":"docker.py","lineno":71}
{"timestamp":"2026-05-19T22:26:26.707210Z","level":"info","event":"\tat org.apache.spark.sql.execution.datasources.DataSource$.checkAndGlobPathIfNecessary(DataSource.scala:722)","logger":"airflow.task.operators.airflow.providers.docker.operators.docker.DockerOperator","filename":"docker.py","lineno":71}
{"timestamp":"2026-05-19T22:26:26.707272Z","level":"info","event":"\tat org.apache.spark.sql.execution.datasources.DataSource.checkAndGlobPathIfNecessary(DataSource.scala:551)","logger":"airflow.task.operators.airflow.providers.docker.operators.docker.DockerOperator","filename":"docker.py","lineno":71}
{"timestamp":"2026-05-19T22:26:26.707333Z","level":"info","event":"\tat org.apache.spark.sql.execution.datasources.DataSource.resolveRelation(DataSource.scala:404)","logger":"airflow.task.operators.airflow.providers.docker.operators.docker.DockerOperator","filename":"docker.py","lineno":71}
{"timestamp":"2026-05-19T22:26:26.707397Z","level":"info","event":"\tat org.apache.spark.sql.DataFrameReader.loadV1Source(DataFrameReader.scala:229)","logger":"airflow.task.operators.airflow.providers.docker.operators.docker.DockerOperator","filename":"docker.py","lineno":71}
{"timestamp":"2026-05-19T22:26:26.707460Z","level":"info","event":"\tat org.apache.spark.sql.DataFrameReader.$anonfun$load$2(DataFrameReader.scala:211)","logger":"airflow.task.operators.airflow.providers.docker.operators.docker.DockerOperator","filename":"docker.py","lineno":71}
{"timestamp":"2026-05-19T22:26:26.707529Z","level":"info","event":"\tat scala.Option.getOrElse(Option.scala:189)","logger":"airflow.task.operators.airflow.providers.docker.operators.docker.DockerOperator","filename":"docker.py","lineno":71}
{"timestamp":"2026-05-19T22:26:26.707586Z","level":"info","event":"\tat org.apache.spark.sql.DataFrameReader.load(DataFrameReader.scala:211)","logger":"airflow.task.operators.airflow.providers.docker.operators.docker.DockerOperator","filename":"docker.py","lineno":71}
{"timestamp":"2026-05-19T22:26:26.707643Z","level":"info","event":"\tat org.apache.spark.sql.DataFrameReader.load(DataFrameReader.scala:186)","logger":"airflow.task.operators.airflow.providers.docker.operators.docker.DockerOperator","filename":"docker.py","lineno":71}
{"timestamp":"2026-05-19T22:26:26.707693Z","level":"info","event":"\tat java.base/jdk.internal.reflect.NativeMethodAccessorImpl.invoke0(Native Method)","logger":"airflow.task.operators.airflow.providers.docker.operators.docker.DockerOperator","filename":"docker.py","lineno":71}
{"timestamp":"2026-05-19T22:26:26.707752Z","level":"info","event":"\tat java.base/jdk.internal.reflect.NativeMethodAccessorImpl.invoke(Unknown Source)","logger":"airflow.task.operators.airflow.providers.docker.operators.docker.DockerOperator","filename":"docker.py","lineno":71}
{"timestamp":"2026-05-19T22:26:26.707814Z","level":"info","event":"\tat java.base/jdk.internal.reflect.DelegatingMethodAccessorImpl.invoke(Unknown Source)","logger":"airflow.task.operators.airflow.providers.docker.operators.docker.DockerOperator","filename":"docker.py","lineno":71}
{"timestamp":"2026-05-19T22:26:26.707878Z","level":"info","event":"\tat java.base/java.lang.reflect.Method.invoke(Unknown Source)","logger":"airflow.task.operators.airflow.providers.docker.operators.docker.DockerOperator","filename":"docker.py","lineno":71}
{"timestamp":"2026-05-19T22:26:26.708960Z","level":"info","event":"\tat py4j.reflection.MethodInvoker.invoke(MethodInvoker.java:244)","logger":"airflow.task.operators.airflow.providers.docker.operators.docker.DockerOperator","filename":"docker.py","lineno":71}
{"timestamp":"2026-05-19T22:26:26.709124Z","level":"info","event":"\tat py4j.reflection.ReflectionEngine.invoke(ReflectionEngine.java:374)","logger":"airflow.task.operators.airflow.providers.docker.operators.docker.DockerOperator","filename":"docker.py","lineno":71}
{"timestamp":"2026-05-19T22:26:26.709200Z","level":"info","event":"\tat py4j.Gateway.invoke(Gateway.java:282)","logger":"airflow.task.operators.airflow.providers.docker.operators.docker.DockerOperator","filename":"docker.py","lineno":71}
{"timestamp":"2026-05-19T22:26:26.709263Z","level":"info","event":"\tat py4j.commands.AbstractCommand.invokeMethod(AbstractCommand.java:132)","logger":"airflow.task.operators.airflow.providers.docker.operators.docker.DockerOperator","filename":"docker.py","lineno":71}
{"timestamp":"2026-05-19T22:26:26.709323Z","level":"info","event":"\tat py4j.commands.CallCommand.execute(CallCommand.java:79)","logger":"airflow.task.operators.airflow.providers.docker.operators.docker.DockerOperator","filename":"docker.py","lineno":71}
{"timestamp":"2026-05-19T22:26:26.709424Z","level":"info","event":"\tat py4j.ClientServerConnection.waitForCommands(ClientServerConnection.java:182)","logger":"airflow.task.operators.airflow.providers.docker.operators.docker.DockerOperator","filename":"docker.py","lineno":71}
{"timestamp":"2026-05-19T22:26:26.709503Z","level":"info","event":"\tat py4j.ClientServerConnection.run(ClientServerConnection.java:106)","logger":"airflow.task.operators.airflow.providers.docker.operators.docker.DockerOperator","filename":"docker.py","lineno":71}
{"timestamp":"2026-05-19T22:26:26.709561Z","level":"info","event":"\tat java.base/java.lang.Thread.run(Unknown Source)","logger":"airflow.task.operators.airflow.providers.docker.operators.docker.DockerOperator","filename":"docker.py","lineno":71}
{"timestamp":"2026-05-19T22:26:26.709617Z","level":"info","event":"Caused by: java.lang.ClassNotFoundException: Class org.apache.hadoop.fs.s3a.S3AFileSystem not found","logger":"airflow.task.operators.airflow.providers.docker.operators.docker.DockerOperator","filename":"docker.py","lineno":71}
{"timestamp":"2026-05-19T22:26:26.709670Z","level":"info","event":"\tat org.apache.hadoop.conf.Configuration.getClassByName(Configuration.java:2592)","logger":"airflow.task.operators.airflow.providers.docker.operators.docker.DockerOperator","filename":"docker.py","lineno":71}
{"timestamp":"2026-05-19T22:26:26.709723Z","level":"info","event":"\tat org.apache.hadoop.conf.Configuration.getClass(Configuration.java:2686)","logger":"airflow.task.operators.airflow.providers.docker.operators.docker.DockerOperator","filename":"docker.py","lineno":71}
{"timestamp":"2026-05-19T22:26:26.709777Z","level":"info","event":"\t... 29 more","logger":"airflow.task.operators.airflow.providers.docker.operators.docker.DockerOperator","filename":"docker.py","lineno":71}
{"timestamp":"2026-05-19T22:26:26.709834Z","level":"info","event":"","logger":"airflow.task.operators.airflow.providers.docker.operators.docker.DockerOperator","filename":"docker.py","lineno":71}
{"timestamp":"2026-05-19T22:26:26.718066Z","level":"info","event":"26/05/19 22:26:26 WARN FileStreamSink: Assume no metadata directory. Error while looking for metadata directory in the path: s3a://landing/adventureworks/sales_store.","logger":"airflow.task.operators.airflow.providers.docker.operators.docker.DockerOperator","filename":"docker.py","lineno":71}
{"timestamp":"2026-05-19T22:26:26.718235Z","level":"info","event":"java.lang.RuntimeException: java.lang.ClassNotFoundException: Class org.apache.hadoop.fs.s3a.S3AFileSystem not found","logger":"airflow.task.operators.airflow.providers.docker.operators.docker.DockerOperator","filename":"docker.py","lineno":71}
{"timestamp":"2026-05-19T22:26:26.718306Z","level":"info","event":"\tat org.apache.hadoop.conf.Configuration.getClass(Configuration.java:2688)","logger":"airflow.task.operators.airflow.providers.docker.operators.docker.DockerOperator","filename":"docker.py","lineno":71}
{"timestamp":"2026-05-19T22:26:26.718358Z","level":"info","event":"\tat org.apache.hadoop.fs.FileSystem.getFileSystemClass(FileSystem.java:3431)","logger":"airflow.task.operators.airflow.providers.docker.operators.docker.DockerOperator","filename":"docker.py","lineno":71}
{"timestamp":"2026-05-19T22:26:26.718420Z","level":"info","event":"\tat org.apache.hadoop.fs.FileSystem.createFileSystem(FileSystem.java:3466)","logger":"airflow.task.operators.airflow.providers.docker.operators.docker.DockerOperator","filename":"docker.py","lineno":71}
{"timestamp":"2026-05-19T22:26:26.718503Z","level":"info","event":"\tat org.apache.hadoop.fs.FileSystem.access$300(FileSystem.java:174)","logger":"airflow.task.operators.airflow.providers.docker.operators.docker.DockerOperator","filename":"docker.py","lineno":71}
{"timestamp":"2026-05-19T22:26:26.718562Z","level":"info","event":"\tat org.apache.hadoop.fs.FileSystem$Cache.getInternal(FileSystem.java:3574)","logger":"airflow.task.operators.airflow.providers.docker.operators.docker.DockerOperator","filename":"docker.py","lineno":71}
{"timestamp":"2026-05-19T22:26:26.718610Z","level":"info","event":"\tat org.apache.hadoop.fs.FileSystem$Cache.get(FileSystem.java:3521)","logger":"airflow.task.operators.airflow.providers.docker.operators.docker.DockerOperator","filename":"docker.py","lineno":71}
{"timestamp":"2026-05-19T22:26:26.718666Z","level":"info","event":"\tat org.apache.hadoop.fs.FileSystem.get(FileSystem.java:540)","logger":"airflow.task.operators.airflow.providers.docker.operators.docker.DockerOperator","filename":"docker.py","lineno":71}
{"timestamp":"2026-05-19T22:26:26.718721Z","level":"info","event":"\tat org.apache.hadoop.fs.Path.getFileSystem(Path.java:365)","logger":"airflow.task.operators.airflow.providers.docker.operators.docker.DockerOperator","filename":"docker.py","lineno":71}
{"timestamp":"2026-05-19T22:26:26.718768Z","level":"info","event":"\tat org.apache.spark.sql.execution.streaming.FileStreamSink$.hasMetadata(FileStreamSink.scala:53)","logger":"airflow.task.operators.airflow.providers.docker.operators.docker.DockerOperator","filename":"docker.py","lineno":71}
{"timestamp":"2026-05-19T22:26:26.718814Z","level":"info","event":"\tat org.apache.spark.sql.execution.datasources.DataSource.resolveRelation(DataSource.scala:366)","logger":"airflow.task.operators.airflow.providers.docker.operators.docker.DockerOperator","filename":"docker.py","lineno":71}
{"timestamp":"2026-05-19T22:26:26.718859Z","level":"info","event":"\tat org.apache.spark.sql.DataFrameReader.loadV1Source(DataFrameReader.scala:229)","logger":"airflow.task.operators.airflow.providers.docker.operators.docker.DockerOperator","filename":"docker.py","lineno":71}
{"timestamp":"2026-05-19T22:26:26.718928Z","level":"info","event":"\tat org.apache.spark.sql.DataFrameReader.$anonfun$load$2(DataFrameReader.scala:211)","logger":"airflow.task.operators.airflow.providers.docker.operators.docker.DockerOperator","filename":"docker.py","lineno":71}
{"timestamp":"2026-05-19T22:26:26.718999Z","level":"info","event":"\tat scala.Option.getOrElse(Option.scala:189)","logger":"airflow.task.operators.airflow.providers.docker.operators.docker.DockerOperator","filename":"docker.py","lineno":71}
{"timestamp":"2026-05-19T22:26:26.719052Z","level":"info","event":"\tat org.apache.spark.sql.DataFrameReader.load(DataFrameReader.scala:211)","logger":"airflow.task.operators.airflow.providers.docker.operators.docker.DockerOperator","filename":"docker.py","lineno":71}
{"timestamp":"2026-05-19T22:26:26.719100Z","level":"info","event":"\tat org.apache.spark.sql.DataFrameReader.load(DataFrameReader.scala:186)","logger":"airflow.task.operators.airflow.providers.docker.operators.docker.DockerOperator","filename":"docker.py","lineno":71}
{"timestamp":"2026-05-19T22:26:26.719145Z","level":"info","event":"\tat java.base/jdk.internal.reflect.NativeMethodAccessorImpl.invoke0(Native Method)","logger":"airflow.task.operators.airflow.providers.docker.operators.docker.DockerOperator","filename":"docker.py","lineno":71}
{"timestamp":"2026-05-19T22:26:26.719193Z","level":"info","event":"\tat java.base/jdk.internal.reflect.NativeMethodAccessorImpl.invoke(Unknown Source)","logger":"airflow.task.operators.airflow.providers.docker.operators.docker.DockerOperator","filename":"docker.py","lineno":71}
{"timestamp":"2026-05-19T22:26:26.719247Z","level":"info","event":"\tat java.base/jdk.internal.reflect.DelegatingMethodAccessorImpl.invoke(Unknown Source)","logger":"airflow.task.operators.airflow.providers.docker.operators.docker.DockerOperator","filename":"docker.py","lineno":71}
{"timestamp":"2026-05-19T22:26:26.719304Z","level":"info","event":"\tat java.base/java.lang.reflect.Method.invoke(Unknown Source)","logger":"airflow.task.operators.airflow.providers.docker.operators.docker.DockerOperator","filename":"docker.py","lineno":71}
{"timestamp":"2026-05-19T22:26:26.719363Z","level":"info","event":"\tat py4j.reflection.MethodInvoker.invoke(MethodInvoker.java:244)","logger":"airflow.task.operators.airflow.providers.docker.operators.docker.DockerOperator","filename":"docker.py","lineno":71}
{"timestamp":"2026-05-19T22:26:26.719428Z","level":"info","event":"\tat py4j.reflection.ReflectionEngine.invoke(ReflectionEngine.java:374)","logger":"airflow.task.operators.airflow.providers.docker.operators.docker.DockerOperator","filename":"docker.py","lineno":71}
{"timestamp":"2026-05-19T22:26:26.719483Z","level":"info","event":"\tat py4j.Gateway.invoke(Gateway.java:282)","logger":"airflow.task.operators.airflow.providers.docker.operators.docker.DockerOperator","filename":"docker.py","lineno":71}
{"timestamp":"2026-05-19T22:26:26.719536Z","level":"info","event":"\tat py4j.commands.AbstractCommand.invokeMethod(AbstractCommand.java:132)","logger":"airflow.task.operators.airflow.providers.docker.operators.docker.DockerOperator","filename":"docker.py","lineno":71}
{"timestamp":"2026-05-19T22:26:26.719569Z","level":"info","event":"\tat py4j.commands.CallCommand.execute(CallCommand.java:79)","logger":"airflow.task.operators.airflow.providers.docker.operators.docker.DockerOperator","filename":"docker.py","lineno":71}
{"timestamp":"2026-05-19T22:26:26.719601Z","level":"info","event":"\tat py4j.ClientServerConnection.waitForCommands(ClientServerConnection.java:182)","logger":"airflow.task.operators.airflow.providers.docker.operators.docker.DockerOperator","filename":"docker.py","lineno":71}
{"timestamp":"2026-05-19T22:26:26.719632Z","level":"info","event":"\tat py4j.ClientServerConnection.run(ClientServerConnection.java:106)","logger":"airflow.task.operators.airflow.providers.docker.operators.docker.DockerOperator","filename":"docker.py","lineno":71}
{"timestamp":"2026-05-19T22:26:26.719667Z","level":"info","event":"\tat java.base/java.lang.Thread.run(Unknown Source)","logger":"airflow.task.operators.airflow.providers.docker.operators.docker.DockerOperator","filename":"docker.py","lineno":71}
{"timestamp":"2026-05-19T22:26:26.719698Z","level":"info","event":"Caused by: java.lang.ClassNotFoundException: Class org.apache.hadoop.fs.s3a.S3AFileSystem not found","logger":"airflow.task.operators.airflow.providers.docker.operators.docker.DockerOperator","filename":"docker.py","lineno":71}
{"timestamp":"2026-05-19T22:26:26.719728Z","level":"info","event":"\tat org.apache.hadoop.conf.Configuration.getClassByName(Configuration.java:2592)","logger":"airflow.task.operators.airflow.providers.docker.operators.docker.DockerOperator","filename":"docker.py","lineno":71}
{"timestamp":"2026-05-19T22:26:26.719759Z","level":"info","event":"\tat org.apache.hadoop.conf.Configuration.getClass(Configuration.java:2686)","logger":"airflow.task.operators.airflow.providers.docker.operators.docker.DockerOperator","filename":"docker.py","lineno":71}
{"timestamp":"2026-05-19T22:26:26.719787Z","level":"info","event":"\t... 26 more","logger":"airflow.task.operators.airflow.providers.docker.operators.docker.DockerOperator","filename":"docker.py","lineno":71}
{"timestamp":"2026-05-19T22:26:26.729759Z","level":"info","event":"2026-05-19 22:26:26,728 - ERROR - Error processing table sales.salesreason: An error occurred while calling o87.load.","logger":"airflow.task.operators.airflow.providers.docker.operators.docker.DockerOperator","filename":"docker.py","lineno":71}
{"timestamp":"2026-05-19T22:26:26.729983Z","level":"info","event":": java.lang.RuntimeException: java.lang.ClassNotFoundException: Class org.apache.hadoop.fs.s3a.S3AFileSystem not found","logger":"airflow.task.operators.airflow.providers.docker.operators.docker.DockerOperator","filename":"docker.py","lineno":71}
{"timestamp":"2026-05-19T22:26:26.730078Z","level":"info","event":"\tat org.apache.hadoop.conf.Configuration.getClass(Configuration.java:2688)","logger":"airflow.task.operators.airflow.providers.docker.operators.docker.DockerOperator","filename":"docker.py","lineno":71}
{"timestamp":"2026-05-19T22:26:26.730152Z","level":"info","event":"\tat org.apache.hadoop.fs.FileSystem.getFileSystemClass(FileSystem.java:3431)","logger":"airflow.task.operators.airflow.providers.docker.operators.docker.DockerOperator","filename":"docker.py","lineno":71}
{"timestamp":"2026-05-19T22:26:26.730222Z","level":"info","event":"\tat org.apache.hadoop.fs.FileSystem.createFileSystem(FileSystem.java:3466)","logger":"airflow.task.operators.airflow.providers.docker.operators.docker.DockerOperator","filename":"docker.py","lineno":71}
{"timestamp":"2026-05-19T22:26:26.730283Z","level":"info","event":"\tat org.apache.hadoop.fs.FileSystem.access$300(FileSystem.java:174)","logger":"airflow.task.operators.airflow.providers.docker.operators.docker.DockerOperator","filename":"docker.py","lineno":71}
{"timestamp":"2026-05-19T22:26:26.730342Z","level":"info","event":"\tat org.apache.hadoop.fs.FileSystem$Cache.getInternal(FileSystem.java:3574)","logger":"airflow.task.operators.airflow.providers.docker.operators.docker.DockerOperator","filename":"docker.py","lineno":71}
{"timestamp":"2026-05-19T22:26:26.730391Z","level":"info","event":"\tat org.apache.hadoop.fs.FileSystem$Cache.get(FileSystem.java:3521)","logger":"airflow.task.operators.airflow.providers.docker.operators.docker.DockerOperator","filename":"docker.py","lineno":71}
{"timestamp":"2026-05-19T22:26:26.730425Z","level":"info","event":"\tat org.apache.hadoop.fs.FileSystem.get(FileSystem.java:540)","logger":"airflow.task.operators.airflow.providers.docker.operators.docker.DockerOperator","filename":"docker.py","lineno":71}
{"timestamp":"2026-05-19T22:26:26.730456Z","level":"info","event":"\tat org.apache.hadoop.fs.Path.getFileSystem(Path.java:365)","logger":"airflow.task.operators.airflow.providers.docker.operators.docker.DockerOperator","filename":"docker.py","lineno":71}
{"timestamp":"2026-05-19T22:26:26.730489Z","level":"info","event":"\tat org.apache.spark.sql.execution.datasources.DataSource$.$anonfun$checkAndGlobPathIfNecessary$1(DataSource.scala:724)","logger":"airflow.task.operators.airflow.providers.docker.operators.docker.DockerOperator","filename":"docker.py","lineno":71}
{"timestamp":"2026-05-19T22:26:26.730521Z","level":"info","event":"\tat scala.collection.immutable.List.map(List.scala:293)","logger":"airflow.task.operators.airflow.providers.docker.operators.docker.DockerOperator","filename":"docker.py","lineno":71}
{"timestamp":"2026-05-19T22:26:26.730561Z","level":"info","event":"\tat org.apache.spark.sql.execution.datasources.DataSource$.checkAndGlobPathIfNecessary(DataSource.scala:722)","logger":"airflow.task.operators.airflow.providers.docker.operators.docker.DockerOperator","filename":"docker.py","lineno":71}
{"timestamp":"2026-05-19T22:26:26.730599Z","level":"info","event":"\tat org.apache.spark.sql.execution.datasources.DataSource.checkAndGlobPathIfNecessary(DataSource.scala:551)","logger":"airflow.task.operators.airflow.providers.docker.operators.docker.DockerOperator","filename":"docker.py","lineno":71}
{"timestamp":"2026-05-19T22:26:26.730637Z","level":"info","event":"\tat org.apache.spark.sql.execution.datasources.DataSource.resolveRelation(DataSource.scala:404)","logger":"airflow.task.operators.airflow.providers.docker.operators.docker.DockerOperator","filename":"docker.py","lineno":71}
{"timestamp":"2026-05-19T22:26:26.730701Z","level":"info","event":"\tat org.apache.spark.sql.DataFrameReader.loadV1Source(DataFrameReader.scala:229)","logger":"airflow.task.operators.airflow.providers.docker.operators.docker.DockerOperator","filename":"docker.py","lineno":71}
{"timestamp":"2026-05-19T22:26:26.730759Z","level":"info","event":"\tat org.apache.spark.sql.DataFrameReader.$anonfun$load$2(DataFrameReader.scala:211)","logger":"airflow.task.operators.airflow.providers.docker.operators.docker.DockerOperator","filename":"docker.py","lineno":71}
{"timestamp":"2026-05-19T22:26:26.730808Z","level":"info","event":"\tat scala.Option.getOrElse(Option.scala:189)","logger":"airflow.task.operators.airflow.providers.docker.operators.docker.DockerOperator","filename":"docker.py","lineno":71}
{"timestamp":"2026-05-19T22:26:26.730865Z","level":"info","event":"\tat org.apache.spark.sql.DataFrameReader.load(DataFrameReader.scala:211)","logger":"airflow.task.operators.airflow.providers.docker.operators.docker.DockerOperator","filename":"docker.py","lineno":71}
{"timestamp":"2026-05-19T22:26:26.730950Z","level":"info","event":"\tat org.apache.spark.sql.DataFrameReader.load(DataFrameReader.scala:186)","logger":"airflow.task.operators.airflow.providers.docker.operators.docker.DockerOperator","filename":"docker.py","lineno":71}
{"timestamp":"2026-05-19T22:26:26.731012Z","level":"info","event":"\tat java.base/jdk.internal.reflect.NativeMethodAccessorImpl.invoke0(Native Method)","logger":"airflow.task.operators.airflow.providers.docker.operators.docker.DockerOperator","filename":"docker.py","lineno":71}
{"timestamp":"2026-05-19T22:26:26.731062Z","level":"info","event":"\tat java.base/jdk.internal.reflect.NativeMethodAccessorImpl.invoke(Unknown Source)","logger":"airflow.task.operators.airflow.providers.docker.operators.docker.DockerOperator","filename":"docker.py","lineno":71}
{"timestamp":"2026-05-19T22:26:26.731108Z","level":"info","event":"\tat java.base/jdk.internal.reflect.DelegatingMethodAccessorImpl.invoke(Unknown Source)","logger":"airflow.task.operators.airflow.providers.docker.operators.docker.DockerOperator","filename":"docker.py","lineno":71}
{"timestamp":"2026-05-19T22:26:26.731150Z","level":"info","event":"\tat java.base/java.lang.reflect.Method.invoke(Unknown Source)","logger":"airflow.task.operators.airflow.providers.docker.operators.docker.DockerOperator","filename":"docker.py","lineno":71}
{"timestamp":"2026-05-19T22:26:26.731192Z","level":"info","event":"\tat py4j.reflection.MethodInvoker.invoke(MethodInvoker.java:244)","logger":"airflow.task.operators.airflow.providers.docker.operators.docker.DockerOperator","filename":"docker.py","lineno":71}
{"timestamp":"2026-05-19T22:26:26.731233Z","level":"info","event":"\tat py4j.reflection.ReflectionEngine.invoke(ReflectionEngine.java:374)","logger":"airflow.task.operators.airflow.providers.docker.operators.docker.DockerOperator","filename":"docker.py","lineno":71}
{"timestamp":"2026-05-19T22:26:26.731277Z","level":"info","event":"\tat py4j.Gateway.invoke(Gateway.java:282)","logger":"airflow.task.operators.airflow.providers.docker.operators.docker.DockerOperator","filename":"docker.py","lineno":71}
{"timestamp":"2026-05-19T22:26:26.731332Z","level":"info","event":"\tat py4j.commands.AbstractCommand.invokeMethod(AbstractCommand.java:132)","logger":"airflow.task.operators.airflow.providers.docker.operators.docker.DockerOperator","filename":"docker.py","lineno":71}
{"timestamp":"2026-05-19T22:26:26.731395Z","level":"info","event":"\tat py4j.commands.CallCommand.execute(CallCommand.java:79)","logger":"airflow.task.operators.airflow.providers.docker.operators.docker.DockerOperator","filename":"docker.py","lineno":71}
{"timestamp":"2026-05-19T22:26:26.731446Z","level":"info","event":"\tat py4j.ClientServerConnection.waitForCommands(ClientServerConnection.java:182)","logger":"airflow.task.operators.airflow.providers.docker.operators.docker.DockerOperator","filename":"docker.py","lineno":71}
{"timestamp":"2026-05-19T22:26:26.731492Z","level":"info","event":"\tat py4j.ClientServerConnection.run(ClientServerConnection.java:106)","logger":"airflow.task.operators.airflow.providers.docker.operators.docker.DockerOperator","filename":"docker.py","lineno":71}
{"timestamp":"2026-05-19T22:26:26.731536Z","level":"info","event":"\tat java.base/java.lang.Thread.run(Unknown Source)","logger":"airflow.task.operators.airflow.providers.docker.operators.docker.DockerOperator","filename":"docker.py","lineno":71}
{"timestamp":"2026-05-19T22:26:26.731592Z","level":"info","event":"Caused by: java.lang.ClassNotFoundException: Class org.apache.hadoop.fs.s3a.S3AFileSystem not found","logger":"airflow.task.operators.airflow.providers.docker.operators.docker.DockerOperator","filename":"docker.py","lineno":71}
{"timestamp":"2026-05-19T22:26:26.731636Z","level":"info","event":"\tat org.apache.hadoop.conf.Configuration.getClassByName(Configuration.java:2592)","logger":"airflow.task.operators.airflow.providers.docker.operators.docker.DockerOperator","filename":"docker.py","lineno":71}
{"timestamp":"2026-05-19T22:26:26.731688Z","level":"info","event":"\tat org.apache.hadoop.conf.Configuration.getClass(Configuration.java:2686)","logger":"airflow.task.operators.airflow.providers.docker.operators.docker.DockerOperator","filename":"docker.py","lineno":71}
{"timestamp":"2026-05-19T22:26:26.731741Z","level":"info","event":"\t... 29 more","logger":"airflow.task.operators.airflow.providers.docker.operators.docker.DockerOperator","filename":"docker.py","lineno":71}
{"timestamp":"2026-05-19T22:26:26.731787Z","level":"info","event":"","logger":"airflow.task.operators.airflow.providers.docker.operators.docker.DockerOperator","filename":"docker.py","lineno":71}
{"timestamp":"2026-05-19T22:26:26.737522Z","level":"info","event":"2026-05-19 22:26:26,736 - ERROR - Error processing table sales.salesterritory: An error occurred while calling o92.load.","logger":"airflow.task.operators.airflow.providers.docker.operators.docker.DockerOperator","filename":"docker.py","lineno":71}
{"timestamp":"2026-05-19T22:26:26.737754Z","level":"info","event":": java.lang.RuntimeException: java.lang.ClassNotFoundException: Class org.apache.hadoop.fs.s3a.S3AFileSystem not found","logger":"airflow.task.operators.airflow.providers.docker.operators.docker.DockerOperator","filename":"docker.py","lineno":71}
{"timestamp":"2026-05-19T22:26:26.737849Z","level":"info","event":"\tat org.apache.hadoop.conf.Configuration.getClass(Configuration.java:2688)","logger":"airflow.task.operators.airflow.providers.docker.operators.docker.DockerOperator","filename":"docker.py","lineno":71}
{"timestamp":"2026-05-19T22:26:26.737958Z","level":"info","event":"\tat org.apache.hadoop.fs.FileSystem.getFileSystemClass(FileSystem.java:3431)","logger":"airflow.task.operators.airflow.providers.docker.operators.docker.DockerOperator","filename":"docker.py","lineno":71}
{"timestamp":"2026-05-19T22:26:26.738028Z","level":"info","event":"\tat org.apache.hadoop.fs.FileSystem.createFileSystem(FileSystem.java:3466)","logger":"airflow.task.operators.airflow.providers.docker.operators.docker.DockerOperator","filename":"docker.py","lineno":71}
{"timestamp":"2026-05-19T22:26:26.738085Z","level":"info","event":"\tat org.apache.hadoop.fs.FileSystem.access$300(FileSystem.java:174)","logger":"airflow.task.operators.airflow.providers.docker.operators.docker.DockerOperator","filename":"docker.py","lineno":71}
{"timestamp":"2026-05-19T22:26:26.738137Z","level":"info","event":"\tat org.apache.hadoop.fs.FileSystem$Cache.getInternal(FileSystem.java:3574)","logger":"airflow.task.operators.airflow.providers.docker.operators.docker.DockerOperator","filename":"docker.py","lineno":71}
{"timestamp":"2026-05-19T22:26:26.738192Z","level":"info","event":"\tat org.apache.hadoop.fs.FileSystem$Cache.get(FileSystem.java:3521)","logger":"airflow.task.operators.airflow.providers.docker.operators.docker.DockerOperator","filename":"docker.py","lineno":71}
{"timestamp":"2026-05-19T22:26:26.738244Z","level":"info","event":"\tat org.apache.hadoop.fs.FileSystem.get(FileSystem.java:540)","logger":"airflow.task.operators.airflow.providers.docker.operators.docker.DockerOperator","filename":"docker.py","lineno":71}
{"timestamp":"2026-05-19T22:26:26.738296Z","level":"info","event":"\tat org.apache.hadoop.fs.Path.getFileSystem(Path.java:365)","logger":"airflow.task.operators.airflow.providers.docker.operators.docker.DockerOperator","filename":"docker.py","lineno":71}
{"timestamp":"2026-05-19T22:26:26.738357Z","level":"info","event":"\tat org.apache.spark.sql.execution.datasources.DataSource$.$anonfun$checkAndGlobPathIfNecessary$1(DataSource.scala:724)","logger":"airflow.task.operators.airflow.providers.docker.operators.docker.DockerOperator","filename":"docker.py","lineno":71}
{"timestamp":"2026-05-19T22:26:26.738438Z","level":"info","event":"\tat scala.collection.immutable.List.map(List.scala:293)","logger":"airflow.task.operators.airflow.providers.docker.operators.docker.DockerOperator","filename":"docker.py","lineno":71}
{"timestamp":"2026-05-19T22:26:26.738493Z","level":"info","event":"\tat org.apache.spark.sql.execution.datasources.DataSource$.checkAndGlobPathIfNecessary(DataSource.scala:722)","logger":"airflow.task.operators.airflow.providers.docker.operators.docker.DockerOperator","filename":"docker.py","lineno":71}
{"timestamp":"2026-05-19T22:26:26.738541Z","level":"info","event":"\tat org.apache.spark.sql.execution.datasources.DataSource.checkAndGlobPathIfNecessary(DataSource.scala:551)","logger":"airflow.task.operators.airflow.providers.docker.operators.docker.DockerOperator","filename":"docker.py","lineno":71}
{"timestamp":"2026-05-19T22:26:26.738584Z","level":"info","event":"\tat org.apache.spark.sql.execution.datasources.DataSource.resolveRelation(DataSource.scala:404)","logger":"airflow.task.operators.airflow.providers.docker.operators.docker.DockerOperator","filename":"docker.py","lineno":71}
{"timestamp":"2026-05-19T22:26:26.738630Z","level":"info","event":"\tat org.apache.spark.sql.DataFrameReader.loadV1Source(DataFrameReader.scala:229)","logger":"airflow.task.operators.airflow.providers.docker.operators.docker.DockerOperator","filename":"docker.py","lineno":71}
{"timestamp":"2026-05-19T22:26:26.738680Z","level":"info","event":"\tat org.apache.spark.sql.DataFrameReader.$anonfun$load$2(DataFrameReader.scala:211)","logger":"airflow.task.operators.airflow.providers.docker.operators.docker.DockerOperator","filename":"docker.py","lineno":71}
{"timestamp":"2026-05-19T22:26:26.738726Z","level":"info","event":"\tat scala.Option.getOrElse(Option.scala:189)","logger":"airflow.task.operators.airflow.providers.docker.operators.docker.DockerOperator","filename":"docker.py","lineno":71}
{"timestamp":"2026-05-19T22:26:26.738769Z","level":"info","event":"\tat org.apache.spark.sql.DataFrameReader.load(DataFrameReader.scala:211)","logger":"airflow.task.operators.airflow.providers.docker.operators.docker.DockerOperator","filename":"docker.py","lineno":71}
{"timestamp":"2026-05-19T22:26:26.738816Z","level":"info","event":"\tat org.apache.spark.sql.DataFrameReader.load(DataFrameReader.scala:186)","logger":"airflow.task.operators.airflow.providers.docker.operators.docker.DockerOperator","filename":"docker.py","lineno":71}
{"timestamp":"2026-05-19T22:26:26.738877Z","level":"info","event":"\tat java.base/jdk.internal.reflect.NativeMethodAccessorImpl.invoke0(Native Method)","logger":"airflow.task.operators.airflow.providers.docker.operators.docker.DockerOperator","filename":"docker.py","lineno":71}
{"timestamp":"2026-05-19T22:26:26.738964Z","level":"info","event":"\tat java.base/jdk.internal.reflect.NativeMethodAccessorImpl.invoke(Unknown Source)","logger":"airflow.task.operators.airflow.providers.docker.operators.docker.DockerOperator","filename":"docker.py","lineno":71}
{"timestamp":"2026-05-19T22:26:26.739023Z","level":"info","event":"\tat java.base/jdk.internal.reflect.DelegatingMethodAccessorImpl.invoke(Unknown Source)","logger":"airflow.task.operators.airflow.providers.docker.operators.docker.DockerOperator","filename":"docker.py","lineno":71}
{"timestamp":"2026-05-19T22:26:26.739071Z","level":"info","event":"\tat java.base/java.lang.reflect.Method.invoke(Unknown Source)","logger":"airflow.task.operators.airflow.providers.docker.operators.docker.DockerOperator","filename":"docker.py","lineno":71}
{"timestamp":"2026-05-19T22:26:26.739116Z","level":"info","event":"\tat py4j.reflection.MethodInvoker.invoke(MethodInvoker.java:244)","logger":"airflow.task.operators.airflow.providers.docker.operators.docker.DockerOperator","filename":"docker.py","lineno":71}
{"timestamp":"2026-05-19T22:26:26.739163Z","level":"info","event":"\tat py4j.reflection.ReflectionEngine.invoke(ReflectionEngine.java:374)","logger":"airflow.task.operators.airflow.providers.docker.operators.docker.DockerOperator","filename":"docker.py","lineno":71}
{"timestamp":"2026-05-19T22:26:26.739212Z","level":"info","event":"\tat py4j.Gateway.invoke(Gateway.java:282)","logger":"airflow.task.operators.airflow.providers.docker.operators.docker.DockerOperator","filename":"docker.py","lineno":71}
{"timestamp":"2026-05-19T22:26:26.739269Z","level":"info","event":"\tat py4j.commands.AbstractCommand.invokeMethod(AbstractCommand.java:132)","logger":"airflow.task.operators.airflow.providers.docker.operators.docker.DockerOperator","filename":"docker.py","lineno":71}
{"timestamp":"2026-05-19T22:26:26.739313Z","level":"info","event":"\tat py4j.commands.CallCommand.execute(CallCommand.java:79)","logger":"airflow.task.operators.airflow.providers.docker.operators.docker.DockerOperator","filename":"docker.py","lineno":71}
{"timestamp":"2026-05-19T22:26:26.739352Z","level":"info","event":"\tat py4j.ClientServerConnection.waitForCommands(ClientServerConnection.java:182)","logger":"airflow.task.operators.airflow.providers.docker.operators.docker.DockerOperator","filename":"docker.py","lineno":71}
{"timestamp":"2026-05-19T22:26:26.739410Z","level":"info","event":"\tat py4j.ClientServerConnection.run(ClientServerConnection.java:106)","logger":"airflow.task.operators.airflow.providers.docker.operators.docker.DockerOperator","filename":"docker.py","lineno":71}
{"timestamp":"2026-05-19T22:26:26.739454Z","level":"info","event":"\tat java.base/java.lang.Thread.run(Unknown Source)","logger":"airflow.task.operators.airflow.providers.docker.operators.docker.DockerOperator","filename":"docker.py","lineno":71}
{"timestamp":"2026-05-19T22:26:26.739499Z","level":"info","event":"Caused by: java.lang.ClassNotFoundException: Class org.apache.hadoop.fs.s3a.S3AFileSystem not found","logger":"airflow.task.operators.airflow.providers.docker.operators.docker.DockerOperator","filename":"docker.py","lineno":71}
{"timestamp":"2026-05-19T22:26:26.739543Z","level":"info","event":"\tat org.apache.hadoop.conf.Configuration.getClassByName(Configuration.java:2592)","logger":"airflow.task.operators.airflow.providers.docker.operators.docker.DockerOperator","filename":"docker.py","lineno":71}
{"timestamp":"2026-05-19T22:26:26.739586Z","level":"info","event":"\tat org.apache.hadoop.conf.Configuration.getClass(Configuration.java:2686)","logger":"airflow.task.operators.airflow.providers.docker.operators.docker.DockerOperator","filename":"docker.py","lineno":71}
{"timestamp":"2026-05-19T22:26:26.739637Z","level":"info","event":"\t... 29 more","logger":"airflow.task.operators.airflow.providers.docker.operators.docker.DockerOperator","filename":"docker.py","lineno":71}
{"timestamp":"2026-05-19T22:26:26.739701Z","level":"info","event":"","logger":"airflow.task.operators.airflow.providers.docker.operators.docker.DockerOperator","filename":"docker.py","lineno":71}
{"timestamp":"2026-05-19T22:26:26.745590Z","level":"info","event":"26/05/19 22:26:26 WARN FileStreamSink: Assume no metadata directory. Error while looking for metadata directory in the path: s3a://landing/adventureworks/humanresources_department.","logger":"airflow.task.operators.airflow.providers.docker.operators.docker.DockerOperator","filename":"docker.py","lineno":71}
{"timestamp":"2026-05-19T22:26:26.745779Z","level":"info","event":"java.lang.RuntimeException: java.lang.ClassNotFoundException: Class org.apache.hadoop.fs.s3a.S3AFileSystem not found","logger":"airflow.task.operators.airflow.providers.docker.operators.docker.DockerOperator","filename":"docker.py","lineno":71}
{"timestamp":"2026-05-19T22:26:26.745832Z","level":"info","event":"\tat org.apache.hadoop.conf.Configuration.getClass(Configuration.java:2688)","logger":"airflow.task.operators.airflow.providers.docker.operators.docker.DockerOperator","filename":"docker.py","lineno":71}
{"timestamp":"2026-05-19T22:26:26.745870Z","level":"info","event":"\tat org.apache.hadoop.fs.FileSystem.getFileSystemClass(FileSystem.java:3431)","logger":"airflow.task.operators.airflow.providers.docker.operators.docker.DockerOperator","filename":"docker.py","lineno":71}
{"timestamp":"2026-05-19T22:26:26.745939Z","level":"info","event":"\tat org.apache.hadoop.fs.FileSystem.createFileSystem(FileSystem.java:3466)","logger":"airflow.task.operators.airflow.providers.docker.operators.docker.DockerOperator","filename":"docker.py","lineno":71}
{"timestamp":"2026-05-19T22:26:26.745994Z","level":"info","event":"\tat org.apache.hadoop.fs.FileSystem.access$300(FileSystem.java:174)","logger":"airflow.task.operators.airflow.providers.docker.operators.docker.DockerOperator","filename":"docker.py","lineno":71}
{"timestamp":"2026-05-19T22:26:26.746028Z","level":"info","event":"\tat org.apache.hadoop.fs.FileSystem$Cache.getInternal(FileSystem.java:3574)","logger":"airflow.task.operators.airflow.providers.docker.operators.docker.DockerOperator","filename":"docker.py","lineno":71}
{"timestamp":"2026-05-19T22:26:26.746068Z","level":"info","event":"\tat org.apache.hadoop.fs.FileSystem$Cache.get(FileSystem.java:3521)","logger":"airflow.task.operators.airflow.providers.docker.operators.docker.DockerOperator","filename":"docker.py","lineno":71}
{"timestamp":"2026-05-19T22:26:26.746102Z","level":"info","event":"\tat org.apache.hadoop.fs.FileSystem.get(FileSystem.java:540)","logger":"airflow.task.operators.airflow.providers.docker.operators.docker.DockerOperator","filename":"docker.py","lineno":71}
{"timestamp":"2026-05-19T22:26:26.746134Z","level":"info","event":"\tat org.apache.hadoop.fs.Path.getFileSystem(Path.java:365)","logger":"airflow.task.operators.airflow.providers.docker.operators.docker.DockerOperator","filename":"docker.py","lineno":71}
{"timestamp":"2026-05-19T22:26:26.746163Z","level":"info","event":"\tat org.apache.spark.sql.execution.streaming.FileStreamSink$.hasMetadata(FileStreamSink.scala:53)","logger":"airflow.task.operators.airflow.providers.docker.operators.docker.DockerOperator","filename":"docker.py","lineno":71}
{"timestamp":"2026-05-19T22:26:26.746193Z","level":"info","event":"\tat org.apache.spark.sql.execution.datasources.DataSource.resolveRelation(DataSource.scala:366)","logger":"airflow.task.operators.airflow.providers.docker.operators.docker.DockerOperator","filename":"docker.py","lineno":71}
{"timestamp":"2026-05-19T22:26:26.746223Z","level":"info","event":"\tat org.apache.spark.sql.DataFrameReader.loadV1Source(DataFrameReader.scala:229)","logger":"airflow.task.operators.airflow.providers.docker.operators.docker.DockerOperator","filename":"docker.py","lineno":71}
{"timestamp":"2026-05-19T22:26:26.746253Z","level":"info","event":"\tat org.apache.spark.sql.DataFrameReader.$anonfun$load$2(DataFrameReader.scala:211)","logger":"airflow.task.operators.airflow.providers.docker.operators.docker.DockerOperator","filename":"docker.py","lineno":71}
{"timestamp":"2026-05-19T22:26:26.746282Z","level":"info","event":"\tat scala.Option.getOrElse(Option.scala:189)","logger":"airflow.task.operators.airflow.providers.docker.operators.docker.DockerOperator","filename":"docker.py","lineno":71}
{"timestamp":"2026-05-19T22:26:26.746310Z","level":"info","event":"\tat org.apache.spark.sql.DataFrameReader.load(DataFrameReader.scala:211)","logger":"airflow.task.operators.airflow.providers.docker.operators.docker.DockerOperator","filename":"docker.py","lineno":71}
{"timestamp":"2026-05-19T22:26:26.746338Z","level":"info","event":"\tat org.apache.spark.sql.DataFrameReader.load(DataFrameReader.scala:186)","logger":"airflow.task.operators.airflow.providers.docker.operators.docker.DockerOperator","filename":"docker.py","lineno":71}
{"timestamp":"2026-05-19T22:26:26.746366Z","level":"info","event":"\tat jdk.internal.reflect.GeneratedMethodAccessor10.invoke(Unknown Source)","logger":"airflow.task.operators.airflow.providers.docker.operators.docker.DockerOperator","filename":"docker.py","lineno":71}
{"timestamp":"2026-05-19T22:26:26.746394Z","level":"info","event":"\tat java.base/jdk.internal.reflect.DelegatingMethodAccessorImpl.invoke(Unknown Source)","logger":"airflow.task.operators.airflow.providers.docker.operators.docker.DockerOperator","filename":"docker.py","lineno":71}
{"timestamp":"2026-05-19T22:26:26.746424Z","level":"info","event":"\tat java.base/java.lang.reflect.Method.invoke(Unknown Source)","logger":"airflow.task.operators.airflow.providers.docker.operators.docker.DockerOperator","filename":"docker.py","lineno":71}
{"timestamp":"2026-05-19T22:26:26.746452Z","level":"info","event":"\tat py4j.reflection.MethodInvoker.invoke(MethodInvoker.java:244)","logger":"airflow.task.operators.airflow.providers.docker.operators.docker.DockerOperator","filename":"docker.py","lineno":71}
{"timestamp":"2026-05-19T22:26:26.746481Z","level":"info","event":"\tat py4j.reflection.ReflectionEngine.invoke(ReflectionEngine.java:374)","logger":"airflow.task.operators.airflow.providers.docker.operators.docker.DockerOperator","filename":"docker.py","lineno":71}
{"timestamp":"2026-05-19T22:26:26.746510Z","level":"info","event":"\tat py4j.Gateway.invoke(Gateway.java:282)","logger":"airflow.task.operators.airflow.providers.docker.operators.docker.DockerOperator","filename":"docker.py","lineno":71}
{"timestamp":"2026-05-19T22:26:26.746539Z","level":"info","event":"\tat py4j.commands.AbstractCommand.invokeMethod(AbstractCommand.java:132)","logger":"airflow.task.operators.airflow.providers.docker.operators.docker.DockerOperator","filename":"docker.py","lineno":71}
{"timestamp":"2026-05-19T22:26:26.746570Z","level":"info","event":"\tat py4j.commands.CallCommand.execute(CallCommand.java:79)","logger":"airflow.task.operators.airflow.providers.docker.operators.docker.DockerOperator","filename":"docker.py","lineno":71}
{"timestamp":"2026-05-19T22:26:26.746599Z","level":"info","event":"\tat py4j.ClientServerConnection.waitForCommands(ClientServerConnection.java:182)","logger":"airflow.task.operators.airflow.providers.docker.operators.docker.DockerOperator","filename":"docker.py","lineno":71}
{"timestamp":"2026-05-19T22:26:26.746629Z","level":"info","event":"\tat py4j.ClientServerConnection.run(ClientServerConnection.java:106)","logger":"airflow.task.operators.airflow.providers.docker.operators.docker.DockerOperator","filename":"docker.py","lineno":71}
{"timestamp":"2026-05-19T22:26:26.746660Z","level":"info","event":"\tat java.base/java.lang.Thread.run(Unknown Source)","logger":"airflow.task.operators.airflow.providers.docker.operators.docker.DockerOperator","filename":"docker.py","lineno":71}
{"timestamp":"2026-05-19T22:26:26.746688Z","level":"info","event":"Caused by: java.lang.ClassNotFoundException: Class org.apache.hadoop.fs.s3a.S3AFileSystem not found","logger":"airflow.task.operators.airflow.providers.docker.operators.docker.DockerOperator","filename":"docker.py","lineno":71}
{"timestamp":"2026-05-19T22:26:26.746717Z","level":"info","event":"\tat org.apache.hadoop.conf.Configuration.getClassByName(Configuration.java:2592)","logger":"airflow.task.operators.airflow.providers.docker.operators.docker.DockerOperator","filename":"docker.py","lineno":71}
{"timestamp":"2026-05-19T22:26:26.746746Z","level":"info","event":"\tat org.apache.hadoop.conf.Configuration.getClass(Configuration.java:2686)","logger":"airflow.task.operators.airflow.providers.docker.operators.docker.DockerOperator","filename":"docker.py","lineno":71}
{"timestamp":"2026-05-19T22:26:26.746775Z","level":"info","event":"\t... 25 more","logger":"airflow.task.operators.airflow.providers.docker.operators.docker.DockerOperator","filename":"docker.py","lineno":71}
{"timestamp":"2026-05-19T22:26:26.754169Z","level":"info","event":"26/05/19 22:26:26 WARN FileStreamSink: Assume no metadata directory. Error while looking for metadata directory in the path: s3a://landing/adventureworks/humanresources_employee.","logger":"airflow.task.operators.airflow.providers.docker.operators.docker.DockerOperator","filename":"docker.py","lineno":71}
{"timestamp":"2026-05-19T22:26:26.754372Z","level":"info","event":"java.lang.RuntimeException: java.lang.ClassNotFoundException: Class org.apache.hadoop.fs.s3a.S3AFileSystem not found","logger":"airflow.task.operators.airflow.providers.docker.operators.docker.DockerOperator","filename":"docker.py","lineno":71}
{"timestamp":"2026-05-19T22:26:26.754458Z","level":"info","event":"\tat org.apache.hadoop.conf.Configuration.getClass(Configuration.java:2688)","logger":"airflow.task.operators.airflow.providers.docker.operators.docker.DockerOperator","filename":"docker.py","lineno":71}
{"timestamp":"2026-05-19T22:26:26.754553Z","level":"info","event":"\tat org.apache.hadoop.fs.FileSystem.getFileSystemClass(FileSystem.java:3431)","logger":"airflow.task.operators.airflow.providers.docker.operators.docker.DockerOperator","filename":"docker.py","lineno":71}
{"timestamp":"2026-05-19T22:26:26.754614Z","level":"info","event":"\tat org.apache.hadoop.fs.FileSystem.createFileSystem(FileSystem.java:3466)","logger":"airflow.task.operators.airflow.providers.docker.operators.docker.DockerOperator","filename":"docker.py","lineno":71}
{"timestamp":"2026-05-19T22:26:26.754672Z","level":"info","event":"\tat org.apache.hadoop.fs.FileSystem.access$300(FileSystem.java:174)","logger":"airflow.task.operators.airflow.providers.docker.operators.docker.DockerOperator","filename":"docker.py","lineno":71}
{"timestamp":"2026-05-19T22:26:26.754733Z","level":"info","event":"\tat org.apache.hadoop.fs.FileSystem$Cache.getInternal(FileSystem.java:3574)","logger":"airflow.task.operators.airflow.providers.docker.operators.docker.DockerOperator","filename":"docker.py","lineno":71}
{"timestamp":"2026-05-19T22:26:26.754790Z","level":"info","event":"\tat org.apache.hadoop.fs.FileSystem$Cache.get(FileSystem.java:3521)","logger":"airflow.task.operators.airflow.providers.docker.operators.docker.DockerOperator","filename":"docker.py","lineno":71}
{"timestamp":"2026-05-19T22:26:26.754853Z","level":"info","event":"\tat org.apache.hadoop.fs.FileSystem.get(FileSystem.java:540)","logger":"airflow.task.operators.airflow.providers.docker.operators.docker.DockerOperator","filename":"docker.py","lineno":71}
{"timestamp":"2026-05-19T22:26:26.754946Z","level":"info","event":"\tat org.apache.hadoop.fs.Path.getFileSystem(Path.java:365)","logger":"airflow.task.operators.airflow.providers.docker.operators.docker.DockerOperator","filename":"docker.py","lineno":71}
{"timestamp":"2026-05-19T22:26:26.755013Z","level":"info","event":"\tat org.apache.spark.sql.execution.streaming.FileStreamSink$.hasMetadata(FileStreamSink.scala:53)","logger":"airflow.task.operators.airflow.providers.docker.operators.docker.DockerOperator","filename":"docker.py","lineno":71}
{"timestamp":"2026-05-19T22:26:26.755077Z","level":"info","event":"\tat org.apache.spark.sql.execution.datasources.DataSource.resolveRelation(DataSource.scala:366)","logger":"airflow.task.operators.airflow.providers.docker.operators.docker.DockerOperator","filename":"docker.py","lineno":71}
{"timestamp":"2026-05-19T22:26:26.755139Z","level":"info","event":"\tat org.apache.spark.sql.DataFrameReader.loadV1Source(DataFrameReader.scala:229)","logger":"airflow.task.operators.airflow.providers.docker.operators.docker.DockerOperator","filename":"docker.py","lineno":71}
{"timestamp":"2026-05-19T22:26:26.755194Z","level":"info","event":"\tat org.apache.spark.sql.DataFrameReader.$anonfun$load$2(DataFrameReader.scala:211)","logger":"airflow.task.operators.airflow.providers.docker.operators.docker.DockerOperator","filename":"docker.py","lineno":71}
{"timestamp":"2026-05-19T22:26:26.755251Z","level":"info","event":"\tat scala.Option.getOrElse(Option.scala:189)","logger":"airflow.task.operators.airflow.providers.docker.operators.docker.DockerOperator","filename":"docker.py","lineno":71}
{"timestamp":"2026-05-19T22:26:26.755307Z","level":"info","event":"\tat org.apache.spark.sql.DataFrameReader.load(DataFrameReader.scala:211)","logger":"airflow.task.operators.airflow.providers.docker.operators.docker.DockerOperator","filename":"docker.py","lineno":71}
{"timestamp":"2026-05-19T22:26:26.755366Z","level":"info","event":"\tat org.apache.spark.sql.DataFrameReader.load(DataFrameReader.scala:186)","logger":"airflow.task.operators.airflow.providers.docker.operators.docker.DockerOperator","filename":"docker.py","lineno":71}
{"timestamp":"2026-05-19T22:26:26.755422Z","level":"info","event":"\tat jdk.internal.reflect.GeneratedMethodAccessor10.invoke(Unknown Source)","logger":"airflow.task.operators.airflow.providers.docker.operators.docker.DockerOperator","filename":"docker.py","lineno":71}
{"timestamp":"2026-05-19T22:26:26.755483Z","level":"info","event":"\tat java.base/jdk.internal.reflect.DelegatingMethodAccessorImpl.invoke(Unknown Source)","logger":"airflow.task.operators.airflow.providers.docker.operators.docker.DockerOperator","filename":"docker.py","lineno":71}
{"timestamp":"2026-05-19T22:26:26.755559Z","level":"info","event":"\tat java.base/java.lang.reflect.Method.invoke(Unknown Source)","logger":"airflow.task.operators.airflow.providers.docker.operators.docker.DockerOperator","filename":"docker.py","lineno":71}
{"timestamp":"2026-05-19T22:26:26.755618Z","level":"info","event":"\tat py4j.reflection.MethodInvoker.invoke(MethodInvoker.java:244)","logger":"airflow.task.operators.airflow.providers.docker.operators.docker.DockerOperator","filename":"docker.py","lineno":71}
{"timestamp":"2026-05-19T22:26:26.755674Z","level":"info","event":"\tat py4j.reflection.ReflectionEngine.invoke(ReflectionEngine.java:374)","logger":"airflow.task.operators.airflow.providers.docker.operators.docker.DockerOperator","filename":"docker.py","lineno":71}
{"timestamp":"2026-05-19T22:26:26.755723Z","level":"info","event":"\tat py4j.Gateway.invoke(Gateway.java:282)","logger":"airflow.task.operators.airflow.providers.docker.operators.docker.DockerOperator","filename":"docker.py","lineno":71}
{"timestamp":"2026-05-19T22:26:26.755774Z","level":"info","event":"\tat py4j.commands.AbstractCommand.invokeMethod(AbstractCommand.java:132)","logger":"airflow.task.operators.airflow.providers.docker.operators.docker.DockerOperator","filename":"docker.py","lineno":71}
{"timestamp":"2026-05-19T22:26:26.755823Z","level":"info","event":"\tat py4j.commands.CallCommand.execute(CallCommand.java:79)","logger":"airflow.task.operators.airflow.providers.docker.operators.docker.DockerOperator","filename":"docker.py","lineno":71}
{"timestamp":"2026-05-19T22:26:26.755875Z","level":"info","event":"\tat py4j.ClientServerConnection.waitForCommands(ClientServerConnection.java:182)","logger":"airflow.task.operators.airflow.providers.docker.operators.docker.DockerOperator","filename":"docker.py","lineno":71}
{"timestamp":"2026-05-19T22:26:26.755953Z","level":"info","event":"\tat py4j.ClientServerConnection.run(ClientServerConnection.java:106)","logger":"airflow.task.operators.airflow.providers.docker.operators.docker.DockerOperator","filename":"docker.py","lineno":71}
{"timestamp":"2026-05-19T22:26:26.756005Z","level":"info","event":"\tat java.base/java.lang.Thread.run(Unknown Source)","logger":"airflow.task.operators.airflow.providers.docker.operators.docker.DockerOperator","filename":"docker.py","lineno":71}
{"timestamp":"2026-05-19T22:26:26.756060Z","level":"info","event":"Caused by: java.lang.ClassNotFoundException: Class org.apache.hadoop.fs.s3a.S3AFileSystem not found","logger":"airflow.task.operators.airflow.providers.docker.operators.docker.DockerOperator","filename":"docker.py","lineno":71}
{"timestamp":"2026-05-19T22:26:26.756109Z","level":"info","event":"\tat org.apache.hadoop.conf.Configuration.getClassByName(Configuration.java:2592)","logger":"airflow.task.operators.airflow.providers.docker.operators.docker.DockerOperator","filename":"docker.py","lineno":71}
{"timestamp":"2026-05-19T22:26:26.756156Z","level":"info","event":"\tat org.apache.hadoop.conf.Configuration.getClass(Configuration.java:2686)","logger":"airflow.task.operators.airflow.providers.docker.operators.docker.DockerOperator","filename":"docker.py","lineno":71}
{"timestamp":"2026-05-19T22:26:26.756210Z","level":"info","event":"\t... 25 more","logger":"airflow.task.operators.airflow.providers.docker.operators.docker.DockerOperator","filename":"docker.py","lineno":71}
{"timestamp":"2026-05-19T22:26:26.765660Z","level":"info","event":"2026-05-19 22:26:26,763 - ERROR - Error processing table sales.salestaxrate: An error occurred while calling o90.load.","logger":"airflow.task.operators.airflow.providers.docker.operators.docker.DockerOperator","filename":"docker.py","lineno":71}
{"timestamp":"2026-05-19T22:26:26.765824Z","level":"info","event":": java.lang.RuntimeException: java.lang.ClassNotFoundException: Class org.apache.hadoop.fs.s3a.S3AFileSystem not found","logger":"airflow.task.operators.airflow.providers.docker.operators.docker.DockerOperator","filename":"docker.py","lineno":71}
{"timestamp":"2026-05-19T22:26:26.765915Z","level":"info","event":"\tat org.apache.hadoop.conf.Configuration.getClass(Configuration.java:2688)","logger":"airflow.task.operators.airflow.providers.docker.operators.docker.DockerOperator","filename":"docker.py","lineno":71}
{"timestamp":"2026-05-19T22:26:26.765975Z","level":"info","event":"\tat org.apache.hadoop.fs.FileSystem.getFileSystemClass(FileSystem.java:3431)","logger":"airflow.task.operators.airflow.providers.docker.operators.docker.DockerOperator","filename":"docker.py","lineno":71}
{"timestamp":"2026-05-19T22:26:26.766042Z","level":"info","event":"\tat org.apache.hadoop.fs.FileSystem.createFileSystem(FileSystem.java:3466)","logger":"airflow.task.operators.airflow.providers.docker.operators.docker.DockerOperator","filename":"docker.py","lineno":71}
{"timestamp":"2026-05-19T22:26:26.766114Z","level":"info","event":"\tat org.apache.hadoop.fs.FileSystem.access$300(FileSystem.java:174)","logger":"airflow.task.operators.airflow.providers.docker.operators.docker.DockerOperator","filename":"docker.py","lineno":71}
{"timestamp":"2026-05-19T22:26:26.766166Z","level":"info","event":"\tat org.apache.hadoop.fs.FileSystem$Cache.getInternal(FileSystem.java:3574)","logger":"airflow.task.operators.airflow.providers.docker.operators.docker.DockerOperator","filename":"docker.py","lineno":71}
{"timestamp":"2026-05-19T22:26:26.766220Z","level":"info","event":"\tat org.apache.hadoop.fs.FileSystem$Cache.get(FileSystem.java:3521)","logger":"airflow.task.operators.airflow.providers.docker.operators.docker.DockerOperator","filename":"docker.py","lineno":71}
{"timestamp":"2026-05-19T22:26:26.766280Z","level":"info","event":"\tat org.apache.hadoop.fs.FileSystem.get(FileSystem.java:540)","logger":"airflow.task.operators.airflow.providers.docker.operators.docker.DockerOperator","filename":"docker.py","lineno":71}
{"timestamp":"2026-05-19T22:26:26.766333Z","level":"info","event":"\tat org.apache.hadoop.fs.Path.getFileSystem(Path.java:365)","logger":"airflow.task.operators.airflow.providers.docker.operators.docker.DockerOperator","filename":"docker.py","lineno":71}
{"timestamp":"2026-05-19T22:26:26.766379Z","level":"info","event":"\tat org.apache.spark.sql.execution.datasources.DataSource$.$anonfun$checkAndGlobPathIfNecessary$1(DataSource.scala:724)","logger":"airflow.task.operators.airflow.providers.docker.operators.docker.DockerOperator","filename":"docker.py","lineno":71}
{"timestamp":"2026-05-19T22:26:26.766424Z","level":"info","event":"\tat scala.collection.immutable.List.map(List.scala:293)","logger":"airflow.task.operators.airflow.providers.docker.operators.docker.DockerOperator","filename":"docker.py","lineno":71}
{"timestamp":"2026-05-19T22:26:26.766466Z","level":"info","event":"\tat org.apache.spark.sql.execution.datasources.DataSource$.checkAndGlobPathIfNecessary(DataSource.scala:722)","logger":"airflow.task.operators.airflow.providers.docker.operators.docker.DockerOperator","filename":"docker.py","lineno":71}
{"timestamp":"2026-05-19T22:26:26.766521Z","level":"info","event":"\tat org.apache.spark.sql.execution.datasources.DataSource.checkAndGlobPathIfNecessary(DataSource.scala:551)","logger":"airflow.task.operators.airflow.providers.docker.operators.docker.DockerOperator","filename":"docker.py","lineno":71}
{"timestamp":"2026-05-19T22:26:26.766579Z","level":"info","event":"\tat org.apache.spark.sql.execution.datasources.DataSource.resolveRelation(DataSource.scala:404)","logger":"airflow.task.operators.airflow.providers.docker.operators.docker.DockerOperator","filename":"docker.py","lineno":71}
{"timestamp":"2026-05-19T22:26:26.766636Z","level":"info","event":"\tat org.apache.spark.sql.DataFrameReader.loadV1Source(DataFrameReader.scala:229)","logger":"airflow.task.operators.airflow.providers.docker.operators.docker.DockerOperator","filename":"docker.py","lineno":71}
{"timestamp":"2026-05-19T22:26:26.766692Z","level":"info","event":"\tat org.apache.spark.sql.DataFrameReader.$anonfun$load$2(DataFrameReader.scala:211)","logger":"airflow.task.operators.airflow.providers.docker.operators.docker.DockerOperator","filename":"docker.py","lineno":71}
{"timestamp":"2026-05-19T22:26:26.766737Z","level":"info","event":"\tat scala.Option.getOrElse(Option.scala:189)","logger":"airflow.task.operators.airflow.providers.docker.operators.docker.DockerOperator","filename":"docker.py","lineno":71}
{"timestamp":"2026-05-19T22:26:26.766777Z","level":"info","event":"\tat org.apache.spark.sql.DataFrameReader.load(DataFrameReader.scala:211)","logger":"airflow.task.operators.airflow.providers.docker.operators.docker.DockerOperator","filename":"docker.py","lineno":71}
{"timestamp":"2026-05-19T22:26:26.766824Z","level":"info","event":"\tat org.apache.spark.sql.DataFrameReader.load(DataFrameReader.scala:186)","logger":"airflow.task.operators.airflow.providers.docker.operators.docker.DockerOperator","filename":"docker.py","lineno":71}
{"timestamp":"2026-05-19T22:26:26.767756Z","level":"info","event":"\tat java.base/jdk.internal.reflect.NativeMethodAccessorImpl.invoke0(Native Method)","logger":"airflow.task.operators.airflow.providers.docker.operators.docker.DockerOperator","filename":"docker.py","lineno":71}
{"timestamp":"2026-05-19T22:26:26.767837Z","level":"info","event":"\tat java.base/jdk.internal.reflect.NativeMethodAccessorImpl.invoke(Unknown Source)","logger":"airflow.task.operators.airflow.providers.docker.operators.docker.DockerOperator","filename":"docker.py","lineno":71}
{"timestamp":"2026-05-19T22:26:26.767921Z","level":"info","event":"\tat java.base/jdk.internal.reflect.DelegatingMethodAccessorImpl.invoke(Unknown Source)","logger":"airflow.task.operators.airflow.providers.docker.operators.docker.DockerOperator","filename":"docker.py","lineno":71}
{"timestamp":"2026-05-19T22:26:26.767981Z","level":"info","event":"\tat java.base/java.lang.reflect.Method.invoke(Unknown Source)","logger":"airflow.task.operators.airflow.providers.docker.operators.docker.DockerOperator","filename":"docker.py","lineno":71}
{"timestamp":"2026-05-19T22:26:26.768037Z","level":"info","event":"\tat py4j.reflection.MethodInvoker.invoke(MethodInvoker.java:244)","logger":"airflow.task.operators.airflow.providers.docker.operators.docker.DockerOperator","filename":"docker.py","lineno":71}
{"timestamp":"2026-05-19T22:26:26.768101Z","level":"info","event":"\tat py4j.reflection.ReflectionEngine.invoke(ReflectionEngine.java:374)","logger":"airflow.task.operators.airflow.providers.docker.operators.docker.DockerOperator","filename":"docker.py","lineno":71}
{"timestamp":"2026-05-19T22:26:26.768160Z","level":"info","event":"\tat py4j.Gateway.invoke(Gateway.java:282)","logger":"airflow.task.operators.airflow.providers.docker.operators.docker.DockerOperator","filename":"docker.py","lineno":71}
{"timestamp":"2026-05-19T22:26:26.768220Z","level":"info","event":"\tat py4j.commands.AbstractCommand.invokeMethod(AbstractCommand.java:132)","logger":"airflow.task.operators.airflow.providers.docker.operators.docker.DockerOperator","filename":"docker.py","lineno":71}
{"timestamp":"2026-05-19T22:26:26.768271Z","level":"info","event":"\tat py4j.commands.CallCommand.execute(CallCommand.java:79)","logger":"airflow.task.operators.airflow.providers.docker.operators.docker.DockerOperator","filename":"docker.py","lineno":71}
{"timestamp":"2026-05-19T22:26:26.768318Z","level":"info","event":"\tat py4j.ClientServerConnection.waitForCommands(ClientServerConnection.java:182)","logger":"airflow.task.operators.airflow.providers.docker.operators.docker.DockerOperator","filename":"docker.py","lineno":71}
{"timestamp":"2026-05-19T22:26:26.768363Z","level":"info","event":"\tat py4j.ClientServerConnection.run(ClientServerConnection.java:106)","logger":"airflow.task.operators.airflow.providers.docker.operators.docker.DockerOperator","filename":"docker.py","lineno":71}
{"timestamp":"2026-05-19T22:26:26.768421Z","level":"info","event":"\tat java.base/java.lang.Thread.run(Unknown Source)","logger":"airflow.task.operators.airflow.providers.docker.operators.docker.DockerOperator","filename":"docker.py","lineno":71}
{"timestamp":"2026-05-19T22:26:26.768484Z","level":"info","event":"Caused by: java.lang.ClassNotFoundException: Class org.apache.hadoop.fs.s3a.S3AFileSystem not found","logger":"airflow.task.operators.airflow.providers.docker.operators.docker.DockerOperator","filename":"docker.py","lineno":71}
{"timestamp":"2026-05-19T22:26:26.768554Z","level":"info","event":"\tat org.apache.hadoop.conf.Configuration.getClassByName(Configuration.java:2592)","logger":"airflow.task.operators.airflow.providers.docker.operators.docker.DockerOperator","filename":"docker.py","lineno":71}
{"timestamp":"2026-05-19T22:26:26.768604Z","level":"info","event":"\tat org.apache.hadoop.conf.Configuration.getClass(Configuration.java:2686)","logger":"airflow.task.operators.airflow.providers.docker.operators.docker.DockerOperator","filename":"docker.py","lineno":71}
{"timestamp":"2026-05-19T22:26:26.768649Z","level":"info","event":"\t... 29 more","logger":"airflow.task.operators.airflow.providers.docker.operators.docker.DockerOperator","filename":"docker.py","lineno":71}
{"timestamp":"2026-05-19T22:26:26.768706Z","level":"info","event":"","logger":"airflow.task.operators.airflow.providers.docker.operators.docker.DockerOperator","filename":"docker.py","lineno":71}
{"timestamp":"2026-05-19T22:26:26.776635Z","level":"info","event":"2026-05-19 22:26:26,774 - ERROR - Error processing table sales.salesterritoryhistory: An error occurred while calling o94.load.","logger":"airflow.task.operators.airflow.providers.docker.operators.docker.DockerOperator","filename":"docker.py","lineno":71}
{"timestamp":"2026-05-19T22:26:26.776820Z","level":"info","event":": java.lang.RuntimeException: java.lang.ClassNotFoundException: Class org.apache.hadoop.fs.s3a.S3AFileSystem not found","logger":"airflow.task.operators.airflow.providers.docker.operators.docker.DockerOperator","filename":"docker.py","lineno":71}
{"timestamp":"2026-05-19T22:26:26.776913Z","level":"info","event":"\tat org.apache.hadoop.conf.Configuration.getClass(Configuration.java:2688)","logger":"airflow.task.operators.airflow.providers.docker.operators.docker.DockerOperator","filename":"docker.py","lineno":71}
{"timestamp":"2026-05-19T22:26:26.776985Z","level":"info","event":"\tat org.apache.hadoop.fs.FileSystem.getFileSystemClass(FileSystem.java:3431)","logger":"airflow.task.operators.airflow.providers.docker.operators.docker.DockerOperator","filename":"docker.py","lineno":71}
{"timestamp":"2026-05-19T22:26:26.777048Z","level":"info","event":"\tat org.apache.hadoop.fs.FileSystem.createFileSystem(FileSystem.java:3466)","logger":"airflow.task.operators.airflow.providers.docker.operators.docker.DockerOperator","filename":"docker.py","lineno":71}
{"timestamp":"2026-05-19T22:26:26.777105Z","level":"info","event":"\tat org.apache.hadoop.fs.FileSystem.access$300(FileSystem.java:174)","logger":"airflow.task.operators.airflow.providers.docker.operators.docker.DockerOperator","filename":"docker.py","lineno":71}
{"timestamp":"2026-05-19T22:26:26.777163Z","level":"info","event":"\tat org.apache.hadoop.fs.FileSystem$Cache.getInternal(FileSystem.java:3574)","logger":"airflow.task.operators.airflow.providers.docker.operators.docker.DockerOperator","filename":"docker.py","lineno":71}
{"timestamp":"2026-05-19T22:26:26.777222Z","level":"info","event":"\tat org.apache.hadoop.fs.FileSystem$Cache.get(FileSystem.java:3521)","logger":"airflow.task.operators.airflow.providers.docker.operators.docker.DockerOperator","filename":"docker.py","lineno":71}
{"timestamp":"2026-05-19T22:26:26.777282Z","level":"info","event":"\tat org.apache.hadoop.fs.FileSystem.get(FileSystem.java:540)","logger":"airflow.task.operators.airflow.providers.docker.operators.docker.DockerOperator","filename":"docker.py","lineno":71}
{"timestamp":"2026-05-19T22:26:26.777320Z","level":"info","event":"\tat org.apache.hadoop.fs.Path.getFileSystem(Path.java:365)","logger":"airflow.task.operators.airflow.providers.docker.operators.docker.DockerOperator","filename":"docker.py","lineno":71}
{"timestamp":"2026-05-19T22:26:26.777351Z","level":"info","event":"\tat org.apache.spark.sql.execution.datasources.DataSource$.$anonfun$checkAndGlobPathIfNecessary$1(DataSource.scala:724)","logger":"airflow.task.operators.airflow.providers.docker.operators.docker.DockerOperator","filename":"docker.py","lineno":71}
{"timestamp":"2026-05-19T22:26:26.777394Z","level":"info","event":"\tat scala.collection.immutable.List.map(List.scala:293)","logger":"airflow.task.operators.airflow.providers.docker.operators.docker.DockerOperator","filename":"docker.py","lineno":71}
{"timestamp":"2026-05-19T22:26:26.777426Z","level":"info","event":"\tat org.apache.spark.sql.execution.datasources.DataSource$.checkAndGlobPathIfNecessary(DataSource.scala:722)","logger":"airflow.task.operators.airflow.providers.docker.operators.docker.DockerOperator","filename":"docker.py","lineno":71}
{"timestamp":"2026-05-19T22:26:26.777455Z","level":"info","event":"\tat org.apache.spark.sql.execution.datasources.DataSource.checkAndGlobPathIfNecessary(DataSource.scala:551)","logger":"airflow.task.operators.airflow.providers.docker.operators.docker.DockerOperator","filename":"docker.py","lineno":71}
{"timestamp":"2026-05-19T22:26:26.777484Z","level":"info","event":"\tat org.apache.spark.sql.execution.datasources.DataSource.resolveRelation(DataSource.scala:404)","logger":"airflow.task.operators.airflow.providers.docker.operators.docker.DockerOperator","filename":"docker.py","lineno":71}
{"timestamp":"2026-05-19T22:26:26.777514Z","level":"info","event":"\tat org.apache.spark.sql.DataFrameReader.loadV1Source(DataFrameReader.scala:229)","logger":"airflow.task.operators.airflow.providers.docker.operators.docker.DockerOperator","filename":"docker.py","lineno":71}
{"timestamp":"2026-05-19T22:26:26.777543Z","level":"info","event":"\tat org.apache.spark.sql.DataFrameReader.$anonfun$load$2(DataFrameReader.scala:211)","logger":"airflow.task.operators.airflow.providers.docker.operators.docker.DockerOperator","filename":"docker.py","lineno":71}
{"timestamp":"2026-05-19T22:26:26.777571Z","level":"info","event":"\tat scala.Option.getOrElse(Option.scala:189)","logger":"airflow.task.operators.airflow.providers.docker.operators.docker.DockerOperator","filename":"docker.py","lineno":71}
{"timestamp":"2026-05-19T22:26:26.777600Z","level":"info","event":"\tat org.apache.spark.sql.DataFrameReader.load(DataFrameReader.scala:211)","logger":"airflow.task.operators.airflow.providers.docker.operators.docker.DockerOperator","filename":"docker.py","lineno":71}
{"timestamp":"2026-05-19T22:26:26.777628Z","level":"info","event":"\tat org.apache.spark.sql.DataFrameReader.load(DataFrameReader.scala:186)","logger":"airflow.task.operators.airflow.providers.docker.operators.docker.DockerOperator","filename":"docker.py","lineno":71}
{"timestamp":"2026-05-19T22:26:26.777657Z","level":"info","event":"\tat java.base/jdk.internal.reflect.NativeMethodAccessorImpl.invoke0(Native Method)","logger":"airflow.task.operators.airflow.providers.docker.operators.docker.DockerOperator","filename":"docker.py","lineno":71}
{"timestamp":"2026-05-19T22:26:26.777686Z","level":"info","event":"\tat java.base/jdk.internal.reflect.NativeMethodAccessorImpl.invoke(Unknown Source)","logger":"airflow.task.operators.airflow.providers.docker.operators.docker.DockerOperator","filename":"docker.py","lineno":71}
{"timestamp":"2026-05-19T22:26:26.777714Z","level":"info","event":"\tat java.base/jdk.internal.reflect.DelegatingMethodAccessorImpl.invoke(Unknown Source)","logger":"airflow.task.operators.airflow.providers.docker.operators.docker.DockerOperator","filename":"docker.py","lineno":71}
{"timestamp":"2026-05-19T22:26:26.777743Z","level":"info","event":"\tat java.base/java.lang.reflect.Method.invoke(Unknown Source)","logger":"airflow.task.operators.airflow.providers.docker.operators.docker.DockerOperator","filename":"docker.py","lineno":71}
{"timestamp":"2026-05-19T22:26:26.777770Z","level":"info","event":"\tat py4j.reflection.MethodInvoker.invoke(MethodInvoker.java:244)","logger":"airflow.task.operators.airflow.providers.docker.operators.docker.DockerOperator","filename":"docker.py","lineno":71}
{"timestamp":"2026-05-19T22:26:26.777799Z","level":"info","event":"\tat py4j.reflection.ReflectionEngine.invoke(ReflectionEngine.java:374)","logger":"airflow.task.operators.airflow.providers.docker.operators.docker.DockerOperator","filename":"docker.py","lineno":71}
{"timestamp":"2026-05-19T22:26:26.777854Z","level":"info","event":"\tat py4j.Gateway.invoke(Gateway.java:282)","logger":"airflow.task.operators.airflow.providers.docker.operators.docker.DockerOperator","filename":"docker.py","lineno":71}
{"timestamp":"2026-05-19T22:26:26.777937Z","level":"info","event":"\tat py4j.commands.AbstractCommand.invokeMethod(AbstractCommand.java:132)","logger":"airflow.task.operators.airflow.providers.docker.operators.docker.DockerOperator","filename":"docker.py","lineno":71}
{"timestamp":"2026-05-19T22:26:26.778004Z","level":"info","event":"\tat py4j.commands.CallCommand.execute(CallCommand.java:79)","logger":"airflow.task.operators.airflow.providers.docker.operators.docker.DockerOperator","filename":"docker.py","lineno":71}
{"timestamp":"2026-05-19T22:26:26.778066Z","level":"info","event":"\tat py4j.ClientServerConnection.waitForCommands(ClientServerConnection.java:182)","logger":"airflow.task.operators.airflow.providers.docker.operators.docker.DockerOperator","filename":"docker.py","lineno":71}
{"timestamp":"2026-05-19T22:26:26.778129Z","level":"info","event":"\tat py4j.ClientServerConnection.run(ClientServerConnection.java:106)","logger":"airflow.task.operators.airflow.providers.docker.operators.docker.DockerOperator","filename":"docker.py","lineno":71}
{"timestamp":"2026-05-19T22:26:26.778193Z","level":"info","event":"\tat java.base/java.lang.Thread.run(Unknown Source)","logger":"airflow.task.operators.airflow.providers.docker.operators.docker.DockerOperator","filename":"docker.py","lineno":71}
{"timestamp":"2026-05-19T22:26:26.778259Z","level":"info","event":"Caused by: java.lang.ClassNotFoundException: Class org.apache.hadoop.fs.s3a.S3AFileSystem not found","logger":"airflow.task.operators.airflow.providers.docker.operators.docker.DockerOperator","filename":"docker.py","lineno":71}
{"timestamp":"2026-05-19T22:26:26.778328Z","level":"info","event":"\tat org.apache.hadoop.conf.Configuration.getClassByName(Configuration.java:2592)","logger":"airflow.task.operators.airflow.providers.docker.operators.docker.DockerOperator","filename":"docker.py","lineno":71}
{"timestamp":"2026-05-19T22:26:26.778411Z","level":"info","event":"\tat org.apache.hadoop.conf.Configuration.getClass(Configuration.java:2686)","logger":"airflow.task.operators.airflow.providers.docker.operators.docker.DockerOperator","filename":"docker.py","lineno":71}
{"timestamp":"2026-05-19T22:26:26.778470Z","level":"info","event":"\t... 29 more","logger":"airflow.task.operators.airflow.providers.docker.operators.docker.DockerOperator","filename":"docker.py","lineno":71}
{"timestamp":"2026-05-19T22:26:26.778519Z","level":"info","event":"","logger":"airflow.task.operators.airflow.providers.docker.operators.docker.DockerOperator","filename":"docker.py","lineno":71}
{"timestamp":"2026-05-19T22:26:26.778634Z","level":"info","event":"26/05/19 22:26:26 WARN FileStreamSink: Assume no metadata directory. Error while looking for metadata directory in the path: s3a://landing/adventureworks/person_countryregion.","logger":"airflow.task.operators.airflow.providers.docker.operators.docker.DockerOperator","filename":"docker.py","lineno":71}
{"timestamp":"2026-05-19T22:26:26.778705Z","level":"info","event":"java.lang.RuntimeException: java.lang.ClassNotFoundException: Class org.apache.hadoop.fs.s3a.S3AFileSystem not found","logger":"airflow.task.operators.airflow.providers.docker.operators.docker.DockerOperator","filename":"docker.py","lineno":71}
{"timestamp":"2026-05-19T22:26:26.778765Z","level":"info","event":"\tat org.apache.hadoop.conf.Configuration.getClass(Configuration.java:2688)","logger":"airflow.task.operators.airflow.providers.docker.operators.docker.DockerOperator","filename":"docker.py","lineno":71}
{"timestamp":"2026-05-19T22:26:26.778821Z","level":"info","event":"\tat org.apache.hadoop.fs.FileSystem.getFileSystemClass(FileSystem.java:3431)","logger":"airflow.task.operators.airflow.providers.docker.operators.docker.DockerOperator","filename":"docker.py","lineno":71}
{"timestamp":"2026-05-19T22:26:26.778876Z","level":"info","event":"\tat org.apache.hadoop.fs.FileSystem.createFileSystem(FileSystem.java:3466)","logger":"airflow.task.operators.airflow.providers.docker.operators.docker.DockerOperator","filename":"docker.py","lineno":71}
{"timestamp":"2026-05-19T22:26:26.778953Z","level":"info","event":"\tat org.apache.hadoop.fs.FileSystem.access$300(FileSystem.java:174)","logger":"airflow.task.operators.airflow.providers.docker.operators.docker.DockerOperator","filename":"docker.py","lineno":71}
{"timestamp":"2026-05-19T22:26:26.779010Z","level":"info","event":"\tat org.apache.hadoop.fs.FileSystem$Cache.getInternal(FileSystem.java:3574)","logger":"airflow.task.operators.airflow.providers.docker.operators.docker.DockerOperator","filename":"docker.py","lineno":71}
{"timestamp":"2026-05-19T22:26:26.779077Z","level":"info","event":"\tat org.apache.hadoop.fs.FileSystem$Cache.get(FileSystem.java:3521)","logger":"airflow.task.operators.airflow.providers.docker.operators.docker.DockerOperator","filename":"docker.py","lineno":71}
{"timestamp":"2026-05-19T22:26:26.779142Z","level":"info","event":"\tat org.apache.hadoop.fs.FileSystem.get(FileSystem.java:540)","logger":"airflow.task.operators.airflow.providers.docker.operators.docker.DockerOperator","filename":"docker.py","lineno":71}
{"timestamp":"2026-05-19T22:26:26.779211Z","level":"info","event":"\tat org.apache.hadoop.fs.Path.getFileSystem(Path.java:365)","logger":"airflow.task.operators.airflow.providers.docker.operators.docker.DockerOperator","filename":"docker.py","lineno":71}
{"timestamp":"2026-05-19T22:26:26.779280Z","level":"info","event":"\tat org.apache.spark.sql.execution.streaming.FileStreamSink$.hasMetadata(FileStreamSink.scala:53)","logger":"airflow.task.operators.airflow.providers.docker.operators.docker.DockerOperator","filename":"docker.py","lineno":71}
{"timestamp":"2026-05-19T22:26:26.779341Z","level":"info","event":"\tat org.apache.spark.sql.execution.datasources.DataSource.resolveRelation(DataSource.scala:366)","logger":"airflow.task.operators.airflow.providers.docker.operators.docker.DockerOperator","filename":"docker.py","lineno":71}
{"timestamp":"2026-05-19T22:26:26.779432Z","level":"info","event":"\tat org.apache.spark.sql.DataFrameReader.loadV1Source(DataFrameReader.scala:229)","logger":"airflow.task.operators.airflow.providers.docker.operators.docker.DockerOperator","filename":"docker.py","lineno":71}
{"timestamp":"2026-05-19T22:26:26.779605Z","level":"info","event":"\tat org.apache.spark.sql.DataFrameReader.$anonfun$load$2(DataFrameReader.scala:211)","logger":"airflow.task.operators.airflow.providers.docker.operators.docker.DockerOperator","filename":"docker.py","lineno":71}
{"timestamp":"2026-05-19T22:26:26.779722Z","level":"info","event":"\tat scala.Option.getOrElse(Option.scala:189)","logger":"airflow.task.operators.airflow.providers.docker.operators.docker.DockerOperator","filename":"docker.py","lineno":71}
{"timestamp":"2026-05-19T22:26:26.779795Z","level":"info","event":"\tat org.apache.spark.sql.DataFrameReader.load(DataFrameReader.scala:211)","logger":"airflow.task.operators.airflow.providers.docker.operators.docker.DockerOperator","filename":"docker.py","lineno":71}
{"timestamp":"2026-05-19T22:26:26.779888Z","level":"info","event":"\tat org.apache.spark.sql.DataFrameReader.load(DataFrameReader.scala:186)","logger":"airflow.task.operators.airflow.providers.docker.operators.docker.DockerOperator","filename":"docker.py","lineno":71}
{"timestamp":"2026-05-19T22:26:26.779973Z","level":"info","event":"\tat jdk.internal.reflect.GeneratedMethodAccessor10.invoke(Unknown Source)","logger":"airflow.task.operators.airflow.providers.docker.operators.docker.DockerOperator","filename":"docker.py","lineno":71}
{"timestamp":"2026-05-19T22:26:26.780022Z","level":"info","event":"\tat java.base/jdk.internal.reflect.DelegatingMethodAccessorImpl.invoke(Unknown Source)","logger":"airflow.task.operators.airflow.providers.docker.operators.docker.DockerOperator","filename":"docker.py","lineno":71}
{"timestamp":"2026-05-19T22:26:26.780073Z","level":"info","event":"\tat java.base/java.lang.reflect.Method.invoke(Unknown Source)","logger":"airflow.task.operators.airflow.providers.docker.operators.docker.DockerOperator","filename":"docker.py","lineno":71}
{"timestamp":"2026-05-19T22:26:26.780120Z","level":"info","event":"\tat py4j.reflection.MethodInvoker.invoke(MethodInvoker.java:244)","logger":"airflow.task.operators.airflow.providers.docker.operators.docker.DockerOperator","filename":"docker.py","lineno":71}
{"timestamp":"2026-05-19T22:26:26.780164Z","level":"info","event":"\tat py4j.reflection.ReflectionEngine.invoke(ReflectionEngine.java:374)","logger":"airflow.task.operators.airflow.providers.docker.operators.docker.DockerOperator","filename":"docker.py","lineno":71}
{"timestamp":"2026-05-19T22:26:26.780206Z","level":"info","event":"\tat py4j.Gateway.invoke(Gateway.java:282)","logger":"airflow.task.operators.airflow.providers.docker.operators.docker.DockerOperator","filename":"docker.py","lineno":71}
{"timestamp":"2026-05-19T22:26:26.780247Z","level":"info","event":"\tat py4j.commands.AbstractCommand.invokeMethod(AbstractCommand.java:132)","logger":"airflow.task.operators.airflow.providers.docker.operators.docker.DockerOperator","filename":"docker.py","lineno":71}
{"timestamp":"2026-05-19T22:26:26.780298Z","level":"info","event":"\tat py4j.commands.CallCommand.execute(CallCommand.java:79)","logger":"airflow.task.operators.airflow.providers.docker.operators.docker.DockerOperator","filename":"docker.py","lineno":71}
{"timestamp":"2026-05-19T22:26:26.780370Z","level":"info","event":"\tat py4j.ClientServerConnection.waitForCommands(ClientServerConnection.java:182)","logger":"airflow.task.operators.airflow.providers.docker.operators.docker.DockerOperator","filename":"docker.py","lineno":71}
{"timestamp":"2026-05-19T22:26:26.780428Z","level":"info","event":"\tat py4j.ClientServerConnection.run(ClientServerConnection.java:106)","logger":"airflow.task.operators.airflow.providers.docker.operators.docker.DockerOperator","filename":"docker.py","lineno":71}
{"timestamp":"2026-05-19T22:26:26.780477Z","level":"info","event":"\tat java.base/java.lang.Thread.run(Unknown Source)","logger":"airflow.task.operators.airflow.providers.docker.operators.docker.DockerOperator","filename":"docker.py","lineno":71}
{"timestamp":"2026-05-19T22:26:26.780522Z","level":"info","event":"Caused by: java.lang.ClassNotFoundException: Class org.apache.hadoop.fs.s3a.S3AFileSystem not found","logger":"airflow.task.operators.airflow.providers.docker.operators.docker.DockerOperator","filename":"docker.py","lineno":71}
{"timestamp":"2026-05-19T22:26:26.780566Z","level":"info","event":"\tat org.apache.hadoop.conf.Configuration.getClassByName(Configuration.java:2592)","logger":"airflow.task.operators.airflow.providers.docker.operators.docker.DockerOperator","filename":"docker.py","lineno":71}
{"timestamp":"2026-05-19T22:26:26.780616Z","level":"info","event":"\tat org.apache.hadoop.conf.Configuration.getClass(Configuration.java:2686)","logger":"airflow.task.operators.airflow.providers.docker.operators.docker.DockerOperator","filename":"docker.py","lineno":71}
{"timestamp":"2026-05-19T22:26:26.780673Z","level":"info","event":"\t... 25 more","logger":"airflow.task.operators.airflow.providers.docker.operators.docker.DockerOperator","filename":"docker.py","lineno":71}
{"timestamp":"2026-05-19T22:26:26.786192Z","level":"info","event":"26/05/19 22:26:26 WARN FileStreamSink: Assume no metadata directory. Error while looking for metadata directory in the path: s3a://landing/adventureworks/person_person.","logger":"airflow.task.operators.airflow.providers.docker.operators.docker.DockerOperator","filename":"docker.py","lineno":71}
{"timestamp":"2026-05-19T22:26:26.786319Z","level":"info","event":"java.lang.RuntimeException: java.lang.ClassNotFoundException: Class org.apache.hadoop.fs.s3a.S3AFileSystem not found","logger":"airflow.task.operators.airflow.providers.docker.operators.docker.DockerOperator","filename":"docker.py","lineno":71}
{"timestamp":"2026-05-19T22:26:26.786377Z","level":"info","event":"\tat org.apache.hadoop.conf.Configuration.getClass(Configuration.java:2688)","logger":"airflow.task.operators.airflow.providers.docker.operators.docker.DockerOperator","filename":"docker.py","lineno":71}
{"timestamp":"2026-05-19T22:26:26.786416Z","level":"info","event":"\tat org.apache.hadoop.fs.FileSystem.getFileSystemClass(FileSystem.java:3431)","logger":"airflow.task.operators.airflow.providers.docker.operators.docker.DockerOperator","filename":"docker.py","lineno":71}
{"timestamp":"2026-05-19T22:26:26.786450Z","level":"info","event":"\tat org.apache.hadoop.fs.FileSystem.createFileSystem(FileSystem.java:3466)","logger":"airflow.task.operators.airflow.providers.docker.operators.docker.DockerOperator","filename":"docker.py","lineno":71}
{"timestamp":"2026-05-19T22:26:26.786483Z","level":"info","event":"\tat org.apache.hadoop.fs.FileSystem.access$300(FileSystem.java:174)","logger":"airflow.task.operators.airflow.providers.docker.operators.docker.DockerOperator","filename":"docker.py","lineno":71}
{"timestamp":"2026-05-19T22:26:26.786514Z","level":"info","event":"\tat org.apache.hadoop.fs.FileSystem$Cache.getInternal(FileSystem.java:3574)","logger":"airflow.task.operators.airflow.providers.docker.operators.docker.DockerOperator","filename":"docker.py","lineno":71}
{"timestamp":"2026-05-19T22:26:26.787012Z","level":"info","event":"\tat org.apache.hadoop.fs.FileSystem$Cache.get(FileSystem.java:3521)","logger":"airflow.task.operators.airflow.providers.docker.operators.docker.DockerOperator","filename":"docker.py","lineno":71}
{"timestamp":"2026-05-19T22:26:26.787080Z","level":"info","event":"\tat org.apache.hadoop.fs.FileSystem.get(FileSystem.java:540)","logger":"airflow.task.operators.airflow.providers.docker.operators.docker.DockerOperator","filename":"docker.py","lineno":71}
{"timestamp":"2026-05-19T22:26:26.787141Z","level":"info","event":"\tat org.apache.hadoop.fs.Path.getFileSystem(Path.java:365)","logger":"airflow.task.operators.airflow.providers.docker.operators.docker.DockerOperator","filename":"docker.py","lineno":71}
{"timestamp":"2026-05-19T22:26:26.787200Z","level":"info","event":"\tat org.apache.spark.sql.execution.streaming.FileStreamSink$.hasMetadata(FileStreamSink.scala:53)","logger":"airflow.task.operators.airflow.providers.docker.operators.docker.DockerOperator","filename":"docker.py","lineno":71}
{"timestamp":"2026-05-19T22:26:26.787258Z","level":"info","event":"\tat org.apache.spark.sql.execution.datasources.DataSource.resolveRelation(DataSource.scala:366)","logger":"airflow.task.operators.airflow.providers.docker.operators.docker.DockerOperator","filename":"docker.py","lineno":71}
{"timestamp":"2026-05-19T22:26:26.787311Z","level":"info","event":"\tat org.apache.spark.sql.DataFrameReader.loadV1Source(DataFrameReader.scala:229)","logger":"airflow.task.operators.airflow.providers.docker.operators.docker.DockerOperator","filename":"docker.py","lineno":71}
{"timestamp":"2026-05-19T22:26:26.787377Z","level":"info","event":"\tat org.apache.spark.sql.DataFrameReader.$anonfun$load$2(DataFrameReader.scala:211)","logger":"airflow.task.operators.airflow.providers.docker.operators.docker.DockerOperator","filename":"docker.py","lineno":71}
{"timestamp":"2026-05-19T22:26:26.787441Z","level":"info","event":"\tat scala.Option.getOrElse(Option.scala:189)","logger":"airflow.task.operators.airflow.providers.docker.operators.docker.DockerOperator","filename":"docker.py","lineno":71}
{"timestamp":"2026-05-19T22:26:26.787495Z","level":"info","event":"\tat org.apache.spark.sql.DataFrameReader.load(DataFrameReader.scala:211)","logger":"airflow.task.operators.airflow.providers.docker.operators.docker.DockerOperator","filename":"docker.py","lineno":71}
{"timestamp":"2026-05-19T22:26:26.787549Z","level":"info","event":"\tat org.apache.spark.sql.DataFrameReader.load(DataFrameReader.scala:186)","logger":"airflow.task.operators.airflow.providers.docker.operators.docker.DockerOperator","filename":"docker.py","lineno":71}
{"timestamp":"2026-05-19T22:26:26.787605Z","level":"info","event":"\tat jdk.internal.reflect.GeneratedMethodAccessor10.invoke(Unknown Source)","logger":"airflow.task.operators.airflow.providers.docker.operators.docker.DockerOperator","filename":"docker.py","lineno":71}
{"timestamp":"2026-05-19T22:26:26.787659Z","level":"info","event":"\tat java.base/jdk.internal.reflect.DelegatingMethodAccessorImpl.invoke(Unknown Source)","logger":"airflow.task.operators.airflow.providers.docker.operators.docker.DockerOperator","filename":"docker.py","lineno":71}
{"timestamp":"2026-05-19T22:26:26.787711Z","level":"info","event":"\tat java.base/java.lang.reflect.Method.invoke(Unknown Source)","logger":"airflow.task.operators.airflow.providers.docker.operators.docker.DockerOperator","filename":"docker.py","lineno":71}
{"timestamp":"2026-05-19T22:26:26.787766Z","level":"info","event":"\tat py4j.reflection.MethodInvoker.invoke(MethodInvoker.java:244)","logger":"airflow.task.operators.airflow.providers.docker.operators.docker.DockerOperator","filename":"docker.py","lineno":71}
{"timestamp":"2026-05-19T22:26:26.788018Z","level":"info","event":"\tat py4j.reflection.ReflectionEngine.invoke(ReflectionEngine.java:374)","logger":"airflow.task.operators.airflow.providers.docker.operators.docker.DockerOperator","filename":"docker.py","lineno":71}
{"timestamp":"2026-05-19T22:26:26.788086Z","level":"info","event":"\tat py4j.Gateway.invoke(Gateway.java:282)","logger":"airflow.task.operators.airflow.providers.docker.operators.docker.DockerOperator","filename":"docker.py","lineno":71}
{"timestamp":"2026-05-19T22:26:26.788141Z","level":"info","event":"\tat py4j.commands.AbstractCommand.invokeMethod(AbstractCommand.java:132)","logger":"airflow.task.operators.airflow.providers.docker.operators.docker.DockerOperator","filename":"docker.py","lineno":71}
{"timestamp":"2026-05-19T22:26:26.788197Z","level":"info","event":"\tat py4j.commands.CallCommand.execute(CallCommand.java:79)","logger":"airflow.task.operators.airflow.providers.docker.operators.docker.DockerOperator","filename":"docker.py","lineno":71}
{"timestamp":"2026-05-19T22:26:26.788251Z","level":"info","event":"\tat py4j.ClientServerConnection.waitForCommands(ClientServerConnection.java:182)","logger":"airflow.task.operators.airflow.providers.docker.operators.docker.DockerOperator","filename":"docker.py","lineno":71}
{"timestamp":"2026-05-19T22:26:26.788303Z","level":"info","event":"\tat py4j.ClientServerConnection.run(ClientServerConnection.java:106)","logger":"airflow.task.operators.airflow.providers.docker.operators.docker.DockerOperator","filename":"docker.py","lineno":71}
{"timestamp":"2026-05-19T22:26:26.788357Z","level":"info","event":"\tat java.base/java.lang.Thread.run(Unknown Source)","logger":"airflow.task.operators.airflow.providers.docker.operators.docker.DockerOperator","filename":"docker.py","lineno":71}
{"timestamp":"2026-05-19T22:26:26.788412Z","level":"info","event":"Caused by: java.lang.ClassNotFoundException: Class org.apache.hadoop.fs.s3a.S3AFileSystem not found","logger":"airflow.task.operators.airflow.providers.docker.operators.docker.DockerOperator","filename":"docker.py","lineno":71}
{"timestamp":"2026-05-19T22:26:26.788465Z","level":"info","event":"\tat org.apache.hadoop.conf.Configuration.getClassByName(Configuration.java:2592)","logger":"airflow.task.operators.airflow.providers.docker.operators.docker.DockerOperator","filename":"docker.py","lineno":71}
{"timestamp":"2026-05-19T22:26:26.788521Z","level":"info","event":"\tat org.apache.hadoop.conf.Configuration.getClass(Configuration.java:2686)","logger":"airflow.task.operators.airflow.providers.docker.operators.docker.DockerOperator","filename":"docker.py","lineno":71}
{"timestamp":"2026-05-19T22:26:26.788581Z","level":"info","event":"\t... 25 more","logger":"airflow.task.operators.airflow.providers.docker.operators.docker.DockerOperator","filename":"docker.py","lineno":71}
{"timestamp":"2026-05-19T22:26:26.792649Z","level":"info","event":"2026-05-19 22:26:26,791 - ERROR - Error processing table sales.shoppingcartitem: An error occurred while calling o99.load.","logger":"airflow.task.operators.airflow.providers.docker.operators.docker.DockerOperator","filename":"docker.py","lineno":71}
{"timestamp":"2026-05-19T22:26:26.792788Z","level":"info","event":": java.lang.RuntimeException: java.lang.ClassNotFoundException: Class org.apache.hadoop.fs.s3a.S3AFileSystem not found","logger":"airflow.task.operators.airflow.providers.docker.operators.docker.DockerOperator","filename":"docker.py","lineno":71}
{"timestamp":"2026-05-19T22:26:26.792862Z","level":"info","event":"\tat org.apache.hadoop.conf.Configuration.getClass(Configuration.java:2688)","logger":"airflow.task.operators.airflow.providers.docker.operators.docker.DockerOperator","filename":"docker.py","lineno":71}
{"timestamp":"2026-05-19T22:26:26.792960Z","level":"info","event":"\tat org.apache.hadoop.fs.FileSystem.getFileSystemClass(FileSystem.java:3431)","logger":"airflow.task.operators.airflow.providers.docker.operators.docker.DockerOperator","filename":"docker.py","lineno":71}
{"timestamp":"2026-05-19T22:26:26.793033Z","level":"info","event":"\tat org.apache.hadoop.fs.FileSystem.createFileSystem(FileSystem.java:3466)","logger":"airflow.task.operators.airflow.providers.docker.operators.docker.DockerOperator","filename":"docker.py","lineno":71}
{"timestamp":"2026-05-19T22:26:26.793106Z","level":"info","event":"\tat org.apache.hadoop.fs.FileSystem.access$300(FileSystem.java:174)","logger":"airflow.task.operators.airflow.providers.docker.operators.docker.DockerOperator","filename":"docker.py","lineno":71}
{"timestamp":"2026-05-19T22:26:26.793179Z","level":"info","event":"\tat org.apache.hadoop.fs.FileSystem$Cache.getInternal(FileSystem.java:3574)","logger":"airflow.task.operators.airflow.providers.docker.operators.docker.DockerOperator","filename":"docker.py","lineno":71}
{"timestamp":"2026-05-19T22:26:26.793248Z","level":"info","event":"\tat org.apache.hadoop.fs.FileSystem$Cache.get(FileSystem.java:3521)","logger":"airflow.task.operators.airflow.providers.docker.operators.docker.DockerOperator","filename":"docker.py","lineno":71}
{"timestamp":"2026-05-19T22:26:26.793320Z","level":"info","event":"\tat org.apache.hadoop.fs.FileSystem.get(FileSystem.java:540)","logger":"airflow.task.operators.airflow.providers.docker.operators.docker.DockerOperator","filename":"docker.py","lineno":71}
{"timestamp":"2026-05-19T22:26:26.793453Z","level":"info","event":"\tat org.apache.hadoop.fs.Path.getFileSystem(Path.java:365)","logger":"airflow.task.operators.airflow.providers.docker.operators.docker.DockerOperator","filename":"docker.py","lineno":71}
{"timestamp":"2026-05-19T22:26:26.793526Z","level":"info","event":"\tat org.apache.spark.sql.execution.datasources.DataSource$.$anonfun$checkAndGlobPathIfNecessary$1(DataSource.scala:724)","logger":"airflow.task.operators.airflow.providers.docker.operators.docker.DockerOperator","filename":"docker.py","lineno":71}
{"timestamp":"2026-05-19T22:26:26.793587Z","level":"info","event":"\tat scala.collection.immutable.List.map(List.scala:293)","logger":"airflow.task.operators.airflow.providers.docker.operators.docker.DockerOperator","filename":"docker.py","lineno":71}
{"timestamp":"2026-05-19T22:26:26.793642Z","level":"info","event":"\tat org.apache.spark.sql.execution.datasources.DataSource$.checkAndGlobPathIfNecessary(DataSource.scala:722)","logger":"airflow.task.operators.airflow.providers.docker.operators.docker.DockerOperator","filename":"docker.py","lineno":71}
{"timestamp":"2026-05-19T22:26:26.793709Z","level":"info","event":"\tat org.apache.spark.sql.execution.datasources.DataSource.checkAndGlobPathIfNecessary(DataSource.scala:551)","logger":"airflow.task.operators.airflow.providers.docker.operators.docker.DockerOperator","filename":"docker.py","lineno":71}
{"timestamp":"2026-05-19T22:26:26.793774Z","level":"info","event":"\tat org.apache.spark.sql.execution.datasources.DataSource.resolveRelation(DataSource.scala:404)","logger":"airflow.task.operators.airflow.providers.docker.operators.docker.DockerOperator","filename":"docker.py","lineno":71}
{"timestamp":"2026-05-19T22:26:26.793830Z","level":"info","event":"\tat org.apache.spark.sql.DataFrameReader.loadV1Source(DataFrameReader.scala:229)","logger":"airflow.task.operators.airflow.providers.docker.operators.docker.DockerOperator","filename":"docker.py","lineno":71}
{"timestamp":"2026-05-19T22:26:26.793877Z","level":"info","event":"\tat org.apache.spark.sql.DataFrameReader.$anonfun$load$2(DataFrameReader.scala:211)","logger":"airflow.task.operators.airflow.providers.docker.operators.docker.DockerOperator","filename":"docker.py","lineno":71}
{"timestamp":"2026-05-19T22:26:26.793956Z","level":"info","event":"\tat scala.Option.getOrElse(Option.scala:189)","logger":"airflow.task.operators.airflow.providers.docker.operators.docker.DockerOperator","filename":"docker.py","lineno":71}
{"timestamp":"2026-05-19T22:26:26.794023Z","level":"info","event":"\tat org.apache.spark.sql.DataFrameReader.load(DataFrameReader.scala:211)","logger":"airflow.task.operators.airflow.providers.docker.operators.docker.DockerOperator","filename":"docker.py","lineno":71}
{"timestamp":"2026-05-19T22:26:26.794086Z","level":"info","event":"\tat org.apache.spark.sql.DataFrameReader.load(DataFrameReader.scala:186)","logger":"airflow.task.operators.airflow.providers.docker.operators.docker.DockerOperator","filename":"docker.py","lineno":71}
{"timestamp":"2026-05-19T22:26:26.794150Z","level":"info","event":"\tat java.base/jdk.internal.reflect.NativeMethodAccessorImpl.invoke0(Native Method)","logger":"airflow.task.operators.airflow.providers.docker.operators.docker.DockerOperator","filename":"docker.py","lineno":71}
{"timestamp":"2026-05-19T22:26:26.794208Z","level":"info","event":"\tat java.base/jdk.internal.reflect.NativeMethodAccessorImpl.invoke(Unknown Source)","logger":"airflow.task.operators.airflow.providers.docker.operators.docker.DockerOperator","filename":"docker.py","lineno":71}
{"timestamp":"2026-05-19T22:26:26.794267Z","level":"info","event":"\tat java.base/jdk.internal.reflect.DelegatingMethodAccessorImpl.invoke(Unknown Source)","logger":"airflow.task.operators.airflow.providers.docker.operators.docker.DockerOperator","filename":"docker.py","lineno":71}
{"timestamp":"2026-05-19T22:26:26.794331Z","level":"info","event":"\tat java.base/java.lang.reflect.Method.invoke(Unknown Source)","logger":"airflow.task.operators.airflow.providers.docker.operators.docker.DockerOperator","filename":"docker.py","lineno":71}
{"timestamp":"2026-05-19T22:26:26.794413Z","level":"info","event":"\tat py4j.reflection.MethodInvoker.invoke(MethodInvoker.java:244)","logger":"airflow.task.operators.airflow.providers.docker.operators.docker.DockerOperator","filename":"docker.py","lineno":71}
{"timestamp":"2026-05-19T22:26:26.794481Z","level":"info","event":"\tat py4j.reflection.ReflectionEngine.invoke(ReflectionEngine.java:374)","logger":"airflow.task.operators.airflow.providers.docker.operators.docker.DockerOperator","filename":"docker.py","lineno":71}
{"timestamp":"2026-05-19T22:26:26.794545Z","level":"info","event":"\tat py4j.Gateway.invoke(Gateway.java:282)","logger":"airflow.task.operators.airflow.providers.docker.operators.docker.DockerOperator","filename":"docker.py","lineno":71}
{"timestamp":"2026-05-19T22:26:26.794613Z","level":"info","event":"\tat py4j.commands.AbstractCommand.invokeMethod(AbstractCommand.java:132)","logger":"airflow.task.operators.airflow.providers.docker.operators.docker.DockerOperator","filename":"docker.py","lineno":71}
{"timestamp":"2026-05-19T22:26:26.794669Z","level":"info","event":"\tat py4j.commands.CallCommand.execute(CallCommand.java:79)","logger":"airflow.task.operators.airflow.providers.docker.operators.docker.DockerOperator","filename":"docker.py","lineno":71}
{"timestamp":"2026-05-19T22:26:26.794712Z","level":"info","event":"\tat py4j.ClientServerConnection.waitForCommands(ClientServerConnection.java:182)","logger":"airflow.task.operators.airflow.providers.docker.operators.docker.DockerOperator","filename":"docker.py","lineno":71}
{"timestamp":"2026-05-19T22:26:26.794758Z","level":"info","event":"\tat py4j.ClientServerConnection.run(ClientServerConnection.java:106)","logger":"airflow.task.operators.airflow.providers.docker.operators.docker.DockerOperator","filename":"docker.py","lineno":71}
{"timestamp":"2026-05-19T22:26:26.794806Z","level":"info","event":"\tat java.base/java.lang.Thread.run(Unknown Source)","logger":"airflow.task.operators.airflow.providers.docker.operators.docker.DockerOperator","filename":"docker.py","lineno":71}
{"timestamp":"2026-05-19T22:26:26.794854Z","level":"info","event":"Caused by: java.lang.ClassNotFoundException: Class org.apache.hadoop.fs.s3a.S3AFileSystem not found","logger":"airflow.task.operators.airflow.providers.docker.operators.docker.DockerOperator","filename":"docker.py","lineno":71}
{"timestamp":"2026-05-19T22:26:26.794936Z","level":"info","event":"\tat org.apache.hadoop.conf.Configuration.getClassByName(Configuration.java:2592)","logger":"airflow.task.operators.airflow.providers.docker.operators.docker.DockerOperator","filename":"docker.py","lineno":71}
{"timestamp":"2026-05-19T22:26:26.794997Z","level":"info","event":"\tat org.apache.hadoop.conf.Configuration.getClass(Configuration.java:2686)","logger":"airflow.task.operators.airflow.providers.docker.operators.docker.DockerOperator","filename":"docker.py","lineno":71}
{"timestamp":"2026-05-19T22:26:26.795047Z","level":"info","event":"\t... 29 more","logger":"airflow.task.operators.airflow.providers.docker.operators.docker.DockerOperator","filename":"docker.py","lineno":71}
{"timestamp":"2026-05-19T22:26:26.795100Z","level":"info","event":"","logger":"airflow.task.operators.airflow.providers.docker.operators.docker.DockerOperator","filename":"docker.py","lineno":71}
{"timestamp":"2026-05-19T22:26:26.809995Z","level":"info","event":"26/05/19 22:26:26 WARN FileStreamSink: Assume no metadata directory. Error while looking for metadata directory in the path: s3a://landing/adventureworks/person_stateprovince.","logger":"airflow.task.operators.airflow.providers.docker.operators.docker.DockerOperator","filename":"docker.py","lineno":71}
{"timestamp":"2026-05-19T22:26:26.810200Z","level":"info","event":"java.lang.RuntimeException: java.lang.ClassNotFoundException: Class org.apache.hadoop.fs.s3a.S3AFileSystem not found","logger":"airflow.task.operators.airflow.providers.docker.operators.docker.DockerOperator","filename":"docker.py","lineno":71}
{"timestamp":"2026-05-19T22:26:26.810302Z","level":"info","event":"\tat org.apache.hadoop.conf.Configuration.getClass(Configuration.java:2688)","logger":"airflow.task.operators.airflow.providers.docker.operators.docker.DockerOperator","filename":"docker.py","lineno":71}
{"timestamp":"2026-05-19T22:26:26.810391Z","level":"info","event":"\tat org.apache.hadoop.fs.FileSystem.getFileSystemClass(FileSystem.java:3431)","logger":"airflow.task.operators.airflow.providers.docker.operators.docker.DockerOperator","filename":"docker.py","lineno":71}
{"timestamp":"2026-05-19T22:26:26.810458Z","level":"info","event":"\tat org.apache.hadoop.fs.FileSystem.createFileSystem(FileSystem.java:3466)","logger":"airflow.task.operators.airflow.providers.docker.operators.docker.DockerOperator","filename":"docker.py","lineno":71}
{"timestamp":"2026-05-19T22:26:26.810525Z","level":"info","event":"\tat org.apache.hadoop.fs.FileSystem.access$300(FileSystem.java:174)","logger":"airflow.task.operators.airflow.providers.docker.operators.docker.DockerOperator","filename":"docker.py","lineno":71}
{"timestamp":"2026-05-19T22:26:26.810588Z","level":"info","event":"\tat org.apache.hadoop.fs.FileSystem$Cache.getInternal(FileSystem.java:3574)","logger":"airflow.task.operators.airflow.providers.docker.operators.docker.DockerOperator","filename":"docker.py","lineno":71}
{"timestamp":"2026-05-19T22:26:26.810645Z","level":"info","event":"\tat org.apache.hadoop.fs.FileSystem$Cache.get(FileSystem.java:3521)","logger":"airflow.task.operators.airflow.providers.docker.operators.docker.DockerOperator","filename":"docker.py","lineno":71}
{"timestamp":"2026-05-19T22:26:26.810705Z","level":"info","event":"\tat org.apache.hadoop.fs.FileSystem.get(FileSystem.java:540)","logger":"airflow.task.operators.airflow.providers.docker.operators.docker.DockerOperator","filename":"docker.py","lineno":71}
{"timestamp":"2026-05-19T22:26:26.810762Z","level":"info","event":"\tat org.apache.hadoop.fs.Path.getFileSystem(Path.java:365)","logger":"airflow.task.operators.airflow.providers.docker.operators.docker.DockerOperator","filename":"docker.py","lineno":71}
{"timestamp":"2026-05-19T22:26:26.810814Z","level":"info","event":"\tat org.apache.spark.sql.execution.streaming.FileStreamSink$.hasMetadata(FileStreamSink.scala:53)","logger":"airflow.task.operators.airflow.providers.docker.operators.docker.DockerOperator","filename":"docker.py","lineno":71}
{"timestamp":"2026-05-19T22:26:26.810872Z","level":"info","event":"\tat org.apache.spark.sql.execution.datasources.DataSource.resolveRelation(DataSource.scala:366)","logger":"airflow.task.operators.airflow.providers.docker.operators.docker.DockerOperator","filename":"docker.py","lineno":71}
{"timestamp":"2026-05-19T22:26:26.810957Z","level":"info","event":"\tat org.apache.spark.sql.DataFrameReader.loadV1Source(DataFrameReader.scala:229)","logger":"airflow.task.operators.airflow.providers.docker.operators.docker.DockerOperator","filename":"docker.py","lineno":71}
{"timestamp":"2026-05-19T22:26:26.811019Z","level":"info","event":"\tat org.apache.spark.sql.DataFrameReader.$anonfun$load$2(DataFrameReader.scala:211)","logger":"airflow.task.operators.airflow.providers.docker.operators.docker.DockerOperator","filename":"docker.py","lineno":71}
{"timestamp":"2026-05-19T22:26:26.811079Z","level":"info","event":"\tat scala.Option.getOrElse(Option.scala:189)","logger":"airflow.task.operators.airflow.providers.docker.operators.docker.DockerOperator","filename":"docker.py","lineno":71}
{"timestamp":"2026-05-19T22:26:26.811137Z","level":"info","event":"\tat org.apache.spark.sql.DataFrameReader.load(DataFrameReader.scala:211)","logger":"airflow.task.operators.airflow.providers.docker.operators.docker.DockerOperator","filename":"docker.py","lineno":71}
{"timestamp":"2026-05-19T22:26:26.811194Z","level":"info","event":"\tat org.apache.spark.sql.DataFrameReader.load(DataFrameReader.scala:186)","logger":"airflow.task.operators.airflow.providers.docker.operators.docker.DockerOperator","filename":"docker.py","lineno":71}
{"timestamp":"2026-05-19T22:26:26.811282Z","level":"info","event":"\tat jdk.internal.reflect.GeneratedMethodAccessor10.invoke(Unknown Source)","logger":"airflow.task.operators.airflow.providers.docker.operators.docker.DockerOperator","filename":"docker.py","lineno":71}
{"timestamp":"2026-05-19T22:26:26.811345Z","level":"info","event":"\tat java.base/jdk.internal.reflect.DelegatingMethodAccessorImpl.invoke(Unknown Source)","logger":"airflow.task.operators.airflow.providers.docker.operators.docker.DockerOperator","filename":"docker.py","lineno":71}
{"timestamp":"2026-05-19T22:26:26.811419Z","level":"info","event":"\tat java.base/java.lang.reflect.Method.invoke(Unknown Source)","logger":"airflow.task.operators.airflow.providers.docker.operators.docker.DockerOperator","filename":"docker.py","lineno":71}
{"timestamp":"2026-05-19T22:26:26.811483Z","level":"info","event":"\tat py4j.reflection.MethodInvoker.invoke(MethodInvoker.java:244)","logger":"airflow.task.operators.airflow.providers.docker.operators.docker.DockerOperator","filename":"docker.py","lineno":71}
{"timestamp":"2026-05-19T22:26:26.811545Z","level":"info","event":"\tat py4j.reflection.ReflectionEngine.invoke(ReflectionEngine.java:374)","logger":"airflow.task.operators.airflow.providers.docker.operators.docker.DockerOperator","filename":"docker.py","lineno":71}
{"timestamp":"2026-05-19T22:26:26.811629Z","level":"info","event":"\tat py4j.Gateway.invoke(Gateway.java:282)","logger":"airflow.task.operators.airflow.providers.docker.operators.docker.DockerOperator","filename":"docker.py","lineno":71}
{"timestamp":"2026-05-19T22:26:26.811694Z","level":"info","event":"\tat py4j.commands.AbstractCommand.invokeMethod(AbstractCommand.java:132)","logger":"airflow.task.operators.airflow.providers.docker.operators.docker.DockerOperator","filename":"docker.py","lineno":71}
{"timestamp":"2026-05-19T22:26:26.811754Z","level":"info","event":"\tat py4j.commands.CallCommand.execute(CallCommand.java:79)","logger":"airflow.task.operators.airflow.providers.docker.operators.docker.DockerOperator","filename":"docker.py","lineno":71}
{"timestamp":"2026-05-19T22:26:26.811813Z","level":"info","event":"\tat py4j.ClientServerConnection.waitForCommands(ClientServerConnection.java:182)","logger":"airflow.task.operators.airflow.providers.docker.operators.docker.DockerOperator","filename":"docker.py","lineno":71}
{"timestamp":"2026-05-19T22:26:26.811877Z","level":"info","event":"\tat py4j.ClientServerConnection.run(ClientServerConnection.java:106)","logger":"airflow.task.operators.airflow.providers.docker.operators.docker.DockerOperator","filename":"docker.py","lineno":71}
{"timestamp":"2026-05-19T22:26:26.811970Z","level":"info","event":"\tat java.base/java.lang.Thread.run(Unknown Source)","logger":"airflow.task.operators.airflow.providers.docker.operators.docker.DockerOperator","filename":"docker.py","lineno":71}
{"timestamp":"2026-05-19T22:26:26.812035Z","level":"info","event":"Caused by: java.lang.ClassNotFoundException: Class org.apache.hadoop.fs.s3a.S3AFileSystem not found","logger":"airflow.task.operators.airflow.providers.docker.operators.docker.DockerOperator","filename":"docker.py","lineno":71}
{"timestamp":"2026-05-19T22:26:26.812096Z","level":"info","event":"\tat org.apache.hadoop.conf.Configuration.getClassByName(Configuration.java:2592)","logger":"airflow.task.operators.airflow.providers.docker.operators.docker.DockerOperator","filename":"docker.py","lineno":71}
{"timestamp":"2026-05-19T22:26:26.812160Z","level":"info","event":"\tat org.apache.hadoop.conf.Configuration.getClass(Configuration.java:2686)","logger":"airflow.task.operators.airflow.providers.docker.operators.docker.DockerOperator","filename":"docker.py","lineno":71}
{"timestamp":"2026-05-19T22:26:26.812226Z","level":"info","event":"\t... 25 more","logger":"airflow.task.operators.airflow.providers.docker.operators.docker.DockerOperator","filename":"docker.py","lineno":71}
{"timestamp":"2026-05-19T22:26:26.933402Z","level":"info","event":"2026-05-19 22:26:26,932 - ERROR - Error processing table sales.specialofferproduct: An error occurred while calling o113.load.","logger":"airflow.task.operators.airflow.providers.docker.operators.docker.DockerOperator","filename":"docker.py","lineno":71}
{"timestamp":"2026-05-19T22:26:26.933606Z","level":"info","event":": java.lang.RuntimeException: java.lang.ClassNotFoundException: Class org.apache.hadoop.fs.s3a.S3AFileSystem not found","logger":"airflow.task.operators.airflow.providers.docker.operators.docker.DockerOperator","filename":"docker.py","lineno":71}
{"timestamp":"2026-05-19T22:26:26.933855Z","level":"info","event":"\tat org.apache.hadoop.conf.Configuration.getClass(Configuration.java:2688)","logger":"airflow.task.operators.airflow.providers.docker.operators.docker.DockerOperator","filename":"docker.py","lineno":71}
{"timestamp":"2026-05-19T22:26:26.933958Z","level":"info","event":"\tat org.apache.hadoop.fs.FileSystem.getFileSystemClass(FileSystem.java:3431)","logger":"airflow.task.operators.airflow.providers.docker.operators.docker.DockerOperator","filename":"docker.py","lineno":71}
{"timestamp":"2026-05-19T22:26:26.934038Z","level":"info","event":"\tat org.apache.hadoop.fs.FileSystem.createFileSystem(FileSystem.java:3466)","logger":"airflow.task.operators.airflow.providers.docker.operators.docker.DockerOperator","filename":"docker.py","lineno":71}
{"timestamp":"2026-05-19T22:26:26.934102Z","level":"info","event":"\tat org.apache.hadoop.fs.FileSystem.access$300(FileSystem.java:174)","logger":"airflow.task.operators.airflow.providers.docker.operators.docker.DockerOperator","filename":"docker.py","lineno":71}
{"timestamp":"2026-05-19T22:26:26.934163Z","level":"info","event":"\tat org.apache.hadoop.fs.FileSystem$Cache.getInternal(FileSystem.java:3574)","logger":"airflow.task.operators.airflow.providers.docker.operators.docker.DockerOperator","filename":"docker.py","lineno":71}
{"timestamp":"2026-05-19T22:26:26.934225Z","level":"info","event":"\tat org.apache.hadoop.fs.FileSystem$Cache.get(FileSystem.java:3521)","logger":"airflow.task.operators.airflow.providers.docker.operators.docker.DockerOperator","filename":"docker.py","lineno":71}
{"timestamp":"2026-05-19T22:26:26.934291Z","level":"info","event":"\tat org.apache.hadoop.fs.FileSystem.get(FileSystem.java:540)","logger":"airflow.task.operators.airflow.providers.docker.operators.docker.DockerOperator","filename":"docker.py","lineno":71}
{"timestamp":"2026-05-19T22:26:26.934354Z","level":"info","event":"\tat org.apache.hadoop.fs.Path.getFileSystem(Path.java:365)","logger":"airflow.task.operators.airflow.providers.docker.operators.docker.DockerOperator","filename":"docker.py","lineno":71}
{"timestamp":"2026-05-19T22:26:26.934417Z","level":"info","event":"\tat org.apache.spark.sql.execution.datasources.DataSource$.$anonfun$checkAndGlobPathIfNecessary$1(DataSource.scala:724)","logger":"airflow.task.operators.airflow.providers.docker.operators.docker.DockerOperator","filename":"docker.py","lineno":71}
{"timestamp":"2026-05-19T22:26:26.934492Z","level":"info","event":"\tat scala.collection.immutable.List.map(List.scala:293)","logger":"airflow.task.operators.airflow.providers.docker.operators.docker.DockerOperator","filename":"docker.py","lineno":71}
{"timestamp":"2026-05-19T22:26:26.934612Z","level":"info","event":"\tat org.apache.spark.sql.execution.datasources.DataSource$.checkAndGlobPathIfNecessary(DataSource.scala:722)","logger":"airflow.task.operators.airflow.providers.docker.operators.docker.DockerOperator","filename":"docker.py","lineno":71}
{"timestamp":"2026-05-19T22:26:26.934672Z","level":"info","event":"\tat org.apache.spark.sql.execution.datasources.DataSource.checkAndGlobPathIfNecessary(DataSource.scala:551)","logger":"airflow.task.operators.airflow.providers.docker.operators.docker.DockerOperator","filename":"docker.py","lineno":71}
{"timestamp":"2026-05-19T22:26:26.934728Z","level":"info","event":"\tat org.apache.spark.sql.execution.datasources.DataSource.resolveRelation(DataSource.scala:404)","logger":"airflow.task.operators.airflow.providers.docker.operators.docker.DockerOperator","filename":"docker.py","lineno":71}
{"timestamp":"2026-05-19T22:26:26.934778Z","level":"info","event":"\tat org.apache.spark.sql.DataFrameReader.loadV1Source(DataFrameReader.scala:229)","logger":"airflow.task.operators.airflow.providers.docker.operators.docker.DockerOperator","filename":"docker.py","lineno":71}
{"timestamp":"2026-05-19T22:26:26.934837Z","level":"info","event":"\tat org.apache.spark.sql.DataFrameReader.$anonfun$load$2(DataFrameReader.scala:211)","logger":"airflow.task.operators.airflow.providers.docker.operators.docker.DockerOperator","filename":"docker.py","lineno":71}
{"timestamp":"2026-05-19T22:26:26.934920Z","level":"info","event":"\tat scala.Option.getOrElse(Option.scala:189)","logger":"airflow.task.operators.airflow.providers.docker.operators.docker.DockerOperator","filename":"docker.py","lineno":71}
{"timestamp":"2026-05-19T22:26:26.934975Z","level":"info","event":"\tat org.apache.spark.sql.DataFrameReader.load(DataFrameReader.scala:211)","logger":"airflow.task.operators.airflow.providers.docker.operators.docker.DockerOperator","filename":"docker.py","lineno":71}
{"timestamp":"2026-05-19T22:26:26.935020Z","level":"info","event":"\tat org.apache.spark.sql.DataFrameReader.load(DataFrameReader.scala:186)","logger":"airflow.task.operators.airflow.providers.docker.operators.docker.DockerOperator","filename":"docker.py","lineno":71}
{"timestamp":"2026-05-19T22:26:26.935080Z","level":"info","event":"\tat java.base/jdk.internal.reflect.NativeMethodAccessorImpl.invoke0(Native Method)","logger":"airflow.task.operators.airflow.providers.docker.operators.docker.DockerOperator","filename":"docker.py","lineno":71}
{"timestamp":"2026-05-19T22:26:26.935144Z","level":"info","event":"\tat java.base/jdk.internal.reflect.NativeMethodAccessorImpl.invoke(Unknown Source)","logger":"airflow.task.operators.airflow.providers.docker.operators.docker.DockerOperator","filename":"docker.py","lineno":71}
{"timestamp":"2026-05-19T22:26:26.935204Z","level":"info","event":"\tat java.base/jdk.internal.reflect.DelegatingMethodAccessorImpl.invoke(Unknown Source)","logger":"airflow.task.operators.airflow.providers.docker.operators.docker.DockerOperator","filename":"docker.py","lineno":71}
{"timestamp":"2026-05-19T22:26:26.935263Z","level":"info","event":"\tat java.base/java.lang.reflect.Method.invoke(Unknown Source)","logger":"airflow.task.operators.airflow.providers.docker.operators.docker.DockerOperator","filename":"docker.py","lineno":71}
{"timestamp":"2026-05-19T22:26:26.935312Z","level":"info","event":"\tat py4j.reflection.MethodInvoker.invoke(MethodInvoker.java:244)","logger":"airflow.task.operators.airflow.providers.docker.operators.docker.DockerOperator","filename":"docker.py","lineno":71}
{"timestamp":"2026-05-19T22:26:26.941494Z","level":"info","event":"\tat py4j.reflection.ReflectionEngine.invoke(ReflectionEngine.java:374)","logger":"airflow.task.operators.airflow.providers.docker.operators.docker.DockerOperator","filename":"docker.py","lineno":71}
{"timestamp":"2026-05-19T22:26:26.941661Z","level":"info","event":"\tat py4j.Gateway.invoke(Gateway.java:282)","logger":"airflow.task.operators.airflow.providers.docker.operators.docker.DockerOperator","filename":"docker.py","lineno":71}
{"timestamp":"2026-05-19T22:26:26.941733Z","level":"info","event":"\tat py4j.commands.AbstractCommand.invokeMethod(AbstractCommand.java:132)","logger":"airflow.task.operators.airflow.providers.docker.operators.docker.DockerOperator","filename":"docker.py","lineno":71}
{"timestamp":"2026-05-19T22:26:26.941798Z","level":"info","event":"\tat py4j.commands.CallCommand.execute(CallCommand.java:79)","logger":"airflow.task.operators.airflow.providers.docker.operators.docker.DockerOperator","filename":"docker.py","lineno":71}
{"timestamp":"2026-05-19T22:26:26.941869Z","level":"info","event":"\tat py4j.ClientServerConnection.waitForCommands(ClientServerConnection.java:182)","logger":"airflow.task.operators.airflow.providers.docker.operators.docker.DockerOperator","filename":"docker.py","lineno":71}
{"timestamp":"2026-05-19T22:26:26.941958Z","level":"info","event":"\tat py4j.ClientServerConnection.run(ClientServerConnection.java:106)","logger":"airflow.task.operators.airflow.providers.docker.operators.docker.DockerOperator","filename":"docker.py","lineno":71}
{"timestamp":"2026-05-19T22:26:26.942010Z","level":"info","event":"\tat java.base/java.lang.Thread.run(Unknown Source)","logger":"airflow.task.operators.airflow.providers.docker.operators.docker.DockerOperator","filename":"docker.py","lineno":71}
{"timestamp":"2026-05-19T22:26:26.942055Z","level":"info","event":"Caused by: java.lang.ClassNotFoundException: Class org.apache.hadoop.fs.s3a.S3AFileSystem not found","logger":"airflow.task.operators.airflow.providers.docker.operators.docker.DockerOperator","filename":"docker.py","lineno":71}
{"timestamp":"2026-05-19T22:26:26.942098Z","level":"info","event":"\tat org.apache.hadoop.conf.Configuration.getClassByName(Configuration.java:2592)","logger":"airflow.task.operators.airflow.providers.docker.operators.docker.DockerOperator","filename":"docker.py","lineno":71}
{"timestamp":"2026-05-19T22:26:26.942143Z","level":"info","event":"\tat org.apache.hadoop.conf.Configuration.getClass(Configuration.java:2686)","logger":"airflow.task.operators.airflow.providers.docker.operators.docker.DockerOperator","filename":"docker.py","lineno":71}
{"timestamp":"2026-05-19T22:26:26.942190Z","level":"info","event":"\t... 29 more","logger":"airflow.task.operators.airflow.providers.docker.operators.docker.DockerOperator","filename":"docker.py","lineno":71}
{"timestamp":"2026-05-19T22:26:26.942239Z","level":"info","event":"","logger":"airflow.task.operators.airflow.providers.docker.operators.docker.DockerOperator","filename":"docker.py","lineno":71}
{"timestamp":"2026-05-19T22:26:26.942374Z","level":"info","event":"26/05/19 22:26:26 WARN FileStreamSink: Assume no metadata directory. Error while looking for metadata directory in the path: s3a://landing/adventureworks/person_address.","logger":"airflow.task.operators.airflow.providers.docker.operators.docker.DockerOperator","filename":"docker.py","lineno":71}
{"timestamp":"2026-05-19T22:26:26.942466Z","level":"info","event":"java.lang.RuntimeException: java.lang.ClassNotFoundException: Class org.apache.hadoop.fs.s3a.S3AFileSystem not found","logger":"airflow.task.operators.airflow.providers.docker.operators.docker.DockerOperator","filename":"docker.py","lineno":71}
{"timestamp":"2026-05-19T22:26:26.942536Z","level":"info","event":"\tat org.apache.hadoop.conf.Configuration.getClass(Configuration.java:2688)","logger":"airflow.task.operators.airflow.providers.docker.operators.docker.DockerOperator","filename":"docker.py","lineno":71}
{"timestamp":"2026-05-19T22:26:26.942594Z","level":"info","event":"\tat org.apache.hadoop.fs.FileSystem.getFileSystemClass(FileSystem.java:3431)","logger":"airflow.task.operators.airflow.providers.docker.operators.docker.DockerOperator","filename":"docker.py","lineno":71}
{"timestamp":"2026-05-19T22:26:26.942648Z","level":"info","event":"\tat org.apache.hadoop.fs.FileSystem.createFileSystem(FileSystem.java:3466)","logger":"airflow.task.operators.airflow.providers.docker.operators.docker.DockerOperator","filename":"docker.py","lineno":71}
{"timestamp":"2026-05-19T22:26:26.942702Z","level":"info","event":"\tat org.apache.hadoop.fs.FileSystem.access$300(FileSystem.java:174)","logger":"airflow.task.operators.airflow.providers.docker.operators.docker.DockerOperator","filename":"docker.py","lineno":71}
{"timestamp":"2026-05-19T22:26:26.942755Z","level":"info","event":"\tat org.apache.hadoop.fs.FileSystem$Cache.getInternal(FileSystem.java:3574)","logger":"airflow.task.operators.airflow.providers.docker.operators.docker.DockerOperator","filename":"docker.py","lineno":71}
{"timestamp":"2026-05-19T22:26:26.942808Z","level":"info","event":"\tat org.apache.hadoop.fs.FileSystem$Cache.get(FileSystem.java:3521)","logger":"airflow.task.operators.airflow.providers.docker.operators.docker.DockerOperator","filename":"docker.py","lineno":71}
{"timestamp":"2026-05-19T22:26:26.942856Z","level":"info","event":"\tat org.apache.hadoop.fs.FileSystem.get(FileSystem.java:540)","logger":"airflow.task.operators.airflow.providers.docker.operators.docker.DockerOperator","filename":"docker.py","lineno":71}
{"timestamp":"2026-05-19T22:26:26.942928Z","level":"info","event":"\tat org.apache.hadoop.fs.Path.getFileSystem(Path.java:365)","logger":"airflow.task.operators.airflow.providers.docker.operators.docker.DockerOperator","filename":"docker.py","lineno":71}
{"timestamp":"2026-05-19T22:26:26.942990Z","level":"info","event":"\tat org.apache.spark.sql.execution.streaming.FileStreamSink$.hasMetadata(FileStreamSink.scala:53)","logger":"airflow.task.operators.airflow.providers.docker.operators.docker.DockerOperator","filename":"docker.py","lineno":71}
{"timestamp":"2026-05-19T22:26:26.943053Z","level":"info","event":"\tat org.apache.spark.sql.execution.datasources.DataSource.resolveRelation(DataSource.scala:366)","logger":"airflow.task.operators.airflow.providers.docker.operators.docker.DockerOperator","filename":"docker.py","lineno":71}
{"timestamp":"2026-05-19T22:26:26.943111Z","level":"info","event":"\tat org.apache.spark.sql.DataFrameReader.loadV1Source(DataFrameReader.scala:229)","logger":"airflow.task.operators.airflow.providers.docker.operators.docker.DockerOperator","filename":"docker.py","lineno":71}
{"timestamp":"2026-05-19T22:26:26.943160Z","level":"info","event":"\tat org.apache.spark.sql.DataFrameReader.$anonfun$load$2(DataFrameReader.scala:211)","logger":"airflow.task.operators.airflow.providers.docker.operators.docker.DockerOperator","filename":"docker.py","lineno":71}
{"timestamp":"2026-05-19T22:26:26.943216Z","level":"info","event":"\tat scala.Option.getOrElse(Option.scala:189)","logger":"airflow.task.operators.airflow.providers.docker.operators.docker.DockerOperator","filename":"docker.py","lineno":71}
{"timestamp":"2026-05-19T22:26:26.943273Z","level":"info","event":"\tat org.apache.spark.sql.DataFrameReader.load(DataFrameReader.scala:211)","logger":"airflow.task.operators.airflow.providers.docker.operators.docker.DockerOperator","filename":"docker.py","lineno":71}
{"timestamp":"2026-05-19T22:26:26.943328Z","level":"info","event":"\tat org.apache.spark.sql.DataFrameReader.load(DataFrameReader.scala:186)","logger":"airflow.task.operators.airflow.providers.docker.operators.docker.DockerOperator","filename":"docker.py","lineno":71}
{"timestamp":"2026-05-19T22:26:26.943382Z","level":"info","event":"\tat jdk.internal.reflect.GeneratedMethodAccessor10.invoke(Unknown Source)","logger":"airflow.task.operators.airflow.providers.docker.operators.docker.DockerOperator","filename":"docker.py","lineno":71}
{"timestamp":"2026-05-19T22:26:26.943438Z","level":"info","event":"\tat java.base/jdk.internal.reflect.DelegatingMethodAccessorImpl.invoke(Unknown Source)","logger":"airflow.task.operators.airflow.providers.docker.operators.docker.DockerOperator","filename":"docker.py","lineno":71}
{"timestamp":"2026-05-19T22:26:26.943616Z","level":"info","event":"\tat java.base/java.lang.reflect.Method.invoke(Unknown Source)","logger":"airflow.task.operators.airflow.providers.docker.operators.docker.DockerOperator","filename":"docker.py","lineno":71}
{"timestamp":"2026-05-19T22:26:26.943685Z","level":"info","event":"\tat py4j.reflection.MethodInvoker.invoke(MethodInvoker.java:244)","logger":"airflow.task.operators.airflow.providers.docker.operators.docker.DockerOperator","filename":"docker.py","lineno":71}
{"timestamp":"2026-05-19T22:26:26.943748Z","level":"info","event":"\tat py4j.reflection.ReflectionEngine.invoke(ReflectionEngine.java:374)","logger":"airflow.task.operators.airflow.providers.docker.operators.docker.DockerOperator","filename":"docker.py","lineno":71}
{"timestamp":"2026-05-19T22:26:26.943807Z","level":"info","event":"\tat py4j.Gateway.invoke(Gateway.java:282)","logger":"airflow.task.operators.airflow.providers.docker.operators.docker.DockerOperator","filename":"docker.py","lineno":71}
{"timestamp":"2026-05-19T22:26:26.943860Z","level":"info","event":"\tat py4j.commands.AbstractCommand.invokeMethod(AbstractCommand.java:132)","logger":"airflow.task.operators.airflow.providers.docker.operators.docker.DockerOperator","filename":"docker.py","lineno":71}
{"timestamp":"2026-05-19T22:26:26.945242Z","level":"info","event":"\tat py4j.commands.CallCommand.execute(CallCommand.java:79)","logger":"airflow.task.operators.airflow.providers.docker.operators.docker.DockerOperator","filename":"docker.py","lineno":71}
{"timestamp":"2026-05-19T22:26:26.945316Z","level":"info","event":"\tat py4j.ClientServerConnection.waitForCommands(ClientServerConnection.java:182)","logger":"airflow.task.operators.airflow.providers.docker.operators.docker.DockerOperator","filename":"docker.py","lineno":71}
{"timestamp":"2026-05-19T22:26:26.945372Z","level":"info","event":"\tat py4j.ClientServerConnection.run(ClientServerConnection.java:106)","logger":"airflow.task.operators.airflow.providers.docker.operators.docker.DockerOperator","filename":"docker.py","lineno":71}
{"timestamp":"2026-05-19T22:26:26.945428Z","level":"info","event":"\tat java.base/java.lang.Thread.run(Unknown Source)","logger":"airflow.task.operators.airflow.providers.docker.operators.docker.DockerOperator","filename":"docker.py","lineno":71}
{"timestamp":"2026-05-19T22:26:26.945496Z","level":"info","event":"Caused by: java.lang.ClassNotFoundException: Class org.apache.hadoop.fs.s3a.S3AFileSystem not found","logger":"airflow.task.operators.airflow.providers.docker.operators.docker.DockerOperator","filename":"docker.py","lineno":71}
{"timestamp":"2026-05-19T22:26:26.945550Z","level":"info","event":"\tat org.apache.hadoop.conf.Configuration.getClassByName(Configuration.java:2592)","logger":"airflow.task.operators.airflow.providers.docker.operators.docker.DockerOperator","filename":"docker.py","lineno":71}
{"timestamp":"2026-05-19T22:26:26.945606Z","level":"info","event":"\tat org.apache.hadoop.conf.Configuration.getClass(Configuration.java:2686)","logger":"airflow.task.operators.airflow.providers.docker.operators.docker.DockerOperator","filename":"docker.py","lineno":71}
{"timestamp":"2026-05-19T22:26:26.945661Z","level":"info","event":"\t... 25 more","logger":"airflow.task.operators.airflow.providers.docker.operators.docker.DockerOperator","filename":"docker.py","lineno":71}
{"timestamp":"2026-05-19T22:26:26.945782Z","level":"info","event":"2026-05-19 22:26:26,943 - ERROR - Error processing table sales.specialoffer: An error occurred while calling o110.load.","logger":"airflow.task.operators.airflow.providers.docker.operators.docker.DockerOperator","filename":"docker.py","lineno":71}
{"timestamp":"2026-05-19T22:26:26.945848Z","level":"info","event":": java.lang.RuntimeException: java.lang.ClassNotFoundException: Class org.apache.hadoop.fs.s3a.S3AFileSystem not found","logger":"airflow.task.operators.airflow.providers.docker.operators.docker.DockerOperator","filename":"docker.py","lineno":71}
{"timestamp":"2026-05-19T22:26:26.945927Z","level":"info","event":"\tat org.apache.hadoop.conf.Configuration.getClass(Configuration.java:2688)","logger":"airflow.task.operators.airflow.providers.docker.operators.docker.DockerOperator","filename":"docker.py","lineno":71}
{"timestamp":"2026-05-19T22:26:26.946378Z","level":"info","event":"\tat org.apache.hadoop.fs.FileSystem.getFileSystemClass(FileSystem.java:3431)","logger":"airflow.task.operators.airflow.providers.docker.operators.docker.DockerOperator","filename":"docker.py","lineno":71}
{"timestamp":"2026-05-19T22:26:26.946492Z","level":"info","event":"\tat org.apache.hadoop.fs.FileSystem.createFileSystem(FileSystem.java:3466)","logger":"airflow.task.operators.airflow.providers.docker.operators.docker.DockerOperator","filename":"docker.py","lineno":71}
{"timestamp":"2026-05-19T22:26:26.946551Z","level":"info","event":"\tat org.apache.hadoop.fs.FileSystem.access$300(FileSystem.java:174)","logger":"airflow.task.operators.airflow.providers.docker.operators.docker.DockerOperator","filename":"docker.py","lineno":71}
{"timestamp":"2026-05-19T22:26:26.946606Z","level":"info","event":"\tat org.apache.hadoop.fs.FileSystem$Cache.getInternal(FileSystem.java:3574)","logger":"airflow.task.operators.airflow.providers.docker.operators.docker.DockerOperator","filename":"docker.py","lineno":71}
{"timestamp":"2026-05-19T22:26:26.946661Z","level":"info","event":"\tat org.apache.hadoop.fs.FileSystem$Cache.get(FileSystem.java:3521)","logger":"airflow.task.operators.airflow.providers.docker.operators.docker.DockerOperator","filename":"docker.py","lineno":71}
{"timestamp":"2026-05-19T22:26:26.946719Z","level":"info","event":"\tat org.apache.hadoop.fs.FileSystem.get(FileSystem.java:540)","logger":"airflow.task.operators.airflow.providers.docker.operators.docker.DockerOperator","filename":"docker.py","lineno":71}
{"timestamp":"2026-05-19T22:26:26.946778Z","level":"info","event":"\tat org.apache.hadoop.fs.Path.getFileSystem(Path.java:365)","logger":"airflow.task.operators.airflow.providers.docker.operators.docker.DockerOperator","filename":"docker.py","lineno":71}
{"timestamp":"2026-05-19T22:26:26.946865Z","level":"info","event":"\tat org.apache.spark.sql.execution.datasources.DataSource$.$anonfun$checkAndGlobPathIfNecessary$1(DataSource.scala:724)","logger":"airflow.task.operators.airflow.providers.docker.operators.docker.DockerOperator","filename":"docker.py","lineno":71}
{"timestamp":"2026-05-19T22:26:26.946966Z","level":"info","event":"\tat scala.collection.immutable.List.map(List.scala:293)","logger":"airflow.task.operators.airflow.providers.docker.operators.docker.DockerOperator","filename":"docker.py","lineno":71}
{"timestamp":"2026-05-19T22:26:26.947029Z","level":"info","event":"\tat org.apache.spark.sql.execution.datasources.DataSource$.checkAndGlobPathIfNecessary(DataSource.scala:722)","logger":"airflow.task.operators.airflow.providers.docker.operators.docker.DockerOperator","filename":"docker.py","lineno":71}
{"timestamp":"2026-05-19T22:26:26.947086Z","level":"info","event":"\tat org.apache.spark.sql.execution.datasources.DataSource.checkAndGlobPathIfNecessary(DataSource.scala:551)","logger":"airflow.task.operators.airflow.providers.docker.operators.docker.DockerOperator","filename":"docker.py","lineno":71}
{"timestamp":"2026-05-19T22:26:26.947147Z","level":"info","event":"\tat org.apache.spark.sql.execution.datasources.DataSource.resolveRelation(DataSource.scala:404)","logger":"airflow.task.operators.airflow.providers.docker.operators.docker.DockerOperator","filename":"docker.py","lineno":71}
{"timestamp":"2026-05-19T22:26:26.947205Z","level":"info","event":"\tat org.apache.spark.sql.DataFrameReader.loadV1Source(DataFrameReader.scala:229)","logger":"airflow.task.operators.airflow.providers.docker.operators.docker.DockerOperator","filename":"docker.py","lineno":71}
{"timestamp":"2026-05-19T22:26:26.947262Z","level":"info","event":"\tat org.apache.spark.sql.DataFrameReader.$anonfun$load$2(DataFrameReader.scala:211)","logger":"airflow.task.operators.airflow.providers.docker.operators.docker.DockerOperator","filename":"docker.py","lineno":71}
{"timestamp":"2026-05-19T22:26:26.947320Z","level":"info","event":"\tat scala.Option.getOrElse(Option.scala:189)","logger":"airflow.task.operators.airflow.providers.docker.operators.docker.DockerOperator","filename":"docker.py","lineno":71}
{"timestamp":"2026-05-19T22:26:26.947378Z","level":"info","event":"\tat org.apache.spark.sql.DataFrameReader.load(DataFrameReader.scala:211)","logger":"airflow.task.operators.airflow.providers.docker.operators.docker.DockerOperator","filename":"docker.py","lineno":71}
{"timestamp":"2026-05-19T22:26:26.947436Z","level":"info","event":"\tat org.apache.spark.sql.DataFrameReader.load(DataFrameReader.scala:186)","logger":"airflow.task.operators.airflow.providers.docker.operators.docker.DockerOperator","filename":"docker.py","lineno":71}
{"timestamp":"2026-05-19T22:26:26.947491Z","level":"info","event":"\tat java.base/jdk.internal.reflect.NativeMethodAccessorImpl.invoke0(Native Method)","logger":"airflow.task.operators.airflow.providers.docker.operators.docker.DockerOperator","filename":"docker.py","lineno":71}
{"timestamp":"2026-05-19T22:26:26.947548Z","level":"info","event":"\tat java.base/jdk.internal.reflect.NativeMethodAccessorImpl.invoke(Unknown Source)","logger":"airflow.task.operators.airflow.providers.docker.operators.docker.DockerOperator","filename":"docker.py","lineno":71}
{"timestamp":"2026-05-19T22:26:26.947604Z","level":"info","event":"\tat java.base/jdk.internal.reflect.DelegatingMethodAccessorImpl.invoke(Unknown Source)","logger":"airflow.task.operators.airflow.providers.docker.operators.docker.DockerOperator","filename":"docker.py","lineno":71}
{"timestamp":"2026-05-19T22:26:26.947659Z","level":"info","event":"\tat java.base/java.lang.reflect.Method.invoke(Unknown Source)","logger":"airflow.task.operators.airflow.providers.docker.operators.docker.DockerOperator","filename":"docker.py","lineno":71}
{"timestamp":"2026-05-19T22:26:26.947712Z","level":"info","event":"\tat py4j.reflection.MethodInvoker.invoke(MethodInvoker.java:244)","logger":"airflow.task.operators.airflow.providers.docker.operators.docker.DockerOperator","filename":"docker.py","lineno":71}
{"timestamp":"2026-05-19T22:26:26.947765Z","level":"info","event":"\tat py4j.reflection.ReflectionEngine.invoke(ReflectionEngine.java:374)","logger":"airflow.task.operators.airflow.providers.docker.operators.docker.DockerOperator","filename":"docker.py","lineno":71}
{"timestamp":"2026-05-19T22:26:26.947815Z","level":"info","event":"\tat py4j.Gateway.invoke(Gateway.java:282)","logger":"airflow.task.operators.airflow.providers.docker.operators.docker.DockerOperator","filename":"docker.py","lineno":71}
{"timestamp":"2026-05-19T22:26:26.947887Z","level":"info","event":"\tat py4j.commands.AbstractCommand.invokeMethod(AbstractCommand.java:132)","logger":"airflow.task.operators.airflow.providers.docker.operators.docker.DockerOperator","filename":"docker.py","lineno":71}
{"timestamp":"2026-05-19T22:26:26.947967Z","level":"info","event":"\tat py4j.commands.CallCommand.execute(CallCommand.java:79)","logger":"airflow.task.operators.airflow.providers.docker.operators.docker.DockerOperator","filename":"docker.py","lineno":71}
{"timestamp":"2026-05-19T22:26:26.948024Z","level":"info","event":"\tat py4j.ClientServerConnection.waitForCommands(ClientServerConnection.java:182)","logger":"airflow.task.operators.airflow.providers.docker.operators.docker.DockerOperator","filename":"docker.py","lineno":71}
{"timestamp":"2026-05-19T22:26:26.948075Z","level":"info","event":"\tat py4j.ClientServerConnection.run(ClientServerConnection.java:106)","logger":"airflow.task.operators.airflow.providers.docker.operators.docker.DockerOperator","filename":"docker.py","lineno":71}
{"timestamp":"2026-05-19T22:26:26.948128Z","level":"info","event":"\tat java.base/java.lang.Thread.run(Unknown Source)","logger":"airflow.task.operators.airflow.providers.docker.operators.docker.DockerOperator","filename":"docker.py","lineno":71}
{"timestamp":"2026-05-19T22:26:26.948179Z","level":"info","event":"Caused by: java.lang.ClassNotFoundException: Class org.apache.hadoop.fs.s3a.S3AFileSystem not found","logger":"airflow.task.operators.airflow.providers.docker.operators.docker.DockerOperator","filename":"docker.py","lineno":71}
{"timestamp":"2026-05-19T22:26:26.948233Z","level":"info","event":"\tat org.apache.hadoop.conf.Configuration.getClassByName(Configuration.java:2592)","logger":"airflow.task.operators.airflow.providers.docker.operators.docker.DockerOperator","filename":"docker.py","lineno":71}
{"timestamp":"2026-05-19T22:26:26.948287Z","level":"info","event":"\tat org.apache.hadoop.conf.Configuration.getClass(Configuration.java:2686)","logger":"airflow.task.operators.airflow.providers.docker.operators.docker.DockerOperator","filename":"docker.py","lineno":71}
{"timestamp":"2026-05-19T22:26:26.948338Z","level":"info","event":"\t... 29 more","logger":"airflow.task.operators.airflow.providers.docker.operators.docker.DockerOperator","filename":"docker.py","lineno":71}
{"timestamp":"2026-05-19T22:26:26.948398Z","level":"info","event":"","logger":"airflow.task.operators.airflow.providers.docker.operators.docker.DockerOperator","filename":"docker.py","lineno":71}
{"timestamp":"2026-05-19T22:26:26.950110Z","level":"info","event":"26/05/19 22:26:26 WARN FileStreamSink: Assume no metadata directory. Error while looking for metadata directory in the path: s3a://landing/adventureworks/purchasing_shipmethod.","logger":"airflow.task.operators.airflow.providers.docker.operators.docker.DockerOperator","filename":"docker.py","lineno":71}
{"timestamp":"2026-05-19T22:26:26.950200Z","level":"info","event":"java.lang.RuntimeException: java.lang.ClassNotFoundException: Class org.apache.hadoop.fs.s3a.S3AFileSystem not found","logger":"airflow.task.operators.airflow.providers.docker.operators.docker.DockerOperator","filename":"docker.py","lineno":71}
{"timestamp":"2026-05-19T22:26:26.950257Z","level":"info","event":"\tat org.apache.hadoop.conf.Configuration.getClass(Configuration.java:2688)","logger":"airflow.task.operators.airflow.providers.docker.operators.docker.DockerOperator","filename":"docker.py","lineno":71}
{"timestamp":"2026-05-19T22:26:26.950317Z","level":"info","event":"\tat org.apache.hadoop.fs.FileSystem.getFileSystemClass(FileSystem.java:3431)","logger":"airflow.task.operators.airflow.providers.docker.operators.docker.DockerOperator","filename":"docker.py","lineno":71}
{"timestamp":"2026-05-19T22:26:26.950399Z","level":"info","event":"\tat org.apache.hadoop.fs.FileSystem.createFileSystem(FileSystem.java:3466)","logger":"airflow.task.operators.airflow.providers.docker.operators.docker.DockerOperator","filename":"docker.py","lineno":71}
{"timestamp":"2026-05-19T22:26:26.950454Z","level":"info","event":"\tat org.apache.hadoop.fs.FileSystem.access$300(FileSystem.java:174)","logger":"airflow.task.operators.airflow.providers.docker.operators.docker.DockerOperator","filename":"docker.py","lineno":71}
{"timestamp":"2026-05-19T22:26:26.950501Z","level":"info","event":"\tat org.apache.hadoop.fs.FileSystem$Cache.getInternal(FileSystem.java:3574)","logger":"airflow.task.operators.airflow.providers.docker.operators.docker.DockerOperator","filename":"docker.py","lineno":71}
{"timestamp":"2026-05-19T22:26:26.950548Z","level":"info","event":"\tat org.apache.hadoop.fs.FileSystem$Cache.get(FileSystem.java:3521)","logger":"airflow.task.operators.airflow.providers.docker.operators.docker.DockerOperator","filename":"docker.py","lineno":71}
{"timestamp":"2026-05-19T22:26:26.950590Z","level":"info","event":"\tat org.apache.hadoop.fs.FileSystem.get(FileSystem.java:540)","logger":"airflow.task.operators.airflow.providers.docker.operators.docker.DockerOperator","filename":"docker.py","lineno":71}
{"timestamp":"2026-05-19T22:26:26.950630Z","level":"info","event":"\tat org.apache.hadoop.fs.Path.getFileSystem(Path.java:365)","logger":"airflow.task.operators.airflow.providers.docker.operators.docker.DockerOperator","filename":"docker.py","lineno":71}
{"timestamp":"2026-05-19T22:26:26.950670Z","level":"info","event":"\tat org.apache.spark.sql.execution.streaming.FileStreamSink$.hasMetadata(FileStreamSink.scala:53)","logger":"airflow.task.operators.airflow.providers.docker.operators.docker.DockerOperator","filename":"docker.py","lineno":71}
{"timestamp":"2026-05-19T22:26:26.950710Z","level":"info","event":"\tat org.apache.spark.sql.execution.datasources.DataSource.resolveRelation(DataSource.scala:366)","logger":"airflow.task.operators.airflow.providers.docker.operators.docker.DockerOperator","filename":"docker.py","lineno":71}
{"timestamp":"2026-05-19T22:26:26.950749Z","level":"info","event":"\tat org.apache.spark.sql.DataFrameReader.loadV1Source(DataFrameReader.scala:229)","logger":"airflow.task.operators.airflow.providers.docker.operators.docker.DockerOperator","filename":"docker.py","lineno":71}
{"timestamp":"2026-05-19T22:26:26.950787Z","level":"info","event":"\tat org.apache.spark.sql.DataFrameReader.$anonfun$load$2(DataFrameReader.scala:211)","logger":"airflow.task.operators.airflow.providers.docker.operators.docker.DockerOperator","filename":"docker.py","lineno":71}
{"timestamp":"2026-05-19T22:26:26.950826Z","level":"info","event":"\tat scala.Option.getOrElse(Option.scala:189)","logger":"airflow.task.operators.airflow.providers.docker.operators.docker.DockerOperator","filename":"docker.py","lineno":71}
{"timestamp":"2026-05-19T22:26:26.950868Z","level":"info","event":"\tat org.apache.spark.sql.DataFrameReader.load(DataFrameReader.scala:211)","logger":"airflow.task.operators.airflow.providers.docker.operators.docker.DockerOperator","filename":"docker.py","lineno":71}
{"timestamp":"2026-05-19T22:26:26.950942Z","level":"info","event":"\tat org.apache.spark.sql.DataFrameReader.load(DataFrameReader.scala:186)","logger":"airflow.task.operators.airflow.providers.docker.operators.docker.DockerOperator","filename":"docker.py","lineno":71}
{"timestamp":"2026-05-19T22:26:26.950995Z","level":"info","event":"\tat jdk.internal.reflect.GeneratedMethodAccessor10.invoke(Unknown Source)","logger":"airflow.task.operators.airflow.providers.docker.operators.docker.DockerOperator","filename":"docker.py","lineno":71}
{"timestamp":"2026-05-19T22:26:26.951053Z","level":"info","event":"\tat java.base/jdk.internal.reflect.DelegatingMethodAccessorImpl.invoke(Unknown Source)","logger":"airflow.task.operators.airflow.providers.docker.operators.docker.DockerOperator","filename":"docker.py","lineno":71}
{"timestamp":"2026-05-19T22:26:26.951102Z","level":"info","event":"\tat java.base/java.lang.reflect.Method.invoke(Unknown Source)","logger":"airflow.task.operators.airflow.providers.docker.operators.docker.DockerOperator","filename":"docker.py","lineno":71}
{"timestamp":"2026-05-19T22:26:26.951146Z","level":"info","event":"\tat py4j.reflection.MethodInvoker.invoke(MethodInvoker.java:244)","logger":"airflow.task.operators.airflow.providers.docker.operators.docker.DockerOperator","filename":"docker.py","lineno":71}
{"timestamp":"2026-05-19T22:26:26.951188Z","level":"info","event":"\tat py4j.reflection.ReflectionEngine.invoke(ReflectionEngine.java:374)","logger":"airflow.task.operators.airflow.providers.docker.operators.docker.DockerOperator","filename":"docker.py","lineno":71}
{"timestamp":"2026-05-19T22:26:26.951229Z","level":"info","event":"\tat py4j.Gateway.invoke(Gateway.java:282)","logger":"airflow.task.operators.airflow.providers.docker.operators.docker.DockerOperator","filename":"docker.py","lineno":71}
{"timestamp":"2026-05-19T22:26:26.951269Z","level":"info","event":"\tat py4j.commands.AbstractCommand.invokeMethod(AbstractCommand.java:132)","logger":"airflow.task.operators.airflow.providers.docker.operators.docker.DockerOperator","filename":"docker.py","lineno":71}
{"timestamp":"2026-05-19T22:26:26.951308Z","level":"info","event":"\tat py4j.commands.CallCommand.execute(CallCommand.java:79)","logger":"airflow.task.operators.airflow.providers.docker.operators.docker.DockerOperator","filename":"docker.py","lineno":71}
{"timestamp":"2026-05-19T22:26:26.951378Z","level":"info","event":"\tat py4j.ClientServerConnection.waitForCommands(ClientServerConnection.java:182)","logger":"airflow.task.operators.airflow.providers.docker.operators.docker.DockerOperator","filename":"docker.py","lineno":71}
{"timestamp":"2026-05-19T22:26:26.951427Z","level":"info","event":"\tat py4j.ClientServerConnection.run(ClientServerConnection.java:106)","logger":"airflow.task.operators.airflow.providers.docker.operators.docker.DockerOperator","filename":"docker.py","lineno":71}
{"timestamp":"2026-05-19T22:26:26.951469Z","level":"info","event":"\tat java.base/java.lang.Thread.run(Unknown Source)","logger":"airflow.task.operators.airflow.providers.docker.operators.docker.DockerOperator","filename":"docker.py","lineno":71}
{"timestamp":"2026-05-19T22:26:26.951509Z","level":"info","event":"Caused by: java.lang.ClassNotFoundException: Class org.apache.hadoop.fs.s3a.S3AFileSystem not found","logger":"airflow.task.operators.airflow.providers.docker.operators.docker.DockerOperator","filename":"docker.py","lineno":71}
{"timestamp":"2026-05-19T22:26:26.951550Z","level":"info","event":"\tat org.apache.hadoop.conf.Configuration.getClassByName(Configuration.java:2592)","logger":"airflow.task.operators.airflow.providers.docker.operators.docker.DockerOperator","filename":"docker.py","lineno":71}
{"timestamp":"2026-05-19T22:26:26.951603Z","level":"info","event":"\tat org.apache.hadoop.conf.Configuration.getClass(Configuration.java:2686)","logger":"airflow.task.operators.airflow.providers.docker.operators.docker.DockerOperator","filename":"docker.py","lineno":71}
{"timestamp":"2026-05-19T22:26:26.951648Z","level":"info","event":"\t... 25 more","logger":"airflow.task.operators.airflow.providers.docker.operators.docker.DockerOperator","filename":"docker.py","lineno":71}
{"timestamp":"2026-05-19T22:26:26.972739Z","level":"info","event":"2026-05-19 22:26:26,972 - ERROR - Error processing table sales.store: An error occurred while calling o116.load.","logger":"airflow.task.operators.airflow.providers.docker.operators.docker.DockerOperator","filename":"docker.py","lineno":71}
{"timestamp":"2026-05-19T22:26:26.972953Z","level":"info","event":": java.lang.RuntimeException: java.lang.ClassNotFoundException: Class org.apache.hadoop.fs.s3a.S3AFileSystem not found","logger":"airflow.task.operators.airflow.providers.docker.operators.docker.DockerOperator","filename":"docker.py","lineno":71}
{"timestamp":"2026-05-19T22:26:26.973032Z","level":"info","event":"\tat org.apache.hadoop.conf.Configuration.getClass(Configuration.java:2688)","logger":"airflow.task.operators.airflow.providers.docker.operators.docker.DockerOperator","filename":"docker.py","lineno":71}
{"timestamp":"2026-05-19T22:26:26.973077Z","level":"info","event":"\tat org.apache.hadoop.fs.FileSystem.getFileSystemClass(FileSystem.java:3431)","logger":"airflow.task.operators.airflow.providers.docker.operators.docker.DockerOperator","filename":"docker.py","lineno":71}
{"timestamp":"2026-05-19T22:26:26.973136Z","level":"info","event":"\tat org.apache.hadoop.fs.FileSystem.createFileSystem(FileSystem.java:3466)","logger":"airflow.task.operators.airflow.providers.docker.operators.docker.DockerOperator","filename":"docker.py","lineno":71}
{"timestamp":"2026-05-19T22:26:26.973195Z","level":"info","event":"\tat org.apache.hadoop.fs.FileSystem.access$300(FileSystem.java:174)","logger":"airflow.task.operators.airflow.providers.docker.operators.docker.DockerOperator","filename":"docker.py","lineno":71}
{"timestamp":"2026-05-19T22:26:26.973246Z","level":"info","event":"\tat org.apache.hadoop.fs.FileSystem$Cache.getInternal(FileSystem.java:3574)","logger":"airflow.task.operators.airflow.providers.docker.operators.docker.DockerOperator","filename":"docker.py","lineno":71}
{"timestamp":"2026-05-19T22:26:26.973312Z","level":"info","event":"\tat org.apache.hadoop.fs.FileSystem$Cache.get(FileSystem.java:3521)","logger":"airflow.task.operators.airflow.providers.docker.operators.docker.DockerOperator","filename":"docker.py","lineno":71}
{"timestamp":"2026-05-19T22:26:26.973386Z","level":"info","event":"\tat org.apache.hadoop.fs.FileSystem.get(FileSystem.java:540)","logger":"airflow.task.operators.airflow.providers.docker.operators.docker.DockerOperator","filename":"docker.py","lineno":71}
{"timestamp":"2026-05-19T22:26:26.973461Z","level":"info","event":"\tat org.apache.hadoop.fs.Path.getFileSystem(Path.java:365)","logger":"airflow.task.operators.airflow.providers.docker.operators.docker.DockerOperator","filename":"docker.py","lineno":71}
{"timestamp":"2026-05-19T22:26:26.973512Z","level":"info","event":"\tat org.apache.spark.sql.execution.datasources.DataSource$.$anonfun$checkAndGlobPathIfNecessary$1(DataSource.scala:724)","logger":"airflow.task.operators.airflow.providers.docker.operators.docker.DockerOperator","filename":"docker.py","lineno":71}
{"timestamp":"2026-05-19T22:26:26.973576Z","level":"info","event":"\tat scala.collection.immutable.List.map(List.scala:293)","logger":"airflow.task.operators.airflow.providers.docker.operators.docker.DockerOperator","filename":"docker.py","lineno":71}
{"timestamp":"2026-05-19T22:26:26.973628Z","level":"info","event":"\tat org.apache.spark.sql.execution.datasources.DataSource$.checkAndGlobPathIfNecessary(DataSource.scala:722)","logger":"airflow.task.operators.airflow.providers.docker.operators.docker.DockerOperator","filename":"docker.py","lineno":71}
{"timestamp":"2026-05-19T22:26:26.973672Z","level":"info","event":"\tat org.apache.spark.sql.execution.datasources.DataSource.checkAndGlobPathIfNecessary(DataSource.scala:551)","logger":"airflow.task.operators.airflow.providers.docker.operators.docker.DockerOperator","filename":"docker.py","lineno":71}
{"timestamp":"2026-05-19T22:26:26.973724Z","level":"info","event":"\tat org.apache.spark.sql.execution.datasources.DataSource.resolveRelation(DataSource.scala:404)","logger":"airflow.task.operators.airflow.providers.docker.operators.docker.DockerOperator","filename":"docker.py","lineno":71}
{"timestamp":"2026-05-19T22:26:26.973788Z","level":"info","event":"\tat org.apache.spark.sql.DataFrameReader.loadV1Source(DataFrameReader.scala:229)","logger":"airflow.task.operators.airflow.providers.docker.operators.docker.DockerOperator","filename":"docker.py","lineno":71}
{"timestamp":"2026-05-19T22:26:26.973851Z","level":"info","event":"\tat org.apache.spark.sql.DataFrameReader.$anonfun$load$2(DataFrameReader.scala:211)","logger":"airflow.task.operators.airflow.providers.docker.operators.docker.DockerOperator","filename":"docker.py","lineno":71}
{"timestamp":"2026-05-19T22:26:26.973923Z","level":"info","event":"\tat scala.Option.getOrElse(Option.scala:189)","logger":"airflow.task.operators.airflow.providers.docker.operators.docker.DockerOperator","filename":"docker.py","lineno":71}
{"timestamp":"2026-05-19T22:26:26.973978Z","level":"info","event":"\tat org.apache.spark.sql.DataFrameReader.load(DataFrameReader.scala:211)","logger":"airflow.task.operators.airflow.providers.docker.operators.docker.DockerOperator","filename":"docker.py","lineno":71}
{"timestamp":"2026-05-19T22:26:26.974058Z","level":"info","event":"\tat org.apache.spark.sql.DataFrameReader.load(DataFrameReader.scala:186)","logger":"airflow.task.operators.airflow.providers.docker.operators.docker.DockerOperator","filename":"docker.py","lineno":71}
{"timestamp":"2026-05-19T22:26:26.974105Z","level":"info","event":"\tat java.base/jdk.internal.reflect.NativeMethodAccessorImpl.invoke0(Native Method)","logger":"airflow.task.operators.airflow.providers.docker.operators.docker.DockerOperator","filename":"docker.py","lineno":71}
{"timestamp":"2026-05-19T22:26:26.974149Z","level":"info","event":"\tat java.base/jdk.internal.reflect.NativeMethodAccessorImpl.invoke(Unknown Source)","logger":"airflow.task.operators.airflow.providers.docker.operators.docker.DockerOperator","filename":"docker.py","lineno":71}
{"timestamp":"2026-05-19T22:26:26.974203Z","level":"info","event":"\tat java.base/jdk.internal.reflect.DelegatingMethodAccessorImpl.invoke(Unknown Source)","logger":"airflow.task.operators.airflow.providers.docker.operators.docker.DockerOperator","filename":"docker.py","lineno":71}
{"timestamp":"2026-05-19T22:26:26.974251Z","level":"info","event":"\tat java.base/java.lang.reflect.Method.invoke(Unknown Source)","logger":"airflow.task.operators.airflow.providers.docker.operators.docker.DockerOperator","filename":"docker.py","lineno":71}
{"timestamp":"2026-05-19T22:26:26.974294Z","level":"info","event":"\tat py4j.reflection.MethodInvoker.invoke(MethodInvoker.java:244)","logger":"airflow.task.operators.airflow.providers.docker.operators.docker.DockerOperator","filename":"docker.py","lineno":71}
{"timestamp":"2026-05-19T22:26:26.974345Z","level":"info","event":"\tat py4j.reflection.ReflectionEngine.invoke(ReflectionEngine.java:374)","logger":"airflow.task.operators.airflow.providers.docker.operators.docker.DockerOperator","filename":"docker.py","lineno":71}
{"timestamp":"2026-05-19T22:26:26.974395Z","level":"info","event":"\tat py4j.Gateway.invoke(Gateway.java:282)","logger":"airflow.task.operators.airflow.providers.docker.operators.docker.DockerOperator","filename":"docker.py","lineno":71}
{"timestamp":"2026-05-19T22:26:26.974442Z","level":"info","event":"\tat py4j.commands.AbstractCommand.invokeMethod(AbstractCommand.java:132)","logger":"airflow.task.operators.airflow.providers.docker.operators.docker.DockerOperator","filename":"docker.py","lineno":71}
{"timestamp":"2026-05-19T22:26:26.974489Z","level":"info","event":"\tat py4j.commands.CallCommand.execute(CallCommand.java:79)","logger":"airflow.task.operators.airflow.providers.docker.operators.docker.DockerOperator","filename":"docker.py","lineno":71}
{"timestamp":"2026-05-19T22:26:26.974549Z","level":"info","event":"\tat py4j.ClientServerConnection.waitForCommands(ClientServerConnection.java:182)","logger":"airflow.task.operators.airflow.providers.docker.operators.docker.DockerOperator","filename":"docker.py","lineno":71}
{"timestamp":"2026-05-19T22:26:26.974597Z","level":"info","event":"\tat py4j.ClientServerConnection.run(ClientServerConnection.java:106)","logger":"airflow.task.operators.airflow.providers.docker.operators.docker.DockerOperator","filename":"docker.py","lineno":71}
{"timestamp":"2026-05-19T22:26:26.974642Z","level":"info","event":"\tat java.base/java.lang.Thread.run(Unknown Source)","logger":"airflow.task.operators.airflow.providers.docker.operators.docker.DockerOperator","filename":"docker.py","lineno":71}
{"timestamp":"2026-05-19T22:26:26.974698Z","level":"info","event":"Caused by: java.lang.ClassNotFoundException: Class org.apache.hadoop.fs.s3a.S3AFileSystem not found","logger":"airflow.task.operators.airflow.providers.docker.operators.docker.DockerOperator","filename":"docker.py","lineno":71}
{"timestamp":"2026-05-19T22:26:26.974746Z","level":"info","event":"\tat org.apache.hadoop.conf.Configuration.getClassByName(Configuration.java:2592)","logger":"airflow.task.operators.airflow.providers.docker.operators.docker.DockerOperator","filename":"docker.py","lineno":71}
{"timestamp":"2026-05-19T22:26:26.974789Z","level":"info","event":"\tat org.apache.hadoop.conf.Configuration.getClass(Configuration.java:2686)","logger":"airflow.task.operators.airflow.providers.docker.operators.docker.DockerOperator","filename":"docker.py","lineno":71}
{"timestamp":"2026-05-19T22:26:26.974831Z","level":"info","event":"\t... 29 more","logger":"airflow.task.operators.airflow.providers.docker.operators.docker.DockerOperator","filename":"docker.py","lineno":71}
{"timestamp":"2026-05-19T22:26:26.974883Z","level":"info","event":"","logger":"airflow.task.operators.airflow.providers.docker.operators.docker.DockerOperator","filename":"docker.py","lineno":71}
{"timestamp":"2026-05-19T22:26:26.980480Z","level":"info","event":"26/05/19 22:26:26 WARN FileStreamSink: Assume no metadata directory. Error while looking for metadata directory in the path: s3a://landing/adventureworks/production_product.","logger":"airflow.task.operators.airflow.providers.docker.operators.docker.DockerOperator","filename":"docker.py","lineno":71}
{"timestamp":"2026-05-19T22:26:26.980667Z","level":"info","event":"java.lang.RuntimeException: java.lang.ClassNotFoundException: Class org.apache.hadoop.fs.s3a.S3AFileSystem not found","logger":"airflow.task.operators.airflow.providers.docker.operators.docker.DockerOperator","filename":"docker.py","lineno":71}
{"timestamp":"2026-05-19T22:26:26.980744Z","level":"info","event":"\tat org.apache.hadoop.conf.Configuration.getClass(Configuration.java:2688)","logger":"airflow.task.operators.airflow.providers.docker.operators.docker.DockerOperator","filename":"docker.py","lineno":71}
{"timestamp":"2026-05-19T22:26:26.980807Z","level":"info","event":"\tat org.apache.hadoop.fs.FileSystem.getFileSystemClass(FileSystem.java:3431)","logger":"airflow.task.operators.airflow.providers.docker.operators.docker.DockerOperator","filename":"docker.py","lineno":71}
{"timestamp":"2026-05-19T22:26:26.980860Z","level":"info","event":"\tat org.apache.hadoop.fs.FileSystem.createFileSystem(FileSystem.java:3466)","logger":"airflow.task.operators.airflow.providers.docker.operators.docker.DockerOperator","filename":"docker.py","lineno":71}
{"timestamp":"2026-05-19T22:26:26.980938Z","level":"info","event":"\tat org.apache.hadoop.fs.FileSystem.access$300(FileSystem.java:174)","logger":"airflow.task.operators.airflow.providers.docker.operators.docker.DockerOperator","filename":"docker.py","lineno":71}
{"timestamp":"2026-05-19T22:26:26.980992Z","level":"info","event":"\tat org.apache.hadoop.fs.FileSystem$Cache.getInternal(FileSystem.java:3574)","logger":"airflow.task.operators.airflow.providers.docker.operators.docker.DockerOperator","filename":"docker.py","lineno":71}
{"timestamp":"2026-05-19T22:26:26.981063Z","level":"info","event":"\tat org.apache.hadoop.fs.FileSystem$Cache.get(FileSystem.java:3521)","logger":"airflow.task.operators.airflow.providers.docker.operators.docker.DockerOperator","filename":"docker.py","lineno":71}
{"timestamp":"2026-05-19T22:26:26.981118Z","level":"info","event":"\tat org.apache.hadoop.fs.FileSystem.get(FileSystem.java:540)","logger":"airflow.task.operators.airflow.providers.docker.operators.docker.DockerOperator","filename":"docker.py","lineno":71}
{"timestamp":"2026-05-19T22:26:26.981171Z","level":"info","event":"\tat org.apache.hadoop.fs.Path.getFileSystem(Path.java:365)","logger":"airflow.task.operators.airflow.providers.docker.operators.docker.DockerOperator","filename":"docker.py","lineno":71}
{"timestamp":"2026-05-19T22:26:26.981223Z","level":"info","event":"\tat org.apache.spark.sql.execution.streaming.FileStreamSink$.hasMetadata(FileStreamSink.scala:53)","logger":"airflow.task.operators.airflow.providers.docker.operators.docker.DockerOperator","filename":"docker.py","lineno":71}
{"timestamp":"2026-05-19T22:26:26.981273Z","level":"info","event":"\tat org.apache.spark.sql.execution.datasources.DataSource.resolveRelation(DataSource.scala:366)","logger":"airflow.task.operators.airflow.providers.docker.operators.docker.DockerOperator","filename":"docker.py","lineno":71}
{"timestamp":"2026-05-19T22:26:26.981327Z","level":"info","event":"\tat org.apache.spark.sql.DataFrameReader.loadV1Source(DataFrameReader.scala:229)","logger":"airflow.task.operators.airflow.providers.docker.operators.docker.DockerOperator","filename":"docker.py","lineno":71}
{"timestamp":"2026-05-19T22:26:26.981375Z","level":"info","event":"\tat org.apache.spark.sql.DataFrameReader.$anonfun$load$2(DataFrameReader.scala:211)","logger":"airflow.task.operators.airflow.providers.docker.operators.docker.DockerOperator","filename":"docker.py","lineno":71}
{"timestamp":"2026-05-19T22:26:26.981428Z","level":"info","event":"\tat scala.Option.getOrElse(Option.scala:189)","logger":"airflow.task.operators.airflow.providers.docker.operators.docker.DockerOperator","filename":"docker.py","lineno":71}
{"timestamp":"2026-05-19T22:26:26.981478Z","level":"info","event":"\tat org.apache.spark.sql.DataFrameReader.load(DataFrameReader.scala:211)","logger":"airflow.task.operators.airflow.providers.docker.operators.docker.DockerOperator","filename":"docker.py","lineno":71}
{"timestamp":"2026-05-19T22:26:26.981529Z","level":"info","event":"\tat org.apache.spark.sql.DataFrameReader.load(DataFrameReader.scala:186)","logger":"airflow.task.operators.airflow.providers.docker.operators.docker.DockerOperator","filename":"docker.py","lineno":71}
{"timestamp":"2026-05-19T22:26:26.981598Z","level":"info","event":"\tat java.base/jdk.internal.reflect.NativeMethodAccessorImpl.invoke0(Native Method)","logger":"airflow.task.operators.airflow.providers.docker.operators.docker.DockerOperator","filename":"docker.py","lineno":71}
{"timestamp":"2026-05-19T22:26:26.981655Z","level":"info","event":"\tat java.base/jdk.internal.reflect.NativeMethodAccessorImpl.invoke(Unknown Source)","logger":"airflow.task.operators.airflow.providers.docker.operators.docker.DockerOperator","filename":"docker.py","lineno":71}
{"timestamp":"2026-05-19T22:26:26.981710Z","level":"info","event":"\tat java.base/jdk.internal.reflect.DelegatingMethodAccessorImpl.invoke(Unknown Source)","logger":"airflow.task.operators.airflow.providers.docker.operators.docker.DockerOperator","filename":"docker.py","lineno":71}
{"timestamp":"2026-05-19T22:26:26.981766Z","level":"info","event":"\tat java.base/java.lang.reflect.Method.invoke(Unknown Source)","logger":"airflow.task.operators.airflow.providers.docker.operators.docker.DockerOperator","filename":"docker.py","lineno":71}
{"timestamp":"2026-05-19T22:26:26.981814Z","level":"info","event":"\tat py4j.reflection.MethodInvoker.invoke(MethodInvoker.java:244)","logger":"airflow.task.operators.airflow.providers.docker.operators.docker.DockerOperator","filename":"docker.py","lineno":71}
{"timestamp":"2026-05-19T22:26:26.981869Z","level":"info","event":"\tat py4j.reflection.ReflectionEngine.invoke(ReflectionEngine.java:374)","logger":"airflow.task.operators.airflow.providers.docker.operators.docker.DockerOperator","filename":"docker.py","lineno":71}
{"timestamp":"2026-05-19T22:26:26.981939Z","level":"info","event":"\tat py4j.Gateway.invoke(Gateway.java:282)","logger":"airflow.task.operators.airflow.providers.docker.operators.docker.DockerOperator","filename":"docker.py","lineno":71}
{"timestamp":"2026-05-19T22:26:26.981997Z","level":"info","event":"\tat py4j.commands.AbstractCommand.invokeMethod(AbstractCommand.java:132)","logger":"airflow.task.operators.airflow.providers.docker.operators.docker.DockerOperator","filename":"docker.py","lineno":71}
{"timestamp":"2026-05-19T22:26:26.982094Z","level":"info","event":"\tat py4j.commands.CallCommand.execute(CallCommand.java:79)","logger":"airflow.task.operators.airflow.providers.docker.operators.docker.DockerOperator","filename":"docker.py","lineno":71}
{"timestamp":"2026-05-19T22:26:26.982154Z","level":"info","event":"\tat py4j.ClientServerConnection.waitForCommands(ClientServerConnection.java:182)","logger":"airflow.task.operators.airflow.providers.docker.operators.docker.DockerOperator","filename":"docker.py","lineno":71}
{"timestamp":"2026-05-19T22:26:26.982206Z","level":"info","event":"\tat py4j.ClientServerConnection.run(ClientServerConnection.java:106)","logger":"airflow.task.operators.airflow.providers.docker.operators.docker.DockerOperator","filename":"docker.py","lineno":71}
{"timestamp":"2026-05-19T22:26:26.982254Z","level":"info","event":"\tat java.base/java.lang.Thread.run(Unknown Source)","logger":"airflow.task.operators.airflow.providers.docker.operators.docker.DockerOperator","filename":"docker.py","lineno":71}
{"timestamp":"2026-05-19T22:26:26.982306Z","level":"info","event":"Caused by: java.lang.ClassNotFoundException: Class org.apache.hadoop.fs.s3a.S3AFileSystem not found","logger":"airflow.task.operators.airflow.providers.docker.operators.docker.DockerOperator","filename":"docker.py","lineno":71}
{"timestamp":"2026-05-19T22:26:26.982351Z","level":"info","event":"\tat org.apache.hadoop.conf.Configuration.getClassByName(Configuration.java:2592)","logger":"airflow.task.operators.airflow.providers.docker.operators.docker.DockerOperator","filename":"docker.py","lineno":71}
{"timestamp":"2026-05-19T22:26:26.982404Z","level":"info","event":"\tat org.apache.hadoop.conf.Configuration.getClass(Configuration.java:2686)","logger":"airflow.task.operators.airflow.providers.docker.operators.docker.DockerOperator","filename":"docker.py","lineno":71}
{"timestamp":"2026-05-19T22:26:26.982451Z","level":"info","event":"\t... 26 more","logger":"airflow.task.operators.airflow.providers.docker.operators.docker.DockerOperator","filename":"docker.py","lineno":71}
{"timestamp":"2026-05-19T22:26:26.983109Z","level":"info","event":"2026-05-19 22:26:26,982 - ERROR - Error processing table humanresources.employee: An error occurred while calling o119.load.","logger":"airflow.task.operators.airflow.providers.docker.operators.docker.DockerOperator","filename":"docker.py","lineno":71}
{"timestamp":"2026-05-19T22:26:26.983213Z","level":"info","event":": java.lang.RuntimeException: java.lang.ClassNotFoundException: Class org.apache.hadoop.fs.s3a.S3AFileSystem not found","logger":"airflow.task.operators.airflow.providers.docker.operators.docker.DockerOperator","filename":"docker.py","lineno":71}
{"timestamp":"2026-05-19T22:26:26.983286Z","level":"info","event":"\tat org.apache.hadoop.conf.Configuration.getClass(Configuration.java:2688)","logger":"airflow.task.operators.airflow.providers.docker.operators.docker.DockerOperator","filename":"docker.py","lineno":71}
{"timestamp":"2026-05-19T22:26:26.983347Z","level":"info","event":"\tat org.apache.hadoop.fs.FileSystem.getFileSystemClass(FileSystem.java:3431)","logger":"airflow.task.operators.airflow.providers.docker.operators.docker.DockerOperator","filename":"docker.py","lineno":71}
{"timestamp":"2026-05-19T22:26:26.983410Z","level":"info","event":"\tat org.apache.hadoop.fs.FileSystem.createFileSystem(FileSystem.java:3466)","logger":"airflow.task.operators.airflow.providers.docker.operators.docker.DockerOperator","filename":"docker.py","lineno":71}
{"timestamp":"2026-05-19T22:26:26.983460Z","level":"info","event":"\tat org.apache.hadoop.fs.FileSystem.access$300(FileSystem.java:174)","logger":"airflow.task.operators.airflow.providers.docker.operators.docker.DockerOperator","filename":"docker.py","lineno":71}
{"timestamp":"2026-05-19T22:26:26.983605Z","level":"info","event":"\tat org.apache.hadoop.fs.FileSystem$Cache.getInternal(FileSystem.java:3574)","logger":"airflow.task.operators.airflow.providers.docker.operators.docker.DockerOperator","filename":"docker.py","lineno":71}
{"timestamp":"2026-05-19T22:26:26.983664Z","level":"info","event":"\tat org.apache.hadoop.fs.FileSystem$Cache.get(FileSystem.java:3521)","logger":"airflow.task.operators.airflow.providers.docker.operators.docker.DockerOperator","filename":"docker.py","lineno":71}
{"timestamp":"2026-05-19T22:26:26.983720Z","level":"info","event":"\tat org.apache.hadoop.fs.FileSystem.get(FileSystem.java:540)","logger":"airflow.task.operators.airflow.providers.docker.operators.docker.DockerOperator","filename":"docker.py","lineno":71}
{"timestamp":"2026-05-19T22:26:26.983773Z","level":"info","event":"\tat org.apache.hadoop.fs.Path.getFileSystem(Path.java:365)","logger":"airflow.task.operators.airflow.providers.docker.operators.docker.DockerOperator","filename":"docker.py","lineno":71}
{"timestamp":"2026-05-19T22:26:26.983822Z","level":"info","event":"\tat org.apache.spark.sql.execution.datasources.DataSource$.$anonfun$checkAndGlobPathIfNecessary$1(DataSource.scala:724)","logger":"airflow.task.operators.airflow.providers.docker.operators.docker.DockerOperator","filename":"docker.py","lineno":71}
{"timestamp":"2026-05-19T22:26:26.983876Z","level":"info","event":"\tat scala.collection.immutable.List.map(List.scala:293)","logger":"airflow.task.operators.airflow.providers.docker.operators.docker.DockerOperator","filename":"docker.py","lineno":71}
{"timestamp":"2026-05-19T22:26:26.984021Z","level":"info","event":"\tat org.apache.spark.sql.execution.datasources.DataSource$.checkAndGlobPathIfNecessary(DataSource.scala:722)","logger":"airflow.task.operators.airflow.providers.docker.operators.docker.DockerOperator","filename":"docker.py","lineno":71}
{"timestamp":"2026-05-19T22:26:26.984092Z","level":"info","event":"\tat org.apache.spark.sql.execution.datasources.DataSource.checkAndGlobPathIfNecessary(DataSource.scala:551)","logger":"airflow.task.operators.airflow.providers.docker.operators.docker.DockerOperator","filename":"docker.py","lineno":71}
{"timestamp":"2026-05-19T22:26:26.984144Z","level":"info","event":"\tat org.apache.spark.sql.execution.datasources.DataSource.resolveRelation(DataSource.scala:404)","logger":"airflow.task.operators.airflow.providers.docker.operators.docker.DockerOperator","filename":"docker.py","lineno":71}
{"timestamp":"2026-05-19T22:26:26.984200Z","level":"info","event":"\tat org.apache.spark.sql.DataFrameReader.loadV1Source(DataFrameReader.scala:229)","logger":"airflow.task.operators.airflow.providers.docker.operators.docker.DockerOperator","filename":"docker.py","lineno":71}
{"timestamp":"2026-05-19T22:26:26.984254Z","level":"info","event":"\tat org.apache.spark.sql.DataFrameReader.$anonfun$load$2(DataFrameReader.scala:211)","logger":"airflow.task.operators.airflow.providers.docker.operators.docker.DockerOperator","filename":"docker.py","lineno":71}
{"timestamp":"2026-05-19T22:26:26.984321Z","level":"info","event":"\tat scala.Option.getOrElse(Option.scala:189)","logger":"airflow.task.operators.airflow.providers.docker.operators.docker.DockerOperator","filename":"docker.py","lineno":71}
{"timestamp":"2026-05-19T22:26:26.984391Z","level":"info","event":"\tat org.apache.spark.sql.DataFrameReader.load(DataFrameReader.scala:211)","logger":"airflow.task.operators.airflow.providers.docker.operators.docker.DockerOperator","filename":"docker.py","lineno":71}
{"timestamp":"2026-05-19T22:26:26.984462Z","level":"info","event":"\tat org.apache.spark.sql.DataFrameReader.load(DataFrameReader.scala:186)","logger":"airflow.task.operators.airflow.providers.docker.operators.docker.DockerOperator","filename":"docker.py","lineno":71}
{"timestamp":"2026-05-19T22:26:26.984547Z","level":"info","event":"\tat jdk.internal.reflect.GeneratedMethodAccessor10.invoke(Unknown Source)","logger":"airflow.task.operators.airflow.providers.docker.operators.docker.DockerOperator","filename":"docker.py","lineno":71}
{"timestamp":"2026-05-19T22:26:26.984605Z","level":"info","event":"\tat java.base/jdk.internal.reflect.DelegatingMethodAccessorImpl.invoke(Unknown Source)","logger":"airflow.task.operators.airflow.providers.docker.operators.docker.DockerOperator","filename":"docker.py","lineno":71}
{"timestamp":"2026-05-19T22:26:26.984658Z","level":"info","event":"\tat java.base/java.lang.reflect.Method.invoke(Unknown Source)","logger":"airflow.task.operators.airflow.providers.docker.operators.docker.DockerOperator","filename":"docker.py","lineno":71}
{"timestamp":"2026-05-19T22:26:26.984724Z","level":"info","event":"\tat py4j.reflection.MethodInvoker.invoke(MethodInvoker.java:244)","logger":"airflow.task.operators.airflow.providers.docker.operators.docker.DockerOperator","filename":"docker.py","lineno":71}
{"timestamp":"2026-05-19T22:26:26.984790Z","level":"info","event":"\tat py4j.reflection.ReflectionEngine.invoke(ReflectionEngine.java:374)","logger":"airflow.task.operators.airflow.providers.docker.operators.docker.DockerOperator","filename":"docker.py","lineno":71}
{"timestamp":"2026-05-19T22:26:26.984859Z","level":"info","event":"\tat py4j.Gateway.invoke(Gateway.java:282)","logger":"airflow.task.operators.airflow.providers.docker.operators.docker.DockerOperator","filename":"docker.py","lineno":71}
{"timestamp":"2026-05-19T22:26:26.984948Z","level":"info","event":"\tat py4j.commands.AbstractCommand.invokeMethod(AbstractCommand.java:132)","logger":"airflow.task.operators.airflow.providers.docker.operators.docker.DockerOperator","filename":"docker.py","lineno":71}
{"timestamp":"2026-05-19T22:26:26.985024Z","level":"info","event":"\tat py4j.commands.CallCommand.execute(CallCommand.java:79)","logger":"airflow.task.operators.airflow.providers.docker.operators.docker.DockerOperator","filename":"docker.py","lineno":71}
{"timestamp":"2026-05-19T22:26:26.985081Z","level":"info","event":"\tat py4j.ClientServerConnection.waitForCommands(ClientServerConnection.java:182)","logger":"airflow.task.operators.airflow.providers.docker.operators.docker.DockerOperator","filename":"docker.py","lineno":71}
{"timestamp":"2026-05-19T22:26:26.985145Z","level":"info","event":"\tat py4j.ClientServerConnection.run(ClientServerConnection.java:106)","logger":"airflow.task.operators.airflow.providers.docker.operators.docker.DockerOperator","filename":"docker.py","lineno":71}
{"timestamp":"2026-05-19T22:26:26.985211Z","level":"info","event":"\tat java.base/java.lang.Thread.run(Unknown Source)","logger":"airflow.task.operators.airflow.providers.docker.operators.docker.DockerOperator","filename":"docker.py","lineno":71}
{"timestamp":"2026-05-19T22:26:26.985275Z","level":"info","event":"Caused by: java.lang.ClassNotFoundException: Class org.apache.hadoop.fs.s3a.S3AFileSystem not found","logger":"airflow.task.operators.airflow.providers.docker.operators.docker.DockerOperator","filename":"docker.py","lineno":71}
{"timestamp":"2026-05-19T22:26:26.985346Z","level":"info","event":"\tat org.apache.hadoop.conf.Configuration.getClassByName(Configuration.java:2592)","logger":"airflow.task.operators.airflow.providers.docker.operators.docker.DockerOperator","filename":"docker.py","lineno":71}
{"timestamp":"2026-05-19T22:26:26.985414Z","level":"info","event":"\tat org.apache.hadoop.conf.Configuration.getClass(Configuration.java:2686)","logger":"airflow.task.operators.airflow.providers.docker.operators.docker.DockerOperator","filename":"docker.py","lineno":71}
{"timestamp":"2026-05-19T22:26:26.985481Z","level":"info","event":"\t... 28 more","logger":"airflow.task.operators.airflow.providers.docker.operators.docker.DockerOperator","filename":"docker.py","lineno":71}
{"timestamp":"2026-05-19T22:26:26.985552Z","level":"info","event":"","logger":"airflow.task.operators.airflow.providers.docker.operators.docker.DockerOperator","filename":"docker.py","lineno":71}
{"timestamp":"2026-05-19T22:26:26.988074Z","level":"info","event":"2026-05-19 22:26:26,987 - ERROR - Error processing table humanresources.department: An error occurred while calling o121.load.","logger":"airflow.task.operators.airflow.providers.docker.operators.docker.DockerOperator","filename":"docker.py","lineno":71}
{"timestamp":"2026-05-19T22:26:26.988180Z","level":"info","event":": java.lang.RuntimeException: java.lang.ClassNotFoundException: Class org.apache.hadoop.fs.s3a.S3AFileSystem not found","logger":"airflow.task.operators.airflow.providers.docker.operators.docker.DockerOperator","filename":"docker.py","lineno":71}
{"timestamp":"2026-05-19T22:26:26.988247Z","level":"info","event":"\tat org.apache.hadoop.conf.Configuration.getClass(Configuration.java:2688)","logger":"airflow.task.operators.airflow.providers.docker.operators.docker.DockerOperator","filename":"docker.py","lineno":71}
{"timestamp":"2026-05-19T22:26:26.988319Z","level":"info","event":"\tat org.apache.hadoop.fs.FileSystem.getFileSystemClass(FileSystem.java:3431)","logger":"airflow.task.operators.airflow.providers.docker.operators.docker.DockerOperator","filename":"docker.py","lineno":71}
{"timestamp":"2026-05-19T22:26:26.988377Z","level":"info","event":"\tat org.apache.hadoop.fs.FileSystem.createFileSystem(FileSystem.java:3466)","logger":"airflow.task.operators.airflow.providers.docker.operators.docker.DockerOperator","filename":"docker.py","lineno":71}
{"timestamp":"2026-05-19T22:26:26.988413Z","level":"info","event":"\tat org.apache.hadoop.fs.FileSystem.access$300(FileSystem.java:174)","logger":"airflow.task.operators.airflow.providers.docker.operators.docker.DockerOperator","filename":"docker.py","lineno":71}
{"timestamp":"2026-05-19T22:26:26.988503Z","level":"info","event":"\tat org.apache.hadoop.fs.FileSystem$Cache.getInternal(FileSystem.java:3574)","logger":"airflow.task.operators.airflow.providers.docker.operators.docker.DockerOperator","filename":"docker.py","lineno":71}
{"timestamp":"2026-05-19T22:26:26.988554Z","level":"info","event":"\tat org.apache.hadoop.fs.FileSystem$Cache.get(FileSystem.java:3521)","logger":"airflow.task.operators.airflow.providers.docker.operators.docker.DockerOperator","filename":"docker.py","lineno":71}
{"timestamp":"2026-05-19T22:26:26.988590Z","level":"info","event":"\tat org.apache.hadoop.fs.FileSystem.get(FileSystem.java:540)","logger":"airflow.task.operators.airflow.providers.docker.operators.docker.DockerOperator","filename":"docker.py","lineno":71}
{"timestamp":"2026-05-19T22:26:26.988622Z","level":"info","event":"\tat org.apache.hadoop.fs.Path.getFileSystem(Path.java:365)","logger":"airflow.task.operators.airflow.providers.docker.operators.docker.DockerOperator","filename":"docker.py","lineno":71}
{"timestamp":"2026-05-19T22:26:26.988654Z","level":"info","event":"\tat org.apache.spark.sql.execution.datasources.DataSource$.$anonfun$checkAndGlobPathIfNecessary$1(DataSource.scala:724)","logger":"airflow.task.operators.airflow.providers.docker.operators.docker.DockerOperator","filename":"docker.py","lineno":71}
{"timestamp":"2026-05-19T22:26:26.988687Z","level":"info","event":"\tat scala.collection.immutable.List.map(List.scala:293)","logger":"airflow.task.operators.airflow.providers.docker.operators.docker.DockerOperator","filename":"docker.py","lineno":71}
{"timestamp":"2026-05-19T22:26:26.988717Z","level":"info","event":"\tat org.apache.spark.sql.execution.datasources.DataSource$.checkAndGlobPathIfNecessary(DataSource.scala:722)","logger":"airflow.task.operators.airflow.providers.docker.operators.docker.DockerOperator","filename":"docker.py","lineno":71}
{"timestamp":"2026-05-19T22:26:26.988746Z","level":"info","event":"\tat org.apache.spark.sql.execution.datasources.DataSource.checkAndGlobPathIfNecessary(DataSource.scala:551)","logger":"airflow.task.operators.airflow.providers.docker.operators.docker.DockerOperator","filename":"docker.py","lineno":71}
{"timestamp":"2026-05-19T22:26:26.988774Z","level":"info","event":"\tat org.apache.spark.sql.execution.datasources.DataSource.resolveRelation(DataSource.scala:404)","logger":"airflow.task.operators.airflow.providers.docker.operators.docker.DockerOperator","filename":"docker.py","lineno":71}
{"timestamp":"2026-05-19T22:26:26.988804Z","level":"info","event":"\tat org.apache.spark.sql.DataFrameReader.loadV1Source(DataFrameReader.scala:229)","logger":"airflow.task.operators.airflow.providers.docker.operators.docker.DockerOperator","filename":"docker.py","lineno":71}
{"timestamp":"2026-05-19T22:26:26.988831Z","level":"info","event":"\tat org.apache.spark.sql.DataFrameReader.$anonfun$load$2(DataFrameReader.scala:211)","logger":"airflow.task.operators.airflow.providers.docker.operators.docker.DockerOperator","filename":"docker.py","lineno":71}
{"timestamp":"2026-05-19T22:26:26.988982Z","level":"info","event":"\tat scala.Option.getOrElse(Option.scala:189)","logger":"airflow.task.operators.airflow.providers.docker.operators.docker.DockerOperator","filename":"docker.py","lineno":71}
{"timestamp":"2026-05-19T22:26:26.989052Z","level":"info","event":"\tat org.apache.spark.sql.DataFrameReader.load(DataFrameReader.scala:211)","logger":"airflow.task.operators.airflow.providers.docker.operators.docker.DockerOperator","filename":"docker.py","lineno":71}
{"timestamp":"2026-05-19T22:26:26.989089Z","level":"info","event":"\tat org.apache.spark.sql.DataFrameReader.load(DataFrameReader.scala:186)","logger":"airflow.task.operators.airflow.providers.docker.operators.docker.DockerOperator","filename":"docker.py","lineno":71}
{"timestamp":"2026-05-19T22:26:26.989138Z","level":"info","event":"\tat jdk.internal.reflect.GeneratedMethodAccessor10.invoke(Unknown Source)","logger":"airflow.task.operators.airflow.providers.docker.operators.docker.DockerOperator","filename":"docker.py","lineno":71}
{"timestamp":"2026-05-19T22:26:26.989206Z","level":"info","event":"\tat java.base/jdk.internal.reflect.DelegatingMethodAccessorImpl.invoke(Unknown Source)","logger":"airflow.task.operators.airflow.providers.docker.operators.docker.DockerOperator","filename":"docker.py","lineno":71}
{"timestamp":"2026-05-19T22:26:26.989271Z","level":"info","event":"\tat java.base/java.lang.reflect.Method.invoke(Unknown Source)","logger":"airflow.task.operators.airflow.providers.docker.operators.docker.DockerOperator","filename":"docker.py","lineno":71}
{"timestamp":"2026-05-19T22:26:26.989330Z","level":"info","event":"\tat py4j.reflection.MethodInvoker.invoke(MethodInvoker.java:244)","logger":"airflow.task.operators.airflow.providers.docker.operators.docker.DockerOperator","filename":"docker.py","lineno":71}
{"timestamp":"2026-05-19T22:26:26.989395Z","level":"info","event":"\tat py4j.reflection.ReflectionEngine.invoke(ReflectionEngine.java:374)","logger":"airflow.task.operators.airflow.providers.docker.operators.docker.DockerOperator","filename":"docker.py","lineno":71}
{"timestamp":"2026-05-19T22:26:26.989463Z","level":"info","event":"\tat py4j.Gateway.invoke(Gateway.java:282)","logger":"airflow.task.operators.airflow.providers.docker.operators.docker.DockerOperator","filename":"docker.py","lineno":71}
{"timestamp":"2026-05-19T22:26:26.989532Z","level":"info","event":"\tat py4j.commands.AbstractCommand.invokeMethod(AbstractCommand.java:132)","logger":"airflow.task.operators.airflow.providers.docker.operators.docker.DockerOperator","filename":"docker.py","lineno":71}
{"timestamp":"2026-05-19T22:26:26.989602Z","level":"info","event":"\tat py4j.commands.CallCommand.execute(CallCommand.java:79)","logger":"airflow.task.operators.airflow.providers.docker.operators.docker.DockerOperator","filename":"docker.py","lineno":71}
{"timestamp":"2026-05-19T22:26:26.989670Z","level":"info","event":"\tat py4j.ClientServerConnection.waitForCommands(ClientServerConnection.java:182)","logger":"airflow.task.operators.airflow.providers.docker.operators.docker.DockerOperator","filename":"docker.py","lineno":71}
{"timestamp":"2026-05-19T22:26:26.989735Z","level":"info","event":"\tat py4j.ClientServerConnection.run(ClientServerConnection.java:106)","logger":"airflow.task.operators.airflow.providers.docker.operators.docker.DockerOperator","filename":"docker.py","lineno":71}
{"timestamp":"2026-05-19T22:26:26.989807Z","level":"info","event":"\tat java.base/java.lang.Thread.run(Unknown Source)","logger":"airflow.task.operators.airflow.providers.docker.operators.docker.DockerOperator","filename":"docker.py","lineno":71}
{"timestamp":"2026-05-19T22:26:26.989878Z","level":"info","event":"Caused by: java.lang.ClassNotFoundException: Class org.apache.hadoop.fs.s3a.S3AFileSystem not found","logger":"airflow.task.operators.airflow.providers.docker.operators.docker.DockerOperator","filename":"docker.py","lineno":71}
{"timestamp":"2026-05-19T22:26:26.989964Z","level":"info","event":"\tat org.apache.hadoop.conf.Configuration.getClassByName(Configuration.java:2592)","logger":"airflow.task.operators.airflow.providers.docker.operators.docker.DockerOperator","filename":"docker.py","lineno":71}
{"timestamp":"2026-05-19T22:26:26.990035Z","level":"info","event":"\tat org.apache.hadoop.conf.Configuration.getClass(Configuration.java:2686)","logger":"airflow.task.operators.airflow.providers.docker.operators.docker.DockerOperator","filename":"docker.py","lineno":71}
{"timestamp":"2026-05-19T22:26:26.990088Z","level":"info","event":"\t... 28 more","logger":"airflow.task.operators.airflow.providers.docker.operators.docker.DockerOperator","filename":"docker.py","lineno":71}
{"timestamp":"2026-05-19T22:26:26.990124Z","level":"info","event":"","logger":"airflow.task.operators.airflow.providers.docker.operators.docker.DockerOperator","filename":"docker.py","lineno":71}
{"timestamp":"2026-05-19T22:26:26.999861Z","level":"info","event":"2026-05-19 22:26:26,998 - ERROR - Error processing table person.person: An error occurred while calling o127.load.","logger":"airflow.task.operators.airflow.providers.docker.operators.docker.DockerOperator","filename":"docker.py","lineno":71}
{"timestamp":"2026-05-19T22:26:27.000113Z","level":"info","event":": java.lang.RuntimeException: java.lang.ClassNotFoundException: Class org.apache.hadoop.fs.s3a.S3AFileSystem not found","logger":"airflow.task.operators.airflow.providers.docker.operators.docker.DockerOperator","filename":"docker.py","lineno":71}
{"timestamp":"2026-05-19T22:26:27.000179Z","level":"info","event":"\tat org.apache.hadoop.conf.Configuration.getClass(Configuration.java:2688)","logger":"airflow.task.operators.airflow.providers.docker.operators.docker.DockerOperator","filename":"docker.py","lineno":71}
{"timestamp":"2026-05-19T22:26:27.000235Z","level":"info","event":"\tat org.apache.hadoop.fs.FileSystem.getFileSystemClass(FileSystem.java:3431)","logger":"airflow.task.operators.airflow.providers.docker.operators.docker.DockerOperator","filename":"docker.py","lineno":71}
{"timestamp":"2026-05-19T22:26:27.000289Z","level":"info","event":"\tat org.apache.hadoop.fs.FileSystem.createFileSystem(FileSystem.java:3466)","logger":"airflow.task.operators.airflow.providers.docker.operators.docker.DockerOperator","filename":"docker.py","lineno":71}
{"timestamp":"2026-05-19T22:26:27.000339Z","level":"info","event":"\tat org.apache.hadoop.fs.FileSystem.access$300(FileSystem.java:174)","logger":"airflow.task.operators.airflow.providers.docker.operators.docker.DockerOperator","filename":"docker.py","lineno":71}
{"timestamp":"2026-05-19T22:26:27.000392Z","level":"info","event":"\tat org.apache.hadoop.fs.FileSystem$Cache.getInternal(FileSystem.java:3574)","logger":"airflow.task.operators.airflow.providers.docker.operators.docker.DockerOperator","filename":"docker.py","lineno":71}
{"timestamp":"2026-05-19T22:26:27.000447Z","level":"info","event":"\tat org.apache.hadoop.fs.FileSystem$Cache.get(FileSystem.java:3521)","logger":"airflow.task.operators.airflow.providers.docker.operators.docker.DockerOperator","filename":"docker.py","lineno":71}
{"timestamp":"2026-05-19T22:26:27.000519Z","level":"info","event":"\tat org.apache.hadoop.fs.FileSystem.get(FileSystem.java:540)","logger":"airflow.task.operators.airflow.providers.docker.operators.docker.DockerOperator","filename":"docker.py","lineno":71}
{"timestamp":"2026-05-19T22:26:27.000572Z","level":"info","event":"\tat org.apache.hadoop.fs.Path.getFileSystem(Path.java:365)","logger":"airflow.task.operators.airflow.providers.docker.operators.docker.DockerOperator","filename":"docker.py","lineno":71}
{"timestamp":"2026-05-19T22:26:27.000623Z","level":"info","event":"\tat org.apache.spark.sql.execution.datasources.DataSource$.$anonfun$checkAndGlobPathIfNecessary$1(DataSource.scala:724)","logger":"airflow.task.operators.airflow.providers.docker.operators.docker.DockerOperator","filename":"docker.py","lineno":71}
{"timestamp":"2026-05-19T22:26:27.000674Z","level":"info","event":"\tat scala.collection.immutable.List.map(List.scala:293)","logger":"airflow.task.operators.airflow.providers.docker.operators.docker.DockerOperator","filename":"docker.py","lineno":71}
{"timestamp":"2026-05-19T22:26:27.000724Z","level":"info","event":"\tat org.apache.spark.sql.execution.datasources.DataSource$.checkAndGlobPathIfNecessary(DataSource.scala:722)","logger":"airflow.task.operators.airflow.providers.docker.operators.docker.DockerOperator","filename":"docker.py","lineno":71}
{"timestamp":"2026-05-19T22:26:27.000779Z","level":"info","event":"\tat org.apache.spark.sql.execution.datasources.DataSource.checkAndGlobPathIfNecessary(DataSource.scala:551)","logger":"airflow.task.operators.airflow.providers.docker.operators.docker.DockerOperator","filename":"docker.py","lineno":71}
{"timestamp":"2026-05-19T22:26:27.000837Z","level":"info","event":"\tat org.apache.spark.sql.execution.datasources.DataSource.resolveRelation(DataSource.scala:404)","logger":"airflow.task.operators.airflow.providers.docker.operators.docker.DockerOperator","filename":"docker.py","lineno":71}
{"timestamp":"2026-05-19T22:26:27.000891Z","level":"info","event":"\tat org.apache.spark.sql.DataFrameReader.loadV1Source(DataFrameReader.scala:229)","logger":"airflow.task.operators.airflow.providers.docker.operators.docker.DockerOperator","filename":"docker.py","lineno":71}
{"timestamp":"2026-05-19T22:26:27.000979Z","level":"info","event":"\tat org.apache.spark.sql.DataFrameReader.$anonfun$load$2(DataFrameReader.scala:211)","logger":"airflow.task.operators.airflow.providers.docker.operators.docker.DockerOperator","filename":"docker.py","lineno":71}
{"timestamp":"2026-05-19T22:26:27.001033Z","level":"info","event":"\tat scala.Option.getOrElse(Option.scala:189)","logger":"airflow.task.operators.airflow.providers.docker.operators.docker.DockerOperator","filename":"docker.py","lineno":71}
{"timestamp":"2026-05-19T22:26:27.001091Z","level":"info","event":"\tat org.apache.spark.sql.DataFrameReader.load(DataFrameReader.scala:211)","logger":"airflow.task.operators.airflow.providers.docker.operators.docker.DockerOperator","filename":"docker.py","lineno":71}
{"timestamp":"2026-05-19T22:26:27.001146Z","level":"info","event":"\tat org.apache.spark.sql.DataFrameReader.load(DataFrameReader.scala:186)","logger":"airflow.task.operators.airflow.providers.docker.operators.docker.DockerOperator","filename":"docker.py","lineno":71}
{"timestamp":"2026-05-19T22:26:27.001196Z","level":"info","event":"\tat jdk.internal.reflect.GeneratedMethodAccessor10.invoke(Unknown Source)","logger":"airflow.task.operators.airflow.providers.docker.operators.docker.DockerOperator","filename":"docker.py","lineno":71}
{"timestamp":"2026-05-19T22:26:27.001247Z","level":"info","event":"\tat java.base/jdk.internal.reflect.DelegatingMethodAccessorImpl.invoke(Unknown Source)","logger":"airflow.task.operators.airflow.providers.docker.operators.docker.DockerOperator","filename":"docker.py","lineno":71}
{"timestamp":"2026-05-19T22:26:27.001297Z","level":"info","event":"\tat java.base/java.lang.reflect.Method.invoke(Unknown Source)","logger":"airflow.task.operators.airflow.providers.docker.operators.docker.DockerOperator","filename":"docker.py","lineno":71}
{"timestamp":"2026-05-19T22:26:27.001349Z","level":"info","event":"\tat py4j.reflection.MethodInvoker.invoke(MethodInvoker.java:244)","logger":"airflow.task.operators.airflow.providers.docker.operators.docker.DockerOperator","filename":"docker.py","lineno":71}
{"timestamp":"2026-05-19T22:26:27.001403Z","level":"info","event":"\tat py4j.reflection.ReflectionEngine.invoke(ReflectionEngine.java:374)","logger":"airflow.task.operators.airflow.providers.docker.operators.docker.DockerOperator","filename":"docker.py","lineno":71}
{"timestamp":"2026-05-19T22:26:27.001472Z","level":"info","event":"\tat py4j.Gateway.invoke(Gateway.java:282)","logger":"airflow.task.operators.airflow.providers.docker.operators.docker.DockerOperator","filename":"docker.py","lineno":71}
{"timestamp":"2026-05-19T22:26:27.001523Z","level":"info","event":"\tat py4j.commands.AbstractCommand.invokeMethod(AbstractCommand.java:132)","logger":"airflow.task.operators.airflow.providers.docker.operators.docker.DockerOperator","filename":"docker.py","lineno":71}
{"timestamp":"2026-05-19T22:26:27.001572Z","level":"info","event":"\tat py4j.commands.CallCommand.execute(CallCommand.java:79)","logger":"airflow.task.operators.airflow.providers.docker.operators.docker.DockerOperator","filename":"docker.py","lineno":71}
{"timestamp":"2026-05-19T22:26:27.001620Z","level":"info","event":"\tat py4j.ClientServerConnection.waitForCommands(ClientServerConnection.java:182)","logger":"airflow.task.operators.airflow.providers.docker.operators.docker.DockerOperator","filename":"docker.py","lineno":71}
{"timestamp":"2026-05-19T22:26:27.001669Z","level":"info","event":"\tat py4j.ClientServerConnection.run(ClientServerConnection.java:106)","logger":"airflow.task.operators.airflow.providers.docker.operators.docker.DockerOperator","filename":"docker.py","lineno":71}
{"timestamp":"2026-05-19T22:26:27.001718Z","level":"info","event":"\tat java.base/java.lang.Thread.run(Unknown Source)","logger":"airflow.task.operators.airflow.providers.docker.operators.docker.DockerOperator","filename":"docker.py","lineno":71}
{"timestamp":"2026-05-19T22:26:27.001766Z","level":"info","event":"Caused by: java.lang.ClassNotFoundException: Class org.apache.hadoop.fs.s3a.S3AFileSystem not found","logger":"airflow.task.operators.airflow.providers.docker.operators.docker.DockerOperator","filename":"docker.py","lineno":71}
{"timestamp":"2026-05-19T22:26:27.001814Z","level":"info","event":"\tat org.apache.hadoop.conf.Configuration.getClassByName(Configuration.java:2592)","logger":"airflow.task.operators.airflow.providers.docker.operators.docker.DockerOperator","filename":"docker.py","lineno":71}
{"timestamp":"2026-05-19T22:26:27.001862Z","level":"info","event":"\tat org.apache.hadoop.conf.Configuration.getClass(Configuration.java:2686)","logger":"airflow.task.operators.airflow.providers.docker.operators.docker.DockerOperator","filename":"docker.py","lineno":71}
{"timestamp":"2026-05-19T22:26:27.001934Z","level":"info","event":"\t... 28 more","logger":"airflow.task.operators.airflow.providers.docker.operators.docker.DockerOperator","filename":"docker.py","lineno":71}
{"timestamp":"2026-05-19T22:26:27.001989Z","level":"info","event":"","logger":"airflow.task.operators.airflow.providers.docker.operators.docker.DockerOperator","filename":"docker.py","lineno":71}
{"timestamp":"2026-05-19T22:26:27.004136Z","level":"info","event":"2026-05-19 22:26:27,003 - ERROR - Error processing table person.stateprovince: An error occurred while calling o131.load.","logger":"airflow.task.operators.airflow.providers.docker.operators.docker.DockerOperator","filename":"docker.py","lineno":71}
{"timestamp":"2026-05-19T22:26:27.004237Z","level":"info","event":": java.lang.RuntimeException: java.lang.ClassNotFoundException: Class org.apache.hadoop.fs.s3a.S3AFileSystem not found","logger":"airflow.task.operators.airflow.providers.docker.operators.docker.DockerOperator","filename":"docker.py","lineno":71}
{"timestamp":"2026-05-19T22:26:27.004297Z","level":"info","event":"\tat org.apache.hadoop.conf.Configuration.getClass(Configuration.java:2688)","logger":"airflow.task.operators.airflow.providers.docker.operators.docker.DockerOperator","filename":"docker.py","lineno":71}
{"timestamp":"2026-05-19T22:26:27.004349Z","level":"info","event":"\tat org.apache.hadoop.fs.FileSystem.getFileSystemClass(FileSystem.java:3431)","logger":"airflow.task.operators.airflow.providers.docker.operators.docker.DockerOperator","filename":"docker.py","lineno":71}
{"timestamp":"2026-05-19T22:26:27.004399Z","level":"info","event":"\tat org.apache.hadoop.fs.FileSystem.createFileSystem(FileSystem.java:3466)","logger":"airflow.task.operators.airflow.providers.docker.operators.docker.DockerOperator","filename":"docker.py","lineno":71}
{"timestamp":"2026-05-19T22:26:27.004455Z","level":"info","event":"\tat org.apache.hadoop.fs.FileSystem.access$300(FileSystem.java:174)","logger":"airflow.task.operators.airflow.providers.docker.operators.docker.DockerOperator","filename":"docker.py","lineno":71}
{"timestamp":"2026-05-19T22:26:27.004505Z","level":"info","event":"\tat org.apache.hadoop.fs.FileSystem$Cache.getInternal(FileSystem.java:3574)","logger":"airflow.task.operators.airflow.providers.docker.operators.docker.DockerOperator","filename":"docker.py","lineno":71}
{"timestamp":"2026-05-19T22:26:27.004554Z","level":"info","event":"\tat org.apache.hadoop.fs.FileSystem$Cache.get(FileSystem.java:3521)","logger":"airflow.task.operators.airflow.providers.docker.operators.docker.DockerOperator","filename":"docker.py","lineno":71}
{"timestamp":"2026-05-19T22:26:27.004600Z","level":"info","event":"\tat org.apache.hadoop.fs.FileSystem.get(FileSystem.java:540)","logger":"airflow.task.operators.airflow.providers.docker.operators.docker.DockerOperator","filename":"docker.py","lineno":71}
{"timestamp":"2026-05-19T22:26:27.004654Z","level":"info","event":"\tat org.apache.hadoop.fs.Path.getFileSystem(Path.java:365)","logger":"airflow.task.operators.airflow.providers.docker.operators.docker.DockerOperator","filename":"docker.py","lineno":71}
{"timestamp":"2026-05-19T22:26:27.004701Z","level":"info","event":"\tat org.apache.spark.sql.execution.datasources.DataSource$.$anonfun$checkAndGlobPathIfNecessary$1(DataSource.scala:724)","logger":"airflow.task.operators.airflow.providers.docker.operators.docker.DockerOperator","filename":"docker.py","lineno":71}
{"timestamp":"2026-05-19T22:26:27.004747Z","level":"info","event":"\tat scala.collection.immutable.List.map(List.scala:293)","logger":"airflow.task.operators.airflow.providers.docker.operators.docker.DockerOperator","filename":"docker.py","lineno":71}
{"timestamp":"2026-05-19T22:26:27.004793Z","level":"info","event":"\tat org.apache.spark.sql.execution.datasources.DataSource$.checkAndGlobPathIfNecessary(DataSource.scala:722)","logger":"airflow.task.operators.airflow.providers.docker.operators.docker.DockerOperator","filename":"docker.py","lineno":71}
{"timestamp":"2026-05-19T22:26:27.004841Z","level":"info","event":"\tat org.apache.spark.sql.execution.datasources.DataSource.checkAndGlobPathIfNecessary(DataSource.scala:551)","logger":"airflow.task.operators.airflow.providers.docker.operators.docker.DockerOperator","filename":"docker.py","lineno":71}
{"timestamp":"2026-05-19T22:26:27.004951Z","level":"info","event":"\tat org.apache.spark.sql.execution.datasources.DataSource.resolveRelation(DataSource.scala:404)","logger":"airflow.task.operators.airflow.providers.docker.operators.docker.DockerOperator","filename":"docker.py","lineno":71}
{"timestamp":"2026-05-19T22:26:27.005014Z","level":"info","event":"\tat org.apache.spark.sql.DataFrameReader.loadV1Source(DataFrameReader.scala:229)","logger":"airflow.task.operators.airflow.providers.docker.operators.docker.DockerOperator","filename":"docker.py","lineno":71}
{"timestamp":"2026-05-19T22:26:27.005062Z","level":"info","event":"\tat org.apache.spark.sql.DataFrameReader.$anonfun$load$2(DataFrameReader.scala:211)","logger":"airflow.task.operators.airflow.providers.docker.operators.docker.DockerOperator","filename":"docker.py","lineno":71}
{"timestamp":"2026-05-19T22:26:27.005107Z","level":"info","event":"\tat scala.Option.getOrElse(Option.scala:189)","logger":"airflow.task.operators.airflow.providers.docker.operators.docker.DockerOperator","filename":"docker.py","lineno":71}
{"timestamp":"2026-05-19T22:26:27.005152Z","level":"info","event":"\tat org.apache.spark.sql.DataFrameReader.load(DataFrameReader.scala:211)","logger":"airflow.task.operators.airflow.providers.docker.operators.docker.DockerOperator","filename":"docker.py","lineno":71}
{"timestamp":"2026-05-19T22:26:27.005197Z","level":"info","event":"\tat org.apache.spark.sql.DataFrameReader.load(DataFrameReader.scala:186)","logger":"airflow.task.operators.airflow.providers.docker.operators.docker.DockerOperator","filename":"docker.py","lineno":71}
{"timestamp":"2026-05-19T22:26:27.005242Z","level":"info","event":"\tat jdk.internal.reflect.GeneratedMethodAccessor10.invoke(Unknown Source)","logger":"airflow.task.operators.airflow.providers.docker.operators.docker.DockerOperator","filename":"docker.py","lineno":71}
{"timestamp":"2026-05-19T22:26:27.005289Z","level":"info","event":"\tat java.base/jdk.internal.reflect.DelegatingMethodAccessorImpl.invoke(Unknown Source)","logger":"airflow.task.operators.airflow.providers.docker.operators.docker.DockerOperator","filename":"docker.py","lineno":71}
{"timestamp":"2026-05-19T22:26:27.005337Z","level":"info","event":"\tat java.base/java.lang.reflect.Method.invoke(Unknown Source)","logger":"airflow.task.operators.airflow.providers.docker.operators.docker.DockerOperator","filename":"docker.py","lineno":71}
{"timestamp":"2026-05-19T22:26:27.005387Z","level":"info","event":"\tat py4j.reflection.MethodInvoker.invoke(MethodInvoker.java:244)","logger":"airflow.task.operators.airflow.providers.docker.operators.docker.DockerOperator","filename":"docker.py","lineno":71}
{"timestamp":"2026-05-19T22:26:27.005442Z","level":"info","event":"\tat py4j.reflection.ReflectionEngine.invoke(ReflectionEngine.java:374)","logger":"airflow.task.operators.airflow.providers.docker.operators.docker.DockerOperator","filename":"docker.py","lineno":71}
{"timestamp":"2026-05-19T22:26:27.005499Z","level":"info","event":"\tat py4j.Gateway.invoke(Gateway.java:282)","logger":"airflow.task.operators.airflow.providers.docker.operators.docker.DockerOperator","filename":"docker.py","lineno":71}
{"timestamp":"2026-05-19T22:26:27.005550Z","level":"info","event":"\tat py4j.commands.AbstractCommand.invokeMethod(AbstractCommand.java:132)","logger":"airflow.task.operators.airflow.providers.docker.operators.docker.DockerOperator","filename":"docker.py","lineno":71}
{"timestamp":"2026-05-19T22:26:27.005599Z","level":"info","event":"\tat py4j.commands.CallCommand.execute(CallCommand.java:79)","logger":"airflow.task.operators.airflow.providers.docker.operators.docker.DockerOperator","filename":"docker.py","lineno":71}
{"timestamp":"2026-05-19T22:26:27.005648Z","level":"info","event":"\tat py4j.ClientServerConnection.waitForCommands(ClientServerConnection.java:182)","logger":"airflow.task.operators.airflow.providers.docker.operators.docker.DockerOperator","filename":"docker.py","lineno":71}
{"timestamp":"2026-05-19T22:26:27.005696Z","level":"info","event":"\tat py4j.ClientServerConnection.run(ClientServerConnection.java:106)","logger":"airflow.task.operators.airflow.providers.docker.operators.docker.DockerOperator","filename":"docker.py","lineno":71}
{"timestamp":"2026-05-19T22:26:27.005742Z","level":"info","event":"\tat java.base/java.lang.Thread.run(Unknown Source)","logger":"airflow.task.operators.airflow.providers.docker.operators.docker.DockerOperator","filename":"docker.py","lineno":71}
{"timestamp":"2026-05-19T22:26:27.005789Z","level":"info","event":"Caused by: java.lang.ClassNotFoundException: Class org.apache.hadoop.fs.s3a.S3AFileSystem not found","logger":"airflow.task.operators.airflow.providers.docker.operators.docker.DockerOperator","filename":"docker.py","lineno":71}
{"timestamp":"2026-05-19T22:26:27.005837Z","level":"info","event":"\tat org.apache.hadoop.conf.Configuration.getClassByName(Configuration.java:2592)","logger":"airflow.task.operators.airflow.providers.docker.operators.docker.DockerOperator","filename":"docker.py","lineno":71}
{"timestamp":"2026-05-19T22:26:27.005884Z","level":"info","event":"\tat org.apache.hadoop.conf.Configuration.getClass(Configuration.java:2686)","logger":"airflow.task.operators.airflow.providers.docker.operators.docker.DockerOperator","filename":"docker.py","lineno":71}
{"timestamp":"2026-05-19T22:26:27.005964Z","level":"info","event":"\t... 28 more","logger":"airflow.task.operators.airflow.providers.docker.operators.docker.DockerOperator","filename":"docker.py","lineno":71}
{"timestamp":"2026-05-19T22:26:27.006015Z","level":"info","event":"","logger":"airflow.task.operators.airflow.providers.docker.operators.docker.DockerOperator","filename":"docker.py","lineno":71}
{"timestamp":"2026-05-19T22:26:27.009829Z","level":"info","event":"2026-05-19 22:26:27,009 - ERROR - Error processing table person.countryregion: An error occurred while calling o125.load.","logger":"airflow.task.operators.airflow.providers.docker.operators.docker.DockerOperator","filename":"docker.py","lineno":71}
{"timestamp":"2026-05-19T22:26:27.010048Z","level":"info","event":": java.lang.RuntimeException: java.lang.ClassNotFoundException: Class org.apache.hadoop.fs.s3a.S3AFileSystem not found","logger":"airflow.task.operators.airflow.providers.docker.operators.docker.DockerOperator","filename":"docker.py","lineno":71}
{"timestamp":"2026-05-19T22:26:27.010115Z","level":"info","event":"\tat org.apache.hadoop.conf.Configuration.getClass(Configuration.java:2688)","logger":"airflow.task.operators.airflow.providers.docker.operators.docker.DockerOperator","filename":"docker.py","lineno":71}
{"timestamp":"2026-05-19T22:26:27.010173Z","level":"info","event":"\tat org.apache.hadoop.fs.FileSystem.getFileSystemClass(FileSystem.java:3431)","logger":"airflow.task.operators.airflow.providers.docker.operators.docker.DockerOperator","filename":"docker.py","lineno":71}
{"timestamp":"2026-05-19T22:26:27.010230Z","level":"info","event":"\tat org.apache.hadoop.fs.FileSystem.createFileSystem(FileSystem.java:3466)","logger":"airflow.task.operators.airflow.providers.docker.operators.docker.DockerOperator","filename":"docker.py","lineno":71}
{"timestamp":"2026-05-19T22:26:27.010284Z","level":"info","event":"\tat org.apache.hadoop.fs.FileSystem.access$300(FileSystem.java:174)","logger":"airflow.task.operators.airflow.providers.docker.operators.docker.DockerOperator","filename":"docker.py","lineno":71}
{"timestamp":"2026-05-19T22:26:27.010336Z","level":"info","event":"\tat org.apache.hadoop.fs.FileSystem$Cache.getInternal(FileSystem.java:3574)","logger":"airflow.task.operators.airflow.providers.docker.operators.docker.DockerOperator","filename":"docker.py","lineno":71}
{"timestamp":"2026-05-19T22:26:27.010393Z","level":"info","event":"\tat org.apache.hadoop.fs.FileSystem$Cache.get(FileSystem.java:3521)","logger":"airflow.task.operators.airflow.providers.docker.operators.docker.DockerOperator","filename":"docker.py","lineno":71}
{"timestamp":"2026-05-19T22:26:27.010457Z","level":"info","event":"\tat org.apache.hadoop.fs.FileSystem.get(FileSystem.java:540)","logger":"airflow.task.operators.airflow.providers.docker.operators.docker.DockerOperator","filename":"docker.py","lineno":71}
{"timestamp":"2026-05-19T22:26:27.010521Z","level":"info","event":"\tat org.apache.hadoop.fs.Path.getFileSystem(Path.java:365)","logger":"airflow.task.operators.airflow.providers.docker.operators.docker.DockerOperator","filename":"docker.py","lineno":71}
{"timestamp":"2026-05-19T22:26:27.010587Z","level":"info","event":"\tat org.apache.spark.sql.execution.datasources.DataSource$.$anonfun$checkAndGlobPathIfNecessary$1(DataSource.scala:724)","logger":"airflow.task.operators.airflow.providers.docker.operators.docker.DockerOperator","filename":"docker.py","lineno":71}
{"timestamp":"2026-05-19T22:26:27.010654Z","level":"info","event":"\tat scala.collection.immutable.List.map(List.scala:293)","logger":"airflow.task.operators.airflow.providers.docker.operators.docker.DockerOperator","filename":"docker.py","lineno":71}
{"timestamp":"2026-05-19T22:26:27.010721Z","level":"info","event":"\tat org.apache.spark.sql.execution.datasources.DataSource$.checkAndGlobPathIfNecessary(DataSource.scala:722)","logger":"airflow.task.operators.airflow.providers.docker.operators.docker.DockerOperator","filename":"docker.py","lineno":71}
{"timestamp":"2026-05-19T22:26:27.010777Z","level":"info","event":"\tat org.apache.spark.sql.execution.datasources.DataSource.checkAndGlobPathIfNecessary(DataSource.scala:551)","logger":"airflow.task.operators.airflow.providers.docker.operators.docker.DockerOperator","filename":"docker.py","lineno":71}
{"timestamp":"2026-05-19T22:26:27.010837Z","level":"info","event":"\tat org.apache.spark.sql.execution.datasources.DataSource.resolveRelation(DataSource.scala:404)","logger":"airflow.task.operators.airflow.providers.docker.operators.docker.DockerOperator","filename":"docker.py","lineno":71}
{"timestamp":"2026-05-19T22:26:27.010927Z","level":"info","event":"\tat org.apache.spark.sql.DataFrameReader.loadV1Source(DataFrameReader.scala:229)","logger":"airflow.task.operators.airflow.providers.docker.operators.docker.DockerOperator","filename":"docker.py","lineno":71}
{"timestamp":"2026-05-19T22:26:27.010991Z","level":"info","event":"\tat org.apache.spark.sql.DataFrameReader.$anonfun$load$2(DataFrameReader.scala:211)","logger":"airflow.task.operators.airflow.providers.docker.operators.docker.DockerOperator","filename":"docker.py","lineno":71}
{"timestamp":"2026-05-19T22:26:27.011068Z","level":"info","event":"\tat scala.Option.getOrElse(Option.scala:189)","logger":"airflow.task.operators.airflow.providers.docker.operators.docker.DockerOperator","filename":"docker.py","lineno":71}
{"timestamp":"2026-05-19T22:26:27.011124Z","level":"info","event":"\tat org.apache.spark.sql.DataFrameReader.load(DataFrameReader.scala:211)","logger":"airflow.task.operators.airflow.providers.docker.operators.docker.DockerOperator","filename":"docker.py","lineno":71}
{"timestamp":"2026-05-19T22:26:27.011180Z","level":"info","event":"\tat org.apache.spark.sql.DataFrameReader.load(DataFrameReader.scala:186)","logger":"airflow.task.operators.airflow.providers.docker.operators.docker.DockerOperator","filename":"docker.py","lineno":71}
{"timestamp":"2026-05-19T22:26:27.011235Z","level":"info","event":"\tat jdk.internal.reflect.GeneratedMethodAccessor10.invoke(Unknown Source)","logger":"airflow.task.operators.airflow.providers.docker.operators.docker.DockerOperator","filename":"docker.py","lineno":71}
{"timestamp":"2026-05-19T22:26:27.011296Z","level":"info","event":"\tat java.base/jdk.internal.reflect.DelegatingMethodAccessorImpl.invoke(Unknown Source)","logger":"airflow.task.operators.airflow.providers.docker.operators.docker.DockerOperator","filename":"docker.py","lineno":71}
{"timestamp":"2026-05-19T22:26:27.011361Z","level":"info","event":"\tat java.base/java.lang.reflect.Method.invoke(Unknown Source)","logger":"airflow.task.operators.airflow.providers.docker.operators.docker.DockerOperator","filename":"docker.py","lineno":71}
{"timestamp":"2026-05-19T22:26:27.011426Z","level":"info","event":"\tat py4j.reflection.MethodInvoker.invoke(MethodInvoker.java:244)","logger":"airflow.task.operators.airflow.providers.docker.operators.docker.DockerOperator","filename":"docker.py","lineno":71}
{"timestamp":"2026-05-19T22:26:27.011494Z","level":"info","event":"\tat py4j.reflection.ReflectionEngine.invoke(ReflectionEngine.java:374)","logger":"airflow.task.operators.airflow.providers.docker.operators.docker.DockerOperator","filename":"docker.py","lineno":71}
{"timestamp":"2026-05-19T22:26:27.011564Z","level":"info","event":"\tat py4j.Gateway.invoke(Gateway.java:282)","logger":"airflow.task.operators.airflow.providers.docker.operators.docker.DockerOperator","filename":"docker.py","lineno":71}
{"timestamp":"2026-05-19T22:26:27.011628Z","level":"info","event":"\tat py4j.commands.AbstractCommand.invokeMethod(AbstractCommand.java:132)","logger":"airflow.task.operators.airflow.providers.docker.operators.docker.DockerOperator","filename":"docker.py","lineno":71}
{"timestamp":"2026-05-19T22:26:27.011687Z","level":"info","event":"\tat py4j.commands.CallCommand.execute(CallCommand.java:79)","logger":"airflow.task.operators.airflow.providers.docker.operators.docker.DockerOperator","filename":"docker.py","lineno":71}
{"timestamp":"2026-05-19T22:26:27.011757Z","level":"info","event":"\tat py4j.ClientServerConnection.waitForCommands(ClientServerConnection.java:182)","logger":"airflow.task.operators.airflow.providers.docker.operators.docker.DockerOperator","filename":"docker.py","lineno":71}
{"timestamp":"2026-05-19T22:26:27.011825Z","level":"info","event":"\tat py4j.ClientServerConnection.run(ClientServerConnection.java:106)","logger":"airflow.task.operators.airflow.providers.docker.operators.docker.DockerOperator","filename":"docker.py","lineno":71}
{"timestamp":"2026-05-19T22:26:27.011963Z","level":"info","event":"\tat java.base/java.lang.Thread.run(Unknown Source)","logger":"airflow.task.operators.airflow.providers.docker.operators.docker.DockerOperator","filename":"docker.py","lineno":71}
{"timestamp":"2026-05-19T22:26:27.012066Z","level":"info","event":"Caused by: java.lang.ClassNotFoundException: Class org.apache.hadoop.fs.s3a.S3AFileSystem not found","logger":"airflow.task.operators.airflow.providers.docker.operators.docker.DockerOperator","filename":"docker.py","lineno":71}
{"timestamp":"2026-05-19T22:26:27.012141Z","level":"info","event":"\tat org.apache.hadoop.conf.Configuration.getClassByName(Configuration.java:2592)","logger":"airflow.task.operators.airflow.providers.docker.operators.docker.DockerOperator","filename":"docker.py","lineno":71}
{"timestamp":"2026-05-19T22:26:27.012212Z","level":"info","event":"\tat org.apache.hadoop.conf.Configuration.getClass(Configuration.java:2686)","logger":"airflow.task.operators.airflow.providers.docker.operators.docker.DockerOperator","filename":"docker.py","lineno":71}
{"timestamp":"2026-05-19T22:26:27.012284Z","level":"info","event":"\t... 28 more","logger":"airflow.task.operators.airflow.providers.docker.operators.docker.DockerOperator","filename":"docker.py","lineno":71}
{"timestamp":"2026-05-19T22:26:27.012354Z","level":"info","event":"","logger":"airflow.task.operators.airflow.providers.docker.operators.docker.DockerOperator","filename":"docker.py","lineno":71}
{"timestamp":"2026-05-19T22:26:27.045212Z","level":"info","event":"2026-05-19 22:26:27,044 - ERROR - Error processing table person.address: An error occurred while calling o142.load.","logger":"airflow.task.operators.airflow.providers.docker.operators.docker.DockerOperator","filename":"docker.py","lineno":71}
{"timestamp":"2026-05-19T22:26:27.045372Z","level":"info","event":": java.lang.RuntimeException: java.lang.ClassNotFoundException: Class org.apache.hadoop.fs.s3a.S3AFileSystem not found","logger":"airflow.task.operators.airflow.providers.docker.operators.docker.DockerOperator","filename":"docker.py","lineno":71}
{"timestamp":"2026-05-19T22:26:27.045436Z","level":"info","event":"\tat org.apache.hadoop.conf.Configuration.getClass(Configuration.java:2688)","logger":"airflow.task.operators.airflow.providers.docker.operators.docker.DockerOperator","filename":"docker.py","lineno":71}
{"timestamp":"2026-05-19T22:26:27.045480Z","level":"info","event":"\tat org.apache.hadoop.fs.FileSystem.getFileSystemClass(FileSystem.java:3431)","logger":"airflow.task.operators.airflow.providers.docker.operators.docker.DockerOperator","filename":"docker.py","lineno":71}
{"timestamp":"2026-05-19T22:26:27.045513Z","level":"info","event":"\tat org.apache.hadoop.fs.FileSystem.createFileSystem(FileSystem.java:3466)","logger":"airflow.task.operators.airflow.providers.docker.operators.docker.DockerOperator","filename":"docker.py","lineno":71}
{"timestamp":"2026-05-19T22:26:27.045544Z","level":"info","event":"\tat org.apache.hadoop.fs.FileSystem.access$300(FileSystem.java:174)","logger":"airflow.task.operators.airflow.providers.docker.operators.docker.DockerOperator","filename":"docker.py","lineno":71}
{"timestamp":"2026-05-19T22:26:27.045574Z","level":"info","event":"\tat org.apache.hadoop.fs.FileSystem$Cache.getInternal(FileSystem.java:3574)","logger":"airflow.task.operators.airflow.providers.docker.operators.docker.DockerOperator","filename":"docker.py","lineno":71}
{"timestamp":"2026-05-19T22:26:27.045604Z","level":"info","event":"\tat org.apache.hadoop.fs.FileSystem$Cache.get(FileSystem.java:3521)","logger":"airflow.task.operators.airflow.providers.docker.operators.docker.DockerOperator","filename":"docker.py","lineno":71}
{"timestamp":"2026-05-19T22:26:27.045634Z","level":"info","event":"\tat org.apache.hadoop.fs.FileSystem.get(FileSystem.java:540)","logger":"airflow.task.operators.airflow.providers.docker.operators.docker.DockerOperator","filename":"docker.py","lineno":71}
{"timestamp":"2026-05-19T22:26:27.045664Z","level":"info","event":"\tat org.apache.hadoop.fs.Path.getFileSystem(Path.java:365)","logger":"airflow.task.operators.airflow.providers.docker.operators.docker.DockerOperator","filename":"docker.py","lineno":71}
{"timestamp":"2026-05-19T22:26:27.045694Z","level":"info","event":"\tat org.apache.spark.sql.execution.datasources.DataSource$.$anonfun$checkAndGlobPathIfNecessary$1(DataSource.scala:724)","logger":"airflow.task.operators.airflow.providers.docker.operators.docker.DockerOperator","filename":"docker.py","lineno":71}
{"timestamp":"2026-05-19T22:26:27.045725Z","level":"info","event":"\tat scala.collection.immutable.List.map(List.scala:293)","logger":"airflow.task.operators.airflow.providers.docker.operators.docker.DockerOperator","filename":"docker.py","lineno":71}
{"timestamp":"2026-05-19T22:26:27.045755Z","level":"info","event":"\tat org.apache.spark.sql.execution.datasources.DataSource$.checkAndGlobPathIfNecessary(DataSource.scala:722)","logger":"airflow.task.operators.airflow.providers.docker.operators.docker.DockerOperator","filename":"docker.py","lineno":71}
{"timestamp":"2026-05-19T22:26:27.045786Z","level":"info","event":"\tat org.apache.spark.sql.execution.datasources.DataSource.checkAndGlobPathIfNecessary(DataSource.scala:551)","logger":"airflow.task.operators.airflow.providers.docker.operators.docker.DockerOperator","filename":"docker.py","lineno":71}
{"timestamp":"2026-05-19T22:26:27.045815Z","level":"info","event":"\tat org.apache.spark.sql.execution.datasources.DataSource.resolveRelation(DataSource.scala:404)","logger":"airflow.task.operators.airflow.providers.docker.operators.docker.DockerOperator","filename":"docker.py","lineno":71}
{"timestamp":"2026-05-19T22:26:27.045845Z","level":"info","event":"\tat org.apache.spark.sql.DataFrameReader.loadV1Source(DataFrameReader.scala:229)","logger":"airflow.task.operators.airflow.providers.docker.operators.docker.DockerOperator","filename":"docker.py","lineno":71}
{"timestamp":"2026-05-19T22:26:27.045875Z","level":"info","event":"\tat org.apache.spark.sql.DataFrameReader.$anonfun$load$2(DataFrameReader.scala:211)","logger":"airflow.task.operators.airflow.providers.docker.operators.docker.DockerOperator","filename":"docker.py","lineno":71}
{"timestamp":"2026-05-19T22:26:27.045957Z","level":"info","event":"\tat scala.Option.getOrElse(Option.scala:189)","logger":"airflow.task.operators.airflow.providers.docker.operators.docker.DockerOperator","filename":"docker.py","lineno":71}
{"timestamp":"2026-05-19T22:26:27.045994Z","level":"info","event":"\tat org.apache.spark.sql.DataFrameReader.load(DataFrameReader.scala:211)","logger":"airflow.task.operators.airflow.providers.docker.operators.docker.DockerOperator","filename":"docker.py","lineno":71}
{"timestamp":"2026-05-19T22:26:27.046024Z","level":"info","event":"\tat org.apache.spark.sql.DataFrameReader.load(DataFrameReader.scala:186)","logger":"airflow.task.operators.airflow.providers.docker.operators.docker.DockerOperator","filename":"docker.py","lineno":71}
{"timestamp":"2026-05-19T22:26:27.046054Z","level":"info","event":"\tat jdk.internal.reflect.GeneratedMethodAccessor10.invoke(Unknown Source)","logger":"airflow.task.operators.airflow.providers.docker.operators.docker.DockerOperator","filename":"docker.py","lineno":71}
{"timestamp":"2026-05-19T22:26:27.046084Z","level":"info","event":"\tat java.base/jdk.internal.reflect.DelegatingMethodAccessorImpl.invoke(Unknown Source)","logger":"airflow.task.operators.airflow.providers.docker.operators.docker.DockerOperator","filename":"docker.py","lineno":71}
{"timestamp":"2026-05-19T22:26:27.046113Z","level":"info","event":"\tat java.base/java.lang.reflect.Method.invoke(Unknown Source)","logger":"airflow.task.operators.airflow.providers.docker.operators.docker.DockerOperator","filename":"docker.py","lineno":71}
{"timestamp":"2026-05-19T22:26:27.046142Z","level":"info","event":"\tat py4j.reflection.MethodInvoker.invoke(MethodInvoker.java:244)","logger":"airflow.task.operators.airflow.providers.docker.operators.docker.DockerOperator","filename":"docker.py","lineno":71}
{"timestamp":"2026-05-19T22:26:27.046170Z","level":"info","event":"\tat py4j.reflection.ReflectionEngine.invoke(ReflectionEngine.java:374)","logger":"airflow.task.operators.airflow.providers.docker.operators.docker.DockerOperator","filename":"docker.py","lineno":71}
{"timestamp":"2026-05-19T22:26:27.046198Z","level":"info","event":"\tat py4j.Gateway.invoke(Gateway.java:282)","logger":"airflow.task.operators.airflow.providers.docker.operators.docker.DockerOperator","filename":"docker.py","lineno":71}
{"timestamp":"2026-05-19T22:26:27.046229Z","level":"info","event":"\tat py4j.commands.AbstractCommand.invokeMethod(AbstractCommand.java:132)","logger":"airflow.task.operators.airflow.providers.docker.operators.docker.DockerOperator","filename":"docker.py","lineno":71}
{"timestamp":"2026-05-19T22:26:27.046259Z","level":"info","event":"\tat py4j.commands.CallCommand.execute(CallCommand.java:79)","logger":"airflow.task.operators.airflow.providers.docker.operators.docker.DockerOperator","filename":"docker.py","lineno":71}
{"timestamp":"2026-05-19T22:26:27.046287Z","level":"info","event":"\tat py4j.ClientServerConnection.waitForCommands(ClientServerConnection.java:182)","logger":"airflow.task.operators.airflow.providers.docker.operators.docker.DockerOperator","filename":"docker.py","lineno":71}
{"timestamp":"2026-05-19T22:26:27.046317Z","level":"info","event":"\tat py4j.ClientServerConnection.run(ClientServerConnection.java:106)","logger":"airflow.task.operators.airflow.providers.docker.operators.docker.DockerOperator","filename":"docker.py","lineno":71}
{"timestamp":"2026-05-19T22:26:27.046346Z","level":"info","event":"\tat java.base/java.lang.Thread.run(Unknown Source)","logger":"airflow.task.operators.airflow.providers.docker.operators.docker.DockerOperator","filename":"docker.py","lineno":71}
{"timestamp":"2026-05-19T22:26:27.046376Z","level":"info","event":"Caused by: java.lang.ClassNotFoundException: Class org.apache.hadoop.fs.s3a.S3AFileSystem not found","logger":"airflow.task.operators.airflow.providers.docker.operators.docker.DockerOperator","filename":"docker.py","lineno":71}
{"timestamp":"2026-05-19T22:26:27.046406Z","level":"info","event":"\tat org.apache.hadoop.conf.Configuration.getClassByName(Configuration.java:2592)","logger":"airflow.task.operators.airflow.providers.docker.operators.docker.DockerOperator","filename":"docker.py","lineno":71}
{"timestamp":"2026-05-19T22:26:27.046442Z","level":"info","event":"\tat org.apache.hadoop.conf.Configuration.getClass(Configuration.java:2686)","logger":"airflow.task.operators.airflow.providers.docker.operators.docker.DockerOperator","filename":"docker.py","lineno":71}
{"timestamp":"2026-05-19T22:26:27.046473Z","level":"info","event":"\t... 28 more","logger":"airflow.task.operators.airflow.providers.docker.operators.docker.DockerOperator","filename":"docker.py","lineno":71}
{"timestamp":"2026-05-19T22:26:27.046503Z","level":"info","event":"","logger":"airflow.task.operators.airflow.providers.docker.operators.docker.DockerOperator","filename":"docker.py","lineno":71}
{"timestamp":"2026-05-19T22:26:27.050052Z","level":"info","event":"2026-05-19 22:26:27,049 - ERROR - Error processing table purchasing.shipmethod: An error occurred while calling o145.load.","logger":"airflow.task.operators.airflow.providers.docker.operators.docker.DockerOperator","filename":"docker.py","lineno":71}
{"timestamp":"2026-05-19T22:26:27.050221Z","level":"info","event":": java.lang.RuntimeException: java.lang.ClassNotFoundException: Class org.apache.hadoop.fs.s3a.S3AFileSystem not found","logger":"airflow.task.operators.airflow.providers.docker.operators.docker.DockerOperator","filename":"docker.py","lineno":71}
{"timestamp":"2026-05-19T22:26:27.050283Z","level":"info","event":"\tat org.apache.hadoop.conf.Configuration.getClass(Configuration.java:2688)","logger":"airflow.task.operators.airflow.providers.docker.operators.docker.DockerOperator","filename":"docker.py","lineno":71}
{"timestamp":"2026-05-19T22:26:27.050340Z","level":"info","event":"\tat org.apache.hadoop.fs.FileSystem.getFileSystemClass(FileSystem.java:3431)","logger":"airflow.task.operators.airflow.providers.docker.operators.docker.DockerOperator","filename":"docker.py","lineno":71}
{"timestamp":"2026-05-19T22:26:27.050377Z","level":"info","event":"\tat org.apache.hadoop.fs.FileSystem.createFileSystem(FileSystem.java:3466)","logger":"airflow.task.operators.airflow.providers.docker.operators.docker.DockerOperator","filename":"docker.py","lineno":71}
{"timestamp":"2026-05-19T22:26:27.050410Z","level":"info","event":"\tat org.apache.hadoop.fs.FileSystem.access$300(FileSystem.java:174)","logger":"airflow.task.operators.airflow.providers.docker.operators.docker.DockerOperator","filename":"docker.py","lineno":71}
{"timestamp":"2026-05-19T22:26:27.050444Z","level":"info","event":"\tat org.apache.hadoop.fs.FileSystem$Cache.getInternal(FileSystem.java:3574)","logger":"airflow.task.operators.airflow.providers.docker.operators.docker.DockerOperator","filename":"docker.py","lineno":71}
{"timestamp":"2026-05-19T22:26:27.050476Z","level":"info","event":"\tat org.apache.hadoop.fs.FileSystem$Cache.get(FileSystem.java:3521)","logger":"airflow.task.operators.airflow.providers.docker.operators.docker.DockerOperator","filename":"docker.py","lineno":71}
{"timestamp":"2026-05-19T22:26:27.050505Z","level":"info","event":"\tat org.apache.hadoop.fs.FileSystem.get(FileSystem.java:540)","logger":"airflow.task.operators.airflow.providers.docker.operators.docker.DockerOperator","filename":"docker.py","lineno":71}
{"timestamp":"2026-05-19T22:26:27.050534Z","level":"info","event":"\tat org.apache.hadoop.fs.Path.getFileSystem(Path.java:365)","logger":"airflow.task.operators.airflow.providers.docker.operators.docker.DockerOperator","filename":"docker.py","lineno":71}
{"timestamp":"2026-05-19T22:26:27.050562Z","level":"info","event":"\tat org.apache.spark.sql.execution.datasources.DataSource$.$anonfun$checkAndGlobPathIfNecessary$1(DataSource.scala:724)","logger":"airflow.task.operators.airflow.providers.docker.operators.docker.DockerOperator","filename":"docker.py","lineno":71}
{"timestamp":"2026-05-19T22:26:27.050591Z","level":"info","event":"\tat scala.collection.immutable.List.map(List.scala:293)","logger":"airflow.task.operators.airflow.providers.docker.operators.docker.DockerOperator","filename":"docker.py","lineno":71}
{"timestamp":"2026-05-19T22:26:27.050619Z","level":"info","event":"\tat org.apache.spark.sql.execution.datasources.DataSource$.checkAndGlobPathIfNecessary(DataSource.scala:722)","logger":"airflow.task.operators.airflow.providers.docker.operators.docker.DockerOperator","filename":"docker.py","lineno":71}
{"timestamp":"2026-05-19T22:26:27.050647Z","level":"info","event":"\tat org.apache.spark.sql.execution.datasources.DataSource.checkAndGlobPathIfNecessary(DataSource.scala:551)","logger":"airflow.task.operators.airflow.providers.docker.operators.docker.DockerOperator","filename":"docker.py","lineno":71}
{"timestamp":"2026-05-19T22:26:27.050674Z","level":"info","event":"\tat org.apache.spark.sql.execution.datasources.DataSource.resolveRelation(DataSource.scala:404)","logger":"airflow.task.operators.airflow.providers.docker.operators.docker.DockerOperator","filename":"docker.py","lineno":71}
{"timestamp":"2026-05-19T22:26:27.050702Z","level":"info","event":"\tat org.apache.spark.sql.DataFrameReader.loadV1Source(DataFrameReader.scala:229)","logger":"airflow.task.operators.airflow.providers.docker.operators.docker.DockerOperator","filename":"docker.py","lineno":71}
{"timestamp":"2026-05-19T22:26:27.050731Z","level":"info","event":"\tat org.apache.spark.sql.DataFrameReader.$anonfun$load$2(DataFrameReader.scala:211)","logger":"airflow.task.operators.airflow.providers.docker.operators.docker.DockerOperator","filename":"docker.py","lineno":71}
{"timestamp":"2026-05-19T22:26:27.050758Z","level":"info","event":"\tat scala.Option.getOrElse(Option.scala:189)","logger":"airflow.task.operators.airflow.providers.docker.operators.docker.DockerOperator","filename":"docker.py","lineno":71}
{"timestamp":"2026-05-19T22:26:27.050785Z","level":"info","event":"\tat org.apache.spark.sql.DataFrameReader.load(DataFrameReader.scala:211)","logger":"airflow.task.operators.airflow.providers.docker.operators.docker.DockerOperator","filename":"docker.py","lineno":71}
{"timestamp":"2026-05-19T22:26:27.050812Z","level":"info","event":"\tat org.apache.spark.sql.DataFrameReader.load(DataFrameReader.scala:186)","logger":"airflow.task.operators.airflow.providers.docker.operators.docker.DockerOperator","filename":"docker.py","lineno":71}
{"timestamp":"2026-05-19T22:26:27.050839Z","level":"info","event":"\tat jdk.internal.reflect.GeneratedMethodAccessor10.invoke(Unknown Source)","logger":"airflow.task.operators.airflow.providers.docker.operators.docker.DockerOperator","filename":"docker.py","lineno":71}
{"timestamp":"2026-05-19T22:26:27.050866Z","level":"info","event":"\tat java.base/jdk.internal.reflect.DelegatingMethodAccessorImpl.invoke(Unknown Source)","logger":"airflow.task.operators.airflow.providers.docker.operators.docker.DockerOperator","filename":"docker.py","lineno":71}
{"timestamp":"2026-05-19T22:26:27.050924Z","level":"info","event":"\tat java.base/java.lang.reflect.Method.invoke(Unknown Source)","logger":"airflow.task.operators.airflow.providers.docker.operators.docker.DockerOperator","filename":"docker.py","lineno":71}
{"timestamp":"2026-05-19T22:26:27.050960Z","level":"info","event":"\tat py4j.reflection.MethodInvoker.invoke(MethodInvoker.java:244)","logger":"airflow.task.operators.airflow.providers.docker.operators.docker.DockerOperator","filename":"docker.py","lineno":71}
{"timestamp":"2026-05-19T22:26:27.050988Z","level":"info","event":"\tat py4j.reflection.ReflectionEngine.invoke(ReflectionEngine.java:374)","logger":"airflow.task.operators.airflow.providers.docker.operators.docker.DockerOperator","filename":"docker.py","lineno":71}
{"timestamp":"2026-05-19T22:26:27.051017Z","level":"info","event":"\tat py4j.Gateway.invoke(Gateway.java:282)","logger":"airflow.task.operators.airflow.providers.docker.operators.docker.DockerOperator","filename":"docker.py","lineno":71}
{"timestamp":"2026-05-19T22:26:27.051045Z","level":"info","event":"\tat py4j.commands.AbstractCommand.invokeMethod(AbstractCommand.java:132)","logger":"airflow.task.operators.airflow.providers.docker.operators.docker.DockerOperator","filename":"docker.py","lineno":71}
{"timestamp":"2026-05-19T22:26:27.051072Z","level":"info","event":"\tat py4j.commands.CallCommand.execute(CallCommand.java:79)","logger":"airflow.task.operators.airflow.providers.docker.operators.docker.DockerOperator","filename":"docker.py","lineno":71}
{"timestamp":"2026-05-19T22:26:27.051100Z","level":"info","event":"\tat py4j.ClientServerConnection.waitForCommands(ClientServerConnection.java:182)","logger":"airflow.task.operators.airflow.providers.docker.operators.docker.DockerOperator","filename":"docker.py","lineno":71}
{"timestamp":"2026-05-19T22:26:27.051127Z","level":"info","event":"\tat py4j.ClientServerConnection.run(ClientServerConnection.java:106)","logger":"airflow.task.operators.airflow.providers.docker.operators.docker.DockerOperator","filename":"docker.py","lineno":71}
{"timestamp":"2026-05-19T22:26:27.051153Z","level":"info","event":"\tat java.base/java.lang.Thread.run(Unknown Source)","logger":"airflow.task.operators.airflow.providers.docker.operators.docker.DockerOperator","filename":"docker.py","lineno":71}
{"timestamp":"2026-05-19T22:26:27.051180Z","level":"info","event":"Caused by: java.lang.ClassNotFoundException: Class org.apache.hadoop.fs.s3a.S3AFileSystem not found","logger":"airflow.task.operators.airflow.providers.docker.operators.docker.DockerOperator","filename":"docker.py","lineno":71}
{"timestamp":"2026-05-19T22:26:27.051208Z","level":"info","event":"\tat org.apache.hadoop.conf.Configuration.getClassByName(Configuration.java:2592)","logger":"airflow.task.operators.airflow.providers.docker.operators.docker.DockerOperator","filename":"docker.py","lineno":71}
{"timestamp":"2026-05-19T22:26:27.051235Z","level":"info","event":"\tat org.apache.hadoop.conf.Configuration.getClass(Configuration.java:2686)","logger":"airflow.task.operators.airflow.providers.docker.operators.docker.DockerOperator","filename":"docker.py","lineno":71}
{"timestamp":"2026-05-19T22:26:27.051263Z","level":"info","event":"\t... 28 more","logger":"airflow.task.operators.airflow.providers.docker.operators.docker.DockerOperator","filename":"docker.py","lineno":71}
{"timestamp":"2026-05-19T22:26:27.051291Z","level":"info","event":"","logger":"airflow.task.operators.airflow.providers.docker.operators.docker.DockerOperator","filename":"docker.py","lineno":71}
{"timestamp":"2026-05-19T22:26:27.064413Z","level":"info","event":"2026-05-19 22:26:27,063 - ERROR - Error processing table production.product: An error occurred while calling o148.load.","logger":"airflow.task.operators.airflow.providers.docker.operators.docker.DockerOperator","filename":"docker.py","lineno":71}
{"timestamp":"2026-05-19T22:26:27.064623Z","level":"info","event":": java.lang.RuntimeException: java.lang.ClassNotFoundException: Class org.apache.hadoop.fs.s3a.S3AFileSystem not found","logger":"airflow.task.operators.airflow.providers.docker.operators.docker.DockerOperator","filename":"docker.py","lineno":71}
{"timestamp":"2026-05-19T22:26:27.064717Z","level":"info","event":"\tat org.apache.hadoop.conf.Configuration.getClass(Configuration.java:2688)","logger":"airflow.task.operators.airflow.providers.docker.operators.docker.DockerOperator","filename":"docker.py","lineno":71}
{"timestamp":"2026-05-19T22:26:27.064795Z","level":"info","event":"\tat org.apache.hadoop.fs.FileSystem.getFileSystemClass(FileSystem.java:3431)","logger":"airflow.task.operators.airflow.providers.docker.operators.docker.DockerOperator","filename":"docker.py","lineno":71}
{"timestamp":"2026-05-19T22:26:27.064870Z","level":"info","event":"\tat org.apache.hadoop.fs.FileSystem.createFileSystem(FileSystem.java:3466)","logger":"airflow.task.operators.airflow.providers.docker.operators.docker.DockerOperator","filename":"docker.py","lineno":71}
{"timestamp":"2026-05-19T22:26:27.064978Z","level":"info","event":"\tat org.apache.hadoop.fs.FileSystem.access$300(FileSystem.java:174)","logger":"airflow.task.operators.airflow.providers.docker.operators.docker.DockerOperator","filename":"docker.py","lineno":71}
{"timestamp":"2026-05-19T22:26:27.065072Z","level":"info","event":"\tat org.apache.hadoop.fs.FileSystem$Cache.getInternal(FileSystem.java:3574)","logger":"airflow.task.operators.airflow.providers.docker.operators.docker.DockerOperator","filename":"docker.py","lineno":71}
{"timestamp":"2026-05-19T22:26:27.065149Z","level":"info","event":"\tat org.apache.hadoop.fs.FileSystem$Cache.get(FileSystem.java:3521)","logger":"airflow.task.operators.airflow.providers.docker.operators.docker.DockerOperator","filename":"docker.py","lineno":71}
{"timestamp":"2026-05-19T22:26:27.065217Z","level":"info","event":"\tat org.apache.hadoop.fs.FileSystem.get(FileSystem.java:540)","logger":"airflow.task.operators.airflow.providers.docker.operators.docker.DockerOperator","filename":"docker.py","lineno":71}
{"timestamp":"2026-05-19T22:26:27.065288Z","level":"info","event":"\tat org.apache.hadoop.fs.Path.getFileSystem(Path.java:365)","logger":"airflow.task.operators.airflow.providers.docker.operators.docker.DockerOperator","filename":"docker.py","lineno":71}
{"timestamp":"2026-05-19T22:26:27.065356Z","level":"info","event":"\tat org.apache.spark.sql.execution.datasources.DataSource$.$anonfun$checkAndGlobPathIfNecessary$1(DataSource.scala:724)","logger":"airflow.task.operators.airflow.providers.docker.operators.docker.DockerOperator","filename":"docker.py","lineno":71}
{"timestamp":"2026-05-19T22:26:27.065426Z","level":"info","event":"\tat scala.collection.immutable.List.map(List.scala:293)","logger":"airflow.task.operators.airflow.providers.docker.operators.docker.DockerOperator","filename":"docker.py","lineno":71}
{"timestamp":"2026-05-19T22:26:27.065491Z","level":"info","event":"\tat org.apache.spark.sql.execution.datasources.DataSource$.checkAndGlobPathIfNecessary(DataSource.scala:722)","logger":"airflow.task.operators.airflow.providers.docker.operators.docker.DockerOperator","filename":"docker.py","lineno":71}
{"timestamp":"2026-05-19T22:26:27.065555Z","level":"info","event":"\tat org.apache.spark.sql.execution.datasources.DataSource.checkAndGlobPathIfNecessary(DataSource.scala:551)","logger":"airflow.task.operators.airflow.providers.docker.operators.docker.DockerOperator","filename":"docker.py","lineno":71}
{"timestamp":"2026-05-19T22:26:27.065621Z","level":"info","event":"\tat org.apache.spark.sql.execution.datasources.DataSource.resolveRelation(DataSource.scala:404)","logger":"airflow.task.operators.airflow.providers.docker.operators.docker.DockerOperator","filename":"docker.py","lineno":71}
{"timestamp":"2026-05-19T22:26:27.065680Z","level":"info","event":"\tat org.apache.spark.sql.DataFrameReader.loadV1Source(DataFrameReader.scala:229)","logger":"airflow.task.operators.airflow.providers.docker.operators.docker.DockerOperator","filename":"docker.py","lineno":71}
{"timestamp":"2026-05-19T22:26:27.065716Z","level":"info","event":"\tat org.apache.spark.sql.DataFrameReader.$anonfun$load$2(DataFrameReader.scala:211)","logger":"airflow.task.operators.airflow.providers.docker.operators.docker.DockerOperator","filename":"docker.py","lineno":71}
{"timestamp":"2026-05-19T22:26:27.065747Z","level":"info","event":"\tat scala.Option.getOrElse(Option.scala:189)","logger":"airflow.task.operators.airflow.providers.docker.operators.docker.DockerOperator","filename":"docker.py","lineno":71}
{"timestamp":"2026-05-19T22:26:27.065796Z","level":"info","event":"\tat org.apache.spark.sql.DataFrameReader.load(DataFrameReader.scala:211)","logger":"airflow.task.operators.airflow.providers.docker.operators.docker.DockerOperator","filename":"docker.py","lineno":71}
{"timestamp":"2026-05-19T22:26:27.065852Z","level":"info","event":"\tat org.apache.spark.sql.DataFrameReader.load(DataFrameReader.scala:186)","logger":"airflow.task.operators.airflow.providers.docker.operators.docker.DockerOperator","filename":"docker.py","lineno":71}
{"timestamp":"2026-05-19T22:26:27.065937Z","level":"info","event":"\tat java.base/jdk.internal.reflect.NativeMethodAccessorImpl.invoke0(Native Method)","logger":"airflow.task.operators.airflow.providers.docker.operators.docker.DockerOperator","filename":"docker.py","lineno":71}
{"timestamp":"2026-05-19T22:26:27.066018Z","level":"info","event":"\tat java.base/jdk.internal.reflect.NativeMethodAccessorImpl.invoke(Unknown Source)","logger":"airflow.task.operators.airflow.providers.docker.operators.docker.DockerOperator","filename":"docker.py","lineno":71}
{"timestamp":"2026-05-19T22:26:27.066126Z","level":"info","event":"\tat java.base/jdk.internal.reflect.DelegatingMethodAccessorImpl.invoke(Unknown Source)","logger":"airflow.task.operators.airflow.providers.docker.operators.docker.DockerOperator","filename":"docker.py","lineno":71}
{"timestamp":"2026-05-19T22:26:27.066179Z","level":"info","event":"\tat java.base/java.lang.reflect.Method.invoke(Unknown Source)","logger":"airflow.task.operators.airflow.providers.docker.operators.docker.DockerOperator","filename":"docker.py","lineno":71}
{"timestamp":"2026-05-19T22:26:27.066222Z","level":"info","event":"\tat py4j.reflection.MethodInvoker.invoke(MethodInvoker.java:244)","logger":"airflow.task.operators.airflow.providers.docker.operators.docker.DockerOperator","filename":"docker.py","lineno":71}
{"timestamp":"2026-05-19T22:26:27.066293Z","level":"info","event":"\tat py4j.reflection.ReflectionEngine.invoke(ReflectionEngine.java:374)","logger":"airflow.task.operators.airflow.providers.docker.operators.docker.DockerOperator","filename":"docker.py","lineno":71}
{"timestamp":"2026-05-19T22:26:27.066346Z","level":"info","event":"\tat py4j.Gateway.invoke(Gateway.java:282)","logger":"airflow.task.operators.airflow.providers.docker.operators.docker.DockerOperator","filename":"docker.py","lineno":71}
{"timestamp":"2026-05-19T22:26:27.066386Z","level":"info","event":"\tat py4j.commands.AbstractCommand.invokeMethod(AbstractCommand.java:132)","logger":"airflow.task.operators.airflow.providers.docker.operators.docker.DockerOperator","filename":"docker.py","lineno":71}
{"timestamp":"2026-05-19T22:26:27.066417Z","level":"info","event":"\tat py4j.commands.CallCommand.execute(CallCommand.java:79)","logger":"airflow.task.operators.airflow.providers.docker.operators.docker.DockerOperator","filename":"docker.py","lineno":71}
{"timestamp":"2026-05-19T22:26:27.066463Z","level":"info","event":"\tat py4j.ClientServerConnection.waitForCommands(ClientServerConnection.java:182)","logger":"airflow.task.operators.airflow.providers.docker.operators.docker.DockerOperator","filename":"docker.py","lineno":71}
{"timestamp":"2026-05-19T22:26:27.066517Z","level":"info","event":"\tat py4j.ClientServerConnection.run(ClientServerConnection.java:106)","logger":"airflow.task.operators.airflow.providers.docker.operators.docker.DockerOperator","filename":"docker.py","lineno":71}
{"timestamp":"2026-05-19T22:26:27.066575Z","level":"info","event":"\tat java.base/java.lang.Thread.run(Unknown Source)","logger":"airflow.task.operators.airflow.providers.docker.operators.docker.DockerOperator","filename":"docker.py","lineno":71}
{"timestamp":"2026-05-19T22:26:27.066635Z","level":"info","event":"Caused by: java.lang.ClassNotFoundException: Class org.apache.hadoop.fs.s3a.S3AFileSystem not found","logger":"airflow.task.operators.airflow.providers.docker.operators.docker.DockerOperator","filename":"docker.py","lineno":71}
{"timestamp":"2026-05-19T22:26:27.066698Z","level":"info","event":"\tat org.apache.hadoop.conf.Configuration.getClassByName(Configuration.java:2592)","logger":"airflow.task.operators.airflow.providers.docker.operators.docker.DockerOperator","filename":"docker.py","lineno":71}
{"timestamp":"2026-05-19T22:26:27.066762Z","level":"info","event":"\tat org.apache.hadoop.conf.Configuration.getClass(Configuration.java:2686)","logger":"airflow.task.operators.airflow.providers.docker.operators.docker.DockerOperator","filename":"docker.py","lineno":71}
{"timestamp":"2026-05-19T22:26:27.066816Z","level":"info","event":"\t... 29 more","logger":"airflow.task.operators.airflow.providers.docker.operators.docker.DockerOperator","filename":"docker.py","lineno":71}
{"timestamp":"2026-05-19T22:26:27.066854Z","level":"info","event":"","logger":"airflow.task.operators.airflow.providers.docker.operators.docker.DockerOperator","filename":"docker.py","lineno":71}
{"timestamp":"2026-05-19T22:26:27.066966Z","level":"info","event":"2026-05-19 22:26:27,064 - INFO - Closing down clientserver connection","logger":"airflow.task.operators.airflow.providers.docker.operators.docker.DockerOperator","filename":"docker.py","lineno":71}
{"timestamp":"2026-05-19T22:26:27.067029Z","level":"info","event":"2026-05-19 22:26:27,064 - INFO - Closing down clientserver connection","logger":"airflow.task.operators.airflow.providers.docker.operators.docker.DockerOperator","filename":"docker.py","lineno":71}
{"timestamp":"2026-05-19T22:26:27.067123Z","level":"info","event":"2026-05-19 22:26:27,064 - INFO - Closing down clientserver connection","logger":"airflow.task.operators.airflow.providers.docker.operators.docker.DockerOperator","filename":"docker.py","lineno":71}
{"timestamp":"2026-05-19T22:26:27.067231Z","level":"info","event":"2026-05-19 22:26:27,064 - INFO - Closing down clientserver connection","logger":"airflow.task.operators.airflow.providers.docker.operators.docker.DockerOperator","filename":"docker.py","lineno":71}
{"timestamp":"2026-05-19T22:26:27.087301Z","level":"info","event":"2026-05-19 22:26:27,065 - INFO - Closing down clientserver connection","logger":"airflow.task.operators.airflow.providers.docker.operators.docker.DockerOperator","filename":"docker.py","lineno":71}
{"timestamp":"2026-05-19T22:26:27.087570Z","level":"info","event":"2026-05-19 22:26:27,065 - INFO - Closing down clientserver connection","logger":"airflow.task.operators.airflow.providers.docker.operators.docker.DockerOperator","filename":"docker.py","lineno":71}
{"timestamp":"2026-05-19T22:26:27.087651Z","level":"info","event":"2026-05-19 22:26:27,066 - INFO - Closing down clientserver connection","logger":"airflow.task.operators.airflow.providers.docker.operators.docker.DockerOperator","filename":"docker.py","lineno":71}
{"timestamp":"2026-05-19T22:26:27.087710Z","level":"info","event":"2026-05-19 22:26:27,066 - INFO - Closing down clientserver connection","logger":"airflow.task.operators.airflow.providers.docker.operators.docker.DockerOperator","filename":"docker.py","lineno":71}
{"timestamp":"2026-05-19T22:26:27.087769Z","level":"info","event":"2026-05-19 22:26:27,066 - INFO - Incremental parallel ingestion to landing completed!","logger":"airflow.task.operators.airflow.providers.docker.operators.docker.DockerOperator","filename":"docker.py","lineno":71}
{"timestamp":"2026-05-19T22:26:27.089605Z","level":"info","event":"26/05/19 22:26:27 INFO SparkContext: SparkContext is stopping with exitCode 0.","logger":"airflow.task.operators.airflow.providers.docker.operators.docker.DockerOperator","filename":"docker.py","lineno":71}
{"timestamp":"2026-05-19T22:26:27.155554Z","level":"info","event":"26/05/19 22:26:27 INFO SparkUI: Stopped Spark web UI at http://aa6f9a1f2b5c:4040","logger":"airflow.task.operators.airflow.providers.docker.operators.docker.DockerOperator","filename":"docker.py","lineno":71}
{"timestamp":"2026-05-19T22:26:27.163237Z","level":"info","event":"26/05/19 22:26:27 INFO StandaloneSchedulerBackend: Shutting down all executors","logger":"airflow.task.operators.airflow.providers.docker.operators.docker.DockerOperator","filename":"docker.py","lineno":71}
{"timestamp":"2026-05-19T22:26:27.163670Z","level":"info","event":"26/05/19 22:26:27 INFO StandaloneSchedulerBackend$StandaloneDriverEndpoint: Asking each executor to shut down","logger":"airflow.task.operators.airflow.providers.docker.operators.docker.DockerOperator","filename":"docker.py","lineno":71}
{"timestamp":"2026-05-19T22:26:27.183148Z","level":"info","event":"26/05/19 22:26:27 INFO MapOutputTrackerMasterEndpoint: MapOutputTrackerMasterEndpoint stopped!","logger":"airflow.task.operators.airflow.providers.docker.operators.docker.DockerOperator","filename":"docker.py","lineno":71}
{"timestamp":"2026-05-19T22:26:27.246642Z","level":"info","event":"26/05/19 22:26:27 INFO MemoryStore: MemoryStore cleared","logger":"airflow.task.operators.airflow.providers.docker.operators.docker.DockerOperator","filename":"docker.py","lineno":71}
{"timestamp":"2026-05-19T22:26:27.246944Z","level":"info","event":"26/05/19 22:26:27 INFO BlockManager: BlockManager stopped","logger":"airflow.task.operators.airflow.providers.docker.operators.docker.DockerOperator","filename":"docker.py","lineno":71}
{"timestamp":"2026-05-19T22:26:27.264080Z","level":"info","event":"26/05/19 22:26:27 INFO BlockManagerMaster: BlockManagerMaster stopped","logger":"airflow.task.operators.airflow.providers.docker.operators.docker.DockerOperator","filename":"docker.py","lineno":71}
{"timestamp":"2026-05-19T22:26:27.268196Z","level":"info","event":"26/05/19 22:26:27 INFO OutputCommitCoordinator$OutputCommitCoordinatorEndpoint: OutputCommitCoordinator stopped!","logger":"airflow.task.operators.airflow.providers.docker.operators.docker.DockerOperator","filename":"docker.py","lineno":71}
{"timestamp":"2026-05-19T22:26:27.293474Z","level":"info","event":"26/05/19 22:26:27 INFO SparkContext: Successfully stopped SparkContext","logger":"airflow.task.operators.airflow.providers.docker.operators.docker.DockerOperator","filename":"docker.py","lineno":71}
{"timestamp":"2026-05-19T22:26:28.279789Z","level":"info","event":"26/05/19 22:26:28 INFO ShutdownHookManager: Shutdown hook called","logger":"airflow.task.operators.airflow.providers.docker.operators.docker.DockerOperator","filename":"docker.py","lineno":71}
{"timestamp":"2026-05-19T22:26:28.283054Z","level":"info","event":"26/05/19 22:26:28 INFO ShutdownHookManager: Deleting directory /tmp/spark-ec52542c-6de9-4def-9cda-8da845f78608/pyspark-99d0c520-683b-489e-abef-31682042228a","logger":"airflow.task.operators.airflow.providers.docker.operators.docker.DockerOperator","filename":"docker.py","lineno":71}
{"timestamp":"2026-05-19T22:26:28.285768Z","level":"info","event":"26/05/19 22:26:28 INFO ShutdownHookManager: Deleting directory /tmp/spark-ec52542c-6de9-4def-9cda-8da845f78608","logger":"airflow.task.operators.airflow.providers.docker.operators.docker.DockerOperator","filename":"docker.py","lineno":71}
{"timestamp":"2026-05-19T22:26:28.289982Z","level":"info","event":"26/05/19 22:26:28 INFO ShutdownHookManager: Deleting directory /tmp/spark-58508b91-3c50-48d6-9e57-573df7871407","logger":"airflow.task.operators.airflow.providers.docker.operators.docker.DockerOperator","filename":"docker.py","lineno":71}
{"timestamp":"2026-05-19T22:26:28.570772Z","level":"info","event":"Pushing xcom","ti":"RuntimeTaskInstance(id=UUID('019e4258-c4e1-752b-a53d-1866ba2c2081'), task_id='ingestion_landing', dag_id='ELT', run_id='manual__2026-05-19T22:26:14.346667+00:00', try_number=1, dag_version_id=UUID('019e4258-20f8-705e-9274-d8bb3377f500'), map_index=-1, hostname='daa549fa050b', context_carrier={'traceparent': '00-dec4250bb37ef57d25186979b04382fe-a1df790b842e6cca-01'}, task=<Task(DockerOperator): ingestion_landing>, bundle_instance=LocalDagBundle(name=dags-folder), max_tries=0, start_date=datetime.datetime(2026, 5, 19, 22, 26, 14, 527096, tzinfo=datetime.timezone.utc), end_date=None, state=<TaskInstanceState.RUNNING: 'running'>, is_mapped=False, rendered_map_index=None, sentry_integration='')","logger":"task","filename":"task_runner.py","lineno":1724}
