{"timestamp":"2026-05-21T21:33:19.370872Z","level":"info","event":"DAG bundles loaded: dags-folder","logger":"airflow.dag_processing.bundles.manager.DagBundlesManager","filename":"manager.py","lineno":209}
{"timestamp":"2026-05-21T21:33:19.372146Z","level":"info","event":"Filling up the DagBag from /opt/airflow/dags/dag_elt.py","logger":"airflow.dag_processing.dagbag.BundleDagBag","filename":"dagbag.py","lineno":469}
{"timestamp":"2026-05-21T21:33:19.680391Z","level":"info","event":"Starting docker container from image rodrigofbms/spark-py:3.4.0-delta-spark2.12-3.1.0","logger":"airflow.task.operators.airflow.providers.docker.operators.docker.DockerOperator","filename":"docker.py","lineno":367}
{"timestamp":"2026-05-21T21:33:20.001698Z","level":"info","event":"++ id -u","logger":"airflow.task.operators.airflow.providers.docker.operators.docker.DockerOperator","filename":"docker.py","lineno":71}
{"timestamp":"2026-05-21T21:33:20.002021Z","level":"info","event":"+ myuid=0","logger":"airflow.task.operators.airflow.providers.docker.operators.docker.DockerOperator","filename":"docker.py","lineno":71}
{"timestamp":"2026-05-21T21:33:20.002122Z","level":"info","event":"++ id -g","logger":"airflow.task.operators.airflow.providers.docker.operators.docker.DockerOperator","filename":"docker.py","lineno":71}
{"timestamp":"2026-05-21T21:33:20.002199Z","level":"info","event":"+ mygid=0","logger":"airflow.task.operators.airflow.providers.docker.operators.docker.DockerOperator","filename":"docker.py","lineno":71}
{"timestamp":"2026-05-21T21:33:20.002244Z","level":"info","event":"+ set +e","logger":"airflow.task.operators.airflow.providers.docker.operators.docker.DockerOperator","filename":"docker.py","lineno":71}
{"timestamp":"2026-05-21T21:33:20.002312Z","level":"info","event":"++ getent passwd 0","logger":"airflow.task.operators.airflow.providers.docker.operators.docker.DockerOperator","filename":"docker.py","lineno":71}
{"timestamp":"2026-05-21T21:33:20.002945Z","level":"info","event":"+ uidentry=root:x:0:0:root:/root:/bin/bash","logger":"airflow.task.operators.airflow.providers.docker.operators.docker.DockerOperator","filename":"docker.py","lineno":71}
{"timestamp":"2026-05-21T21:33:20.003104Z","level":"info","event":"+ set -e","logger":"airflow.task.operators.airflow.providers.docker.operators.docker.DockerOperator","filename":"docker.py","lineno":71}
{"timestamp":"2026-05-21T21:33:20.003302Z","level":"info","event":"+ '[' -z root:x:0:0:root:/root:/bin/bash ']'","logger":"airflow.task.operators.airflow.providers.docker.operators.docker.DockerOperator","filename":"docker.py","lineno":71}
{"timestamp":"2026-05-21T21:33:20.003408Z","level":"info","event":"+ '[' -z /opt/java/openjdk ']'","logger":"airflow.task.operators.airflow.providers.docker.operators.docker.DockerOperator","filename":"docker.py","lineno":71}
{"timestamp":"2026-05-21T21:33:20.003491Z","level":"info","event":"+ SPARK_CLASSPATH=':/opt/spark/jars/*'","logger":"airflow.task.operators.airflow.providers.docker.operators.docker.DockerOperator","filename":"docker.py","lineno":71}
{"timestamp":"2026-05-21T21:33:20.003698Z","level":"info","event":"+ env","logger":"airflow.task.operators.airflow.providers.docker.operators.docker.DockerOperator","filename":"docker.py","lineno":71}
{"timestamp":"2026-05-21T21:33:20.003916Z","level":"info","event":"+ grep SPARK_JAVA_OPT_","logger":"airflow.task.operators.airflow.providers.docker.operators.docker.DockerOperator","filename":"docker.py","lineno":71}
{"timestamp":"2026-05-21T21:33:20.004064Z","level":"info","event":"+ sort -t_ -k4 -n","logger":"airflow.task.operators.airflow.providers.docker.operators.docker.DockerOperator","filename":"docker.py","lineno":71}
{"timestamp":"2026-05-21T21:33:20.004213Z","level":"info","event":"+ sed 's/[^=]*=\\(.*\\)/\\1/g'","logger":"airflow.task.operators.airflow.providers.docker.operators.docker.DockerOperator","filename":"docker.py","lineno":71}
{"timestamp":"2026-05-21T21:33:20.010167Z","level":"info","event":"++ command -v readarray","logger":"airflow.task.operators.airflow.providers.docker.operators.docker.DockerOperator","filename":"docker.py","lineno":71}
{"timestamp":"2026-05-21T21:33:20.010455Z","level":"info","event":"+ '[' readarray ']'","logger":"airflow.task.operators.airflow.providers.docker.operators.docker.DockerOperator","filename":"docker.py","lineno":71}
{"timestamp":"2026-05-21T21:33:20.010536Z","level":"info","event":"+ readarray -t SPARK_EXECUTOR_JAVA_OPTS","logger":"airflow.task.operators.airflow.providers.docker.operators.docker.DockerOperator","filename":"docker.py","lineno":71}
{"timestamp":"2026-05-21T21:33:20.010801Z","level":"info","event":"+ '[' -n '' ']'","logger":"airflow.task.operators.airflow.providers.docker.operators.docker.DockerOperator","filename":"docker.py","lineno":71}
{"timestamp":"2026-05-21T21:33:20.010884Z","level":"info","event":"+ '[' -z ']'","logger":"airflow.task.operators.airflow.providers.docker.operators.docker.DockerOperator","filename":"docker.py","lineno":71}
{"timestamp":"2026-05-21T21:33:20.010962Z","level":"info","event":"+ '[' -z ']'","logger":"airflow.task.operators.airflow.providers.docker.operators.docker.DockerOperator","filename":"docker.py","lineno":71}
{"timestamp":"2026-05-21T21:33:20.011032Z","level":"info","event":"+ '[' -n '' ']'","logger":"airflow.task.operators.airflow.providers.docker.operators.docker.DockerOperator","filename":"docker.py","lineno":71}
{"timestamp":"2026-05-21T21:33:20.011105Z","level":"info","event":"+ '[' -z ']'","logger":"airflow.task.operators.airflow.providers.docker.operators.docker.DockerOperator","filename":"docker.py","lineno":71}
{"timestamp":"2026-05-21T21:33:20.011148Z","level":"info","event":"+ '[' -z ']'","logger":"airflow.task.operators.airflow.providers.docker.operators.docker.DockerOperator","filename":"docker.py","lineno":71}
{"timestamp":"2026-05-21T21:33:20.011213Z","level":"info","event":"+ '[' -z x ']'","logger":"airflow.task.operators.airflow.providers.docker.operators.docker.DockerOperator","filename":"docker.py","lineno":71}
{"timestamp":"2026-05-21T21:33:20.011278Z","level":"info","event":"+ SPARK_CLASSPATH='/opt/spark/conf::/opt/spark/jars/*'","logger":"airflow.task.operators.airflow.providers.docker.operators.docker.DockerOperator","filename":"docker.py","lineno":71}
{"timestamp":"2026-05-21T21:33:20.011345Z","level":"info","event":"+ case \"$1\" in","logger":"airflow.task.operators.airflow.providers.docker.operators.docker.DockerOperator","filename":"docker.py","lineno":71}
{"timestamp":"2026-05-21T21:33:20.011397Z","level":"info","event":"+ echo 'Non-spark-on-k8s command provided, proceeding in pass-through mode...'","logger":"airflow.task.operators.airflow.providers.docker.operators.docker.DockerOperator","filename":"docker.py","lineno":71}
{"timestamp":"2026-05-21T21:33:20.011436Z","level":"info","event":"+ CMD=(\"$@\")","logger":"airflow.task.operators.airflow.providers.docker.operators.docker.DockerOperator","filename":"docker.py","lineno":71}
{"timestamp":"2026-05-21T21:33:20.011473Z","level":"info","event":"+ exec /usr/bin/tini -s -- /opt/spark/bin/spark-submit /app/08_incremental_agregation_silver_to_gold.py","logger":"airflow.task.operators.airflow.providers.docker.operators.docker.DockerOperator","filename":"docker.py","lineno":71}
{"timestamp":"2026-05-21T21:33:20.011579Z","level":"info","event":"Non-spark-on-k8s command provided, proceeding in pass-through mode...","logger":"airflow.task.operators.airflow.providers.docker.operators.docker.DockerOperator","filename":"docker.py","lineno":71}
{"timestamp":"2026-05-21T21:33:22.585127Z","level":"info","event":"2026-05-21 21:33:22,584 - INFO - Starting incremental agregation from MinIO silver to MinIO gold...","logger":"airflow.task.operators.airflow.providers.docker.operators.docker.DockerOperator","filename":"docker.py","lineno":71}
{"timestamp":"2026-05-21T21:33:22.685810Z","level":"info","event":"26/05/21 21:33:22 INFO SparkContext: Running Spark version 3.4.0","logger":"airflow.task.operators.airflow.providers.docker.operators.docker.DockerOperator","filename":"docker.py","lineno":71}
{"timestamp":"2026-05-21T21:33:22.781073Z","level":"info","event":"26/05/21 21:33:22 WARN NativeCodeLoader: Unable to load native-hadoop library for your platform... using builtin-java classes where applicable","logger":"airflow.task.operators.airflow.providers.docker.operators.docker.DockerOperator","filename":"docker.py","lineno":71}
{"timestamp":"2026-05-21T21:33:22.896779Z","level":"info","event":"26/05/21 21:33:22 INFO ResourceUtils: ==============================================================","logger":"airflow.task.operators.airflow.providers.docker.operators.docker.DockerOperator","filename":"docker.py","lineno":71}
{"timestamp":"2026-05-21T21:33:22.897142Z","level":"info","event":"26/05/21 21:33:22 INFO ResourceUtils: No custom resources configured for spark.driver.","logger":"airflow.task.operators.airflow.providers.docker.operators.docker.DockerOperator","filename":"docker.py","lineno":71}
{"timestamp":"2026-05-21T21:33:22.897699Z","level":"info","event":"26/05/21 21:33:22 INFO ResourceUtils: ==============================================================","logger":"airflow.task.operators.airflow.providers.docker.operators.docker.DockerOperator","filename":"docker.py","lineno":71}
{"timestamp":"2026-05-21T21:33:22.898383Z","level":"info","event":"26/05/21 21:33:22 INFO SparkContext: Submitted application: Incremental agregation from MinIO silver to MinIO gold","logger":"airflow.task.operators.airflow.providers.docker.operators.docker.DockerOperator","filename":"docker.py","lineno":71}
{"timestamp":"2026-05-21T21:33:22.927737Z","level":"info","event":"26/05/21 21:33:22 INFO ResourceProfile: Default ResourceProfile created, executor resources: Map(memory -> name: memory, amount: 1024, script: , vendor: , offHeap -> name: offHeap, amount: 0, script: , vendor: ), task resources: Map(cpus -> name: cpus, amount: 1.0)","logger":"airflow.task.operators.airflow.providers.docker.operators.docker.DockerOperator","filename":"docker.py","lineno":71}
{"timestamp":"2026-05-21T21:33:22.938856Z","level":"info","event":"26/05/21 21:33:22 INFO ResourceProfile: Limiting resource is cpu","logger":"airflow.task.operators.airflow.providers.docker.operators.docker.DockerOperator","filename":"docker.py","lineno":71}
{"timestamp":"2026-05-21T21:33:22.939981Z","level":"info","event":"26/05/21 21:33:22 INFO ResourceProfileManager: Added ResourceProfile id: 0","logger":"airflow.task.operators.airflow.providers.docker.operators.docker.DockerOperator","filename":"docker.py","lineno":71}
{"timestamp":"2026-05-21T21:33:23.002855Z","level":"info","event":"26/05/21 21:33:23 INFO SecurityManager: Changing view acls to: root","logger":"airflow.task.operators.airflow.providers.docker.operators.docker.DockerOperator","filename":"docker.py","lineno":71}
{"timestamp":"2026-05-21T21:33:23.003371Z","level":"info","event":"26/05/21 21:33:23 INFO SecurityManager: Changing modify acls to: root","logger":"airflow.task.operators.airflow.providers.docker.operators.docker.DockerOperator","filename":"docker.py","lineno":71}
{"timestamp":"2026-05-21T21:33:23.004043Z","level":"info","event":"26/05/21 21:33:23 INFO SecurityManager: Changing view acls groups to:","logger":"airflow.task.operators.airflow.providers.docker.operators.docker.DockerOperator","filename":"docker.py","lineno":71}
{"timestamp":"2026-05-21T21:33:23.004890Z","level":"info","event":"26/05/21 21:33:23 INFO SecurityManager: Changing modify acls groups to:","logger":"airflow.task.operators.airflow.providers.docker.operators.docker.DockerOperator","filename":"docker.py","lineno":71}
{"timestamp":"2026-05-21T21:33:23.005557Z","level":"info","event":"26/05/21 21:33:23 INFO SecurityManager: SecurityManager: authentication disabled; ui acls disabled; users with view permissions: root; groups with view permissions: EMPTY; users with modify permissions: root; groups with modify permissions: EMPTY","logger":"airflow.task.operators.airflow.providers.docker.operators.docker.DockerOperator","filename":"docker.py","lineno":71}
{"timestamp":"2026-05-21T21:33:23.268869Z","level":"info","event":"26/05/21 21:33:23 INFO Utils: Successfully started service 'sparkDriver' on port 35543.","logger":"airflow.task.operators.airflow.providers.docker.operators.docker.DockerOperator","filename":"docker.py","lineno":71}
{"timestamp":"2026-05-21T21:33:23.305605Z","level":"info","event":"26/05/21 21:33:23 INFO SparkEnv: Registering MapOutputTracker","logger":"airflow.task.operators.airflow.providers.docker.operators.docker.DockerOperator","filename":"docker.py","lineno":71}
{"timestamp":"2026-05-21T21:33:23.344059Z","level":"info","event":"26/05/21 21:33:23 INFO SparkEnv: Registering BlockManagerMaster","logger":"airflow.task.operators.airflow.providers.docker.operators.docker.DockerOperator","filename":"docker.py","lineno":71}
{"timestamp":"2026-05-21T21:33:23.368207Z","level":"info","event":"26/05/21 21:33:23 INFO BlockManagerMasterEndpoint: Using org.apache.spark.storage.DefaultTopologyMapper for getting topology information","logger":"airflow.task.operators.airflow.providers.docker.operators.docker.DockerOperator","filename":"docker.py","lineno":71}
{"timestamp":"2026-05-21T21:33:23.369079Z","level":"info","event":"26/05/21 21:33:23 INFO BlockManagerMasterEndpoint: BlockManagerMasterEndpoint up","logger":"airflow.task.operators.airflow.providers.docker.operators.docker.DockerOperator","filename":"docker.py","lineno":71}
{"timestamp":"2026-05-21T21:33:23.376954Z","level":"info","event":"26/05/21 21:33:23 INFO SparkEnv: Registering BlockManagerMasterHeartbeat","logger":"airflow.task.operators.airflow.providers.docker.operators.docker.DockerOperator","filename":"docker.py","lineno":71}
{"timestamp":"2026-05-21T21:33:23.405016Z","level":"info","event":"26/05/21 21:33:23 INFO DiskBlockManager: Created local directory at /tmp/blockmgr-43d7c1a5-8a19-4958-85b3-0af1f4ab7cf8","logger":"airflow.task.operators.airflow.providers.docker.operators.docker.DockerOperator","filename":"docker.py","lineno":71}
{"timestamp":"2026-05-21T21:33:23.428272Z","level":"info","event":"26/05/21 21:33:23 INFO MemoryStore: MemoryStore started with capacity 434.4 MiB","logger":"airflow.task.operators.airflow.providers.docker.operators.docker.DockerOperator","filename":"docker.py","lineno":71}
{"timestamp":"2026-05-21T21:33:23.448207Z","level":"info","event":"26/05/21 21:33:23 INFO SparkEnv: Registering OutputCommitCoordinator","logger":"airflow.task.operators.airflow.providers.docker.operators.docker.DockerOperator","filename":"docker.py","lineno":71}
{"timestamp":"2026-05-21T21:33:23.594411Z","level":"info","event":"26/05/21 21:33:23 INFO JettyUtils: Start Jetty 0.0.0.0:4040 for SparkUI","logger":"airflow.task.operators.airflow.providers.docker.operators.docker.DockerOperator","filename":"docker.py","lineno":71}
{"timestamp":"2026-05-21T21:33:23.663533Z","level":"info","event":"26/05/21 21:33:23 INFO Utils: Successfully started service 'SparkUI' on port 4040.","logger":"airflow.task.operators.airflow.providers.docker.operators.docker.DockerOperator","filename":"docker.py","lineno":71}
{"timestamp":"2026-05-21T21:33:23.835204Z","level":"info","event":"26/05/21 21:33:23 INFO StandaloneAppClient$ClientEndpoint: Connecting to master spark://spark-master:7077...","logger":"airflow.task.operators.airflow.providers.docker.operators.docker.DockerOperator","filename":"docker.py","lineno":71}
{"timestamp":"2026-05-21T21:33:23.883771Z","level":"info","event":"26/05/21 21:33:23 INFO TransportClientFactory: Successfully created connection to spark-master/172.20.0.19:7077 after 29 ms (0 ms spent in bootstraps)","logger":"airflow.task.operators.airflow.providers.docker.operators.docker.DockerOperator","filename":"docker.py","lineno":71}
{"timestamp":"2026-05-21T21:33:23.988366Z","level":"info","event":"26/05/21 21:33:23 INFO StandaloneSchedulerBackend: Connected to Spark cluster with app ID app-20260521213323-0001","logger":"airflow.task.operators.airflow.providers.docker.operators.docker.DockerOperator","filename":"docker.py","lineno":71}
{"timestamp":"2026-05-21T21:33:23.993921Z","level":"info","event":"26/05/21 21:33:23 INFO StandaloneAppClient$ClientEndpoint: Executor added: app-20260521213323-0001/0 on worker-20260521194223-172.20.0.21-44331 (172.20.0.21:44331) with 8 core(s)","logger":"airflow.task.operators.airflow.providers.docker.operators.docker.DockerOperator","filename":"docker.py","lineno":71}
{"timestamp":"2026-05-21T21:33:24.002944Z","level":"info","event":"26/05/21 21:33:23 INFO StandaloneSchedulerBackend: Granted executor ID app-20260521213323-0001/0 on hostPort 172.20.0.21:44331 with 8 core(s), 1024.0 MiB RAM","logger":"airflow.task.operators.airflow.providers.docker.operators.docker.DockerOperator","filename":"docker.py","lineno":71}
{"timestamp":"2026-05-21T21:33:24.003335Z","level":"info","event":"26/05/21 21:33:23 INFO Utils: Successfully started service 'org.apache.spark.network.netty.NettyBlockTransferService' on port 39023.","logger":"airflow.task.operators.airflow.providers.docker.operators.docker.DockerOperator","filename":"docker.py","lineno":71}
{"timestamp":"2026-05-21T21:33:24.003539Z","level":"info","event":"26/05/21 21:33:24 INFO StandaloneAppClient$ClientEndpoint: Executor added: app-20260521213323-0001/1 on worker-20260521194223-172.20.0.20-35565 (172.20.0.20:35565) with 8 core(s)","logger":"airflow.task.operators.airflow.providers.docker.operators.docker.DockerOperator","filename":"docker.py","lineno":71}
{"timestamp":"2026-05-21T21:33:24.003681Z","level":"info","event":"26/05/21 21:33:24 INFO NettyBlockTransferService: Server created on 990d436a720d:39023","logger":"airflow.task.operators.airflow.providers.docker.operators.docker.DockerOperator","filename":"docker.py","lineno":71}
{"timestamp":"2026-05-21T21:33:24.003874Z","level":"info","event":"26/05/21 21:33:24 INFO StandaloneSchedulerBackend: Granted executor ID app-20260521213323-0001/1 on hostPort 172.20.0.20:35565 with 8 core(s), 1024.0 MiB RAM","logger":"airflow.task.operators.airflow.providers.docker.operators.docker.DockerOperator","filename":"docker.py","lineno":71}
{"timestamp":"2026-05-21T21:33:24.007904Z","level":"info","event":"26/05/21 21:33:24 INFO BlockManager: Using org.apache.spark.storage.RandomBlockReplicationPolicy for block replication policy","logger":"airflow.task.operators.airflow.providers.docker.operators.docker.DockerOperator","filename":"docker.py","lineno":71}
{"timestamp":"2026-05-21T21:33:24.015106Z","level":"info","event":"26/05/21 21:33:24 INFO BlockManagerMaster: Registering BlockManager BlockManagerId(driver, 990d436a720d, 39023, None)","logger":"airflow.task.operators.airflow.providers.docker.operators.docker.DockerOperator","filename":"docker.py","lineno":71}
{"timestamp":"2026-05-21T21:33:24.021263Z","level":"info","event":"26/05/21 21:33:24 INFO BlockManagerMasterEndpoint: Registering block manager 990d436a720d:39023 with 434.4 MiB RAM, BlockManagerId(driver, 990d436a720d, 39023, None)","logger":"airflow.task.operators.airflow.providers.docker.operators.docker.DockerOperator","filename":"docker.py","lineno":71}
{"timestamp":"2026-05-21T21:33:24.024231Z","level":"info","event":"26/05/21 21:33:24 INFO BlockManagerMaster: Registered BlockManager BlockManagerId(driver, 990d436a720d, 39023, None)","logger":"airflow.task.operators.airflow.providers.docker.operators.docker.DockerOperator","filename":"docker.py","lineno":71}
{"timestamp":"2026-05-21T21:33:24.027166Z","level":"info","event":"26/05/21 21:33:24 INFO BlockManager: Initialized BlockManager: BlockManagerId(driver, 990d436a720d, 39023, None)","logger":"airflow.task.operators.airflow.providers.docker.operators.docker.DockerOperator","filename":"docker.py","lineno":71}
{"timestamp":"2026-05-21T21:33:24.058256Z","level":"info","event":"26/05/21 21:33:24 INFO StandaloneAppClient$ClientEndpoint: Executor updated: app-20260521213323-0001/1 is now RUNNING","logger":"airflow.task.operators.airflow.providers.docker.operators.docker.DockerOperator","filename":"docker.py","lineno":71}
{"timestamp":"2026-05-21T21:33:24.058503Z","level":"info","event":"26/05/21 21:33:24 INFO StandaloneAppClient$ClientEndpoint: Executor updated: app-20260521213323-0001/0 is now RUNNING","logger":"airflow.task.operators.airflow.providers.docker.operators.docker.DockerOperator","filename":"docker.py","lineno":71}
{"timestamp":"2026-05-21T21:33:24.327099Z","level":"info","event":"26/05/21 21:33:24 INFO StandaloneSchedulerBackend: SchedulerBackend is ready for scheduling beginning after reached minRegisteredResourcesRatio: 0.0","logger":"airflow.task.operators.airflow.providers.docker.operators.docker.DockerOperator","filename":"docker.py","lineno":71}
{"timestamp":"2026-05-21T21:33:24.725938Z","level":"info","event":"26/05/21 21:33:24 WARN SparkSession: Cannot use io.delta.sql.DeltaSparkSessionExtension to configure session extensions.","logger":"airflow.task.operators.airflow.providers.docker.operators.docker.DockerOperator","filename":"docker.py","lineno":71}
{"timestamp":"2026-05-21T21:33:24.726180Z","level":"info","event":"java.lang.NoClassDefFoundError: org/apache/spark/sql/catalyst/analysis/UnresolvedLeafNode","logger":"airflow.task.operators.airflow.providers.docker.operators.docker.DockerOperator","filename":"docker.py","lineno":71}
{"timestamp":"2026-05-21T21:33:24.726285Z","level":"info","event":"\tat java.base/java.lang.ClassLoader.defineClass1(Native Method)","logger":"airflow.task.operators.airflow.providers.docker.operators.docker.DockerOperator","filename":"docker.py","lineno":71}
{"timestamp":"2026-05-21T21:33:24.726357Z","level":"info","event":"\tat java.base/java.lang.ClassLoader.defineClass(Unknown Source)","logger":"airflow.task.operators.airflow.providers.docker.operators.docker.DockerOperator","filename":"docker.py","lineno":71}
{"timestamp":"2026-05-21T21:33:24.726429Z","level":"info","event":"\tat java.base/java.security.SecureClassLoader.defineClass(Unknown Source)","logger":"airflow.task.operators.airflow.providers.docker.operators.docker.DockerOperator","filename":"docker.py","lineno":71}
{"timestamp":"2026-05-21T21:33:24.726499Z","level":"info","event":"\tat java.base/jdk.internal.loader.BuiltinClassLoader.defineClass(Unknown Source)","logger":"airflow.task.operators.airflow.providers.docker.operators.docker.DockerOperator","filename":"docker.py","lineno":71}
{"timestamp":"2026-05-21T21:33:24.726564Z","level":"info","event":"\tat java.base/jdk.internal.loader.BuiltinClassLoader.findClassOnClassPathOrNull(Unknown Source)","logger":"airflow.task.operators.airflow.providers.docker.operators.docker.DockerOperator","filename":"docker.py","lineno":71}
{"timestamp":"2026-05-21T21:33:24.726634Z","level":"info","event":"\tat java.base/jdk.internal.loader.BuiltinClassLoader.loadClassOrNull(Unknown Source)","logger":"airflow.task.operators.airflow.providers.docker.operators.docker.DockerOperator","filename":"docker.py","lineno":71}
{"timestamp":"2026-05-21T21:33:24.726694Z","level":"info","event":"\tat java.base/jdk.internal.loader.BuiltinClassLoader.loadClass(Unknown Source)","logger":"airflow.task.operators.airflow.providers.docker.operators.docker.DockerOperator","filename":"docker.py","lineno":71}
{"timestamp":"2026-05-21T21:33:24.726775Z","level":"info","event":"\tat java.base/jdk.internal.loader.ClassLoaders$AppClassLoader.loadClass(Unknown Source)","logger":"airflow.task.operators.airflow.providers.docker.operators.docker.DockerOperator","filename":"docker.py","lineno":71}
{"timestamp":"2026-05-21T21:33:24.726831Z","level":"info","event":"\tat java.base/java.lang.ClassLoader.loadClass(Unknown Source)","logger":"airflow.task.operators.airflow.providers.docker.operators.docker.DockerOperator","filename":"docker.py","lineno":71}
{"timestamp":"2026-05-21T21:33:24.726886Z","level":"info","event":"\tat java.base/java.lang.ClassLoader.defineClass1(Native Method)","logger":"airflow.task.operators.airflow.providers.docker.operators.docker.DockerOperator","filename":"docker.py","lineno":71}
{"timestamp":"2026-05-21T21:33:24.726945Z","level":"info","event":"\tat java.base/java.lang.ClassLoader.defineClass(Unknown Source)","logger":"airflow.task.operators.airflow.providers.docker.operators.docker.DockerOperator","filename":"docker.py","lineno":71}
{"timestamp":"2026-05-21T21:33:24.727011Z","level":"info","event":"\tat java.base/java.security.SecureClassLoader.defineClass(Unknown Source)","logger":"airflow.task.operators.airflow.providers.docker.operators.docker.DockerOperator","filename":"docker.py","lineno":71}
{"timestamp":"2026-05-21T21:33:24.727088Z","level":"info","event":"\tat java.base/jdk.internal.loader.BuiltinClassLoader.defineClass(Unknown Source)","logger":"airflow.task.operators.airflow.providers.docker.operators.docker.DockerOperator","filename":"docker.py","lineno":71}
{"timestamp":"2026-05-21T21:33:24.727145Z","level":"info","event":"\tat java.base/jdk.internal.loader.BuiltinClassLoader.findClassOnClassPathOrNull(Unknown Source)","logger":"airflow.task.operators.airflow.providers.docker.operators.docker.DockerOperator","filename":"docker.py","lineno":71}
{"timestamp":"2026-05-21T21:33:24.727200Z","level":"info","event":"\tat java.base/jdk.internal.loader.BuiltinClassLoader.loadClassOrNull(Unknown Source)","logger":"airflow.task.operators.airflow.providers.docker.operators.docker.DockerOperator","filename":"docker.py","lineno":71}
{"timestamp":"2026-05-21T21:33:24.727264Z","level":"info","event":"\tat java.base/jdk.internal.loader.BuiltinClassLoader.loadClass(Unknown Source)","logger":"airflow.task.operators.airflow.providers.docker.operators.docker.DockerOperator","filename":"docker.py","lineno":71}
{"timestamp":"2026-05-21T21:33:24.727321Z","level":"info","event":"\tat java.base/jdk.internal.loader.ClassLoaders$AppClassLoader.loadClass(Unknown Source)","logger":"airflow.task.operators.airflow.providers.docker.operators.docker.DockerOperator","filename":"docker.py","lineno":71}
{"timestamp":"2026-05-21T21:33:24.727383Z","level":"info","event":"\tat java.base/java.lang.ClassLoader.loadClass(Unknown Source)","logger":"airflow.task.operators.airflow.providers.docker.operators.docker.DockerOperator","filename":"docker.py","lineno":71}
{"timestamp":"2026-05-21T21:33:24.727445Z","level":"info","event":"\tat java.base/java.lang.ClassLoader.defineClass1(Native Method)","logger":"airflow.task.operators.airflow.providers.docker.operators.docker.DockerOperator","filename":"docker.py","lineno":71}
{"timestamp":"2026-05-21T21:33:24.727501Z","level":"info","event":"\tat java.base/java.lang.ClassLoader.defineClass(Unknown Source)","logger":"airflow.task.operators.airflow.providers.docker.operators.docker.DockerOperator","filename":"docker.py","lineno":71}
{"timestamp":"2026-05-21T21:33:24.727566Z","level":"info","event":"\tat java.base/java.security.SecureClassLoader.defineClass(Unknown Source)","logger":"airflow.task.operators.airflow.providers.docker.operators.docker.DockerOperator","filename":"docker.py","lineno":71}
{"timestamp":"2026-05-21T21:33:24.727626Z","level":"info","event":"\tat java.base/jdk.internal.loader.BuiltinClassLoader.defineClass(Unknown Source)","logger":"airflow.task.operators.airflow.providers.docker.operators.docker.DockerOperator","filename":"docker.py","lineno":71}
{"timestamp":"2026-05-21T21:33:24.727686Z","level":"info","event":"\tat java.base/jdk.internal.loader.BuiltinClassLoader.findClassOnClassPathOrNull(Unknown Source)","logger":"airflow.task.operators.airflow.providers.docker.operators.docker.DockerOperator","filename":"docker.py","lineno":71}
{"timestamp":"2026-05-21T21:33:24.727774Z","level":"info","event":"\tat java.base/jdk.internal.loader.BuiltinClassLoader.loadClassOrNull(Unknown Source)","logger":"airflow.task.operators.airflow.providers.docker.operators.docker.DockerOperator","filename":"docker.py","lineno":71}
{"timestamp":"2026-05-21T21:33:24.727833Z","level":"info","event":"\tat java.base/jdk.internal.loader.BuiltinClassLoader.loadClass(Unknown Source)","logger":"airflow.task.operators.airflow.providers.docker.operators.docker.DockerOperator","filename":"docker.py","lineno":71}
{"timestamp":"2026-05-21T21:33:24.727897Z","level":"info","event":"\tat java.base/jdk.internal.loader.ClassLoaders$AppClassLoader.loadClass(Unknown Source)","logger":"airflow.task.operators.airflow.providers.docker.operators.docker.DockerOperator","filename":"docker.py","lineno":71}
{"timestamp":"2026-05-21T21:33:24.727961Z","level":"info","event":"\tat java.base/java.lang.ClassLoader.loadClass(Unknown Source)","logger":"airflow.task.operators.airflow.providers.docker.operators.docker.DockerOperator","filename":"docker.py","lineno":71}
{"timestamp":"2026-05-21T21:33:24.728029Z","level":"info","event":"\tat org.apache.spark.sql.delta.DeltaTableValueFunctions$.getTableValueFunctionInjection(DeltaTableValueFunctions.scala:58)","logger":"airflow.task.operators.airflow.providers.docker.operators.docker.DockerOperator","filename":"docker.py","lineno":71}
{"timestamp":"2026-05-21T21:33:24.728110Z","level":"info","event":"\tat io.delta.sql.DeltaSparkSessionExtension.$anonfun$apply$14(DeltaSparkSessionExtension.scala:167)","logger":"airflow.task.operators.airflow.providers.docker.operators.docker.DockerOperator","filename":"docker.py","lineno":71}
{"timestamp":"2026-05-21T21:33:24.728180Z","level":"info","event":"\tat io.delta.sql.DeltaSparkSessionExtension.$anonfun$apply$14$adapted(DeltaSparkSessionExtension.scala:165)","logger":"airflow.task.operators.airflow.providers.docker.operators.docker.DockerOperator","filename":"docker.py","lineno":71}
{"timestamp":"2026-05-21T21:33:24.728247Z","level":"info","event":"\tat scala.collection.immutable.List.foreach(List.scala:431)","logger":"airflow.task.operators.airflow.providers.docker.operators.docker.DockerOperator","filename":"docker.py","lineno":71}
{"timestamp":"2026-05-21T21:33:24.728309Z","level":"info","event":"\tat io.delta.sql.DeltaSparkSessionExtension.apply(DeltaSparkSessionExtension.scala:165)","logger":"airflow.task.operators.airflow.providers.docker.operators.docker.DockerOperator","filename":"docker.py","lineno":71}
{"timestamp":"2026-05-21T21:33:24.728379Z","level":"info","event":"\tat io.delta.sql.DeltaSparkSessionExtension.apply(DeltaSparkSessionExtension.scala:81)","logger":"airflow.task.operators.airflow.providers.docker.operators.docker.DockerOperator","filename":"docker.py","lineno":71}
{"timestamp":"2026-05-21T21:33:24.728444Z","level":"info","event":"\tat org.apache.spark.sql.SparkSession$.$anonfun$applyExtensions$1(SparkSession.scala:1297)","logger":"airflow.task.operators.airflow.providers.docker.operators.docker.DockerOperator","filename":"docker.py","lineno":71}
{"timestamp":"2026-05-21T21:33:24.728506Z","level":"info","event":"\tat org.apache.spark.sql.SparkSession$.$anonfun$applyExtensions$1$adapted(SparkSession.scala:1292)","logger":"airflow.task.operators.airflow.providers.docker.operators.docker.DockerOperator","filename":"docker.py","lineno":71}
{"timestamp":"2026-05-21T21:33:24.728576Z","level":"info","event":"\tat scala.collection.mutable.ResizableArray.foreach(ResizableArray.scala:62)","logger":"airflow.task.operators.airflow.providers.docker.operators.docker.DockerOperator","filename":"docker.py","lineno":71}
{"timestamp":"2026-05-21T21:33:24.728642Z","level":"info","event":"\tat scala.collection.mutable.ResizableArray.foreach$(ResizableArray.scala:55)","logger":"airflow.task.operators.airflow.providers.docker.operators.docker.DockerOperator","filename":"docker.py","lineno":71}
{"timestamp":"2026-05-21T21:33:24.728702Z","level":"info","event":"\tat scala.collection.mutable.ArrayBuffer.foreach(ArrayBuffer.scala:49)","logger":"airflow.task.operators.airflow.providers.docker.operators.docker.DockerOperator","filename":"docker.py","lineno":71}
{"timestamp":"2026-05-21T21:33:24.734165Z","level":"info","event":"\tat org.apache.spark.sql.SparkSession$.org$apache$spark$sql$SparkSession$$applyExtensions(SparkSession.scala:1292)","logger":"airflow.task.operators.airflow.providers.docker.operators.docker.DockerOperator","filename":"docker.py","lineno":71}
{"timestamp":"2026-05-21T21:33:24.734278Z","level":"info","event":"\tat org.apache.spark.sql.SparkSession.<init>(SparkSession.scala:107)","logger":"airflow.task.operators.airflow.providers.docker.operators.docker.DockerOperator","filename":"docker.py","lineno":71}
{"timestamp":"2026-05-21T21:33:24.734359Z","level":"info","event":"\tat java.base/jdk.internal.reflect.NativeConstructorAccessorImpl.newInstance0(Native Method)","logger":"airflow.task.operators.airflow.providers.docker.operators.docker.DockerOperator","filename":"docker.py","lineno":71}
{"timestamp":"2026-05-21T21:33:24.734434Z","level":"info","event":"\tat java.base/jdk.internal.reflect.NativeConstructorAccessorImpl.newInstance(Unknown Source)","logger":"airflow.task.operators.airflow.providers.docker.operators.docker.DockerOperator","filename":"docker.py","lineno":71}
{"timestamp":"2026-05-21T21:33:24.734504Z","level":"info","event":"\tat java.base/jdk.internal.reflect.DelegatingConstructorAccessorImpl.newInstance(Unknown Source)","logger":"airflow.task.operators.airflow.providers.docker.operators.docker.DockerOperator","filename":"docker.py","lineno":71}
{"timestamp":"2026-05-21T21:33:24.734585Z","level":"info","event":"\tat java.base/java.lang.reflect.Constructor.newInstanceWithCaller(Unknown Source)","logger":"airflow.task.operators.airflow.providers.docker.operators.docker.DockerOperator","filename":"docker.py","lineno":71}
{"timestamp":"2026-05-21T21:33:24.734657Z","level":"info","event":"\tat java.base/java.lang.reflect.Constructor.newInstance(Unknown Source)","logger":"airflow.task.operators.airflow.providers.docker.operators.docker.DockerOperator","filename":"docker.py","lineno":71}
{"timestamp":"2026-05-21T21:33:24.734749Z","level":"info","event":"\tat py4j.reflection.MethodInvoker.invoke(MethodInvoker.java:247)","logger":"airflow.task.operators.airflow.providers.docker.operators.docker.DockerOperator","filename":"docker.py","lineno":71}
{"timestamp":"2026-05-21T21:33:24.734829Z","level":"info","event":"\tat py4j.reflection.ReflectionEngine.invoke(ReflectionEngine.java:374)","logger":"airflow.task.operators.airflow.providers.docker.operators.docker.DockerOperator","filename":"docker.py","lineno":71}
{"timestamp":"2026-05-21T21:33:24.734898Z","level":"info","event":"\tat py4j.Gateway.invoke(Gateway.java:238)","logger":"airflow.task.operators.airflow.providers.docker.operators.docker.DockerOperator","filename":"docker.py","lineno":71}
{"timestamp":"2026-05-21T21:33:24.734968Z","level":"info","event":"\tat py4j.commands.ConstructorCommand.invokeConstructor(ConstructorCommand.java:80)","logger":"airflow.task.operators.airflow.providers.docker.operators.docker.DockerOperator","filename":"docker.py","lineno":71}
{"timestamp":"2026-05-21T21:33:24.735032Z","level":"info","event":"\tat py4j.commands.ConstructorCommand.execute(ConstructorCommand.java:69)","logger":"airflow.task.operators.airflow.providers.docker.operators.docker.DockerOperator","filename":"docker.py","lineno":71}
{"timestamp":"2026-05-21T21:33:24.735097Z","level":"info","event":"\tat py4j.ClientServerConnection.waitForCommands(ClientServerConnection.java:182)","logger":"airflow.task.operators.airflow.providers.docker.operators.docker.DockerOperator","filename":"docker.py","lineno":71}
{"timestamp":"2026-05-21T21:33:24.735160Z","level":"info","event":"\tat py4j.ClientServerConnection.run(ClientServerConnection.java:106)","logger":"airflow.task.operators.airflow.providers.docker.operators.docker.DockerOperator","filename":"docker.py","lineno":71}
{"timestamp":"2026-05-21T21:33:24.735218Z","level":"info","event":"\tat java.base/java.lang.Thread.run(Unknown Source)","logger":"airflow.task.operators.airflow.providers.docker.operators.docker.DockerOperator","filename":"docker.py","lineno":71}
{"timestamp":"2026-05-21T21:33:24.735287Z","level":"info","event":"Caused by: java.lang.ClassNotFoundException: org.apache.spark.sql.catalyst.analysis.UnresolvedLeafNode","logger":"airflow.task.operators.airflow.providers.docker.operators.docker.DockerOperator","filename":"docker.py","lineno":71}
{"timestamp":"2026-05-21T21:33:24.735352Z","level":"info","event":"\tat java.base/jdk.internal.loader.BuiltinClassLoader.loadClass(Unknown Source)","logger":"airflow.task.operators.airflow.providers.docker.operators.docker.DockerOperator","filename":"docker.py","lineno":71}
{"timestamp":"2026-05-21T21:33:24.735408Z","level":"info","event":"\tat java.base/jdk.internal.loader.ClassLoaders$AppClassLoader.loadClass(Unknown Source)","logger":"airflow.task.operators.airflow.providers.docker.operators.docker.DockerOperator","filename":"docker.py","lineno":71}
{"timestamp":"2026-05-21T21:33:24.735471Z","level":"info","event":"\tat java.base/java.lang.ClassLoader.loadClass(Unknown Source)","logger":"airflow.task.operators.airflow.providers.docker.operators.docker.DockerOperator","filename":"docker.py","lineno":71}
{"timestamp":"2026-05-21T21:33:24.735536Z","level":"info","event":"\t... 53 more","logger":"airflow.task.operators.airflow.providers.docker.operators.docker.DockerOperator","filename":"docker.py","lineno":71}
{"timestamp":"2026-05-21T21:33:24.735706Z","level":"info","event":"2026-05-21 21:33:24,733 - INFO - processing table sales_by_country","logger":"airflow.task.operators.airflow.providers.docker.operators.docker.DockerOperator","filename":"docker.py","lineno":71}
{"timestamp":"2026-05-21T21:33:24.741597Z","level":"info","event":"2026-05-21 21:33:24,736 - INFO - processing table sales_per_customer","logger":"airflow.task.operators.airflow.providers.docker.operators.docker.DockerOperator","filename":"docker.py","lineno":71}
{"timestamp":"2026-05-21T21:33:24.746495Z","level":"info","event":"2026-05-21 21:33:24,742 - INFO - processing table sales_per_employee","logger":"airflow.task.operators.airflow.providers.docker.operators.docker.DockerOperator","filename":"docker.py","lineno":71}
{"timestamp":"2026-05-21T21:33:24.746693Z","level":"info","event":"2026-05-21 21:33:24,743 - INFO - processing table sales_per_city_country","logger":"airflow.task.operators.airflow.providers.docker.operators.docker.DockerOperator","filename":"docker.py","lineno":71}
{"timestamp":"2026-05-21T21:33:24.746942Z","level":"info","event":"2026-05-21 21:33:24,745 - INFO - processing table quantity_sales_per_ship_method","logger":"airflow.task.operators.airflow.providers.docker.operators.docker.DockerOperator","filename":"docker.py","lineno":71}
{"timestamp":"2026-05-21T21:33:24.754783Z","level":"info","event":"2026-05-21 21:33:24,751 - INFO - processing table sales_per_card_type","logger":"airflow.task.operators.airflow.providers.docker.operators.docker.DockerOperator","filename":"docker.py","lineno":71}
{"timestamp":"2026-05-21T21:33:24.755243Z","level":"info","event":"2026-05-21 21:33:24,753 - INFO - processing table quantity_sales_per_product","logger":"airflow.task.operators.airflow.providers.docker.operators.docker.DockerOperator","filename":"docker.py","lineno":71}
{"timestamp":"2026-05-21T21:33:24.860111Z","level":"info","event":"26/05/21 21:33:24 INFO SharedState: Setting hive.metastore.warehouse.dir ('null') to the value of spark.sql.warehouse.dir.","logger":"airflow.task.operators.airflow.providers.docker.operators.docker.DockerOperator","filename":"docker.py","lineno":71}
{"timestamp":"2026-05-21T21:33:24.873481Z","level":"info","event":"26/05/21 21:33:24 INFO SharedState: Warehouse path is 'file:/app/spark-warehouse'.","logger":"airflow.task.operators.airflow.providers.docker.operators.docker.DockerOperator","filename":"docker.py","lineno":71}
{"timestamp":"2026-05-21T21:33:26.689775Z","level":"info","event":"2026-05-21 21:33:26,688 - ERROR - Error processing table sales_per_customer: An error occurred while calling o51.load.","logger":"airflow.task.operators.airflow.providers.docker.operators.docker.DockerOperator","filename":"docker.py","lineno":71}
{"timestamp":"2026-05-21T21:33:26.690028Z","level":"info","event":": java.lang.NoClassDefFoundError: org/apache/spark/sql/catalyst/analysis/UnresolvedLeafNode","logger":"airflow.task.operators.airflow.providers.docker.operators.docker.DockerOperator","filename":"docker.py","lineno":71}
{"timestamp":"2026-05-21T21:33:26.690140Z","level":"info","event":"\tat java.base/java.lang.ClassLoader.defineClass1(Native Method)","logger":"airflow.task.operators.airflow.providers.docker.operators.docker.DockerOperator","filename":"docker.py","lineno":71}
{"timestamp":"2026-05-21T21:33:26.690216Z","level":"info","event":"\tat java.base/java.lang.ClassLoader.defineClass(Unknown Source)","logger":"airflow.task.operators.airflow.providers.docker.operators.docker.DockerOperator","filename":"docker.py","lineno":71}
{"timestamp":"2026-05-21T21:33:26.690286Z","level":"info","event":"\tat java.base/java.security.SecureClassLoader.defineClass(Unknown Source)","logger":"airflow.task.operators.airflow.providers.docker.operators.docker.DockerOperator","filename":"docker.py","lineno":71}
{"timestamp":"2026-05-21T21:33:26.690362Z","level":"info","event":"\tat java.base/jdk.internal.loader.BuiltinClassLoader.defineClass(Unknown Source)","logger":"airflow.task.operators.airflow.providers.docker.operators.docker.DockerOperator","filename":"docker.py","lineno":71}
{"timestamp":"2026-05-21T21:33:26.690442Z","level":"info","event":"\tat java.base/jdk.internal.loader.BuiltinClassLoader.findClassOnClassPathOrNull(Unknown Source)","logger":"airflow.task.operators.airflow.providers.docker.operators.docker.DockerOperator","filename":"docker.py","lineno":71}
{"timestamp":"2026-05-21T21:33:26.690531Z","level":"info","event":"\tat java.base/jdk.internal.loader.BuiltinClassLoader.loadClassOrNull(Unknown Source)","logger":"airflow.task.operators.airflow.providers.docker.operators.docker.DockerOperator","filename":"docker.py","lineno":71}
{"timestamp":"2026-05-21T21:33:26.690601Z","level":"info","event":"\tat java.base/jdk.internal.loader.BuiltinClassLoader.loadClass(Unknown Source)","logger":"airflow.task.operators.airflow.providers.docker.operators.docker.DockerOperator","filename":"docker.py","lineno":71}
{"timestamp":"2026-05-21T21:33:26.690667Z","level":"info","event":"\tat java.base/jdk.internal.loader.ClassLoaders$AppClassLoader.loadClass(Unknown Source)","logger":"airflow.task.operators.airflow.providers.docker.operators.docker.DockerOperator","filename":"docker.py","lineno":71}
{"timestamp":"2026-05-21T21:33:26.690765Z","level":"info","event":"\tat java.base/java.lang.ClassLoader.loadClass(Unknown Source)","logger":"airflow.task.operators.airflow.providers.docker.operators.docker.DockerOperator","filename":"docker.py","lineno":71}
{"timestamp":"2026-05-21T21:33:26.690840Z","level":"info","event":"\tat java.base/java.lang.ClassLoader.defineClass1(Native Method)","logger":"airflow.task.operators.airflow.providers.docker.operators.docker.DockerOperator","filename":"docker.py","lineno":71}
{"timestamp":"2026-05-21T21:33:26.690929Z","level":"info","event":"\tat java.base/java.lang.ClassLoader.defineClass(Unknown Source)","logger":"airflow.task.operators.airflow.providers.docker.operators.docker.DockerOperator","filename":"docker.py","lineno":71}
{"timestamp":"2026-05-21T21:33:26.691006Z","level":"info","event":"\tat java.base/java.security.SecureClassLoader.defineClass(Unknown Source)","logger":"airflow.task.operators.airflow.providers.docker.operators.docker.DockerOperator","filename":"docker.py","lineno":71}
{"timestamp":"2026-05-21T21:33:26.691078Z","level":"info","event":"\tat java.base/jdk.internal.loader.BuiltinClassLoader.defineClass(Unknown Source)","logger":"airflow.task.operators.airflow.providers.docker.operators.docker.DockerOperator","filename":"docker.py","lineno":71}
{"timestamp":"2026-05-21T21:33:26.691152Z","level":"info","event":"\tat java.base/jdk.internal.loader.BuiltinClassLoader.findClassOnClassPathOrNull(Unknown Source)","logger":"airflow.task.operators.airflow.providers.docker.operators.docker.DockerOperator","filename":"docker.py","lineno":71}
{"timestamp":"2026-05-21T21:33:26.691215Z","level":"info","event":"\tat java.base/jdk.internal.loader.BuiltinClassLoader.loadClassOrNull(Unknown Source)","logger":"airflow.task.operators.airflow.providers.docker.operators.docker.DockerOperator","filename":"docker.py","lineno":71}
{"timestamp":"2026-05-21T21:33:26.691274Z","level":"info","event":"\tat java.base/jdk.internal.loader.BuiltinClassLoader.loadClass(Unknown Source)","logger":"airflow.task.operators.airflow.providers.docker.operators.docker.DockerOperator","filename":"docker.py","lineno":71}
{"timestamp":"2026-05-21T21:33:26.691332Z","level":"info","event":"\tat java.base/jdk.internal.loader.ClassLoaders$AppClassLoader.loadClass(Unknown Source)","logger":"airflow.task.operators.airflow.providers.docker.operators.docker.DockerOperator","filename":"docker.py","lineno":71}
{"timestamp":"2026-05-21T21:33:26.691390Z","level":"info","event":"\tat java.base/java.lang.ClassLoader.loadClass(Unknown Source)","logger":"airflow.task.operators.airflow.providers.docker.operators.docker.DockerOperator","filename":"docker.py","lineno":71}
{"timestamp":"2026-05-21T21:33:26.691452Z","level":"info","event":"\tat org.apache.spark.sql.delta.sources.DeltaDataSource.getTable(DeltaDataSource.scala:69)","logger":"airflow.task.operators.airflow.providers.docker.operators.docker.DockerOperator","filename":"docker.py","lineno":71}
{"timestamp":"2026-05-21T21:33:26.691513Z","level":"info","event":"\tat org.apache.spark.sql.execution.datasources.v2.DataSourceV2Utils$.getTableFromProvider(DataSourceV2Utils.scala:92)","logger":"airflow.task.operators.airflow.providers.docker.operators.docker.DockerOperator","filename":"docker.py","lineno":71}
{"timestamp":"2026-05-21T21:33:26.691575Z","level":"info","event":"\tat org.apache.spark.sql.execution.datasources.v2.DataSourceV2Utils$.loadV2Source(DataSourceV2Utils.scala:140)","logger":"airflow.task.operators.airflow.providers.docker.operators.docker.DockerOperator","filename":"docker.py","lineno":71}
{"timestamp":"2026-05-21T21:33:26.691652Z","level":"info","event":"\tat org.apache.spark.sql.DataFrameReader.$anonfun$load$1(DataFrameReader.scala:210)","logger":"airflow.task.operators.airflow.providers.docker.operators.docker.DockerOperator","filename":"docker.py","lineno":71}
{"timestamp":"2026-05-21T21:33:26.691739Z","level":"info","event":"\tat scala.Option.flatMap(Option.scala:271)","logger":"airflow.task.operators.airflow.providers.docker.operators.docker.DockerOperator","filename":"docker.py","lineno":71}
{"timestamp":"2026-05-21T21:33:26.691812Z","level":"info","event":"\tat org.apache.spark.sql.DataFrameReader.load(DataFrameReader.scala:208)","logger":"airflow.task.operators.airflow.providers.docker.operators.docker.DockerOperator","filename":"docker.py","lineno":71}
{"timestamp":"2026-05-21T21:33:26.691876Z","level":"info","event":"\tat org.apache.spark.sql.DataFrameReader.load(DataFrameReader.scala:186)","logger":"airflow.task.operators.airflow.providers.docker.operators.docker.DockerOperator","filename":"docker.py","lineno":71}
{"timestamp":"2026-05-21T21:33:26.691953Z","level":"info","event":"\tat java.base/jdk.internal.reflect.NativeMethodAccessorImpl.invoke0(Native Method)","logger":"airflow.task.operators.airflow.providers.docker.operators.docker.DockerOperator","filename":"docker.py","lineno":71}
{"timestamp":"2026-05-21T21:33:26.692019Z","level":"info","event":"\tat java.base/jdk.internal.reflect.NativeMethodAccessorImpl.invoke(Unknown Source)","logger":"airflow.task.operators.airflow.providers.docker.operators.docker.DockerOperator","filename":"docker.py","lineno":71}
{"timestamp":"2026-05-21T21:33:26.692085Z","level":"info","event":"\tat java.base/jdk.internal.reflect.DelegatingMethodAccessorImpl.invoke(Unknown Source)","logger":"airflow.task.operators.airflow.providers.docker.operators.docker.DockerOperator","filename":"docker.py","lineno":71}
{"timestamp":"2026-05-21T21:33:26.692153Z","level":"info","event":"\tat java.base/java.lang.reflect.Method.invoke(Unknown Source)","logger":"airflow.task.operators.airflow.providers.docker.operators.docker.DockerOperator","filename":"docker.py","lineno":71}
{"timestamp":"2026-05-21T21:33:26.692223Z","level":"info","event":"\tat py4j.reflection.MethodInvoker.invoke(MethodInvoker.java:244)","logger":"airflow.task.operators.airflow.providers.docker.operators.docker.DockerOperator","filename":"docker.py","lineno":71}
{"timestamp":"2026-05-21T21:33:26.692295Z","level":"info","event":"\tat py4j.reflection.ReflectionEngine.invoke(ReflectionEngine.java:374)","logger":"airflow.task.operators.airflow.providers.docker.operators.docker.DockerOperator","filename":"docker.py","lineno":71}
{"timestamp":"2026-05-21T21:33:26.692363Z","level":"info","event":"\tat py4j.Gateway.invoke(Gateway.java:282)","logger":"airflow.task.operators.airflow.providers.docker.operators.docker.DockerOperator","filename":"docker.py","lineno":71}
{"timestamp":"2026-05-21T21:33:26.692438Z","level":"info","event":"\tat py4j.commands.AbstractCommand.invokeMethod(AbstractCommand.java:132)","logger":"airflow.task.operators.airflow.providers.docker.operators.docker.DockerOperator","filename":"docker.py","lineno":71}
{"timestamp":"2026-05-21T21:33:26.692513Z","level":"info","event":"\tat py4j.commands.CallCommand.execute(CallCommand.java:79)","logger":"airflow.task.operators.airflow.providers.docker.operators.docker.DockerOperator","filename":"docker.py","lineno":71}
{"timestamp":"2026-05-21T21:33:26.692583Z","level":"info","event":"\tat py4j.ClientServerConnection.waitForCommands(ClientServerConnection.java:182)","logger":"airflow.task.operators.airflow.providers.docker.operators.docker.DockerOperator","filename":"docker.py","lineno":71}
{"timestamp":"2026-05-21T21:33:26.692652Z","level":"info","event":"\tat py4j.ClientServerConnection.run(ClientServerConnection.java:106)","logger":"airflow.task.operators.airflow.providers.docker.operators.docker.DockerOperator","filename":"docker.py","lineno":71}
{"timestamp":"2026-05-21T21:33:26.692740Z","level":"info","event":"\tat java.base/java.lang.Thread.run(Unknown Source)","logger":"airflow.task.operators.airflow.providers.docker.operators.docker.DockerOperator","filename":"docker.py","lineno":71}
{"timestamp":"2026-05-21T21:33:26.692817Z","level":"info","event":"Caused by: java.lang.ClassNotFoundException: org.apache.spark.sql.catalyst.analysis.UnresolvedLeafNode","logger":"airflow.task.operators.airflow.providers.docker.operators.docker.DockerOperator","filename":"docker.py","lineno":71}
{"timestamp":"2026-05-21T21:33:26.692898Z","level":"info","event":"\tat java.base/jdk.internal.loader.BuiltinClassLoader.loadClass(Unknown Source)","logger":"airflow.task.operators.airflow.providers.docker.operators.docker.DockerOperator","filename":"docker.py","lineno":71}
{"timestamp":"2026-05-21T21:33:26.692968Z","level":"info","event":"\tat java.base/jdk.internal.loader.ClassLoaders$AppClassLoader.loadClass(Unknown Source)","logger":"airflow.task.operators.airflow.providers.docker.operators.docker.DockerOperator","filename":"docker.py","lineno":71}
{"timestamp":"2026-05-21T21:33:26.693040Z","level":"info","event":"\tat java.base/java.lang.ClassLoader.loadClass(Unknown Source)","logger":"airflow.task.operators.airflow.providers.docker.operators.docker.DockerOperator","filename":"docker.py","lineno":71}
{"timestamp":"2026-05-21T21:33:26.693112Z","level":"info","event":"\t... 37 more","logger":"airflow.task.operators.airflow.providers.docker.operators.docker.DockerOperator","filename":"docker.py","lineno":71}
{"timestamp":"2026-05-21T21:33:26.693177Z","level":"info","event":"","logger":"airflow.task.operators.airflow.providers.docker.operators.docker.DockerOperator","filename":"docker.py","lineno":71}
{"timestamp":"2026-05-21T21:33:26.693335Z","level":"info","event":"2026-05-21 21:33:26,689 - ERROR - Error processing table sales_per_city_country: An error occurred while calling o56.load.","logger":"airflow.task.operators.airflow.providers.docker.operators.docker.DockerOperator","filename":"docker.py","lineno":71}
{"timestamp":"2026-05-21T21:33:26.693415Z","level":"info","event":": java.lang.NoClassDefFoundError: org/apache/spark/sql/catalyst/analysis/UnresolvedLeafNode","logger":"airflow.task.operators.airflow.providers.docker.operators.docker.DockerOperator","filename":"docker.py","lineno":71}
{"timestamp":"2026-05-21T21:33:26.693484Z","level":"info","event":"\tat java.base/java.lang.ClassLoader.defineClass1(Native Method)","logger":"airflow.task.operators.airflow.providers.docker.operators.docker.DockerOperator","filename":"docker.py","lineno":71}
{"timestamp":"2026-05-21T21:33:26.693552Z","level":"info","event":"\tat java.base/java.lang.ClassLoader.defineClass(Unknown Source)","logger":"airflow.task.operators.airflow.providers.docker.operators.docker.DockerOperator","filename":"docker.py","lineno":71}
{"timestamp":"2026-05-21T21:33:26.693620Z","level":"info","event":"\tat java.base/java.security.SecureClassLoader.defineClass(Unknown Source)","logger":"airflow.task.operators.airflow.providers.docker.operators.docker.DockerOperator","filename":"docker.py","lineno":71}
{"timestamp":"2026-05-21T21:33:26.693688Z","level":"info","event":"\tat java.base/jdk.internal.loader.BuiltinClassLoader.defineClass(Unknown Source)","logger":"airflow.task.operators.airflow.providers.docker.operators.docker.DockerOperator","filename":"docker.py","lineno":71}
{"timestamp":"2026-05-21T21:33:26.693789Z","level":"info","event":"\tat java.base/jdk.internal.loader.BuiltinClassLoader.findClassOnClassPathOrNull(Unknown Source)","logger":"airflow.task.operators.airflow.providers.docker.operators.docker.DockerOperator","filename":"docker.py","lineno":71}
{"timestamp":"2026-05-21T21:33:26.693876Z","level":"info","event":"\tat java.base/jdk.internal.loader.BuiltinClassLoader.loadClassOrNull(Unknown Source)","logger":"airflow.task.operators.airflow.providers.docker.operators.docker.DockerOperator","filename":"docker.py","lineno":71}
{"timestamp":"2026-05-21T21:33:26.693958Z","level":"info","event":"\tat java.base/jdk.internal.loader.BuiltinClassLoader.loadClass(Unknown Source)","logger":"airflow.task.operators.airflow.providers.docker.operators.docker.DockerOperator","filename":"docker.py","lineno":71}
{"timestamp":"2026-05-21T21:33:26.694023Z","level":"info","event":"\tat java.base/jdk.internal.loader.ClassLoaders$AppClassLoader.loadClass(Unknown Source)","logger":"airflow.task.operators.airflow.providers.docker.operators.docker.DockerOperator","filename":"docker.py","lineno":71}
{"timestamp":"2026-05-21T21:33:26.694090Z","level":"info","event":"\tat java.base/java.lang.ClassLoader.loadClass(Unknown Source)","logger":"airflow.task.operators.airflow.providers.docker.operators.docker.DockerOperator","filename":"docker.py","lineno":71}
{"timestamp":"2026-05-21T21:33:26.694159Z","level":"info","event":"\tat java.base/java.lang.ClassLoader.defineClass1(Native Method)","logger":"airflow.task.operators.airflow.providers.docker.operators.docker.DockerOperator","filename":"docker.py","lineno":71}
{"timestamp":"2026-05-21T21:33:26.694313Z","level":"info","event":"\tat java.base/java.lang.ClassLoader.defineClass(Unknown Source)","logger":"airflow.task.operators.airflow.providers.docker.operators.docker.DockerOperator","filename":"docker.py","lineno":71}
{"timestamp":"2026-05-21T21:33:26.694411Z","level":"info","event":"\tat java.base/java.security.SecureClassLoader.defineClass(Unknown Source)","logger":"airflow.task.operators.airflow.providers.docker.operators.docker.DockerOperator","filename":"docker.py","lineno":71}
{"timestamp":"2026-05-21T21:33:26.694483Z","level":"info","event":"\tat java.base/jdk.internal.loader.BuiltinClassLoader.defineClass(Unknown Source)","logger":"airflow.task.operators.airflow.providers.docker.operators.docker.DockerOperator","filename":"docker.py","lineno":71}
{"timestamp":"2026-05-21T21:33:26.694550Z","level":"info","event":"\tat java.base/jdk.internal.loader.BuiltinClassLoader.findClassOnClassPathOrNull(Unknown Source)","logger":"airflow.task.operators.airflow.providers.docker.operators.docker.DockerOperator","filename":"docker.py","lineno":71}
{"timestamp":"2026-05-21T21:33:26.694615Z","level":"info","event":"\tat java.base/jdk.internal.loader.BuiltinClassLoader.loadClassOrNull(Unknown Source)","logger":"airflow.task.operators.airflow.providers.docker.operators.docker.DockerOperator","filename":"docker.py","lineno":71}
{"timestamp":"2026-05-21T21:33:26.694691Z","level":"info","event":"\tat java.base/jdk.internal.loader.BuiltinClassLoader.loadClass(Unknown Source)","logger":"airflow.task.operators.airflow.providers.docker.operators.docker.DockerOperator","filename":"docker.py","lineno":71}
{"timestamp":"2026-05-21T21:33:26.694791Z","level":"info","event":"\tat java.base/jdk.internal.loader.ClassLoaders$AppClassLoader.loadClass(Unknown Source)","logger":"airflow.task.operators.airflow.providers.docker.operators.docker.DockerOperator","filename":"docker.py","lineno":71}
{"timestamp":"2026-05-21T21:33:26.694864Z","level":"info","event":"\tat java.base/java.lang.ClassLoader.loadClass(Unknown Source)","logger":"airflow.task.operators.airflow.providers.docker.operators.docker.DockerOperator","filename":"docker.py","lineno":71}
{"timestamp":"2026-05-21T21:33:26.694947Z","level":"info","event":"\tat org.apache.spark.sql.delta.sources.DeltaDataSource.getTable(DeltaDataSource.scala:69)","logger":"airflow.task.operators.airflow.providers.docker.operators.docker.DockerOperator","filename":"docker.py","lineno":71}
{"timestamp":"2026-05-21T21:33:26.695019Z","level":"info","event":"\tat org.apache.spark.sql.execution.datasources.v2.DataSourceV2Utils$.getTableFromProvider(DataSourceV2Utils.scala:92)","logger":"airflow.task.operators.airflow.providers.docker.operators.docker.DockerOperator","filename":"docker.py","lineno":71}
{"timestamp":"2026-05-21T21:33:26.695090Z","level":"info","event":"\tat org.apache.spark.sql.execution.datasources.v2.DataSourceV2Utils$.loadV2Source(DataSourceV2Utils.scala:140)","logger":"airflow.task.operators.airflow.providers.docker.operators.docker.DockerOperator","filename":"docker.py","lineno":71}
{"timestamp":"2026-05-21T21:33:26.695162Z","level":"info","event":"\tat org.apache.spark.sql.DataFrameReader.$anonfun$load$1(DataFrameReader.scala:210)","logger":"airflow.task.operators.airflow.providers.docker.operators.docker.DockerOperator","filename":"docker.py","lineno":71}
{"timestamp":"2026-05-21T21:33:26.695232Z","level":"info","event":"\tat scala.Option.flatMap(Option.scala:271)","logger":"airflow.task.operators.airflow.providers.docker.operators.docker.DockerOperator","filename":"docker.py","lineno":71}
{"timestamp":"2026-05-21T21:33:26.695302Z","level":"info","event":"\tat org.apache.spark.sql.DataFrameReader.load(DataFrameReader.scala:208)","logger":"airflow.task.operators.airflow.providers.docker.operators.docker.DockerOperator","filename":"docker.py","lineno":71}
{"timestamp":"2026-05-21T21:33:26.695384Z","level":"info","event":"\tat org.apache.spark.sql.DataFrameReader.load(DataFrameReader.scala:186)","logger":"airflow.task.operators.airflow.providers.docker.operators.docker.DockerOperator","filename":"docker.py","lineno":71}
{"timestamp":"2026-05-21T21:33:26.695447Z","level":"info","event":"\tat java.base/jdk.internal.reflect.NativeMethodAccessorImpl.invoke0(Native Method)","logger":"airflow.task.operators.airflow.providers.docker.operators.docker.DockerOperator","filename":"docker.py","lineno":71}
{"timestamp":"2026-05-21T21:33:26.695503Z","level":"info","event":"\tat java.base/jdk.internal.reflect.NativeMethodAccessorImpl.invoke(Unknown Source)","logger":"airflow.task.operators.airflow.providers.docker.operators.docker.DockerOperator","filename":"docker.py","lineno":71}
{"timestamp":"2026-05-21T21:33:26.695557Z","level":"info","event":"\tat java.base/jdk.internal.reflect.DelegatingMethodAccessorImpl.invoke(Unknown Source)","logger":"airflow.task.operators.airflow.providers.docker.operators.docker.DockerOperator","filename":"docker.py","lineno":71}
{"timestamp":"2026-05-21T21:33:26.695613Z","level":"info","event":"\tat java.base/java.lang.reflect.Method.invoke(Unknown Source)","logger":"airflow.task.operators.airflow.providers.docker.operators.docker.DockerOperator","filename":"docker.py","lineno":71}
{"timestamp":"2026-05-21T21:33:26.695670Z","level":"info","event":"\tat py4j.reflection.MethodInvoker.invoke(MethodInvoker.java:244)","logger":"airflow.task.operators.airflow.providers.docker.operators.docker.DockerOperator","filename":"docker.py","lineno":71}
{"timestamp":"2026-05-21T21:33:26.695750Z","level":"info","event":"\tat py4j.reflection.ReflectionEngine.invoke(ReflectionEngine.java:374)","logger":"airflow.task.operators.airflow.providers.docker.operators.docker.DockerOperator","filename":"docker.py","lineno":71}
{"timestamp":"2026-05-21T21:33:26.695812Z","level":"info","event":"\tat py4j.Gateway.invoke(Gateway.java:282)","logger":"airflow.task.operators.airflow.providers.docker.operators.docker.DockerOperator","filename":"docker.py","lineno":71}
{"timestamp":"2026-05-21T21:33:26.695871Z","level":"info","event":"\tat py4j.commands.AbstractCommand.invokeMethod(AbstractCommand.java:132)","logger":"airflow.task.operators.airflow.providers.docker.operators.docker.DockerOperator","filename":"docker.py","lineno":71}
{"timestamp":"2026-05-21T21:33:26.695939Z","level":"info","event":"\tat py4j.commands.CallCommand.execute(CallCommand.java:79)","logger":"airflow.task.operators.airflow.providers.docker.operators.docker.DockerOperator","filename":"docker.py","lineno":71}
{"timestamp":"2026-05-21T21:33:26.695998Z","level":"info","event":"\tat py4j.ClientServerConnection.waitForCommands(ClientServerConnection.java:182)","logger":"airflow.task.operators.airflow.providers.docker.operators.docker.DockerOperator","filename":"docker.py","lineno":71}
{"timestamp":"2026-05-21T21:33:26.696057Z","level":"info","event":"\tat py4j.ClientServerConnection.run(ClientServerConnection.java:106)","logger":"airflow.task.operators.airflow.providers.docker.operators.docker.DockerOperator","filename":"docker.py","lineno":71}
{"timestamp":"2026-05-21T21:33:26.696115Z","level":"info","event":"\tat java.base/java.lang.Thread.run(Unknown Source)","logger":"airflow.task.operators.airflow.providers.docker.operators.docker.DockerOperator","filename":"docker.py","lineno":71}
{"timestamp":"2026-05-21T21:33:26.696171Z","level":"info","event":"Caused by: java.lang.ClassNotFoundException: org.apache.spark.sql.catalyst.analysis.UnresolvedLeafNode","logger":"airflow.task.operators.airflow.providers.docker.operators.docker.DockerOperator","filename":"docker.py","lineno":71}
{"timestamp":"2026-05-21T21:33:26.696228Z","level":"info","event":"\tat java.base/jdk.internal.loader.BuiltinClassLoader.loadClass(Unknown Source)","logger":"airflow.task.operators.airflow.providers.docker.operators.docker.DockerOperator","filename":"docker.py","lineno":71}
{"timestamp":"2026-05-21T21:33:26.696284Z","level":"info","event":"\tat java.base/jdk.internal.loader.ClassLoaders$AppClassLoader.loadClass(Unknown Source)","logger":"airflow.task.operators.airflow.providers.docker.operators.docker.DockerOperator","filename":"docker.py","lineno":71}
{"timestamp":"2026-05-21T21:33:26.696342Z","level":"info","event":"\tat java.base/java.lang.ClassLoader.loadClass(Unknown Source)","logger":"airflow.task.operators.airflow.providers.docker.operators.docker.DockerOperator","filename":"docker.py","lineno":71}
{"timestamp":"2026-05-21T21:33:26.696401Z","level":"info","event":"\t... 37 more","logger":"airflow.task.operators.airflow.providers.docker.operators.docker.DockerOperator","filename":"docker.py","lineno":71}
{"timestamp":"2026-05-21T21:33:26.696465Z","level":"info","event":"","logger":"airflow.task.operators.airflow.providers.docker.operators.docker.DockerOperator","filename":"docker.py","lineno":71}
{"timestamp":"2026-05-21T21:33:26.701558Z","level":"info","event":"2026-05-21 21:33:26,699 - ERROR - Error processing table quantity_sales_per_product: An error occurred while calling o54.load.","logger":"airflow.task.operators.airflow.providers.docker.operators.docker.DockerOperator","filename":"docker.py","lineno":71}
{"timestamp":"2026-05-21T21:33:26.701710Z","level":"info","event":": java.lang.NoClassDefFoundError: org/apache/spark/sql/catalyst/analysis/UnresolvedLeafNode","logger":"airflow.task.operators.airflow.providers.docker.operators.docker.DockerOperator","filename":"docker.py","lineno":71}
{"timestamp":"2026-05-21T21:33:26.701826Z","level":"info","event":"\tat java.base/java.lang.ClassLoader.defineClass1(Native Method)","logger":"airflow.task.operators.airflow.providers.docker.operators.docker.DockerOperator","filename":"docker.py","lineno":71}
{"timestamp":"2026-05-21T21:33:26.701937Z","level":"info","event":"\tat java.base/java.lang.ClassLoader.defineClass(Unknown Source)","logger":"airflow.task.operators.airflow.providers.docker.operators.docker.DockerOperator","filename":"docker.py","lineno":71}
{"timestamp":"2026-05-21T21:33:26.702025Z","level":"info","event":"\tat java.base/java.security.SecureClassLoader.defineClass(Unknown Source)","logger":"airflow.task.operators.airflow.providers.docker.operators.docker.DockerOperator","filename":"docker.py","lineno":71}
{"timestamp":"2026-05-21T21:33:26.702093Z","level":"info","event":"\tat java.base/jdk.internal.loader.BuiltinClassLoader.defineClass(Unknown Source)","logger":"airflow.task.operators.airflow.providers.docker.operators.docker.DockerOperator","filename":"docker.py","lineno":71}
{"timestamp":"2026-05-21T21:33:26.702156Z","level":"info","event":"\tat java.base/jdk.internal.loader.BuiltinClassLoader.findClassOnClassPathOrNull(Unknown Source)","logger":"airflow.task.operators.airflow.providers.docker.operators.docker.DockerOperator","filename":"docker.py","lineno":71}
{"timestamp":"2026-05-21T21:33:26.702217Z","level":"info","event":"\tat java.base/jdk.internal.loader.BuiltinClassLoader.loadClassOrNull(Unknown Source)","logger":"airflow.task.operators.airflow.providers.docker.operators.docker.DockerOperator","filename":"docker.py","lineno":71}
{"timestamp":"2026-05-21T21:33:26.702278Z","level":"info","event":"\tat java.base/jdk.internal.loader.BuiltinClassLoader.loadClass(Unknown Source)","logger":"airflow.task.operators.airflow.providers.docker.operators.docker.DockerOperator","filename":"docker.py","lineno":71}
{"timestamp":"2026-05-21T21:33:26.702348Z","level":"info","event":"\tat java.base/jdk.internal.loader.ClassLoaders$AppClassLoader.loadClass(Unknown Source)","logger":"airflow.task.operators.airflow.providers.docker.operators.docker.DockerOperator","filename":"docker.py","lineno":71}
{"timestamp":"2026-05-21T21:33:26.702410Z","level":"info","event":"\tat java.base/java.lang.ClassLoader.loadClass(Unknown Source)","logger":"airflow.task.operators.airflow.providers.docker.operators.docker.DockerOperator","filename":"docker.py","lineno":71}
{"timestamp":"2026-05-21T21:33:26.702473Z","level":"info","event":"\tat java.base/java.lang.ClassLoader.defineClass1(Native Method)","logger":"airflow.task.operators.airflow.providers.docker.operators.docker.DockerOperator","filename":"docker.py","lineno":71}
{"timestamp":"2026-05-21T21:33:26.702532Z","level":"info","event":"\tat java.base/java.lang.ClassLoader.defineClass(Unknown Source)","logger":"airflow.task.operators.airflow.providers.docker.operators.docker.DockerOperator","filename":"docker.py","lineno":71}
{"timestamp":"2026-05-21T21:33:26.702592Z","level":"info","event":"\tat java.base/java.security.SecureClassLoader.defineClass(Unknown Source)","logger":"airflow.task.operators.airflow.providers.docker.operators.docker.DockerOperator","filename":"docker.py","lineno":71}
{"timestamp":"2026-05-21T21:33:26.702653Z","level":"info","event":"\tat java.base/jdk.internal.loader.BuiltinClassLoader.defineClass(Unknown Source)","logger":"airflow.task.operators.airflow.providers.docker.operators.docker.DockerOperator","filename":"docker.py","lineno":71}
{"timestamp":"2026-05-21T21:33:26.702713Z","level":"info","event":"\tat java.base/jdk.internal.loader.BuiltinClassLoader.findClassOnClassPathOrNull(Unknown Source)","logger":"airflow.task.operators.airflow.providers.docker.operators.docker.DockerOperator","filename":"docker.py","lineno":71}
{"timestamp":"2026-05-21T21:33:26.702800Z","level":"info","event":"\tat java.base/jdk.internal.loader.BuiltinClassLoader.loadClassOrNull(Unknown Source)","logger":"airflow.task.operators.airflow.providers.docker.operators.docker.DockerOperator","filename":"docker.py","lineno":71}
{"timestamp":"2026-05-21T21:33:26.702862Z","level":"info","event":"\tat java.base/jdk.internal.loader.BuiltinClassLoader.loadClass(Unknown Source)","logger":"airflow.task.operators.airflow.providers.docker.operators.docker.DockerOperator","filename":"docker.py","lineno":71}
{"timestamp":"2026-05-21T21:33:26.702936Z","level":"info","event":"\tat java.base/jdk.internal.loader.ClassLoaders$AppClassLoader.loadClass(Unknown Source)","logger":"airflow.task.operators.airflow.providers.docker.operators.docker.DockerOperator","filename":"docker.py","lineno":71}
{"timestamp":"2026-05-21T21:33:26.702996Z","level":"info","event":"\tat java.base/java.lang.ClassLoader.loadClass(Unknown Source)","logger":"airflow.task.operators.airflow.providers.docker.operators.docker.DockerOperator","filename":"docker.py","lineno":71}
{"timestamp":"2026-05-21T21:33:26.703055Z","level":"info","event":"\tat org.apache.spark.sql.delta.sources.DeltaDataSource.getTable(DeltaDataSource.scala:69)","logger":"airflow.task.operators.airflow.providers.docker.operators.docker.DockerOperator","filename":"docker.py","lineno":71}
{"timestamp":"2026-05-21T21:33:26.703115Z","level":"info","event":"\tat org.apache.spark.sql.execution.datasources.v2.DataSourceV2Utils$.getTableFromProvider(DataSourceV2Utils.scala:92)","logger":"airflow.task.operators.airflow.providers.docker.operators.docker.DockerOperator","filename":"docker.py","lineno":71}
{"timestamp":"2026-05-21T21:33:26.703177Z","level":"info","event":"\tat org.apache.spark.sql.execution.datasources.v2.DataSourceV2Utils$.loadV2Source(DataSourceV2Utils.scala:140)","logger":"airflow.task.operators.airflow.providers.docker.operators.docker.DockerOperator","filename":"docker.py","lineno":71}
{"timestamp":"2026-05-21T21:33:26.703235Z","level":"info","event":"\tat org.apache.spark.sql.DataFrameReader.$anonfun$load$1(DataFrameReader.scala:210)","logger":"airflow.task.operators.airflow.providers.docker.operators.docker.DockerOperator","filename":"docker.py","lineno":71}
{"timestamp":"2026-05-21T21:33:26.703397Z","level":"info","event":"\tat scala.Option.flatMap(Option.scala:271)","logger":"airflow.task.operators.airflow.providers.docker.operators.docker.DockerOperator","filename":"docker.py","lineno":71}
{"timestamp":"2026-05-21T21:33:26.703473Z","level":"info","event":"\tat org.apache.spark.sql.DataFrameReader.load(DataFrameReader.scala:208)","logger":"airflow.task.operators.airflow.providers.docker.operators.docker.DockerOperator","filename":"docker.py","lineno":71}
{"timestamp":"2026-05-21T21:33:26.703535Z","level":"info","event":"\tat org.apache.spark.sql.DataFrameReader.load(DataFrameReader.scala:186)","logger":"airflow.task.operators.airflow.providers.docker.operators.docker.DockerOperator","filename":"docker.py","lineno":71}
{"timestamp":"2026-05-21T21:33:26.703594Z","level":"info","event":"\tat java.base/jdk.internal.reflect.NativeMethodAccessorImpl.invoke0(Native Method)","logger":"airflow.task.operators.airflow.providers.docker.operators.docker.DockerOperator","filename":"docker.py","lineno":71}
{"timestamp":"2026-05-21T21:33:26.703653Z","level":"info","event":"\tat java.base/jdk.internal.reflect.NativeMethodAccessorImpl.invoke(Unknown Source)","logger":"airflow.task.operators.airflow.providers.docker.operators.docker.DockerOperator","filename":"docker.py","lineno":71}
{"timestamp":"2026-05-21T21:33:26.703713Z","level":"info","event":"\tat java.base/jdk.internal.reflect.DelegatingMethodAccessorImpl.invoke(Unknown Source)","logger":"airflow.task.operators.airflow.providers.docker.operators.docker.DockerOperator","filename":"docker.py","lineno":71}
{"timestamp":"2026-05-21T21:33:26.703799Z","level":"info","event":"\tat java.base/java.lang.reflect.Method.invoke(Unknown Source)","logger":"airflow.task.operators.airflow.providers.docker.operators.docker.DockerOperator","filename":"docker.py","lineno":71}
{"timestamp":"2026-05-21T21:33:26.703860Z","level":"info","event":"\tat py4j.reflection.MethodInvoker.invoke(MethodInvoker.java:244)","logger":"airflow.task.operators.airflow.providers.docker.operators.docker.DockerOperator","filename":"docker.py","lineno":71}
{"timestamp":"2026-05-21T21:33:26.703929Z","level":"info","event":"\tat py4j.reflection.ReflectionEngine.invoke(ReflectionEngine.java:374)","logger":"airflow.task.operators.airflow.providers.docker.operators.docker.DockerOperator","filename":"docker.py","lineno":71}
{"timestamp":"2026-05-21T21:33:26.703987Z","level":"info","event":"\tat py4j.Gateway.invoke(Gateway.java:282)","logger":"airflow.task.operators.airflow.providers.docker.operators.docker.DockerOperator","filename":"docker.py","lineno":71}
{"timestamp":"2026-05-21T21:33:26.704044Z","level":"info","event":"\tat py4j.commands.AbstractCommand.invokeMethod(AbstractCommand.java:132)","logger":"airflow.task.operators.airflow.providers.docker.operators.docker.DockerOperator","filename":"docker.py","lineno":71}
{"timestamp":"2026-05-21T21:33:26.704103Z","level":"info","event":"\tat py4j.commands.CallCommand.execute(CallCommand.java:79)","logger":"airflow.task.operators.airflow.providers.docker.operators.docker.DockerOperator","filename":"docker.py","lineno":71}
{"timestamp":"2026-05-21T21:33:26.704165Z","level":"info","event":"\tat py4j.ClientServerConnection.waitForCommands(ClientServerConnection.java:182)","logger":"airflow.task.operators.airflow.providers.docker.operators.docker.DockerOperator","filename":"docker.py","lineno":71}
{"timestamp":"2026-05-21T21:33:26.704218Z","level":"info","event":"\tat py4j.ClientServerConnection.run(ClientServerConnection.java:106)","logger":"airflow.task.operators.airflow.providers.docker.operators.docker.DockerOperator","filename":"docker.py","lineno":71}
{"timestamp":"2026-05-21T21:33:26.704275Z","level":"info","event":"\tat java.base/java.lang.Thread.run(Unknown Source)","logger":"airflow.task.operators.airflow.providers.docker.operators.docker.DockerOperator","filename":"docker.py","lineno":71}
{"timestamp":"2026-05-21T21:33:26.704332Z","level":"info","event":"Caused by: java.lang.ClassNotFoundException: org.apache.spark.sql.catalyst.analysis.UnresolvedLeafNode","logger":"airflow.task.operators.airflow.providers.docker.operators.docker.DockerOperator","filename":"docker.py","lineno":71}
{"timestamp":"2026-05-21T21:33:26.704391Z","level":"info","event":"\tat java.base/jdk.internal.loader.BuiltinClassLoader.loadClass(Unknown Source)","logger":"airflow.task.operators.airflow.providers.docker.operators.docker.DockerOperator","filename":"docker.py","lineno":71}
{"timestamp":"2026-05-21T21:33:26.704448Z","level":"info","event":"\tat java.base/jdk.internal.loader.ClassLoaders$AppClassLoader.loadClass(Unknown Source)","logger":"airflow.task.operators.airflow.providers.docker.operators.docker.DockerOperator","filename":"docker.py","lineno":71}
{"timestamp":"2026-05-21T21:33:26.704506Z","level":"info","event":"\tat java.base/java.lang.ClassLoader.loadClass(Unknown Source)","logger":"airflow.task.operators.airflow.providers.docker.operators.docker.DockerOperator","filename":"docker.py","lineno":71}
{"timestamp":"2026-05-21T21:33:26.704563Z","level":"info","event":"\t... 37 more","logger":"airflow.task.operators.airflow.providers.docker.operators.docker.DockerOperator","filename":"docker.py","lineno":71}
{"timestamp":"2026-05-21T21:33:26.704619Z","level":"info","event":"","logger":"airflow.task.operators.airflow.providers.docker.operators.docker.DockerOperator","filename":"docker.py","lineno":71}
{"timestamp":"2026-05-21T21:33:26.704672Z","level":"info","event":"2026-05-21 21:33:26,700 - ERROR - Error processing table sales_per_card_type: An error occurred while calling o55.load.","logger":"airflow.task.operators.airflow.providers.docker.operators.docker.DockerOperator","filename":"docker.py","lineno":71}
{"timestamp":"2026-05-21T21:33:26.704747Z","level":"info","event":": java.lang.NoClassDefFoundError: org/apache/spark/sql/catalyst/analysis/UnresolvedLeafNode","logger":"airflow.task.operators.airflow.providers.docker.operators.docker.DockerOperator","filename":"docker.py","lineno":71}
{"timestamp":"2026-05-21T21:33:26.704818Z","level":"info","event":"\tat java.base/java.lang.ClassLoader.defineClass1(Native Method)","logger":"airflow.task.operators.airflow.providers.docker.operators.docker.DockerOperator","filename":"docker.py","lineno":71}
{"timestamp":"2026-05-21T21:33:26.704883Z","level":"info","event":"\tat java.base/java.lang.ClassLoader.defineClass(Unknown Source)","logger":"airflow.task.operators.airflow.providers.docker.operators.docker.DockerOperator","filename":"docker.py","lineno":71}
{"timestamp":"2026-05-21T21:33:26.704959Z","level":"info","event":"\tat java.base/java.security.SecureClassLoader.defineClass(Unknown Source)","logger":"airflow.task.operators.airflow.providers.docker.operators.docker.DockerOperator","filename":"docker.py","lineno":71}
{"timestamp":"2026-05-21T21:33:26.705021Z","level":"info","event":"\tat java.base/jdk.internal.loader.BuiltinClassLoader.defineClass(Unknown Source)","logger":"airflow.task.operators.airflow.providers.docker.operators.docker.DockerOperator","filename":"docker.py","lineno":71}
{"timestamp":"2026-05-21T21:33:26.705082Z","level":"info","event":"\tat java.base/jdk.internal.loader.BuiltinClassLoader.findClassOnClassPathOrNull(Unknown Source)","logger":"airflow.task.operators.airflow.providers.docker.operators.docker.DockerOperator","filename":"docker.py","lineno":71}
{"timestamp":"2026-05-21T21:33:26.705147Z","level":"info","event":"\tat java.base/jdk.internal.loader.BuiltinClassLoader.loadClassOrNull(Unknown Source)","logger":"airflow.task.operators.airflow.providers.docker.operators.docker.DockerOperator","filename":"docker.py","lineno":71}
{"timestamp":"2026-05-21T21:33:26.705211Z","level":"info","event":"\tat java.base/jdk.internal.loader.BuiltinClassLoader.loadClass(Unknown Source)","logger":"airflow.task.operators.airflow.providers.docker.operators.docker.DockerOperator","filename":"docker.py","lineno":71}
{"timestamp":"2026-05-21T21:33:26.705277Z","level":"info","event":"\tat java.base/jdk.internal.loader.ClassLoaders$AppClassLoader.loadClass(Unknown Source)","logger":"airflow.task.operators.airflow.providers.docker.operators.docker.DockerOperator","filename":"docker.py","lineno":71}
{"timestamp":"2026-05-21T21:33:26.705342Z","level":"info","event":"\tat java.base/java.lang.ClassLoader.loadClass(Unknown Source)","logger":"airflow.task.operators.airflow.providers.docker.operators.docker.DockerOperator","filename":"docker.py","lineno":71}
{"timestamp":"2026-05-21T21:33:26.705411Z","level":"info","event":"\tat java.base/java.lang.ClassLoader.defineClass1(Native Method)","logger":"airflow.task.operators.airflow.providers.docker.operators.docker.DockerOperator","filename":"docker.py","lineno":71}
{"timestamp":"2026-05-21T21:33:26.705478Z","level":"info","event":"\tat java.base/java.lang.ClassLoader.defineClass(Unknown Source)","logger":"airflow.task.operators.airflow.providers.docker.operators.docker.DockerOperator","filename":"docker.py","lineno":71}
{"timestamp":"2026-05-21T21:33:26.705547Z","level":"info","event":"\tat java.base/java.security.SecureClassLoader.defineClass(Unknown Source)","logger":"airflow.task.operators.airflow.providers.docker.operators.docker.DockerOperator","filename":"docker.py","lineno":71}
{"timestamp":"2026-05-21T21:33:26.705635Z","level":"info","event":"\tat java.base/jdk.internal.loader.BuiltinClassLoader.defineClass(Unknown Source)","logger":"airflow.task.operators.airflow.providers.docker.operators.docker.DockerOperator","filename":"docker.py","lineno":71}
{"timestamp":"2026-05-21T21:33:26.705750Z","level":"info","event":"\tat java.base/jdk.internal.loader.BuiltinClassLoader.findClassOnClassPathOrNull(Unknown Source)","logger":"airflow.task.operators.airflow.providers.docker.operators.docker.DockerOperator","filename":"docker.py","lineno":71}
{"timestamp":"2026-05-21T21:33:26.705831Z","level":"info","event":"\tat java.base/jdk.internal.loader.BuiltinClassLoader.loadClassOrNull(Unknown Source)","logger":"airflow.task.operators.airflow.providers.docker.operators.docker.DockerOperator","filename":"docker.py","lineno":71}
{"timestamp":"2026-05-21T21:33:26.705904Z","level":"info","event":"\tat java.base/jdk.internal.loader.BuiltinClassLoader.loadClass(Unknown Source)","logger":"airflow.task.operators.airflow.providers.docker.operators.docker.DockerOperator","filename":"docker.py","lineno":71}
{"timestamp":"2026-05-21T21:33:26.705959Z","level":"info","event":"\tat java.base/jdk.internal.loader.ClassLoaders$AppClassLoader.loadClass(Unknown Source)","logger":"airflow.task.operators.airflow.providers.docker.operators.docker.DockerOperator","filename":"docker.py","lineno":71}
{"timestamp":"2026-05-21T21:33:26.706012Z","level":"info","event":"\tat java.base/java.lang.ClassLoader.loadClass(Unknown Source)","logger":"airflow.task.operators.airflow.providers.docker.operators.docker.DockerOperator","filename":"docker.py","lineno":71}
{"timestamp":"2026-05-21T21:33:26.706065Z","level":"info","event":"\tat org.apache.spark.sql.delta.sources.DeltaDataSource.getTable(DeltaDataSource.scala:69)","logger":"airflow.task.operators.airflow.providers.docker.operators.docker.DockerOperator","filename":"docker.py","lineno":71}
{"timestamp":"2026-05-21T21:33:26.706220Z","level":"info","event":"\tat org.apache.spark.sql.execution.datasources.v2.DataSourceV2Utils$.getTableFromProvider(DataSourceV2Utils.scala:92)","logger":"airflow.task.operators.airflow.providers.docker.operators.docker.DockerOperator","filename":"docker.py","lineno":71}
{"timestamp":"2026-05-21T21:33:26.706289Z","level":"info","event":"\tat org.apache.spark.sql.execution.datasources.v2.DataSourceV2Utils$.loadV2Source(DataSourceV2Utils.scala:140)","logger":"airflow.task.operators.airflow.providers.docker.operators.docker.DockerOperator","filename":"docker.py","lineno":71}
{"timestamp":"2026-05-21T21:33:26.706331Z","level":"info","event":"\tat org.apache.spark.sql.DataFrameReader.$anonfun$load$1(DataFrameReader.scala:210)","logger":"airflow.task.operators.airflow.providers.docker.operators.docker.DockerOperator","filename":"docker.py","lineno":71}
{"timestamp":"2026-05-21T21:33:26.706369Z","level":"info","event":"\tat scala.Option.flatMap(Option.scala:271)","logger":"airflow.task.operators.airflow.providers.docker.operators.docker.DockerOperator","filename":"docker.py","lineno":71}
{"timestamp":"2026-05-21T21:33:26.706410Z","level":"info","event":"\tat org.apache.spark.sql.DataFrameReader.load(DataFrameReader.scala:208)","logger":"airflow.task.operators.airflow.providers.docker.operators.docker.DockerOperator","filename":"docker.py","lineno":71}
{"timestamp":"2026-05-21T21:33:26.706448Z","level":"info","event":"\tat org.apache.spark.sql.DataFrameReader.load(DataFrameReader.scala:186)","logger":"airflow.task.operators.airflow.providers.docker.operators.docker.DockerOperator","filename":"docker.py","lineno":71}
{"timestamp":"2026-05-21T21:33:26.706487Z","level":"info","event":"\tat java.base/jdk.internal.reflect.NativeMethodAccessorImpl.invoke0(Native Method)","logger":"airflow.task.operators.airflow.providers.docker.operators.docker.DockerOperator","filename":"docker.py","lineno":71}
{"timestamp":"2026-05-21T21:33:26.706525Z","level":"info","event":"\tat java.base/jdk.internal.reflect.NativeMethodAccessorImpl.invoke(Unknown Source)","logger":"airflow.task.operators.airflow.providers.docker.operators.docker.DockerOperator","filename":"docker.py","lineno":71}
{"timestamp":"2026-05-21T21:33:26.706562Z","level":"info","event":"\tat java.base/jdk.internal.reflect.DelegatingMethodAccessorImpl.invoke(Unknown Source)","logger":"airflow.task.operators.airflow.providers.docker.operators.docker.DockerOperator","filename":"docker.py","lineno":71}
{"timestamp":"2026-05-21T21:33:26.706601Z","level":"info","event":"\tat java.base/java.lang.reflect.Method.invoke(Unknown Source)","logger":"airflow.task.operators.airflow.providers.docker.operators.docker.DockerOperator","filename":"docker.py","lineno":71}
{"timestamp":"2026-05-21T21:33:26.706640Z","level":"info","event":"\tat py4j.reflection.MethodInvoker.invoke(MethodInvoker.java:244)","logger":"airflow.task.operators.airflow.providers.docker.operators.docker.DockerOperator","filename":"docker.py","lineno":71}
{"timestamp":"2026-05-21T21:33:26.706677Z","level":"info","event":"\tat py4j.reflection.ReflectionEngine.invoke(ReflectionEngine.java:374)","logger":"airflow.task.operators.airflow.providers.docker.operators.docker.DockerOperator","filename":"docker.py","lineno":71}
{"timestamp":"2026-05-21T21:33:26.706714Z","level":"info","event":"\tat py4j.Gateway.invoke(Gateway.java:282)","logger":"airflow.task.operators.airflow.providers.docker.operators.docker.DockerOperator","filename":"docker.py","lineno":71}
{"timestamp":"2026-05-21T21:33:26.706803Z","level":"info","event":"\tat py4j.commands.AbstractCommand.invokeMethod(AbstractCommand.java:132)","logger":"airflow.task.operators.airflow.providers.docker.operators.docker.DockerOperator","filename":"docker.py","lineno":71}
{"timestamp":"2026-05-21T21:33:26.706872Z","level":"info","event":"\tat py4j.commands.CallCommand.execute(CallCommand.java:79)","logger":"airflow.task.operators.airflow.providers.docker.operators.docker.DockerOperator","filename":"docker.py","lineno":71}
{"timestamp":"2026-05-21T21:33:26.706956Z","level":"info","event":"\tat py4j.ClientServerConnection.waitForCommands(ClientServerConnection.java:182)","logger":"airflow.task.operators.airflow.providers.docker.operators.docker.DockerOperator","filename":"docker.py","lineno":71}
{"timestamp":"2026-05-21T21:33:26.707032Z","level":"info","event":"\tat py4j.ClientServerConnection.run(ClientServerConnection.java:106)","logger":"airflow.task.operators.airflow.providers.docker.operators.docker.DockerOperator","filename":"docker.py","lineno":71}
{"timestamp":"2026-05-21T21:33:26.707108Z","level":"info","event":"\tat java.base/java.lang.Thread.run(Unknown Source)","logger":"airflow.task.operators.airflow.providers.docker.operators.docker.DockerOperator","filename":"docker.py","lineno":71}
{"timestamp":"2026-05-21T21:33:26.707184Z","level":"info","event":"Caused by: java.lang.ClassNotFoundException: org.apache.spark.sql.catalyst.analysis.UnresolvedLeafNode","logger":"airflow.task.operators.airflow.providers.docker.operators.docker.DockerOperator","filename":"docker.py","lineno":71}
{"timestamp":"2026-05-21T21:33:26.707255Z","level":"info","event":"\tat java.base/jdk.internal.loader.BuiltinClassLoader.loadClass(Unknown Source)","logger":"airflow.task.operators.airflow.providers.docker.operators.docker.DockerOperator","filename":"docker.py","lineno":71}
{"timestamp":"2026-05-21T21:33:26.707330Z","level":"info","event":"\tat java.base/jdk.internal.loader.ClassLoaders$AppClassLoader.loadClass(Unknown Source)","logger":"airflow.task.operators.airflow.providers.docker.operators.docker.DockerOperator","filename":"docker.py","lineno":71}
{"timestamp":"2026-05-21T21:33:26.707403Z","level":"info","event":"\tat java.base/java.lang.ClassLoader.loadClass(Unknown Source)","logger":"airflow.task.operators.airflow.providers.docker.operators.docker.DockerOperator","filename":"docker.py","lineno":71}
{"timestamp":"2026-05-21T21:33:26.707473Z","level":"info","event":"\t... 37 more","logger":"airflow.task.operators.airflow.providers.docker.operators.docker.DockerOperator","filename":"docker.py","lineno":71}
{"timestamp":"2026-05-21T21:33:26.707525Z","level":"info","event":"","logger":"airflow.task.operators.airflow.providers.docker.operators.docker.DockerOperator","filename":"docker.py","lineno":71}
{"timestamp":"2026-05-21T21:33:26.707654Z","level":"info","event":"2026-05-21 21:33:26,701 - ERROR - Error processing table sales_by_country: An error occurred while calling o50.load.","logger":"airflow.task.operators.airflow.providers.docker.operators.docker.DockerOperator","filename":"docker.py","lineno":71}
{"timestamp":"2026-05-21T21:33:26.707858Z","level":"info","event":": java.lang.NoClassDefFoundError: org/apache/spark/sql/catalyst/analysis/UnresolvedLeafNode","logger":"airflow.task.operators.airflow.providers.docker.operators.docker.DockerOperator","filename":"docker.py","lineno":71}
{"timestamp":"2026-05-21T21:33:26.707947Z","level":"info","event":"\tat java.base/java.lang.ClassLoader.defineClass1(Native Method)","logger":"airflow.task.operators.airflow.providers.docker.operators.docker.DockerOperator","filename":"docker.py","lineno":71}
{"timestamp":"2026-05-21T21:33:26.708023Z","level":"info","event":"\tat java.base/java.lang.ClassLoader.defineClass(Unknown Source)","logger":"airflow.task.operators.airflow.providers.docker.operators.docker.DockerOperator","filename":"docker.py","lineno":71}
{"timestamp":"2026-05-21T21:33:26.708095Z","level":"info","event":"\tat java.base/java.security.SecureClassLoader.defineClass(Unknown Source)","logger":"airflow.task.operators.airflow.providers.docker.operators.docker.DockerOperator","filename":"docker.py","lineno":71}
{"timestamp":"2026-05-21T21:33:26.708166Z","level":"info","event":"\tat java.base/jdk.internal.loader.BuiltinClassLoader.defineClass(Unknown Source)","logger":"airflow.task.operators.airflow.providers.docker.operators.docker.DockerOperator","filename":"docker.py","lineno":71}
{"timestamp":"2026-05-21T21:33:26.708237Z","level":"info","event":"\tat java.base/jdk.internal.loader.BuiltinClassLoader.findClassOnClassPathOrNull(Unknown Source)","logger":"airflow.task.operators.airflow.providers.docker.operators.docker.DockerOperator","filename":"docker.py","lineno":71}
{"timestamp":"2026-05-21T21:33:26.708300Z","level":"info","event":"\tat java.base/jdk.internal.loader.BuiltinClassLoader.loadClassOrNull(Unknown Source)","logger":"airflow.task.operators.airflow.providers.docker.operators.docker.DockerOperator","filename":"docker.py","lineno":71}
{"timestamp":"2026-05-21T21:33:26.708363Z","level":"info","event":"\tat java.base/jdk.internal.loader.BuiltinClassLoader.loadClass(Unknown Source)","logger":"airflow.task.operators.airflow.providers.docker.operators.docker.DockerOperator","filename":"docker.py","lineno":71}
{"timestamp":"2026-05-21T21:33:26.708405Z","level":"info","event":"\tat java.base/jdk.internal.loader.ClassLoaders$AppClassLoader.loadClass(Unknown Source)","logger":"airflow.task.operators.airflow.providers.docker.operators.docker.DockerOperator","filename":"docker.py","lineno":71}
{"timestamp":"2026-05-21T21:33:26.708463Z","level":"info","event":"\tat java.base/java.lang.ClassLoader.loadClass(Unknown Source)","logger":"airflow.task.operators.airflow.providers.docker.operators.docker.DockerOperator","filename":"docker.py","lineno":71}
{"timestamp":"2026-05-21T21:33:26.708526Z","level":"info","event":"\tat java.base/java.lang.ClassLoader.defineClass1(Native Method)","logger":"airflow.task.operators.airflow.providers.docker.operators.docker.DockerOperator","filename":"docker.py","lineno":71}
{"timestamp":"2026-05-21T21:33:26.708589Z","level":"info","event":"\tat java.base/java.lang.ClassLoader.defineClass(Unknown Source)","logger":"airflow.task.operators.airflow.providers.docker.operators.docker.DockerOperator","filename":"docker.py","lineno":71}
{"timestamp":"2026-05-21T21:33:26.708650Z","level":"info","event":"\tat java.base/java.security.SecureClassLoader.defineClass(Unknown Source)","logger":"airflow.task.operators.airflow.providers.docker.operators.docker.DockerOperator","filename":"docker.py","lineno":71}
{"timestamp":"2026-05-21T21:33:26.708732Z","level":"info","event":"\tat java.base/jdk.internal.loader.BuiltinClassLoader.defineClass(Unknown Source)","logger":"airflow.task.operators.airflow.providers.docker.operators.docker.DockerOperator","filename":"docker.py","lineno":71}
{"timestamp":"2026-05-21T21:33:26.708801Z","level":"info","event":"\tat java.base/jdk.internal.loader.BuiltinClassLoader.findClassOnClassPathOrNull(Unknown Source)","logger":"airflow.task.operators.airflow.providers.docker.operators.docker.DockerOperator","filename":"docker.py","lineno":71}
{"timestamp":"2026-05-21T21:33:26.708848Z","level":"info","event":"\tat java.base/jdk.internal.loader.BuiltinClassLoader.loadClassOrNull(Unknown Source)","logger":"airflow.task.operators.airflow.providers.docker.operators.docker.DockerOperator","filename":"docker.py","lineno":71}
{"timestamp":"2026-05-21T21:33:26.708893Z","level":"info","event":"\tat java.base/jdk.internal.loader.BuiltinClassLoader.loadClass(Unknown Source)","logger":"airflow.task.operators.airflow.providers.docker.operators.docker.DockerOperator","filename":"docker.py","lineno":71}
{"timestamp":"2026-05-21T21:33:26.708931Z","level":"info","event":"\tat java.base/jdk.internal.loader.ClassLoaders$AppClassLoader.loadClass(Unknown Source)","logger":"airflow.task.operators.airflow.providers.docker.operators.docker.DockerOperator","filename":"docker.py","lineno":71}
{"timestamp":"2026-05-21T21:33:26.708968Z","level":"info","event":"\tat java.base/java.lang.ClassLoader.loadClass(Unknown Source)","logger":"airflow.task.operators.airflow.providers.docker.operators.docker.DockerOperator","filename":"docker.py","lineno":71}
{"timestamp":"2026-05-21T21:33:26.709004Z","level":"info","event":"\tat org.apache.spark.sql.delta.sources.DeltaDataSource.getTable(DeltaDataSource.scala:69)","logger":"airflow.task.operators.airflow.providers.docker.operators.docker.DockerOperator","filename":"docker.py","lineno":71}
{"timestamp":"2026-05-21T21:33:26.709040Z","level":"info","event":"\tat org.apache.spark.sql.execution.datasources.v2.DataSourceV2Utils$.getTableFromProvider(DataSourceV2Utils.scala:92)","logger":"airflow.task.operators.airflow.providers.docker.operators.docker.DockerOperator","filename":"docker.py","lineno":71}
{"timestamp":"2026-05-21T21:33:26.709079Z","level":"info","event":"\tat org.apache.spark.sql.execution.datasources.v2.DataSourceV2Utils$.loadV2Source(DataSourceV2Utils.scala:140)","logger":"airflow.task.operators.airflow.providers.docker.operators.docker.DockerOperator","filename":"docker.py","lineno":71}
{"timestamp":"2026-05-21T21:33:26.709116Z","level":"info","event":"\tat org.apache.spark.sql.DataFrameReader.$anonfun$load$1(DataFrameReader.scala:210)","logger":"airflow.task.operators.airflow.providers.docker.operators.docker.DockerOperator","filename":"docker.py","lineno":71}
{"timestamp":"2026-05-21T21:33:26.709152Z","level":"info","event":"\tat scala.Option.flatMap(Option.scala:271)","logger":"airflow.task.operators.airflow.providers.docker.operators.docker.DockerOperator","filename":"docker.py","lineno":71}
{"timestamp":"2026-05-21T21:33:26.709242Z","level":"info","event":"\tat org.apache.spark.sql.DataFrameReader.load(DataFrameReader.scala:208)","logger":"airflow.task.operators.airflow.providers.docker.operators.docker.DockerOperator","filename":"docker.py","lineno":71}
{"timestamp":"2026-05-21T21:33:26.709285Z","level":"info","event":"\tat org.apache.spark.sql.DataFrameReader.load(DataFrameReader.scala:186)","logger":"airflow.task.operators.airflow.providers.docker.operators.docker.DockerOperator","filename":"docker.py","lineno":71}
{"timestamp":"2026-05-21T21:33:26.709322Z","level":"info","event":"\tat java.base/jdk.internal.reflect.NativeMethodAccessorImpl.invoke0(Native Method)","logger":"airflow.task.operators.airflow.providers.docker.operators.docker.DockerOperator","filename":"docker.py","lineno":71}
{"timestamp":"2026-05-21T21:33:26.709359Z","level":"info","event":"\tat java.base/jdk.internal.reflect.NativeMethodAccessorImpl.invoke(Unknown Source)","logger":"airflow.task.operators.airflow.providers.docker.operators.docker.DockerOperator","filename":"docker.py","lineno":71}
{"timestamp":"2026-05-21T21:33:26.709399Z","level":"info","event":"\tat java.base/jdk.internal.reflect.DelegatingMethodAccessorImpl.invoke(Unknown Source)","logger":"airflow.task.operators.airflow.providers.docker.operators.docker.DockerOperator","filename":"docker.py","lineno":71}
{"timestamp":"2026-05-21T21:33:26.709436Z","level":"info","event":"\tat java.base/java.lang.reflect.Method.invoke(Unknown Source)","logger":"airflow.task.operators.airflow.providers.docker.operators.docker.DockerOperator","filename":"docker.py","lineno":71}
{"timestamp":"2026-05-21T21:33:26.709473Z","level":"info","event":"\tat py4j.reflection.MethodInvoker.invoke(MethodInvoker.java:244)","logger":"airflow.task.operators.airflow.providers.docker.operators.docker.DockerOperator","filename":"docker.py","lineno":71}
{"timestamp":"2026-05-21T21:33:26.709509Z","level":"info","event":"\tat py4j.reflection.ReflectionEngine.invoke(ReflectionEngine.java:374)","logger":"airflow.task.operators.airflow.providers.docker.operators.docker.DockerOperator","filename":"docker.py","lineno":71}
{"timestamp":"2026-05-21T21:33:26.709546Z","level":"info","event":"\tat py4j.Gateway.invoke(Gateway.java:282)","logger":"airflow.task.operators.airflow.providers.docker.operators.docker.DockerOperator","filename":"docker.py","lineno":71}
{"timestamp":"2026-05-21T21:33:26.709582Z","level":"info","event":"\tat py4j.commands.AbstractCommand.invokeMethod(AbstractCommand.java:132)","logger":"airflow.task.operators.airflow.providers.docker.operators.docker.DockerOperator","filename":"docker.py","lineno":71}
{"timestamp":"2026-05-21T21:33:26.709618Z","level":"info","event":"\tat py4j.commands.CallCommand.execute(CallCommand.java:79)","logger":"airflow.task.operators.airflow.providers.docker.operators.docker.DockerOperator","filename":"docker.py","lineno":71}
{"timestamp":"2026-05-21T21:33:26.709653Z","level":"info","event":"\tat py4j.ClientServerConnection.waitForCommands(ClientServerConnection.java:182)","logger":"airflow.task.operators.airflow.providers.docker.operators.docker.DockerOperator","filename":"docker.py","lineno":71}
{"timestamp":"2026-05-21T21:33:26.709691Z","level":"info","event":"\tat py4j.ClientServerConnection.run(ClientServerConnection.java:106)","logger":"airflow.task.operators.airflow.providers.docker.operators.docker.DockerOperator","filename":"docker.py","lineno":71}
{"timestamp":"2026-05-21T21:33:26.709758Z","level":"info","event":"\tat java.base/java.lang.Thread.run(Unknown Source)","logger":"airflow.task.operators.airflow.providers.docker.operators.docker.DockerOperator","filename":"docker.py","lineno":71}
{"timestamp":"2026-05-21T21:33:26.709863Z","level":"info","event":"Caused by: java.lang.ClassNotFoundException: org.apache.spark.sql.catalyst.analysis.UnresolvedLeafNode","logger":"airflow.task.operators.airflow.providers.docker.operators.docker.DockerOperator","filename":"docker.py","lineno":71}
{"timestamp":"2026-05-21T21:33:26.709918Z","level":"info","event":"\tat java.base/jdk.internal.loader.BuiltinClassLoader.loadClass(Unknown Source)","logger":"airflow.task.operators.airflow.providers.docker.operators.docker.DockerOperator","filename":"docker.py","lineno":71}
{"timestamp":"2026-05-21T21:33:26.709959Z","level":"info","event":"\tat java.base/jdk.internal.loader.ClassLoaders$AppClassLoader.loadClass(Unknown Source)","logger":"airflow.task.operators.airflow.providers.docker.operators.docker.DockerOperator","filename":"docker.py","lineno":71}
{"timestamp":"2026-05-21T21:33:26.709996Z","level":"info","event":"\tat java.base/java.lang.ClassLoader.loadClass(Unknown Source)","logger":"airflow.task.operators.airflow.providers.docker.operators.docker.DockerOperator","filename":"docker.py","lineno":71}
{"timestamp":"2026-05-21T21:33:26.710039Z","level":"info","event":"\t... 37 more","logger":"airflow.task.operators.airflow.providers.docker.operators.docker.DockerOperator","filename":"docker.py","lineno":71}
{"timestamp":"2026-05-21T21:33:26.710077Z","level":"info","event":"","logger":"airflow.task.operators.airflow.providers.docker.operators.docker.DockerOperator","filename":"docker.py","lineno":71}
{"timestamp":"2026-05-21T21:33:26.710170Z","level":"info","event":"2026-05-21 21:33:26,706 - ERROR - Error processing table sales_per_employee: An error occurred while calling o52.load.","logger":"airflow.task.operators.airflow.providers.docker.operators.docker.DockerOperator","filename":"docker.py","lineno":71}
{"timestamp":"2026-05-21T21:33:26.710219Z","level":"info","event":": java.lang.NoClassDefFoundError: org/apache/spark/sql/catalyst/analysis/UnresolvedLeafNode","logger":"airflow.task.operators.airflow.providers.docker.operators.docker.DockerOperator","filename":"docker.py","lineno":71}
{"timestamp":"2026-05-21T21:33:26.710259Z","level":"info","event":"\tat java.base/java.lang.ClassLoader.defineClass1(Native Method)","logger":"airflow.task.operators.airflow.providers.docker.operators.docker.DockerOperator","filename":"docker.py","lineno":71}
{"timestamp":"2026-05-21T21:33:26.710297Z","level":"info","event":"\tat java.base/java.lang.ClassLoader.defineClass(Unknown Source)","logger":"airflow.task.operators.airflow.providers.docker.operators.docker.DockerOperator","filename":"docker.py","lineno":71}
{"timestamp":"2026-05-21T21:33:26.710359Z","level":"info","event":"\tat java.base/java.security.SecureClassLoader.defineClass(Unknown Source)","logger":"airflow.task.operators.airflow.providers.docker.operators.docker.DockerOperator","filename":"docker.py","lineno":71}
{"timestamp":"2026-05-21T21:33:26.710430Z","level":"info","event":"\tat java.base/jdk.internal.loader.BuiltinClassLoader.defineClass(Unknown Source)","logger":"airflow.task.operators.airflow.providers.docker.operators.docker.DockerOperator","filename":"docker.py","lineno":71}
{"timestamp":"2026-05-21T21:33:26.710500Z","level":"info","event":"\tat java.base/jdk.internal.loader.BuiltinClassLoader.findClassOnClassPathOrNull(Unknown Source)","logger":"airflow.task.operators.airflow.providers.docker.operators.docker.DockerOperator","filename":"docker.py","lineno":71}
{"timestamp":"2026-05-21T21:33:26.710566Z","level":"info","event":"\tat java.base/jdk.internal.loader.BuiltinClassLoader.loadClassOrNull(Unknown Source)","logger":"airflow.task.operators.airflow.providers.docker.operators.docker.DockerOperator","filename":"docker.py","lineno":71}
{"timestamp":"2026-05-21T21:33:26.710634Z","level":"info","event":"\tat java.base/jdk.internal.loader.BuiltinClassLoader.loadClass(Unknown Source)","logger":"airflow.task.operators.airflow.providers.docker.operators.docker.DockerOperator","filename":"docker.py","lineno":71}
{"timestamp":"2026-05-21T21:33:26.710688Z","level":"info","event":"\tat java.base/jdk.internal.loader.ClassLoaders$AppClassLoader.loadClass(Unknown Source)","logger":"airflow.task.operators.airflow.providers.docker.operators.docker.DockerOperator","filename":"docker.py","lineno":71}
{"timestamp":"2026-05-21T21:33:26.710776Z","level":"info","event":"\tat java.base/java.lang.ClassLoader.loadClass(Unknown Source)","logger":"airflow.task.operators.airflow.providers.docker.operators.docker.DockerOperator","filename":"docker.py","lineno":71}
{"timestamp":"2026-05-21T21:33:26.710847Z","level":"info","event":"\tat java.base/java.lang.ClassLoader.defineClass1(Native Method)","logger":"airflow.task.operators.airflow.providers.docker.operators.docker.DockerOperator","filename":"docker.py","lineno":71}
{"timestamp":"2026-05-21T21:33:26.710930Z","level":"info","event":"\tat java.base/java.lang.ClassLoader.defineClass(Unknown Source)","logger":"airflow.task.operators.airflow.providers.docker.operators.docker.DockerOperator","filename":"docker.py","lineno":71}
{"timestamp":"2026-05-21T21:33:26.711000Z","level":"info","event":"\tat java.base/java.security.SecureClassLoader.defineClass(Unknown Source)","logger":"airflow.task.operators.airflow.providers.docker.operators.docker.DockerOperator","filename":"docker.py","lineno":71}
{"timestamp":"2026-05-21T21:33:26.711071Z","level":"info","event":"\tat java.base/jdk.internal.loader.BuiltinClassLoader.defineClass(Unknown Source)","logger":"airflow.task.operators.airflow.providers.docker.operators.docker.DockerOperator","filename":"docker.py","lineno":71}
{"timestamp":"2026-05-21T21:33:26.711141Z","level":"info","event":"\tat java.base/jdk.internal.loader.BuiltinClassLoader.findClassOnClassPathOrNull(Unknown Source)","logger":"airflow.task.operators.airflow.providers.docker.operators.docker.DockerOperator","filename":"docker.py","lineno":71}
{"timestamp":"2026-05-21T21:33:26.711211Z","level":"info","event":"\tat java.base/jdk.internal.loader.BuiltinClassLoader.loadClassOrNull(Unknown Source)","logger":"airflow.task.operators.airflow.providers.docker.operators.docker.DockerOperator","filename":"docker.py","lineno":71}
{"timestamp":"2026-05-21T21:33:26.711270Z","level":"info","event":"\tat java.base/jdk.internal.loader.BuiltinClassLoader.loadClass(Unknown Source)","logger":"airflow.task.operators.airflow.providers.docker.operators.docker.DockerOperator","filename":"docker.py","lineno":71}
{"timestamp":"2026-05-21T21:33:26.711309Z","level":"info","event":"\tat java.base/jdk.internal.loader.ClassLoaders$AppClassLoader.loadClass(Unknown Source)","logger":"airflow.task.operators.airflow.providers.docker.operators.docker.DockerOperator","filename":"docker.py","lineno":71}
{"timestamp":"2026-05-21T21:33:26.711346Z","level":"info","event":"\tat java.base/java.lang.ClassLoader.loadClass(Unknown Source)","logger":"airflow.task.operators.airflow.providers.docker.operators.docker.DockerOperator","filename":"docker.py","lineno":71}
{"timestamp":"2026-05-21T21:33:26.711384Z","level":"info","event":"\tat org.apache.spark.sql.delta.sources.DeltaDataSource.getTable(DeltaDataSource.scala:69)","logger":"airflow.task.operators.airflow.providers.docker.operators.docker.DockerOperator","filename":"docker.py","lineno":71}
{"timestamp":"2026-05-21T21:33:26.711427Z","level":"info","event":"\tat org.apache.spark.sql.execution.datasources.v2.DataSourceV2Utils$.getTableFromProvider(DataSourceV2Utils.scala:92)","logger":"airflow.task.operators.airflow.providers.docker.operators.docker.DockerOperator","filename":"docker.py","lineno":71}
{"timestamp":"2026-05-21T21:33:26.711466Z","level":"info","event":"\tat org.apache.spark.sql.execution.datasources.v2.DataSourceV2Utils$.loadV2Source(DataSourceV2Utils.scala:140)","logger":"airflow.task.operators.airflow.providers.docker.operators.docker.DockerOperator","filename":"docker.py","lineno":71}
{"timestamp":"2026-05-21T21:33:26.711503Z","level":"info","event":"\tat org.apache.spark.sql.DataFrameReader.$anonfun$load$1(DataFrameReader.scala:210)","logger":"airflow.task.operators.airflow.providers.docker.operators.docker.DockerOperator","filename":"docker.py","lineno":71}
{"timestamp":"2026-05-21T21:33:26.711540Z","level":"info","event":"\tat scala.Option.flatMap(Option.scala:271)","logger":"airflow.task.operators.airflow.providers.docker.operators.docker.DockerOperator","filename":"docker.py","lineno":71}
{"timestamp":"2026-05-21T21:33:26.711577Z","level":"info","event":"\tat org.apache.spark.sql.DataFrameReader.load(DataFrameReader.scala:208)","logger":"airflow.task.operators.airflow.providers.docker.operators.docker.DockerOperator","filename":"docker.py","lineno":71}
{"timestamp":"2026-05-21T21:33:26.711613Z","level":"info","event":"\tat org.apache.spark.sql.DataFrameReader.load(DataFrameReader.scala:186)","logger":"airflow.task.operators.airflow.providers.docker.operators.docker.DockerOperator","filename":"docker.py","lineno":71}
{"timestamp":"2026-05-21T21:33:26.711649Z","level":"info","event":"\tat java.base/jdk.internal.reflect.NativeMethodAccessorImpl.invoke0(Native Method)","logger":"airflow.task.operators.airflow.providers.docker.operators.docker.DockerOperator","filename":"docker.py","lineno":71}
{"timestamp":"2026-05-21T21:33:26.711699Z","level":"info","event":"\tat java.base/jdk.internal.reflect.NativeMethodAccessorImpl.invoke(Unknown Source)","logger":"airflow.task.operators.airflow.providers.docker.operators.docker.DockerOperator","filename":"docker.py","lineno":71}
{"timestamp":"2026-05-21T21:33:26.711791Z","level":"info","event":"\tat java.base/jdk.internal.reflect.DelegatingMethodAccessorImpl.invoke(Unknown Source)","logger":"airflow.task.operators.airflow.providers.docker.operators.docker.DockerOperator","filename":"docker.py","lineno":71}
{"timestamp":"2026-05-21T21:33:26.711865Z","level":"info","event":"\tat java.base/java.lang.reflect.Method.invoke(Unknown Source)","logger":"airflow.task.operators.airflow.providers.docker.operators.docker.DockerOperator","filename":"docker.py","lineno":71}
{"timestamp":"2026-05-21T21:33:26.711943Z","level":"info","event":"\tat py4j.reflection.MethodInvoker.invoke(MethodInvoker.java:244)","logger":"airflow.task.operators.airflow.providers.docker.operators.docker.DockerOperator","filename":"docker.py","lineno":71}
{"timestamp":"2026-05-21T21:33:26.712020Z","level":"info","event":"\tat py4j.reflection.ReflectionEngine.invoke(ReflectionEngine.java:374)","logger":"airflow.task.operators.airflow.providers.docker.operators.docker.DockerOperator","filename":"docker.py","lineno":71}
{"timestamp":"2026-05-21T21:33:26.712073Z","level":"info","event":"\tat py4j.Gateway.invoke(Gateway.java:282)","logger":"airflow.task.operators.airflow.providers.docker.operators.docker.DockerOperator","filename":"docker.py","lineno":71}
{"timestamp":"2026-05-21T21:33:26.712111Z","level":"info","event":"\tat py4j.commands.AbstractCommand.invokeMethod(AbstractCommand.java:132)","logger":"airflow.task.operators.airflow.providers.docker.operators.docker.DockerOperator","filename":"docker.py","lineno":71}
{"timestamp":"2026-05-21T21:33:26.712147Z","level":"info","event":"\tat py4j.commands.CallCommand.execute(CallCommand.java:79)","logger":"airflow.task.operators.airflow.providers.docker.operators.docker.DockerOperator","filename":"docker.py","lineno":71}
{"timestamp":"2026-05-21T21:33:26.712183Z","level":"info","event":"\tat py4j.ClientServerConnection.waitForCommands(ClientServerConnection.java:182)","logger":"airflow.task.operators.airflow.providers.docker.operators.docker.DockerOperator","filename":"docker.py","lineno":71}
{"timestamp":"2026-05-21T21:33:26.712220Z","level":"info","event":"\tat py4j.ClientServerConnection.run(ClientServerConnection.java:106)","logger":"airflow.task.operators.airflow.providers.docker.operators.docker.DockerOperator","filename":"docker.py","lineno":71}
{"timestamp":"2026-05-21T21:33:26.712256Z","level":"info","event":"\tat java.base/java.lang.Thread.run(Unknown Source)","logger":"airflow.task.operators.airflow.providers.docker.operators.docker.DockerOperator","filename":"docker.py","lineno":71}
{"timestamp":"2026-05-21T21:33:26.712292Z","level":"info","event":"Caused by: java.lang.ClassNotFoundException: org.apache.spark.sql.catalyst.analysis.UnresolvedLeafNode","logger":"airflow.task.operators.airflow.providers.docker.operators.docker.DockerOperator","filename":"docker.py","lineno":71}
{"timestamp":"2026-05-21T21:33:26.712329Z","level":"info","event":"\tat java.base/jdk.internal.loader.BuiltinClassLoader.loadClass(Unknown Source)","logger":"airflow.task.operators.airflow.providers.docker.operators.docker.DockerOperator","filename":"docker.py","lineno":71}
{"timestamp":"2026-05-21T21:33:26.712366Z","level":"info","event":"\tat java.base/jdk.internal.loader.ClassLoaders$AppClassLoader.loadClass(Unknown Source)","logger":"airflow.task.operators.airflow.providers.docker.operators.docker.DockerOperator","filename":"docker.py","lineno":71}
{"timestamp":"2026-05-21T21:33:26.712406Z","level":"info","event":"\tat java.base/java.lang.ClassLoader.loadClass(Unknown Source)","logger":"airflow.task.operators.airflow.providers.docker.operators.docker.DockerOperator","filename":"docker.py","lineno":71}
{"timestamp":"2026-05-21T21:33:26.712444Z","level":"info","event":"\t... 37 more","logger":"airflow.task.operators.airflow.providers.docker.operators.docker.DockerOperator","filename":"docker.py","lineno":71}
{"timestamp":"2026-05-21T21:33:26.712481Z","level":"info","event":"","logger":"airflow.task.operators.airflow.providers.docker.operators.docker.DockerOperator","filename":"docker.py","lineno":71}
{"timestamp":"2026-05-21T21:33:26.712519Z","level":"info","event":"2026-05-21 21:33:26,706 - ERROR - Error processing table quantity_sales_per_ship_method: An error occurred while calling o53.load.","logger":"airflow.task.operators.airflow.providers.docker.operators.docker.DockerOperator","filename":"docker.py","lineno":71}
{"timestamp":"2026-05-21T21:33:26.712556Z","level":"info","event":": java.lang.NoClassDefFoundError: org/apache/spark/sql/catalyst/analysis/UnresolvedLeafNode","logger":"airflow.task.operators.airflow.providers.docker.operators.docker.DockerOperator","filename":"docker.py","lineno":71}
{"timestamp":"2026-05-21T21:33:26.712598Z","level":"info","event":"\tat java.base/java.lang.ClassLoader.defineClass1(Native Method)","logger":"airflow.task.operators.airflow.providers.docker.operators.docker.DockerOperator","filename":"docker.py","lineno":71}
{"timestamp":"2026-05-21T21:33:26.712664Z","level":"info","event":"\tat java.base/java.lang.ClassLoader.defineClass(Unknown Source)","logger":"airflow.task.operators.airflow.providers.docker.operators.docker.DockerOperator","filename":"docker.py","lineno":71}
{"timestamp":"2026-05-21T21:33:26.712755Z","level":"info","event":"\tat java.base/java.security.SecureClassLoader.defineClass(Unknown Source)","logger":"airflow.task.operators.airflow.providers.docker.operators.docker.DockerOperator","filename":"docker.py","lineno":71}
{"timestamp":"2026-05-21T21:33:26.712829Z","level":"info","event":"\tat java.base/jdk.internal.loader.BuiltinClassLoader.defineClass(Unknown Source)","logger":"airflow.task.operators.airflow.providers.docker.operators.docker.DockerOperator","filename":"docker.py","lineno":71}
{"timestamp":"2026-05-21T21:33:26.712910Z","level":"info","event":"\tat java.base/jdk.internal.loader.BuiltinClassLoader.findClassOnClassPathOrNull(Unknown Source)","logger":"airflow.task.operators.airflow.providers.docker.operators.docker.DockerOperator","filename":"docker.py","lineno":71}
{"timestamp":"2026-05-21T21:33:26.712985Z","level":"info","event":"\tat java.base/jdk.internal.loader.BuiltinClassLoader.loadClassOrNull(Unknown Source)","logger":"airflow.task.operators.airflow.providers.docker.operators.docker.DockerOperator","filename":"docker.py","lineno":71}
{"timestamp":"2026-05-21T21:33:26.713151Z","level":"info","event":"\tat java.base/jdk.internal.loader.BuiltinClassLoader.loadClass(Unknown Source)","logger":"airflow.task.operators.airflow.providers.docker.operators.docker.DockerOperator","filename":"docker.py","lineno":71}
{"timestamp":"2026-05-21T21:33:26.713218Z","level":"info","event":"\tat java.base/jdk.internal.loader.ClassLoaders$AppClassLoader.loadClass(Unknown Source)","logger":"airflow.task.operators.airflow.providers.docker.operators.docker.DockerOperator","filename":"docker.py","lineno":71}
{"timestamp":"2026-05-21T21:33:26.713258Z","level":"info","event":"\tat java.base/java.lang.ClassLoader.loadClass(Unknown Source)","logger":"airflow.task.operators.airflow.providers.docker.operators.docker.DockerOperator","filename":"docker.py","lineno":71}
{"timestamp":"2026-05-21T21:33:26.713296Z","level":"info","event":"\tat java.base/java.lang.ClassLoader.defineClass1(Native Method)","logger":"airflow.task.operators.airflow.providers.docker.operators.docker.DockerOperator","filename":"docker.py","lineno":71}
{"timestamp":"2026-05-21T21:33:26.713334Z","level":"info","event":"\tat java.base/java.lang.ClassLoader.defineClass(Unknown Source)","logger":"airflow.task.operators.airflow.providers.docker.operators.docker.DockerOperator","filename":"docker.py","lineno":71}
{"timestamp":"2026-05-21T21:33:26.713372Z","level":"info","event":"\tat java.base/java.security.SecureClassLoader.defineClass(Unknown Source)","logger":"airflow.task.operators.airflow.providers.docker.operators.docker.DockerOperator","filename":"docker.py","lineno":71}
{"timestamp":"2026-05-21T21:33:26.713420Z","level":"info","event":"\tat java.base/jdk.internal.loader.BuiltinClassLoader.defineClass(Unknown Source)","logger":"airflow.task.operators.airflow.providers.docker.operators.docker.DockerOperator","filename":"docker.py","lineno":71}
{"timestamp":"2026-05-21T21:33:26.713458Z","level":"info","event":"\tat java.base/jdk.internal.loader.BuiltinClassLoader.findClassOnClassPathOrNull(Unknown Source)","logger":"airflow.task.operators.airflow.providers.docker.operators.docker.DockerOperator","filename":"docker.py","lineno":71}
{"timestamp":"2026-05-21T21:33:26.713496Z","level":"info","event":"\tat java.base/jdk.internal.loader.BuiltinClassLoader.loadClassOrNull(Unknown Source)","logger":"airflow.task.operators.airflow.providers.docker.operators.docker.DockerOperator","filename":"docker.py","lineno":71}
{"timestamp":"2026-05-21T21:33:26.713532Z","level":"info","event":"\tat java.base/jdk.internal.loader.BuiltinClassLoader.loadClass(Unknown Source)","logger":"airflow.task.operators.airflow.providers.docker.operators.docker.DockerOperator","filename":"docker.py","lineno":71}
{"timestamp":"2026-05-21T21:33:26.713569Z","level":"info","event":"\tat java.base/jdk.internal.loader.ClassLoaders$AppClassLoader.loadClass(Unknown Source)","logger":"airflow.task.operators.airflow.providers.docker.operators.docker.DockerOperator","filename":"docker.py","lineno":71}
{"timestamp":"2026-05-21T21:33:26.713605Z","level":"info","event":"\tat java.base/java.lang.ClassLoader.loadClass(Unknown Source)","logger":"airflow.task.operators.airflow.providers.docker.operators.docker.DockerOperator","filename":"docker.py","lineno":71}
{"timestamp":"2026-05-21T21:33:26.713641Z","level":"info","event":"\tat org.apache.spark.sql.delta.sources.DeltaDataSource.getTable(DeltaDataSource.scala:69)","logger":"airflow.task.operators.airflow.providers.docker.operators.docker.DockerOperator","filename":"docker.py","lineno":71}
{"timestamp":"2026-05-21T21:33:26.713678Z","level":"info","event":"\tat org.apache.spark.sql.execution.datasources.v2.DataSourceV2Utils$.getTableFromProvider(DataSourceV2Utils.scala:92)","logger":"airflow.task.operators.airflow.providers.docker.operators.docker.DockerOperator","filename":"docker.py","lineno":71}
{"timestamp":"2026-05-21T21:33:26.713733Z","level":"info","event":"\tat org.apache.spark.sql.execution.datasources.v2.DataSourceV2Utils$.loadV2Source(DataSourceV2Utils.scala:140)","logger":"airflow.task.operators.airflow.providers.docker.operators.docker.DockerOperator","filename":"docker.py","lineno":71}
{"timestamp":"2026-05-21T21:33:26.713801Z","level":"info","event":"\tat org.apache.spark.sql.DataFrameReader.$anonfun$load$1(DataFrameReader.scala:210)","logger":"airflow.task.operators.airflow.providers.docker.operators.docker.DockerOperator","filename":"docker.py","lineno":71}
{"timestamp":"2026-05-21T21:33:26.713842Z","level":"info","event":"\tat scala.Option.flatMap(Option.scala:271)","logger":"airflow.task.operators.airflow.providers.docker.operators.docker.DockerOperator","filename":"docker.py","lineno":71}
{"timestamp":"2026-05-21T21:33:26.713879Z","level":"info","event":"\tat org.apache.spark.sql.DataFrameReader.load(DataFrameReader.scala:208)","logger":"airflow.task.operators.airflow.providers.docker.operators.docker.DockerOperator","filename":"docker.py","lineno":71}
{"timestamp":"2026-05-21T21:33:26.713927Z","level":"info","event":"\tat org.apache.spark.sql.DataFrameReader.load(DataFrameReader.scala:186)","logger":"airflow.task.operators.airflow.providers.docker.operators.docker.DockerOperator","filename":"docker.py","lineno":71}
{"timestamp":"2026-05-21T21:33:26.713964Z","level":"info","event":"\tat java.base/jdk.internal.reflect.NativeMethodAccessorImpl.invoke0(Native Method)","logger":"airflow.task.operators.airflow.providers.docker.operators.docker.DockerOperator","filename":"docker.py","lineno":71}
{"timestamp":"2026-05-21T21:33:26.714001Z","level":"info","event":"\tat java.base/jdk.internal.reflect.NativeMethodAccessorImpl.invoke(Unknown Source)","logger":"airflow.task.operators.airflow.providers.docker.operators.docker.DockerOperator","filename":"docker.py","lineno":71}
{"timestamp":"2026-05-21T21:33:26.714038Z","level":"info","event":"\tat java.base/jdk.internal.reflect.DelegatingMethodAccessorImpl.invoke(Unknown Source)","logger":"airflow.task.operators.airflow.providers.docker.operators.docker.DockerOperator","filename":"docker.py","lineno":71}
{"timestamp":"2026-05-21T21:33:26.714076Z","level":"info","event":"\tat java.base/java.lang.reflect.Method.invoke(Unknown Source)","logger":"airflow.task.operators.airflow.providers.docker.operators.docker.DockerOperator","filename":"docker.py","lineno":71}
{"timestamp":"2026-05-21T21:33:26.714113Z","level":"info","event":"\tat py4j.reflection.MethodInvoker.invoke(MethodInvoker.java:244)","logger":"airflow.task.operators.airflow.providers.docker.operators.docker.DockerOperator","filename":"docker.py","lineno":71}
{"timestamp":"2026-05-21T21:33:26.714150Z","level":"info","event":"\tat py4j.reflection.ReflectionEngine.invoke(ReflectionEngine.java:374)","logger":"airflow.task.operators.airflow.providers.docker.operators.docker.DockerOperator","filename":"docker.py","lineno":71}
{"timestamp":"2026-05-21T21:33:26.714276Z","level":"info","event":"\tat py4j.Gateway.invoke(Gateway.java:282)","logger":"airflow.task.operators.airflow.providers.docker.operators.docker.DockerOperator","filename":"docker.py","lineno":71}
{"timestamp":"2026-05-21T21:33:26.714357Z","level":"info","event":"\tat py4j.commands.AbstractCommand.invokeMethod(AbstractCommand.java:132)","logger":"airflow.task.operators.airflow.providers.docker.operators.docker.DockerOperator","filename":"docker.py","lineno":71}
{"timestamp":"2026-05-21T21:33:26.714426Z","level":"info","event":"\tat py4j.commands.CallCommand.execute(CallCommand.java:79)","logger":"airflow.task.operators.airflow.providers.docker.operators.docker.DockerOperator","filename":"docker.py","lineno":71}
{"timestamp":"2026-05-21T21:33:26.714494Z","level":"info","event":"\tat py4j.ClientServerConnection.waitForCommands(ClientServerConnection.java:182)","logger":"airflow.task.operators.airflow.providers.docker.operators.docker.DockerOperator","filename":"docker.py","lineno":71}
{"timestamp":"2026-05-21T21:33:26.714563Z","level":"info","event":"\tat py4j.ClientServerConnection.run(ClientServerConnection.java:106)","logger":"airflow.task.operators.airflow.providers.docker.operators.docker.DockerOperator","filename":"docker.py","lineno":71}
{"timestamp":"2026-05-21T21:33:26.714633Z","level":"info","event":"\tat java.base/java.lang.Thread.run(Unknown Source)","logger":"airflow.task.operators.airflow.providers.docker.operators.docker.DockerOperator","filename":"docker.py","lineno":71}
{"timestamp":"2026-05-21T21:33:26.714979Z","level":"info","event":"Caused by: java.lang.ClassNotFoundException: org.apache.spark.sql.catalyst.analysis.UnresolvedLeafNode","logger":"airflow.task.operators.airflow.providers.docker.operators.docker.DockerOperator","filename":"docker.py","lineno":71}
{"timestamp":"2026-05-21T21:33:26.715066Z","level":"info","event":"\tat java.base/jdk.internal.loader.BuiltinClassLoader.loadClass(Unknown Source)","logger":"airflow.task.operators.airflow.providers.docker.operators.docker.DockerOperator","filename":"docker.py","lineno":71}
{"timestamp":"2026-05-21T21:33:26.715139Z","level":"info","event":"\tat java.base/jdk.internal.loader.ClassLoaders$AppClassLoader.loadClass(Unknown Source)","logger":"airflow.task.operators.airflow.providers.docker.operators.docker.DockerOperator","filename":"docker.py","lineno":71}
{"timestamp":"2026-05-21T21:33:26.715206Z","level":"info","event":"\tat java.base/java.lang.ClassLoader.loadClass(Unknown Source)","logger":"airflow.task.operators.airflow.providers.docker.operators.docker.DockerOperator","filename":"docker.py","lineno":71}
{"timestamp":"2026-05-21T21:33:26.715270Z","level":"info","event":"\t... 37 more","logger":"airflow.task.operators.airflow.providers.docker.operators.docker.DockerOperator","filename":"docker.py","lineno":71}
{"timestamp":"2026-05-21T21:33:26.715339Z","level":"info","event":"","logger":"airflow.task.operators.airflow.providers.docker.operators.docker.DockerOperator","filename":"docker.py","lineno":71}
{"timestamp":"2026-05-21T21:33:26.715479Z","level":"info","event":"2026-05-21 21:33:26,707 - INFO - Closing down clientserver connection","logger":"airflow.task.operators.airflow.providers.docker.operators.docker.DockerOperator","filename":"docker.py","lineno":71}
{"timestamp":"2026-05-21T21:33:26.715609Z","level":"info","event":"2026-05-21 21:33:26,707 - INFO - Closing down clientserver connection","logger":"airflow.task.operators.airflow.providers.docker.operators.docker.DockerOperator","filename":"docker.py","lineno":71}
{"timestamp":"2026-05-21T21:33:26.715777Z","level":"info","event":"2026-05-21 21:33:26,710 - INFO - Closing down clientserver connection","logger":"airflow.task.operators.airflow.providers.docker.operators.docker.DockerOperator","filename":"docker.py","lineno":71}
{"timestamp":"2026-05-21T21:33:26.715925Z","level":"info","event":"2026-05-21 21:33:26,710 - INFO - Closing down clientserver connection","logger":"airflow.task.operators.airflow.providers.docker.operators.docker.DockerOperator","filename":"docker.py","lineno":71}
{"timestamp":"2026-05-21T21:33:26.716050Z","level":"info","event":"2026-05-21 21:33:26,710 - INFO - Closing down clientserver connection","logger":"airflow.task.operators.airflow.providers.docker.operators.docker.DockerOperator","filename":"docker.py","lineno":71}
{"timestamp":"2026-05-21T21:33:26.716170Z","level":"info","event":"2026-05-21 21:33:26,711 - INFO - Closing down clientserver connection","logger":"airflow.task.operators.airflow.providers.docker.operators.docker.DockerOperator","filename":"docker.py","lineno":71}
{"timestamp":"2026-05-21T21:33:26.716285Z","level":"info","event":"2026-05-21 21:33:26,712 - INFO - Closing down clientserver connection","logger":"airflow.task.operators.airflow.providers.docker.operators.docker.DockerOperator","filename":"docker.py","lineno":71}
{"timestamp":"2026-05-21T21:33:26.716409Z","level":"info","event":"2026-05-21 21:33:26,712 - INFO - Incremental agregation to gold layer completed!","logger":"airflow.task.operators.airflow.providers.docker.operators.docker.DockerOperator","filename":"docker.py","lineno":71}
{"timestamp":"2026-05-21T21:33:26.716531Z","level":"info","event":"26/05/21 21:33:26 INFO SparkContext: SparkContext is stopping with exitCode 0.","logger":"airflow.task.operators.airflow.providers.docker.operators.docker.DockerOperator","filename":"docker.py","lineno":71}
{"timestamp":"2026-05-21T21:33:26.729920Z","level":"info","event":"26/05/21 21:33:26 INFO SparkUI: Stopped Spark web UI at http://990d436a720d:4040","logger":"airflow.task.operators.airflow.providers.docker.operators.docker.DockerOperator","filename":"docker.py","lineno":71}
{"timestamp":"2026-05-21T21:33:26.735354Z","level":"info","event":"26/05/21 21:33:26 INFO StandaloneSchedulerBackend: Shutting down all executors","logger":"airflow.task.operators.airflow.providers.docker.operators.docker.DockerOperator","filename":"docker.py","lineno":71}
{"timestamp":"2026-05-21T21:33:26.740324Z","level":"info","event":"26/05/21 21:33:26 INFO StandaloneSchedulerBackend$StandaloneDriverEndpoint: Asking each executor to shut down","logger":"airflow.task.operators.airflow.providers.docker.operators.docker.DockerOperator","filename":"docker.py","lineno":71}
{"timestamp":"2026-05-21T21:33:26.759017Z","level":"info","event":"26/05/21 21:33:26 INFO MapOutputTrackerMasterEndpoint: MapOutputTrackerMasterEndpoint stopped!","logger":"airflow.task.operators.airflow.providers.docker.operators.docker.DockerOperator","filename":"docker.py","lineno":71}
{"timestamp":"2026-05-21T21:33:26.780664Z","level":"info","event":"26/05/21 21:33:26 INFO MemoryStore: MemoryStore cleared","logger":"airflow.task.operators.airflow.providers.docker.operators.docker.DockerOperator","filename":"docker.py","lineno":71}
{"timestamp":"2026-05-21T21:33:26.782212Z","level":"info","event":"26/05/21 21:33:26 INFO BlockManager: BlockManager stopped","logger":"airflow.task.operators.airflow.providers.docker.operators.docker.DockerOperator","filename":"docker.py","lineno":71}
{"timestamp":"2026-05-21T21:33:26.790959Z","level":"info","event":"26/05/21 21:33:26 INFO BlockManagerMaster: BlockManagerMaster stopped","logger":"airflow.task.operators.airflow.providers.docker.operators.docker.DockerOperator","filename":"docker.py","lineno":71}
{"timestamp":"2026-05-21T21:33:26.792940Z","level":"info","event":"26/05/21 21:33:26 INFO OutputCommitCoordinator$OutputCommitCoordinatorEndpoint: OutputCommitCoordinator stopped!","logger":"airflow.task.operators.airflow.providers.docker.operators.docker.DockerOperator","filename":"docker.py","lineno":71}
{"timestamp":"2026-05-21T21:33:26.808387Z","level":"info","event":"26/05/21 21:33:26 INFO SparkContext: Successfully stopped SparkContext","logger":"airflow.task.operators.airflow.providers.docker.operators.docker.DockerOperator","filename":"docker.py","lineno":71}
{"timestamp":"2026-05-21T21:33:26.879607Z","level":"info","event":"2026-05-21 21:33:26,878 - INFO - Closing down clientserver connection","logger":"airflow.task.operators.airflow.providers.docker.operators.docker.DockerOperator","filename":"docker.py","lineno":71}
{"timestamp":"2026-05-21T21:33:26.915094Z","level":"info","event":"26/05/21 21:33:26 INFO ShutdownHookManager: Shutdown hook called","logger":"airflow.task.operators.airflow.providers.docker.operators.docker.DockerOperator","filename":"docker.py","lineno":71}
{"timestamp":"2026-05-21T21:33:26.916044Z","level":"info","event":"26/05/21 21:33:26 INFO ShutdownHookManager: Deleting directory /tmp/spark-91d74d17-df78-42c6-a008-9768b1746a44","logger":"airflow.task.operators.airflow.providers.docker.operators.docker.DockerOperator","filename":"docker.py","lineno":71}
{"timestamp":"2026-05-21T21:33:26.920157Z","level":"info","event":"26/05/21 21:33:26 INFO ShutdownHookManager: Deleting directory /tmp/spark-b6f9bd32-3a71-43c1-a7b2-5bbafb1f2816/pyspark-71590c49-83c2-482f-a383-123de0b74ccd","logger":"airflow.task.operators.airflow.providers.docker.operators.docker.DockerOperator","filename":"docker.py","lineno":71}
{"timestamp":"2026-05-21T21:33:26.924371Z","level":"info","event":"26/05/21 21:33:26 INFO ShutdownHookManager: Deleting directory /tmp/spark-b6f9bd32-3a71-43c1-a7b2-5bbafb1f2816","logger":"airflow.task.operators.airflow.providers.docker.operators.docker.DockerOperator","filename":"docker.py","lineno":71}
{"timestamp":"2026-05-21T21:33:27.144051Z","level":"info","event":"Pushing xcom","ti":"RuntimeTaskInstance(id=UUID('019e4c75-07f7-725d-9af8-1f167e75cadd'), task_id='aggregation_gold', dag_id='ELT_minIO', run_id='manual__2026-05-21T21:33:18.691858+00:00', try_number=1, dag_version_id=UUID('019e4c74-9eaf-7837-9163-b74160dc90af'), map_index=-1, hostname='67273dffb2f9', context_carrier={'traceparent': '00-2be36d29fbcd2acb855209b3d2a516d2-e1b9fc43fbd9b953-01'}, task=<Task(DockerOperator): aggregation_gold>, bundle_instance=LocalDagBundle(name=dags-folder), max_tries=0, start_date=datetime.datetime(2026, 5, 21, 21, 33, 19, 324410, tzinfo=datetime.timezone.utc), end_date=None, state=<TaskInstanceState.RUNNING: 'running'>, is_mapped=False, rendered_map_index=None, sentry_integration='')","logger":"task","filename":"task_runner.py","lineno":1724}
