{"timestamp":"2026-05-20T01:00:04.356491Z","level":"info","event":"DAG bundles loaded: dags-folder","logger":"airflow.dag_processing.bundles.manager.DagBundlesManager","filename":"manager.py","lineno":209}
{"timestamp":"2026-05-20T01:00:04.362551Z","level":"info","event":"Filling up the DagBag from /opt/airflow/dags/dag_elt.py","logger":"airflow.dag_processing.dagbag.BundleDagBag","filename":"dagbag.py","lineno":469}
{"timestamp":"2026-05-20T01:00:04.771326Z","level":"info","event":"Starting docker container from image rodrigofbms/project-pyspark-minio-superset","logger":"airflow.task.operators.airflow.providers.docker.operators.docker.DockerOperator","filename":"docker.py","lineno":367}
{"timestamp":"2026-05-20T01:00:09.586942Z","level":"info","event":"2026-05-20 01:00:09,585 - INFO - Starting incremental extract from Postgres adventureworks to MinIO landing...","logger":"airflow.task.operators.airflow.providers.docker.operators.docker.DockerOperator","filename":"docker.py","lineno":71}
{"timestamp":"2026-05-20T01:00:09.774361Z","level":"info","event":"26/05/20 01:00:09 INFO SparkContext: Running Spark version 3.5.0","logger":"airflow.task.operators.airflow.providers.docker.operators.docker.DockerOperator","filename":"docker.py","lineno":71}
{"timestamp":"2026-05-20T01:00:09.778310Z","level":"info","event":"26/05/20 01:00:09 INFO SparkContext: OS info Linux, 6.8.0-1054-gcp, amd64","logger":"airflow.task.operators.airflow.providers.docker.operators.docker.DockerOperator","filename":"docker.py","lineno":71}
{"timestamp":"2026-05-20T01:00:09.778929Z","level":"info","event":"26/05/20 01:00:09 INFO SparkContext: Java version 11.0.20.1","logger":"airflow.task.operators.airflow.providers.docker.operators.docker.DockerOperator","filename":"docker.py","lineno":71}
{"timestamp":"2026-05-20T01:00:09.874429Z","level":"info","event":"26/05/20 01:00:09 WARN NativeCodeLoader: Unable to load native-hadoop library for your platform... using builtin-java classes where applicable","logger":"airflow.task.operators.airflow.providers.docker.operators.docker.DockerOperator","filename":"docker.py","lineno":71}
{"timestamp":"2026-05-20T01:00:10.017860Z","level":"info","event":"26/05/20 01:00:10 INFO ResourceUtils: ==============================================================","logger":"airflow.task.operators.airflow.providers.docker.operators.docker.DockerOperator","filename":"docker.py","lineno":71}
{"timestamp":"2026-05-20T01:00:10.018151Z","level":"info","event":"26/05/20 01:00:10 INFO ResourceUtils: No custom resources configured for spark.driver.","logger":"airflow.task.operators.airflow.providers.docker.operators.docker.DockerOperator","filename":"docker.py","lineno":71}
{"timestamp":"2026-05-20T01:00:10.020151Z","level":"info","event":"26/05/20 01:00:10 INFO ResourceUtils: ==============================================================","logger":"airflow.task.operators.airflow.providers.docker.operators.docker.DockerOperator","filename":"docker.py","lineno":71}
{"timestamp":"2026-05-20T01:00:10.021133Z","level":"info","event":"26/05/20 01:00:10 INFO SparkContext: Submitted application: Incremental extract from postgres to minIO landing Parallel","logger":"airflow.task.operators.airflow.providers.docker.operators.docker.DockerOperator","filename":"docker.py","lineno":71}
{"timestamp":"2026-05-20T01:00:10.061805Z","level":"info","event":"26/05/20 01:00:10 INFO ResourceProfile: Default ResourceProfile created, executor resources: Map(memory -> name: memory, amount: 1024, script: , vendor: , offHeap -> name: offHeap, amount: 0, script: , vendor: ), task resources: Map(cpus -> name: cpus, amount: 1.0)","logger":"airflow.task.operators.airflow.providers.docker.operators.docker.DockerOperator","filename":"docker.py","lineno":71}
{"timestamp":"2026-05-20T01:00:10.080496Z","level":"info","event":"26/05/20 01:00:10 INFO ResourceProfile: Limiting resource is cpu","logger":"airflow.task.operators.airflow.providers.docker.operators.docker.DockerOperator","filename":"docker.py","lineno":71}
{"timestamp":"2026-05-20T01:00:10.083727Z","level":"info","event":"26/05/20 01:00:10 INFO ResourceProfileManager: Added ResourceProfile id: 0","logger":"airflow.task.operators.airflow.providers.docker.operators.docker.DockerOperator","filename":"docker.py","lineno":71}
{"timestamp":"2026-05-20T01:00:10.196615Z","level":"info","event":"26/05/20 01:00:10 INFO SecurityManager: Changing view acls to: root","logger":"airflow.task.operators.airflow.providers.docker.operators.docker.DockerOperator","filename":"docker.py","lineno":71}
{"timestamp":"2026-05-20T01:00:10.197444Z","level":"info","event":"26/05/20 01:00:10 INFO SecurityManager: Changing modify acls to: root","logger":"airflow.task.operators.airflow.providers.docker.operators.docker.DockerOperator","filename":"docker.py","lineno":71}
{"timestamp":"2026-05-20T01:00:10.198211Z","level":"info","event":"26/05/20 01:00:10 INFO SecurityManager: Changing view acls groups to:","logger":"airflow.task.operators.airflow.providers.docker.operators.docker.DockerOperator","filename":"docker.py","lineno":71}
{"timestamp":"2026-05-20T01:00:10.198736Z","level":"info","event":"26/05/20 01:00:10 INFO SecurityManager: Changing modify acls groups to:","logger":"airflow.task.operators.airflow.providers.docker.operators.docker.DockerOperator","filename":"docker.py","lineno":71}
{"timestamp":"2026-05-20T01:00:10.199402Z","level":"info","event":"26/05/20 01:00:10 INFO SecurityManager: SecurityManager: authentication disabled; ui acls disabled; users with view permissions: root; groups with view permissions: EMPTY; users with modify permissions: root; groups with modify permissions: EMPTY","logger":"airflow.task.operators.airflow.providers.docker.operators.docker.DockerOperator","filename":"docker.py","lineno":71}
{"timestamp":"2026-05-20T01:00:10.570392Z","level":"info","event":"26/05/20 01:00:10 INFO Utils: Successfully started service 'sparkDriver' on port 38133.","logger":"airflow.task.operators.airflow.providers.docker.operators.docker.DockerOperator","filename":"docker.py","lineno":71}
{"timestamp":"2026-05-20T01:00:10.619659Z","level":"info","event":"26/05/20 01:00:10 INFO SparkEnv: Registering MapOutputTracker","logger":"airflow.task.operators.airflow.providers.docker.operators.docker.DockerOperator","filename":"docker.py","lineno":71}
{"timestamp":"2026-05-20T01:00:10.684224Z","level":"info","event":"26/05/20 01:00:10 INFO SparkEnv: Registering BlockManagerMaster","logger":"airflow.task.operators.airflow.providers.docker.operators.docker.DockerOperator","filename":"docker.py","lineno":71}
{"timestamp":"2026-05-20T01:00:10.714955Z","level":"info","event":"26/05/20 01:00:10 INFO BlockManagerMasterEndpoint: Using org.apache.spark.storage.DefaultTopologyMapper for getting topology information","logger":"airflow.task.operators.airflow.providers.docker.operators.docker.DockerOperator","filename":"docker.py","lineno":71}
{"timestamp":"2026-05-20T01:00:10.715588Z","level":"info","event":"26/05/20 01:00:10 INFO BlockManagerMasterEndpoint: BlockManagerMasterEndpoint up","logger":"airflow.task.operators.airflow.providers.docker.operators.docker.DockerOperator","filename":"docker.py","lineno":71}
{"timestamp":"2026-05-20T01:00:10.723017Z","level":"info","event":"26/05/20 01:00:10 INFO SparkEnv: Registering BlockManagerMasterHeartbeat","logger":"airflow.task.operators.airflow.providers.docker.operators.docker.DockerOperator","filename":"docker.py","lineno":71}
{"timestamp":"2026-05-20T01:00:10.789354Z","level":"info","event":"26/05/20 01:00:10 INFO DiskBlockManager: Created local directory at /tmp/blockmgr-e5cde40c-8a58-40ba-8356-b73e85b129ae","logger":"airflow.task.operators.airflow.providers.docker.operators.docker.DockerOperator","filename":"docker.py","lineno":71}
{"timestamp":"2026-05-20T01:00:10.822654Z","level":"info","event":"26/05/20 01:00:10 INFO MemoryStore: MemoryStore started with capacity 434.4 MiB","logger":"airflow.task.operators.airflow.providers.docker.operators.docker.DockerOperator","filename":"docker.py","lineno":71}
{"timestamp":"2026-05-20T01:00:10.857094Z","level":"info","event":"26/05/20 01:00:10 INFO SparkEnv: Registering OutputCommitCoordinator","logger":"airflow.task.operators.airflow.providers.docker.operators.docker.DockerOperator","filename":"docker.py","lineno":71}
{"timestamp":"2026-05-20T01:00:11.119276Z","level":"info","event":"26/05/20 01:00:11 INFO JettyUtils: Start Jetty 0.0.0.0:4040 for SparkUI","logger":"airflow.task.operators.airflow.providers.docker.operators.docker.DockerOperator","filename":"docker.py","lineno":71}
{"timestamp":"2026-05-20T01:00:11.225216Z","level":"info","event":"26/05/20 01:00:11 INFO Utils: Successfully started service 'SparkUI' on port 4040.","logger":"airflow.task.operators.airflow.providers.docker.operators.docker.DockerOperator","filename":"docker.py","lineno":71}
{"timestamp":"2026-05-20T01:00:11.406156Z","level":"info","event":"26/05/20 01:00:11 INFO StandaloneAppClient$ClientEndpoint: Connecting to master spark://spark-master:7077...","logger":"airflow.task.operators.airflow.providers.docker.operators.docker.DockerOperator","filename":"docker.py","lineno":71}
{"timestamp":"2026-05-20T01:00:11.497538Z","level":"info","event":"26/05/20 01:00:11 INFO TransportClientFactory: Successfully created connection to spark-master/172.20.0.19:7077 after 51 ms (0 ms spent in bootstraps)","logger":"airflow.task.operators.airflow.providers.docker.operators.docker.DockerOperator","filename":"docker.py","lineno":71}
{"timestamp":"2026-05-20T01:00:11.640150Z","level":"info","event":"26/05/20 01:00:11 INFO StandaloneSchedulerBackend: Connected to Spark cluster with app ID app-20260520010011-0007","logger":"airflow.task.operators.airflow.providers.docker.operators.docker.DockerOperator","filename":"docker.py","lineno":71}
{"timestamp":"2026-05-20T01:00:11.640465Z","level":"info","event":"26/05/20 01:00:11 INFO StandaloneAppClient$ClientEndpoint: Executor added: app-20260520010011-0007/0 on worker-20260519190133-172.20.0.20-38627 (172.20.0.20:38627) with 8 core(s)","logger":"airflow.task.operators.airflow.providers.docker.operators.docker.DockerOperator","filename":"docker.py","lineno":71}
{"timestamp":"2026-05-20T01:00:11.645122Z","level":"info","event":"26/05/20 01:00:11 INFO StandaloneSchedulerBackend: Granted executor ID app-20260520010011-0007/0 on hostPort 172.20.0.20:38627 with 8 core(s), 1024.0 MiB RAM","logger":"airflow.task.operators.airflow.providers.docker.operators.docker.DockerOperator","filename":"docker.py","lineno":71}
{"timestamp":"2026-05-20T01:00:11.645346Z","level":"info","event":"26/05/20 01:00:11 INFO StandaloneAppClient$ClientEndpoint: Executor added: app-20260520010011-0007/1 on worker-20260519190133-172.20.0.21-42257 (172.20.0.21:42257) with 8 core(s)","logger":"airflow.task.operators.airflow.providers.docker.operators.docker.DockerOperator","filename":"docker.py","lineno":71}
{"timestamp":"2026-05-20T01:00:11.645436Z","level":"info","event":"26/05/20 01:00:11 INFO StandaloneSchedulerBackend: Granted executor ID app-20260520010011-0007/1 on hostPort 172.20.0.21:42257 with 8 core(s), 1024.0 MiB RAM","logger":"airflow.task.operators.airflow.providers.docker.operators.docker.DockerOperator","filename":"docker.py","lineno":71}
{"timestamp":"2026-05-20T01:00:11.669186Z","level":"info","event":"26/05/20 01:00:11 INFO Utils: Successfully started service 'org.apache.spark.network.netty.NettyBlockTransferService' on port 40333.","logger":"airflow.task.operators.airflow.providers.docker.operators.docker.DockerOperator","filename":"docker.py","lineno":71}
{"timestamp":"2026-05-20T01:00:11.669487Z","level":"info","event":"26/05/20 01:00:11 INFO NettyBlockTransferService: Server created on 7408d13bf12b:40333","logger":"airflow.task.operators.airflow.providers.docker.operators.docker.DockerOperator","filename":"docker.py","lineno":71}
{"timestamp":"2026-05-20T01:00:11.681968Z","level":"info","event":"26/05/20 01:00:11 INFO BlockManager: Using org.apache.spark.storage.RandomBlockReplicationPolicy for block replication policy","logger":"airflow.task.operators.airflow.providers.docker.operators.docker.DockerOperator","filename":"docker.py","lineno":71}
{"timestamp":"2026-05-20T01:00:11.694491Z","level":"info","event":"26/05/20 01:00:11 INFO BlockManagerMaster: Registering BlockManager BlockManagerId(driver, 7408d13bf12b, 40333, None)","logger":"airflow.task.operators.airflow.providers.docker.operators.docker.DockerOperator","filename":"docker.py","lineno":71}
{"timestamp":"2026-05-20T01:00:11.704151Z","level":"info","event":"26/05/20 01:00:11 INFO BlockManagerMasterEndpoint: Registering block manager 7408d13bf12b:40333 with 434.4 MiB RAM, BlockManagerId(driver, 7408d13bf12b, 40333, None)","logger":"airflow.task.operators.airflow.providers.docker.operators.docker.DockerOperator","filename":"docker.py","lineno":71}
{"timestamp":"2026-05-20T01:00:11.705522Z","level":"info","event":"26/05/20 01:00:11 INFO BlockManagerMaster: Registered BlockManager BlockManagerId(driver, 7408d13bf12b, 40333, None)","logger":"airflow.task.operators.airflow.providers.docker.operators.docker.DockerOperator","filename":"docker.py","lineno":71}
{"timestamp":"2026-05-20T01:00:11.708883Z","level":"info","event":"26/05/20 01:00:11 INFO BlockManager: Initialized BlockManager: BlockManagerId(driver, 7408d13bf12b, 40333, None)","logger":"airflow.task.operators.airflow.providers.docker.operators.docker.DockerOperator","filename":"docker.py","lineno":71}
{"timestamp":"2026-05-20T01:00:11.752733Z","level":"info","event":"26/05/20 01:00:11 INFO StandaloneAppClient$ClientEndpoint: Executor updated: app-20260520010011-0007/0 is now RUNNING","logger":"airflow.task.operators.airflow.providers.docker.operators.docker.DockerOperator","filename":"docker.py","lineno":71}
{"timestamp":"2026-05-20T01:00:11.754052Z","level":"info","event":"26/05/20 01:00:11 INFO StandaloneAppClient$ClientEndpoint: Executor updated: app-20260520010011-0007/1 is now RUNNING","logger":"airflow.task.operators.airflow.providers.docker.operators.docker.DockerOperator","filename":"docker.py","lineno":71}
{"timestamp":"2026-05-20T01:00:12.141698Z","level":"info","event":"26/05/20 01:00:12 INFO StandaloneSchedulerBackend: SchedulerBackend is ready for scheduling beginning after reached minRegisteredResourcesRatio: 0.0","logger":"airflow.task.operators.airflow.providers.docker.operators.docker.DockerOperator","filename":"docker.py","lineno":71}
{"timestamp":"2026-05-20T01:00:12.755605Z","level":"info","event":"26/05/20 01:00:12 INFO SharedState: Setting hive.metastore.warehouse.dir ('null') to the value of spark.sql.warehouse.dir.","logger":"airflow.task.operators.airflow.providers.docker.operators.docker.DockerOperator","filename":"docker.py","lineno":71}
{"timestamp":"2026-05-20T01:00:12.772836Z","level":"info","event":"26/05/20 01:00:12 INFO SharedState: Warehouse path is 'file:/app/spark-warehouse'.","logger":"airflow.task.operators.airflow.providers.docker.operators.docker.DockerOperator","filename":"docker.py","lineno":71}
{"timestamp":"2026-05-20T01:00:15.336823Z","level":"info","event":"2026-05-20 01:00:15,333 - ERROR - Error processing table sales.salesorderdetail: An error occurred while calling o54.load.","logger":"airflow.task.operators.airflow.providers.docker.operators.docker.DockerOperator","filename":"docker.py","lineno":71}
{"timestamp":"2026-05-20T01:00:15.337409Z","level":"info","event":": java.lang.NoClassDefFoundError: com/amazonaws/AmazonClientException","logger":"airflow.task.operators.airflow.providers.docker.operators.docker.DockerOperator","filename":"docker.py","lineno":71}
{"timestamp":"2026-05-20T01:00:15.337605Z","level":"info","event":"\tat java.base/java.lang.Class.forName0(Native Method)","logger":"airflow.task.operators.airflow.providers.docker.operators.docker.DockerOperator","filename":"docker.py","lineno":71}
{"timestamp":"2026-05-20T01:00:15.337709Z","level":"info","event":"\tat java.base/java.lang.Class.forName(Unknown Source)","logger":"airflow.task.operators.airflow.providers.docker.operators.docker.DockerOperator","filename":"docker.py","lineno":71}
{"timestamp":"2026-05-20T01:00:15.337780Z","level":"info","event":"\tat org.apache.hadoop.conf.Configuration.getClassByNameOrNull(Configuration.java:2625)","logger":"airflow.task.operators.airflow.providers.docker.operators.docker.DockerOperator","filename":"docker.py","lineno":71}
{"timestamp":"2026-05-20T01:00:15.337842Z","level":"info","event":"\tat org.apache.hadoop.conf.Configuration.getClassByName(Configuration.java:2590)","logger":"airflow.task.operators.airflow.providers.docker.operators.docker.DockerOperator","filename":"docker.py","lineno":71}
{"timestamp":"2026-05-20T01:00:15.337924Z","level":"info","event":"\tat org.apache.hadoop.conf.Configuration.getClass(Configuration.java:2686)","logger":"airflow.task.operators.airflow.providers.docker.operators.docker.DockerOperator","filename":"docker.py","lineno":71}
{"timestamp":"2026-05-20T01:00:15.337990Z","level":"info","event":"\tat org.apache.hadoop.fs.FileSystem.getFileSystemClass(FileSystem.java:3431)","logger":"airflow.task.operators.airflow.providers.docker.operators.docker.DockerOperator","filename":"docker.py","lineno":71}
{"timestamp":"2026-05-20T01:00:15.338058Z","level":"info","event":"\tat org.apache.hadoop.fs.FileSystem.createFileSystem(FileSystem.java:3466)","logger":"airflow.task.operators.airflow.providers.docker.operators.docker.DockerOperator","filename":"docker.py","lineno":71}
{"timestamp":"2026-05-20T01:00:15.338115Z","level":"info","event":"\tat org.apache.hadoop.fs.FileSystem.access$300(FileSystem.java:174)","logger":"airflow.task.operators.airflow.providers.docker.operators.docker.DockerOperator","filename":"docker.py","lineno":71}
{"timestamp":"2026-05-20T01:00:15.338169Z","level":"info","event":"\tat org.apache.hadoop.fs.FileSystem$Cache.getInternal(FileSystem.java:3574)","logger":"airflow.task.operators.airflow.providers.docker.operators.docker.DockerOperator","filename":"docker.py","lineno":71}
{"timestamp":"2026-05-20T01:00:15.338243Z","level":"info","event":"\tat org.apache.hadoop.fs.FileSystem$Cache.get(FileSystem.java:3521)","logger":"airflow.task.operators.airflow.providers.docker.operators.docker.DockerOperator","filename":"docker.py","lineno":71}
{"timestamp":"2026-05-20T01:00:15.338306Z","level":"info","event":"\tat org.apache.hadoop.fs.FileSystem.get(FileSystem.java:540)","logger":"airflow.task.operators.airflow.providers.docker.operators.docker.DockerOperator","filename":"docker.py","lineno":71}
{"timestamp":"2026-05-20T01:00:15.338368Z","level":"info","event":"\tat org.apache.hadoop.fs.Path.getFileSystem(Path.java:365)","logger":"airflow.task.operators.airflow.providers.docker.operators.docker.DockerOperator","filename":"docker.py","lineno":71}
{"timestamp":"2026-05-20T01:00:15.338431Z","level":"info","event":"\tat org.apache.spark.sql.execution.streaming.FileStreamSink$.hasMetadata(FileStreamSink.scala:53)","logger":"airflow.task.operators.airflow.providers.docker.operators.docker.DockerOperator","filename":"docker.py","lineno":71}
{"timestamp":"2026-05-20T01:00:15.338493Z","level":"info","event":"\tat org.apache.spark.sql.execution.datasources.DataSource.resolveRelation(DataSource.scala:366)","logger":"airflow.task.operators.airflow.providers.docker.operators.docker.DockerOperator","filename":"docker.py","lineno":71}
{"timestamp":"2026-05-20T01:00:15.338539Z","level":"info","event":"\tat org.apache.spark.sql.DataFrameReader.loadV1Source(DataFrameReader.scala:229)","logger":"airflow.task.operators.airflow.providers.docker.operators.docker.DockerOperator","filename":"docker.py","lineno":71}
{"timestamp":"2026-05-20T01:00:15.338582Z","level":"info","event":"\tat org.apache.spark.sql.DataFrameReader.$anonfun$load$2(DataFrameReader.scala:211)","logger":"airflow.task.operators.airflow.providers.docker.operators.docker.DockerOperator","filename":"docker.py","lineno":71}
{"timestamp":"2026-05-20T01:00:15.338627Z","level":"info","event":"\tat scala.Option.getOrElse(Option.scala:189)","logger":"airflow.task.operators.airflow.providers.docker.operators.docker.DockerOperator","filename":"docker.py","lineno":71}
{"timestamp":"2026-05-20T01:00:15.338677Z","level":"info","event":"\tat org.apache.spark.sql.DataFrameReader.load(DataFrameReader.scala:211)","logger":"airflow.task.operators.airflow.providers.docker.operators.docker.DockerOperator","filename":"docker.py","lineno":71}
{"timestamp":"2026-05-20T01:00:15.338731Z","level":"info","event":"\tat org.apache.spark.sql.DataFrameReader.load(DataFrameReader.scala:186)","logger":"airflow.task.operators.airflow.providers.docker.operators.docker.DockerOperator","filename":"docker.py","lineno":71}
{"timestamp":"2026-05-20T01:00:15.338783Z","level":"info","event":"\tat java.base/jdk.internal.reflect.NativeMethodAccessorImpl.invoke0(Native Method)","logger":"airflow.task.operators.airflow.providers.docker.operators.docker.DockerOperator","filename":"docker.py","lineno":71}
{"timestamp":"2026-05-20T01:00:15.338836Z","level":"info","event":"\tat java.base/jdk.internal.reflect.NativeMethodAccessorImpl.invoke(Unknown Source)","logger":"airflow.task.operators.airflow.providers.docker.operators.docker.DockerOperator","filename":"docker.py","lineno":71}
{"timestamp":"2026-05-20T01:00:15.338885Z","level":"info","event":"\tat java.base/jdk.internal.reflect.DelegatingMethodAccessorImpl.invoke(Unknown Source)","logger":"airflow.task.operators.airflow.providers.docker.operators.docker.DockerOperator","filename":"docker.py","lineno":71}
{"timestamp":"2026-05-20T01:00:15.338961Z","level":"info","event":"\tat java.base/java.lang.reflect.Method.invoke(Unknown Source)","logger":"airflow.task.operators.airflow.providers.docker.operators.docker.DockerOperator","filename":"docker.py","lineno":71}
{"timestamp":"2026-05-20T01:00:15.339020Z","level":"info","event":"\tat py4j.reflection.MethodInvoker.invoke(MethodInvoker.java:244)","logger":"airflow.task.operators.airflow.providers.docker.operators.docker.DockerOperator","filename":"docker.py","lineno":71}
{"timestamp":"2026-05-20T01:00:15.339076Z","level":"info","event":"\tat py4j.reflection.ReflectionEngine.invoke(ReflectionEngine.java:374)","logger":"airflow.task.operators.airflow.providers.docker.operators.docker.DockerOperator","filename":"docker.py","lineno":71}
{"timestamp":"2026-05-20T01:00:15.339204Z","level":"info","event":"\tat py4j.Gateway.invoke(Gateway.java:282)","logger":"airflow.task.operators.airflow.providers.docker.operators.docker.DockerOperator","filename":"docker.py","lineno":71}
{"timestamp":"2026-05-20T01:00:15.339264Z","level":"info","event":"\tat py4j.commands.AbstractCommand.invokeMethod(AbstractCommand.java:132)","logger":"airflow.task.operators.airflow.providers.docker.operators.docker.DockerOperator","filename":"docker.py","lineno":71}
{"timestamp":"2026-05-20T01:00:15.339323Z","level":"info","event":"\tat py4j.commands.CallCommand.execute(CallCommand.java:79)","logger":"airflow.task.operators.airflow.providers.docker.operators.docker.DockerOperator","filename":"docker.py","lineno":71}
{"timestamp":"2026-05-20T01:00:15.339386Z","level":"info","event":"\tat py4j.ClientServerConnection.waitForCommands(ClientServerConnection.java:182)","logger":"airflow.task.operators.airflow.providers.docker.operators.docker.DockerOperator","filename":"docker.py","lineno":71}
{"timestamp":"2026-05-20T01:00:15.339443Z","level":"info","event":"\tat py4j.ClientServerConnection.run(ClientServerConnection.java:106)","logger":"airflow.task.operators.airflow.providers.docker.operators.docker.DockerOperator","filename":"docker.py","lineno":71}
{"timestamp":"2026-05-20T01:00:15.339704Z","level":"info","event":"\tat java.base/java.lang.Thread.run(Unknown Source)","logger":"airflow.task.operators.airflow.providers.docker.operators.docker.DockerOperator","filename":"docker.py","lineno":71}
{"timestamp":"2026-05-20T01:00:15.344306Z","level":"info","event":"Caused by: java.lang.ClassNotFoundException: com.amazonaws.AmazonClientException","logger":"airflow.task.operators.airflow.providers.docker.operators.docker.DockerOperator","filename":"docker.py","lineno":71}
{"timestamp":"2026-05-20T01:00:15.344516Z","level":"info","event":"\tat java.base/jdk.internal.loader.BuiltinClassLoader.loadClass(Unknown Source)","logger":"airflow.task.operators.airflow.providers.docker.operators.docker.DockerOperator","filename":"docker.py","lineno":71}
{"timestamp":"2026-05-20T01:00:15.344581Z","level":"info","event":"\tat java.base/jdk.internal.loader.ClassLoaders$AppClassLoader.loadClass(Unknown Source)","logger":"airflow.task.operators.airflow.providers.docker.operators.docker.DockerOperator","filename":"docker.py","lineno":71}
{"timestamp":"2026-05-20T01:00:15.344639Z","level":"info","event":"\tat java.base/java.lang.ClassLoader.loadClass(Unknown Source)","logger":"airflow.task.operators.airflow.providers.docker.operators.docker.DockerOperator","filename":"docker.py","lineno":71}
{"timestamp":"2026-05-20T01:00:15.344707Z","level":"info","event":"\t... 31 more","logger":"airflow.task.operators.airflow.providers.docker.operators.docker.DockerOperator","filename":"docker.py","lineno":71}
{"timestamp":"2026-05-20T01:00:15.344775Z","level":"info","event":"","logger":"airflow.task.operators.airflow.providers.docker.operators.docker.DockerOperator","filename":"docker.py","lineno":71}
{"timestamp":"2026-05-20T01:00:15.345060Z","level":"info","event":"2026-05-20 01:00:15,338 - ERROR - Error processing table sales.countryregioncurrency: An error occurred while calling o58.load.","logger":"airflow.task.operators.airflow.providers.docker.operators.docker.DockerOperator","filename":"docker.py","lineno":71}
{"timestamp":"2026-05-20T01:00:15.345151Z","level":"info","event":": java.lang.NoClassDefFoundError: com/amazonaws/AmazonClientException","logger":"airflow.task.operators.airflow.providers.docker.operators.docker.DockerOperator","filename":"docker.py","lineno":71}
{"timestamp":"2026-05-20T01:00:15.345224Z","level":"info","event":"\tat java.base/java.lang.Class.forName0(Native Method)","logger":"airflow.task.operators.airflow.providers.docker.operators.docker.DockerOperator","filename":"docker.py","lineno":71}
{"timestamp":"2026-05-20T01:00:15.345290Z","level":"info","event":"\tat java.base/java.lang.Class.forName(Unknown Source)","logger":"airflow.task.operators.airflow.providers.docker.operators.docker.DockerOperator","filename":"docker.py","lineno":71}
{"timestamp":"2026-05-20T01:00:15.345346Z","level":"info","event":"\tat org.apache.hadoop.conf.Configuration.getClassByNameOrNull(Configuration.java:2625)","logger":"airflow.task.operators.airflow.providers.docker.operators.docker.DockerOperator","filename":"docker.py","lineno":71}
{"timestamp":"2026-05-20T01:00:15.345421Z","level":"info","event":"\tat org.apache.hadoop.conf.Configuration.getClassByName(Configuration.java:2590)","logger":"airflow.task.operators.airflow.providers.docker.operators.docker.DockerOperator","filename":"docker.py","lineno":71}
{"timestamp":"2026-05-20T01:00:15.345485Z","level":"info","event":"\tat org.apache.hadoop.conf.Configuration.getClass(Configuration.java:2686)","logger":"airflow.task.operators.airflow.providers.docker.operators.docker.DockerOperator","filename":"docker.py","lineno":71}
{"timestamp":"2026-05-20T01:00:15.345549Z","level":"info","event":"\tat org.apache.hadoop.fs.FileSystem.getFileSystemClass(FileSystem.java:3431)","logger":"airflow.task.operators.airflow.providers.docker.operators.docker.DockerOperator","filename":"docker.py","lineno":71}
{"timestamp":"2026-05-20T01:00:15.345606Z","level":"info","event":"\tat org.apache.hadoop.fs.FileSystem.createFileSystem(FileSystem.java:3466)","logger":"airflow.task.operators.airflow.providers.docker.operators.docker.DockerOperator","filename":"docker.py","lineno":71}
{"timestamp":"2026-05-20T01:00:15.345662Z","level":"info","event":"\tat org.apache.hadoop.fs.FileSystem.access$300(FileSystem.java:174)","logger":"airflow.task.operators.airflow.providers.docker.operators.docker.DockerOperator","filename":"docker.py","lineno":71}
{"timestamp":"2026-05-20T01:00:15.345721Z","level":"info","event":"\tat org.apache.hadoop.fs.FileSystem$Cache.getInternal(FileSystem.java:3574)","logger":"airflow.task.operators.airflow.providers.docker.operators.docker.DockerOperator","filename":"docker.py","lineno":71}
{"timestamp":"2026-05-20T01:00:15.345783Z","level":"info","event":"\tat org.apache.hadoop.fs.FileSystem$Cache.get(FileSystem.java:3521)","logger":"airflow.task.operators.airflow.providers.docker.operators.docker.DockerOperator","filename":"docker.py","lineno":71}
{"timestamp":"2026-05-20T01:00:15.345846Z","level":"info","event":"\tat org.apache.hadoop.fs.FileSystem.get(FileSystem.java:540)","logger":"airflow.task.operators.airflow.providers.docker.operators.docker.DockerOperator","filename":"docker.py","lineno":71}
{"timestamp":"2026-05-20T01:00:15.345984Z","level":"info","event":"\tat org.apache.hadoop.fs.Path.getFileSystem(Path.java:365)","logger":"airflow.task.operators.airflow.providers.docker.operators.docker.DockerOperator","filename":"docker.py","lineno":71}
{"timestamp":"2026-05-20T01:00:15.346044Z","level":"info","event":"\tat org.apache.spark.sql.execution.streaming.FileStreamSink$.hasMetadata(FileStreamSink.scala:53)","logger":"airflow.task.operators.airflow.providers.docker.operators.docker.DockerOperator","filename":"docker.py","lineno":71}
{"timestamp":"2026-05-20T01:00:15.346099Z","level":"info","event":"\tat org.apache.spark.sql.execution.datasources.DataSource.resolveRelation(DataSource.scala:366)","logger":"airflow.task.operators.airflow.providers.docker.operators.docker.DockerOperator","filename":"docker.py","lineno":71}
{"timestamp":"2026-05-20T01:00:15.346146Z","level":"info","event":"\tat org.apache.spark.sql.DataFrameReader.loadV1Source(DataFrameReader.scala:229)","logger":"airflow.task.operators.airflow.providers.docker.operators.docker.DockerOperator","filename":"docker.py","lineno":71}
{"timestamp":"2026-05-20T01:00:15.346190Z","level":"info","event":"\tat org.apache.spark.sql.DataFrameReader.$anonfun$load$2(DataFrameReader.scala:211)","logger":"airflow.task.operators.airflow.providers.docker.operators.docker.DockerOperator","filename":"docker.py","lineno":71}
{"timestamp":"2026-05-20T01:00:15.346236Z","level":"info","event":"\tat scala.Option.getOrElse(Option.scala:189)","logger":"airflow.task.operators.airflow.providers.docker.operators.docker.DockerOperator","filename":"docker.py","lineno":71}
{"timestamp":"2026-05-20T01:00:15.346738Z","level":"info","event":"\tat org.apache.spark.sql.DataFrameReader.load(DataFrameReader.scala:211)","logger":"airflow.task.operators.airflow.providers.docker.operators.docker.DockerOperator","filename":"docker.py","lineno":71}
{"timestamp":"2026-05-20T01:00:15.346807Z","level":"info","event":"\tat org.apache.spark.sql.DataFrameReader.load(DataFrameReader.scala:186)","logger":"airflow.task.operators.airflow.providers.docker.operators.docker.DockerOperator","filename":"docker.py","lineno":71}
{"timestamp":"2026-05-20T01:00:15.346879Z","level":"info","event":"\tat java.base/jdk.internal.reflect.NativeMethodAccessorImpl.invoke0(Native Method)","logger":"airflow.task.operators.airflow.providers.docker.operators.docker.DockerOperator","filename":"docker.py","lineno":71}
{"timestamp":"2026-05-20T01:00:15.346973Z","level":"info","event":"\tat java.base/jdk.internal.reflect.NativeMethodAccessorImpl.invoke(Unknown Source)","logger":"airflow.task.operators.airflow.providers.docker.operators.docker.DockerOperator","filename":"docker.py","lineno":71}
{"timestamp":"2026-05-20T01:00:15.347032Z","level":"info","event":"\tat java.base/jdk.internal.reflect.DelegatingMethodAccessorImpl.invoke(Unknown Source)","logger":"airflow.task.operators.airflow.providers.docker.operators.docker.DockerOperator","filename":"docker.py","lineno":71}
{"timestamp":"2026-05-20T01:00:15.347080Z","level":"info","event":"\tat java.base/java.lang.reflect.Method.invoke(Unknown Source)","logger":"airflow.task.operators.airflow.providers.docker.operators.docker.DockerOperator","filename":"docker.py","lineno":71}
{"timestamp":"2026-05-20T01:00:15.347139Z","level":"info","event":"\tat py4j.reflection.MethodInvoker.invoke(MethodInvoker.java:244)","logger":"airflow.task.operators.airflow.providers.docker.operators.docker.DockerOperator","filename":"docker.py","lineno":71}
{"timestamp":"2026-05-20T01:00:15.347198Z","level":"info","event":"\tat py4j.reflection.ReflectionEngine.invoke(ReflectionEngine.java:374)","logger":"airflow.task.operators.airflow.providers.docker.operators.docker.DockerOperator","filename":"docker.py","lineno":71}
{"timestamp":"2026-05-20T01:00:15.347329Z","level":"info","event":"\tat py4j.Gateway.invoke(Gateway.java:282)","logger":"airflow.task.operators.airflow.providers.docker.operators.docker.DockerOperator","filename":"docker.py","lineno":71}
{"timestamp":"2026-05-20T01:00:15.347423Z","level":"info","event":"\tat py4j.commands.AbstractCommand.invokeMethod(AbstractCommand.java:132)","logger":"airflow.task.operators.airflow.providers.docker.operators.docker.DockerOperator","filename":"docker.py","lineno":71}
{"timestamp":"2026-05-20T01:00:15.347494Z","level":"info","event":"\tat py4j.commands.CallCommand.execute(CallCommand.java:79)","logger":"airflow.task.operators.airflow.providers.docker.operators.docker.DockerOperator","filename":"docker.py","lineno":71}
{"timestamp":"2026-05-20T01:00:15.347561Z","level":"info","event":"\tat py4j.ClientServerConnection.waitForCommands(ClientServerConnection.java:182)","logger":"airflow.task.operators.airflow.providers.docker.operators.docker.DockerOperator","filename":"docker.py","lineno":71}
{"timestamp":"2026-05-20T01:00:15.347620Z","level":"info","event":"\tat py4j.ClientServerConnection.run(ClientServerConnection.java:106)","logger":"airflow.task.operators.airflow.providers.docker.operators.docker.DockerOperator","filename":"docker.py","lineno":71}
{"timestamp":"2026-05-20T01:00:15.347673Z","level":"info","event":"\tat java.base/java.lang.Thread.run(Unknown Source)","logger":"airflow.task.operators.airflow.providers.docker.operators.docker.DockerOperator","filename":"docker.py","lineno":71}
{"timestamp":"2026-05-20T01:00:15.347733Z","level":"info","event":"Caused by: java.lang.ClassNotFoundException: com.amazonaws.AmazonClientException","logger":"airflow.task.operators.airflow.providers.docker.operators.docker.DockerOperator","filename":"docker.py","lineno":71}
{"timestamp":"2026-05-20T01:00:15.347794Z","level":"info","event":"\tat java.base/jdk.internal.loader.BuiltinClassLoader.loadClass(Unknown Source)","logger":"airflow.task.operators.airflow.providers.docker.operators.docker.DockerOperator","filename":"docker.py","lineno":71}
{"timestamp":"2026-05-20T01:00:15.347849Z","level":"info","event":"\tat java.base/jdk.internal.loader.ClassLoaders$AppClassLoader.loadClass(Unknown Source)","logger":"airflow.task.operators.airflow.providers.docker.operators.docker.DockerOperator","filename":"docker.py","lineno":71}
{"timestamp":"2026-05-20T01:00:15.347921Z","level":"info","event":"\tat java.base/java.lang.ClassLoader.loadClass(Unknown Source)","logger":"airflow.task.operators.airflow.providers.docker.operators.docker.DockerOperator","filename":"docker.py","lineno":71}
{"timestamp":"2026-05-20T01:00:15.347972Z","level":"info","event":"\t... 31 more","logger":"airflow.task.operators.airflow.providers.docker.operators.docker.DockerOperator","filename":"docker.py","lineno":71}
{"timestamp":"2026-05-20T01:00:15.348025Z","level":"info","event":"","logger":"airflow.task.operators.airflow.providers.docker.operators.docker.DockerOperator","filename":"docker.py","lineno":71}
{"timestamp":"2026-05-20T01:00:15.365691Z","level":"info","event":"2026-05-20 01:00:15,364 - ERROR - Error processing table sales.customer: An error occurred while calling o55.load.","logger":"airflow.task.operators.airflow.providers.docker.operators.docker.DockerOperator","filename":"docker.py","lineno":71}
{"timestamp":"2026-05-20T01:00:15.368061Z","level":"info","event":": java.lang.NoClassDefFoundError: com/amazonaws/AmazonClientException","logger":"airflow.task.operators.airflow.providers.docker.operators.docker.DockerOperator","filename":"docker.py","lineno":71}
{"timestamp":"2026-05-20T01:00:15.368245Z","level":"info","event":"\tat java.base/java.lang.Class.forName0(Native Method)","logger":"airflow.task.operators.airflow.providers.docker.operators.docker.DockerOperator","filename":"docker.py","lineno":71}
{"timestamp":"2026-05-20T01:00:15.368333Z","level":"info","event":"\tat java.base/java.lang.Class.forName(Unknown Source)","logger":"airflow.task.operators.airflow.providers.docker.operators.docker.DockerOperator","filename":"docker.py","lineno":71}
{"timestamp":"2026-05-20T01:00:15.368481Z","level":"info","event":"\tat org.apache.hadoop.conf.Configuration.getClassByNameOrNull(Configuration.java:2625)","logger":"airflow.task.operators.airflow.providers.docker.operators.docker.DockerOperator","filename":"docker.py","lineno":71}
{"timestamp":"2026-05-20T01:00:15.368556Z","level":"info","event":"\tat org.apache.hadoop.conf.Configuration.getClassByName(Configuration.java:2590)","logger":"airflow.task.operators.airflow.providers.docker.operators.docker.DockerOperator","filename":"docker.py","lineno":71}
{"timestamp":"2026-05-20T01:00:15.368613Z","level":"info","event":"\tat org.apache.hadoop.conf.Configuration.getClass(Configuration.java:2686)","logger":"airflow.task.operators.airflow.providers.docker.operators.docker.DockerOperator","filename":"docker.py","lineno":71}
{"timestamp":"2026-05-20T01:00:15.368711Z","level":"info","event":"\tat org.apache.hadoop.fs.FileSystem.getFileSystemClass(FileSystem.java:3431)","logger":"airflow.task.operators.airflow.providers.docker.operators.docker.DockerOperator","filename":"docker.py","lineno":71}
{"timestamp":"2026-05-20T01:00:15.368780Z","level":"info","event":"\tat org.apache.hadoop.fs.FileSystem.createFileSystem(FileSystem.java:3466)","logger":"airflow.task.operators.airflow.providers.docker.operators.docker.DockerOperator","filename":"docker.py","lineno":71}
{"timestamp":"2026-05-20T01:00:15.368838Z","level":"info","event":"\tat org.apache.hadoop.fs.FileSystem.access$300(FileSystem.java:174)","logger":"airflow.task.operators.airflow.providers.docker.operators.docker.DockerOperator","filename":"docker.py","lineno":71}
{"timestamp":"2026-05-20T01:00:15.368920Z","level":"info","event":"\tat org.apache.hadoop.fs.FileSystem$Cache.getInternal(FileSystem.java:3574)","logger":"airflow.task.operators.airflow.providers.docker.operators.docker.DockerOperator","filename":"docker.py","lineno":71}
{"timestamp":"2026-05-20T01:00:15.368982Z","level":"info","event":"\tat org.apache.hadoop.fs.FileSystem$Cache.get(FileSystem.java:3521)","logger":"airflow.task.operators.airflow.providers.docker.operators.docker.DockerOperator","filename":"docker.py","lineno":71}
{"timestamp":"2026-05-20T01:00:15.369040Z","level":"info","event":"\tat org.apache.hadoop.fs.FileSystem.get(FileSystem.java:540)","logger":"airflow.task.operators.airflow.providers.docker.operators.docker.DockerOperator","filename":"docker.py","lineno":71}
{"timestamp":"2026-05-20T01:00:15.369098Z","level":"info","event":"\tat org.apache.hadoop.fs.Path.getFileSystem(Path.java:365)","logger":"airflow.task.operators.airflow.providers.docker.operators.docker.DockerOperator","filename":"docker.py","lineno":71}
{"timestamp":"2026-05-20T01:00:15.369305Z","level":"info","event":"\tat org.apache.spark.sql.execution.streaming.FileStreamSink$.hasMetadata(FileStreamSink.scala:53)","logger":"airflow.task.operators.airflow.providers.docker.operators.docker.DockerOperator","filename":"docker.py","lineno":71}
{"timestamp":"2026-05-20T01:00:15.369404Z","level":"info","event":"\tat org.apache.spark.sql.execution.datasources.DataSource.resolveRelation(DataSource.scala:366)","logger":"airflow.task.operators.airflow.providers.docker.operators.docker.DockerOperator","filename":"docker.py","lineno":71}
{"timestamp":"2026-05-20T01:00:15.369474Z","level":"info","event":"\tat org.apache.spark.sql.DataFrameReader.loadV1Source(DataFrameReader.scala:229)","logger":"airflow.task.operators.airflow.providers.docker.operators.docker.DockerOperator","filename":"docker.py","lineno":71}
{"timestamp":"2026-05-20T01:00:15.369536Z","level":"info","event":"\tat org.apache.spark.sql.DataFrameReader.$anonfun$load$2(DataFrameReader.scala:211)","logger":"airflow.task.operators.airflow.providers.docker.operators.docker.DockerOperator","filename":"docker.py","lineno":71}
{"timestamp":"2026-05-20T01:00:15.369584Z","level":"info","event":"\tat scala.Option.getOrElse(Option.scala:189)","logger":"airflow.task.operators.airflow.providers.docker.operators.docker.DockerOperator","filename":"docker.py","lineno":71}
{"timestamp":"2026-05-20T01:00:15.369628Z","level":"info","event":"\tat org.apache.spark.sql.DataFrameReader.load(DataFrameReader.scala:211)","logger":"airflow.task.operators.airflow.providers.docker.operators.docker.DockerOperator","filename":"docker.py","lineno":71}
{"timestamp":"2026-05-20T01:00:15.369671Z","level":"info","event":"\tat org.apache.spark.sql.DataFrameReader.load(DataFrameReader.scala:186)","logger":"airflow.task.operators.airflow.providers.docker.operators.docker.DockerOperator","filename":"docker.py","lineno":71}
{"timestamp":"2026-05-20T01:00:15.369717Z","level":"info","event":"\tat java.base/jdk.internal.reflect.NativeMethodAccessorImpl.invoke0(Native Method)","logger":"airflow.task.operators.airflow.providers.docker.operators.docker.DockerOperator","filename":"docker.py","lineno":71}
{"timestamp":"2026-05-20T01:00:15.369770Z","level":"info","event":"\tat java.base/jdk.internal.reflect.NativeMethodAccessorImpl.invoke(Unknown Source)","logger":"airflow.task.operators.airflow.providers.docker.operators.docker.DockerOperator","filename":"docker.py","lineno":71}
{"timestamp":"2026-05-20T01:00:15.369822Z","level":"info","event":"\tat java.base/jdk.internal.reflect.DelegatingMethodAccessorImpl.invoke(Unknown Source)","logger":"airflow.task.operators.airflow.providers.docker.operators.docker.DockerOperator","filename":"docker.py","lineno":71}
{"timestamp":"2026-05-20T01:00:15.369891Z","level":"info","event":"\tat java.base/java.lang.reflect.Method.invoke(Unknown Source)","logger":"airflow.task.operators.airflow.providers.docker.operators.docker.DockerOperator","filename":"docker.py","lineno":71}
{"timestamp":"2026-05-20T01:00:15.369981Z","level":"info","event":"\tat py4j.reflection.MethodInvoker.invoke(MethodInvoker.java:244)","logger":"airflow.task.operators.airflow.providers.docker.operators.docker.DockerOperator","filename":"docker.py","lineno":71}
{"timestamp":"2026-05-20T01:00:15.370034Z","level":"info","event":"\tat py4j.reflection.ReflectionEngine.invoke(ReflectionEngine.java:374)","logger":"airflow.task.operators.airflow.providers.docker.operators.docker.DockerOperator","filename":"docker.py","lineno":71}
{"timestamp":"2026-05-20T01:00:15.370085Z","level":"info","event":"\tat py4j.Gateway.invoke(Gateway.java:282)","logger":"airflow.task.operators.airflow.providers.docker.operators.docker.DockerOperator","filename":"docker.py","lineno":71}
{"timestamp":"2026-05-20T01:00:15.370142Z","level":"info","event":"\tat py4j.commands.AbstractCommand.invokeMethod(AbstractCommand.java:132)","logger":"airflow.task.operators.airflow.providers.docker.operators.docker.DockerOperator","filename":"docker.py","lineno":71}
{"timestamp":"2026-05-20T01:00:15.370203Z","level":"info","event":"\tat py4j.commands.CallCommand.execute(CallCommand.java:79)","logger":"airflow.task.operators.airflow.providers.docker.operators.docker.DockerOperator","filename":"docker.py","lineno":71}
{"timestamp":"2026-05-20T01:00:15.370259Z","level":"info","event":"\tat py4j.ClientServerConnection.waitForCommands(ClientServerConnection.java:182)","logger":"airflow.task.operators.airflow.providers.docker.operators.docker.DockerOperator","filename":"docker.py","lineno":71}
{"timestamp":"2026-05-20T01:00:15.370318Z","level":"info","event":"\tat py4j.ClientServerConnection.run(ClientServerConnection.java:106)","logger":"airflow.task.operators.airflow.providers.docker.operators.docker.DockerOperator","filename":"docker.py","lineno":71}
{"timestamp":"2026-05-20T01:00:15.370389Z","level":"info","event":"\tat java.base/java.lang.Thread.run(Unknown Source)","logger":"airflow.task.operators.airflow.providers.docker.operators.docker.DockerOperator","filename":"docker.py","lineno":71}
{"timestamp":"2026-05-20T01:00:15.370447Z","level":"info","event":"Caused by: java.lang.ClassNotFoundException: com.amazonaws.AmazonClientException","logger":"airflow.task.operators.airflow.providers.docker.operators.docker.DockerOperator","filename":"docker.py","lineno":71}
{"timestamp":"2026-05-20T01:00:15.370502Z","level":"info","event":"\tat java.base/jdk.internal.loader.BuiltinClassLoader.loadClass(Unknown Source)","logger":"airflow.task.operators.airflow.providers.docker.operators.docker.DockerOperator","filename":"docker.py","lineno":71}
{"timestamp":"2026-05-20T01:00:15.370558Z","level":"info","event":"\tat java.base/jdk.internal.loader.ClassLoaders$AppClassLoader.loadClass(Unknown Source)","logger":"airflow.task.operators.airflow.providers.docker.operators.docker.DockerOperator","filename":"docker.py","lineno":71}
{"timestamp":"2026-05-20T01:00:15.370611Z","level":"info","event":"\tat java.base/java.lang.ClassLoader.loadClass(Unknown Source)","logger":"airflow.task.operators.airflow.providers.docker.operators.docker.DockerOperator","filename":"docker.py","lineno":71}
{"timestamp":"2026-05-20T01:00:15.370664Z","level":"info","event":"\t... 31 more","logger":"airflow.task.operators.airflow.providers.docker.operators.docker.DockerOperator","filename":"docker.py","lineno":71}
{"timestamp":"2026-05-20T01:00:15.370719Z","level":"info","event":"","logger":"airflow.task.operators.airflow.providers.docker.operators.docker.DockerOperator","filename":"docker.py","lineno":71}
{"timestamp":"2026-05-20T01:00:15.378419Z","level":"info","event":"2026-05-20 01:00:15,374 - ERROR - Error processing table sales.currencyrate: An error occurred while calling o57.load.","logger":"airflow.task.operators.airflow.providers.docker.operators.docker.DockerOperator","filename":"docker.py","lineno":71}
{"timestamp":"2026-05-20T01:00:15.378623Z","level":"info","event":": java.lang.NoClassDefFoundError: com/amazonaws/AmazonClientException","logger":"airflow.task.operators.airflow.providers.docker.operators.docker.DockerOperator","filename":"docker.py","lineno":71}
{"timestamp":"2026-05-20T01:00:15.378715Z","level":"info","event":"\tat java.base/java.lang.Class.forName0(Native Method)","logger":"airflow.task.operators.airflow.providers.docker.operators.docker.DockerOperator","filename":"docker.py","lineno":71}
{"timestamp":"2026-05-20T01:00:15.378782Z","level":"info","event":"\tat java.base/java.lang.Class.forName(Unknown Source)","logger":"airflow.task.operators.airflow.providers.docker.operators.docker.DockerOperator","filename":"docker.py","lineno":71}
{"timestamp":"2026-05-20T01:00:15.378846Z","level":"info","event":"\tat org.apache.hadoop.conf.Configuration.getClassByNameOrNull(Configuration.java:2625)","logger":"airflow.task.operators.airflow.providers.docker.operators.docker.DockerOperator","filename":"docker.py","lineno":71}
{"timestamp":"2026-05-20T01:00:15.378935Z","level":"info","event":"\tat org.apache.hadoop.conf.Configuration.getClassByName(Configuration.java:2590)","logger":"airflow.task.operators.airflow.providers.docker.operators.docker.DockerOperator","filename":"docker.py","lineno":71}
{"timestamp":"2026-05-20T01:00:15.379004Z","level":"info","event":"\tat org.apache.hadoop.conf.Configuration.getClass(Configuration.java:2686)","logger":"airflow.task.operators.airflow.providers.docker.operators.docker.DockerOperator","filename":"docker.py","lineno":71}
{"timestamp":"2026-05-20T01:00:15.379064Z","level":"info","event":"\tat org.apache.hadoop.fs.FileSystem.getFileSystemClass(FileSystem.java:3431)","logger":"airflow.task.operators.airflow.providers.docker.operators.docker.DockerOperator","filename":"docker.py","lineno":71}
{"timestamp":"2026-05-20T01:00:15.379120Z","level":"info","event":"\tat org.apache.hadoop.fs.FileSystem.createFileSystem(FileSystem.java:3466)","logger":"airflow.task.operators.airflow.providers.docker.operators.docker.DockerOperator","filename":"docker.py","lineno":71}
{"timestamp":"2026-05-20T01:00:15.379175Z","level":"info","event":"\tat org.apache.hadoop.fs.FileSystem.access$300(FileSystem.java:174)","logger":"airflow.task.operators.airflow.providers.docker.operators.docker.DockerOperator","filename":"docker.py","lineno":71}
{"timestamp":"2026-05-20T01:00:15.379545Z","level":"info","event":"\tat org.apache.hadoop.fs.FileSystem$Cache.getInternal(FileSystem.java:3574)","logger":"airflow.task.operators.airflow.providers.docker.operators.docker.DockerOperator","filename":"docker.py","lineno":71}
{"timestamp":"2026-05-20T01:00:15.379651Z","level":"info","event":"\tat org.apache.hadoop.fs.FileSystem$Cache.get(FileSystem.java:3521)","logger":"airflow.task.operators.airflow.providers.docker.operators.docker.DockerOperator","filename":"docker.py","lineno":71}
{"timestamp":"2026-05-20T01:00:15.379722Z","level":"info","event":"\tat org.apache.hadoop.fs.FileSystem.get(FileSystem.java:540)","logger":"airflow.task.operators.airflow.providers.docker.operators.docker.DockerOperator","filename":"docker.py","lineno":71}
{"timestamp":"2026-05-20T01:00:15.379782Z","level":"info","event":"\tat org.apache.hadoop.fs.Path.getFileSystem(Path.java:365)","logger":"airflow.task.operators.airflow.providers.docker.operators.docker.DockerOperator","filename":"docker.py","lineno":71}
{"timestamp":"2026-05-20T01:00:15.379837Z","level":"info","event":"\tat org.apache.spark.sql.execution.streaming.FileStreamSink$.hasMetadata(FileStreamSink.scala:53)","logger":"airflow.task.operators.airflow.providers.docker.operators.docker.DockerOperator","filename":"docker.py","lineno":71}
{"timestamp":"2026-05-20T01:00:15.379917Z","level":"info","event":"\tat org.apache.spark.sql.execution.datasources.DataSource.resolveRelation(DataSource.scala:366)","logger":"airflow.task.operators.airflow.providers.docker.operators.docker.DockerOperator","filename":"docker.py","lineno":71}
{"timestamp":"2026-05-20T01:00:15.379983Z","level":"info","event":"\tat org.apache.spark.sql.DataFrameReader.loadV1Source(DataFrameReader.scala:229)","logger":"airflow.task.operators.airflow.providers.docker.operators.docker.DockerOperator","filename":"docker.py","lineno":71}
{"timestamp":"2026-05-20T01:00:15.380042Z","level":"info","event":"\tat org.apache.spark.sql.DataFrameReader.$anonfun$load$2(DataFrameReader.scala:211)","logger":"airflow.task.operators.airflow.providers.docker.operators.docker.DockerOperator","filename":"docker.py","lineno":71}
{"timestamp":"2026-05-20T01:00:15.380101Z","level":"info","event":"\tat scala.Option.getOrElse(Option.scala:189)","logger":"airflow.task.operators.airflow.providers.docker.operators.docker.DockerOperator","filename":"docker.py","lineno":71}
{"timestamp":"2026-05-20T01:00:15.380157Z","level":"info","event":"\tat org.apache.spark.sql.DataFrameReader.load(DataFrameReader.scala:211)","logger":"airflow.task.operators.airflow.providers.docker.operators.docker.DockerOperator","filename":"docker.py","lineno":71}
{"timestamp":"2026-05-20T01:00:15.380211Z","level":"info","event":"\tat org.apache.spark.sql.DataFrameReader.load(DataFrameReader.scala:186)","logger":"airflow.task.operators.airflow.providers.docker.operators.docker.DockerOperator","filename":"docker.py","lineno":71}
{"timestamp":"2026-05-20T01:00:15.380266Z","level":"info","event":"\tat java.base/jdk.internal.reflect.NativeMethodAccessorImpl.invoke0(Native Method)","logger":"airflow.task.operators.airflow.providers.docker.operators.docker.DockerOperator","filename":"docker.py","lineno":71}
{"timestamp":"2026-05-20T01:00:15.380324Z","level":"info","event":"\tat java.base/jdk.internal.reflect.NativeMethodAccessorImpl.invoke(Unknown Source)","logger":"airflow.task.operators.airflow.providers.docker.operators.docker.DockerOperator","filename":"docker.py","lineno":71}
{"timestamp":"2026-05-20T01:00:15.380395Z","level":"info","event":"\tat java.base/jdk.internal.reflect.DelegatingMethodAccessorImpl.invoke(Unknown Source)","logger":"airflow.task.operators.airflow.providers.docker.operators.docker.DockerOperator","filename":"docker.py","lineno":71}
{"timestamp":"2026-05-20T01:00:15.380453Z","level":"info","event":"\tat java.base/java.lang.reflect.Method.invoke(Unknown Source)","logger":"airflow.task.operators.airflow.providers.docker.operators.docker.DockerOperator","filename":"docker.py","lineno":71}
{"timestamp":"2026-05-20T01:00:15.380511Z","level":"info","event":"\tat py4j.reflection.MethodInvoker.invoke(MethodInvoker.java:244)","logger":"airflow.task.operators.airflow.providers.docker.operators.docker.DockerOperator","filename":"docker.py","lineno":71}
{"timestamp":"2026-05-20T01:00:15.380567Z","level":"info","event":"\tat py4j.reflection.ReflectionEngine.invoke(ReflectionEngine.java:374)","logger":"airflow.task.operators.airflow.providers.docker.operators.docker.DockerOperator","filename":"docker.py","lineno":71}
{"timestamp":"2026-05-20T01:00:15.380620Z","level":"info","event":"\tat py4j.Gateway.invoke(Gateway.java:282)","logger":"airflow.task.operators.airflow.providers.docker.operators.docker.DockerOperator","filename":"docker.py","lineno":71}
{"timestamp":"2026-05-20T01:00:15.380675Z","level":"info","event":"\tat py4j.commands.AbstractCommand.invokeMethod(AbstractCommand.java:132)","logger":"airflow.task.operators.airflow.providers.docker.operators.docker.DockerOperator","filename":"docker.py","lineno":71}
{"timestamp":"2026-05-20T01:00:15.380730Z","level":"info","event":"\tat py4j.commands.CallCommand.execute(CallCommand.java:79)","logger":"airflow.task.operators.airflow.providers.docker.operators.docker.DockerOperator","filename":"docker.py","lineno":71}
{"timestamp":"2026-05-20T01:00:15.380789Z","level":"info","event":"\tat py4j.ClientServerConnection.waitForCommands(ClientServerConnection.java:182)","logger":"airflow.task.operators.airflow.providers.docker.operators.docker.DockerOperator","filename":"docker.py","lineno":71}
{"timestamp":"2026-05-20T01:00:15.380847Z","level":"info","event":"\tat py4j.ClientServerConnection.run(ClientServerConnection.java:106)","logger":"airflow.task.operators.airflow.providers.docker.operators.docker.DockerOperator","filename":"docker.py","lineno":71}
{"timestamp":"2026-05-20T01:00:15.380930Z","level":"info","event":"\tat java.base/java.lang.Thread.run(Unknown Source)","logger":"airflow.task.operators.airflow.providers.docker.operators.docker.DockerOperator","filename":"docker.py","lineno":71}
{"timestamp":"2026-05-20T01:00:15.380989Z","level":"info","event":"Caused by: java.lang.ClassNotFoundException: com.amazonaws.AmazonClientException","logger":"airflow.task.operators.airflow.providers.docker.operators.docker.DockerOperator","filename":"docker.py","lineno":71}
{"timestamp":"2026-05-20T01:00:15.381049Z","level":"info","event":"\tat java.base/jdk.internal.loader.BuiltinClassLoader.loadClass(Unknown Source)","logger":"airflow.task.operators.airflow.providers.docker.operators.docker.DockerOperator","filename":"docker.py","lineno":71}
{"timestamp":"2026-05-20T01:00:15.381106Z","level":"info","event":"\tat java.base/jdk.internal.loader.ClassLoaders$AppClassLoader.loadClass(Unknown Source)","logger":"airflow.task.operators.airflow.providers.docker.operators.docker.DockerOperator","filename":"docker.py","lineno":71}
{"timestamp":"2026-05-20T01:00:15.381160Z","level":"info","event":"\tat java.base/java.lang.ClassLoader.loadClass(Unknown Source)","logger":"airflow.task.operators.airflow.providers.docker.operators.docker.DockerOperator","filename":"docker.py","lineno":71}
{"timestamp":"2026-05-20T01:00:15.381215Z","level":"info","event":"\t... 31 more","logger":"airflow.task.operators.airflow.providers.docker.operators.docker.DockerOperator","filename":"docker.py","lineno":71}
{"timestamp":"2026-05-20T01:00:15.381272Z","level":"info","event":"","logger":"airflow.task.operators.airflow.providers.docker.operators.docker.DockerOperator","filename":"docker.py","lineno":71}
{"timestamp":"2026-05-20T01:00:15.381443Z","level":"info","event":"2026-05-20 01:00:15,377 - ERROR - Error processing table sales.creditcard: An error occurred while calling o51.load.","logger":"airflow.task.operators.airflow.providers.docker.operators.docker.DockerOperator","filename":"docker.py","lineno":71}
{"timestamp":"2026-05-20T01:00:15.381529Z","level":"info","event":": java.lang.NoClassDefFoundError: com/amazonaws/AmazonClientException","logger":"airflow.task.operators.airflow.providers.docker.operators.docker.DockerOperator","filename":"docker.py","lineno":71}
{"timestamp":"2026-05-20T01:00:15.381589Z","level":"info","event":"\tat java.base/java.lang.Class.forName0(Native Method)","logger":"airflow.task.operators.airflow.providers.docker.operators.docker.DockerOperator","filename":"docker.py","lineno":71}
{"timestamp":"2026-05-20T01:00:15.381645Z","level":"info","event":"\tat java.base/java.lang.Class.forName(Unknown Source)","logger":"airflow.task.operators.airflow.providers.docker.operators.docker.DockerOperator","filename":"docker.py","lineno":71}
{"timestamp":"2026-05-20T01:00:15.381701Z","level":"info","event":"\tat org.apache.hadoop.conf.Configuration.getClassByNameOrNull(Configuration.java:2625)","logger":"airflow.task.operators.airflow.providers.docker.operators.docker.DockerOperator","filename":"docker.py","lineno":71}
{"timestamp":"2026-05-20T01:00:15.381757Z","level":"info","event":"\tat org.apache.hadoop.conf.Configuration.getClassByName(Configuration.java:2590)","logger":"airflow.task.operators.airflow.providers.docker.operators.docker.DockerOperator","filename":"docker.py","lineno":71}
{"timestamp":"2026-05-20T01:00:15.381809Z","level":"info","event":"\tat org.apache.hadoop.conf.Configuration.getClass(Configuration.java:2686)","logger":"airflow.task.operators.airflow.providers.docker.operators.docker.DockerOperator","filename":"docker.py","lineno":71}
{"timestamp":"2026-05-20T01:00:15.381863Z","level":"info","event":"\tat org.apache.hadoop.fs.FileSystem.getFileSystemClass(FileSystem.java:3431)","logger":"airflow.task.operators.airflow.providers.docker.operators.docker.DockerOperator","filename":"docker.py","lineno":71}
{"timestamp":"2026-05-20T01:00:15.383684Z","level":"info","event":"\tat org.apache.hadoop.fs.FileSystem.createFileSystem(FileSystem.java:3466)","logger":"airflow.task.operators.airflow.providers.docker.operators.docker.DockerOperator","filename":"docker.py","lineno":71}
{"timestamp":"2026-05-20T01:00:15.383923Z","level":"info","event":"\tat org.apache.hadoop.fs.FileSystem.access$300(FileSystem.java:174)","logger":"airflow.task.operators.airflow.providers.docker.operators.docker.DockerOperator","filename":"docker.py","lineno":71}
{"timestamp":"2026-05-20T01:00:15.384019Z","level":"info","event":"\tat org.apache.hadoop.fs.FileSystem$Cache.getInternal(FileSystem.java:3574)","logger":"airflow.task.operators.airflow.providers.docker.operators.docker.DockerOperator","filename":"docker.py","lineno":71}
{"timestamp":"2026-05-20T01:00:15.384179Z","level":"info","event":"\tat org.apache.hadoop.fs.FileSystem$Cache.get(FileSystem.java:3521)","logger":"airflow.task.operators.airflow.providers.docker.operators.docker.DockerOperator","filename":"docker.py","lineno":71}
{"timestamp":"2026-05-20T01:00:15.384251Z","level":"info","event":"\tat org.apache.hadoop.fs.FileSystem.get(FileSystem.java:540)","logger":"airflow.task.operators.airflow.providers.docker.operators.docker.DockerOperator","filename":"docker.py","lineno":71}
{"timestamp":"2026-05-20T01:00:15.384309Z","level":"info","event":"\tat org.apache.hadoop.fs.Path.getFileSystem(Path.java:365)","logger":"airflow.task.operators.airflow.providers.docker.operators.docker.DockerOperator","filename":"docker.py","lineno":71}
{"timestamp":"2026-05-20T01:00:15.384367Z","level":"info","event":"\tat org.apache.spark.sql.execution.streaming.FileStreamSink$.hasMetadata(FileStreamSink.scala:53)","logger":"airflow.task.operators.airflow.providers.docker.operators.docker.DockerOperator","filename":"docker.py","lineno":71}
{"timestamp":"2026-05-20T01:00:15.384426Z","level":"info","event":"\tat org.apache.spark.sql.execution.datasources.DataSource.resolveRelation(DataSource.scala:366)","logger":"airflow.task.operators.airflow.providers.docker.operators.docker.DockerOperator","filename":"docker.py","lineno":71}
{"timestamp":"2026-05-20T01:00:15.384495Z","level":"info","event":"\tat org.apache.spark.sql.DataFrameReader.loadV1Source(DataFrameReader.scala:229)","logger":"airflow.task.operators.airflow.providers.docker.operators.docker.DockerOperator","filename":"docker.py","lineno":71}
{"timestamp":"2026-05-20T01:00:15.384551Z","level":"info","event":"\tat org.apache.spark.sql.DataFrameReader.$anonfun$load$2(DataFrameReader.scala:211)","logger":"airflow.task.operators.airflow.providers.docker.operators.docker.DockerOperator","filename":"docker.py","lineno":71}
{"timestamp":"2026-05-20T01:00:15.384611Z","level":"info","event":"\tat scala.Option.getOrElse(Option.scala:189)","logger":"airflow.task.operators.airflow.providers.docker.operators.docker.DockerOperator","filename":"docker.py","lineno":71}
{"timestamp":"2026-05-20T01:00:15.384667Z","level":"info","event":"\tat org.apache.spark.sql.DataFrameReader.load(DataFrameReader.scala:211)","logger":"airflow.task.operators.airflow.providers.docker.operators.docker.DockerOperator","filename":"docker.py","lineno":71}
{"timestamp":"2026-05-20T01:00:15.384721Z","level":"info","event":"\tat org.apache.spark.sql.DataFrameReader.load(DataFrameReader.scala:186)","logger":"airflow.task.operators.airflow.providers.docker.operators.docker.DockerOperator","filename":"docker.py","lineno":71}
{"timestamp":"2026-05-20T01:00:15.384778Z","level":"info","event":"\tat java.base/jdk.internal.reflect.NativeMethodAccessorImpl.invoke0(Native Method)","logger":"airflow.task.operators.airflow.providers.docker.operators.docker.DockerOperator","filename":"docker.py","lineno":71}
{"timestamp":"2026-05-20T01:00:15.384833Z","level":"info","event":"\tat java.base/jdk.internal.reflect.NativeMethodAccessorImpl.invoke(Unknown Source)","logger":"airflow.task.operators.airflow.providers.docker.operators.docker.DockerOperator","filename":"docker.py","lineno":71}
{"timestamp":"2026-05-20T01:00:15.384886Z","level":"info","event":"\tat java.base/jdk.internal.reflect.DelegatingMethodAccessorImpl.invoke(Unknown Source)","logger":"airflow.task.operators.airflow.providers.docker.operators.docker.DockerOperator","filename":"docker.py","lineno":71}
{"timestamp":"2026-05-20T01:00:15.384979Z","level":"info","event":"\tat java.base/java.lang.reflect.Method.invoke(Unknown Source)","logger":"airflow.task.operators.airflow.providers.docker.operators.docker.DockerOperator","filename":"docker.py","lineno":71}
{"timestamp":"2026-05-20T01:00:15.385037Z","level":"info","event":"\tat py4j.reflection.MethodInvoker.invoke(MethodInvoker.java:244)","logger":"airflow.task.operators.airflow.providers.docker.operators.docker.DockerOperator","filename":"docker.py","lineno":71}
{"timestamp":"2026-05-20T01:00:15.385092Z","level":"info","event":"\tat py4j.reflection.ReflectionEngine.invoke(ReflectionEngine.java:374)","logger":"airflow.task.operators.airflow.providers.docker.operators.docker.DockerOperator","filename":"docker.py","lineno":71}
{"timestamp":"2026-05-20T01:00:15.385254Z","level":"info","event":"\tat py4j.Gateway.invoke(Gateway.java:282)","logger":"airflow.task.operators.airflow.providers.docker.operators.docker.DockerOperator","filename":"docker.py","lineno":71}
{"timestamp":"2026-05-20T01:00:15.385320Z","level":"info","event":"\tat py4j.commands.AbstractCommand.invokeMethod(AbstractCommand.java:132)","logger":"airflow.task.operators.airflow.providers.docker.operators.docker.DockerOperator","filename":"docker.py","lineno":71}
{"timestamp":"2026-05-20T01:00:15.385378Z","level":"info","event":"\tat py4j.commands.CallCommand.execute(CallCommand.java:79)","logger":"airflow.task.operators.airflow.providers.docker.operators.docker.DockerOperator","filename":"docker.py","lineno":71}
{"timestamp":"2026-05-20T01:00:15.385436Z","level":"info","event":"\tat py4j.ClientServerConnection.waitForCommands(ClientServerConnection.java:182)","logger":"airflow.task.operators.airflow.providers.docker.operators.docker.DockerOperator","filename":"docker.py","lineno":71}
{"timestamp":"2026-05-20T01:00:15.385506Z","level":"info","event":"\tat py4j.ClientServerConnection.run(ClientServerConnection.java:106)","logger":"airflow.task.operators.airflow.providers.docker.operators.docker.DockerOperator","filename":"docker.py","lineno":71}
{"timestamp":"2026-05-20T01:00:15.385565Z","level":"info","event":"\tat java.base/java.lang.Thread.run(Unknown Source)","logger":"airflow.task.operators.airflow.providers.docker.operators.docker.DockerOperator","filename":"docker.py","lineno":71}
{"timestamp":"2026-05-20T01:00:15.385621Z","level":"info","event":"Caused by: java.lang.ClassNotFoundException: com.amazonaws.AmazonClientException","logger":"airflow.task.operators.airflow.providers.docker.operators.docker.DockerOperator","filename":"docker.py","lineno":71}
{"timestamp":"2026-05-20T01:00:15.385678Z","level":"info","event":"\tat java.base/jdk.internal.loader.BuiltinClassLoader.loadClass(Unknown Source)","logger":"airflow.task.operators.airflow.providers.docker.operators.docker.DockerOperator","filename":"docker.py","lineno":71}
{"timestamp":"2026-05-20T01:00:15.385733Z","level":"info","event":"\tat java.base/jdk.internal.loader.ClassLoaders$AppClassLoader.loadClass(Unknown Source)","logger":"airflow.task.operators.airflow.providers.docker.operators.docker.DockerOperator","filename":"docker.py","lineno":71}
{"timestamp":"2026-05-20T01:00:15.385790Z","level":"info","event":"\tat java.base/java.lang.ClassLoader.loadClass(Unknown Source)","logger":"airflow.task.operators.airflow.providers.docker.operators.docker.DockerOperator","filename":"docker.py","lineno":71}
{"timestamp":"2026-05-20T01:00:15.386428Z","level":"info","event":"\t... 31 more","logger":"airflow.task.operators.airflow.providers.docker.operators.docker.DockerOperator","filename":"docker.py","lineno":71}
{"timestamp":"2026-05-20T01:00:15.386508Z","level":"info","event":"","logger":"airflow.task.operators.airflow.providers.docker.operators.docker.DockerOperator","filename":"docker.py","lineno":71}
{"timestamp":"2026-05-20T01:00:15.388851Z","level":"info","event":"2026-05-20 01:00:15,386 - ERROR - Error processing table sales.salesorderheader: An error occurred while calling o52.load.","logger":"airflow.task.operators.airflow.providers.docker.operators.docker.DockerOperator","filename":"docker.py","lineno":71}
{"timestamp":"2026-05-20T01:00:15.389126Z","level":"info","event":": java.lang.NoClassDefFoundError: com/amazonaws/AmazonClientException","logger":"airflow.task.operators.airflow.providers.docker.operators.docker.DockerOperator","filename":"docker.py","lineno":71}
{"timestamp":"2026-05-20T01:00:15.389201Z","level":"info","event":"\tat java.base/java.lang.Class.forName0(Native Method)","logger":"airflow.task.operators.airflow.providers.docker.operators.docker.DockerOperator","filename":"docker.py","lineno":71}
{"timestamp":"2026-05-20T01:00:15.389279Z","level":"info","event":"\tat java.base/java.lang.Class.forName(Unknown Source)","logger":"airflow.task.operators.airflow.providers.docker.operators.docker.DockerOperator","filename":"docker.py","lineno":71}
{"timestamp":"2026-05-20T01:00:15.389352Z","level":"info","event":"\tat org.apache.hadoop.conf.Configuration.getClassByNameOrNull(Configuration.java:2625)","logger":"airflow.task.operators.airflow.providers.docker.operators.docker.DockerOperator","filename":"docker.py","lineno":71}
{"timestamp":"2026-05-20T01:00:15.389440Z","level":"info","event":"\tat org.apache.hadoop.conf.Configuration.getClassByName(Configuration.java:2590)","logger":"airflow.task.operators.airflow.providers.docker.operators.docker.DockerOperator","filename":"docker.py","lineno":71}
{"timestamp":"2026-05-20T01:00:15.389513Z","level":"info","event":"\tat org.apache.hadoop.conf.Configuration.getClass(Configuration.java:2686)","logger":"airflow.task.operators.airflow.providers.docker.operators.docker.DockerOperator","filename":"docker.py","lineno":71}
{"timestamp":"2026-05-20T01:00:15.389571Z","level":"info","event":"\tat org.apache.hadoop.fs.FileSystem.getFileSystemClass(FileSystem.java:3431)","logger":"airflow.task.operators.airflow.providers.docker.operators.docker.DockerOperator","filename":"docker.py","lineno":71}
{"timestamp":"2026-05-20T01:00:15.389631Z","level":"info","event":"\tat org.apache.hadoop.fs.FileSystem.createFileSystem(FileSystem.java:3466)","logger":"airflow.task.operators.airflow.providers.docker.operators.docker.DockerOperator","filename":"docker.py","lineno":71}
{"timestamp":"2026-05-20T01:00:15.389699Z","level":"info","event":"\tat org.apache.hadoop.fs.FileSystem.access$300(FileSystem.java:174)","logger":"airflow.task.operators.airflow.providers.docker.operators.docker.DockerOperator","filename":"docker.py","lineno":71}
{"timestamp":"2026-05-20T01:00:15.389767Z","level":"info","event":"\tat org.apache.hadoop.fs.FileSystem$Cache.getInternal(FileSystem.java:3574)","logger":"airflow.task.operators.airflow.providers.docker.operators.docker.DockerOperator","filename":"docker.py","lineno":71}
{"timestamp":"2026-05-20T01:00:15.389838Z","level":"info","event":"\tat org.apache.hadoop.fs.FileSystem$Cache.get(FileSystem.java:3521)","logger":"airflow.task.operators.airflow.providers.docker.operators.docker.DockerOperator","filename":"docker.py","lineno":71}
{"timestamp":"2026-05-20T01:00:15.389923Z","level":"info","event":"\tat org.apache.hadoop.fs.FileSystem.get(FileSystem.java:540)","logger":"airflow.task.operators.airflow.providers.docker.operators.docker.DockerOperator","filename":"docker.py","lineno":71}
{"timestamp":"2026-05-20T01:00:15.389990Z","level":"info","event":"\tat org.apache.hadoop.fs.Path.getFileSystem(Path.java:365)","logger":"airflow.task.operators.airflow.providers.docker.operators.docker.DockerOperator","filename":"docker.py","lineno":71}
{"timestamp":"2026-05-20T01:00:15.390044Z","level":"info","event":"\tat org.apache.spark.sql.execution.streaming.FileStreamSink$.hasMetadata(FileStreamSink.scala:53)","logger":"airflow.task.operators.airflow.providers.docker.operators.docker.DockerOperator","filename":"docker.py","lineno":71}
{"timestamp":"2026-05-20T01:00:15.390097Z","level":"info","event":"\tat org.apache.spark.sql.execution.datasources.DataSource.resolveRelation(DataSource.scala:366)","logger":"airflow.task.operators.airflow.providers.docker.operators.docker.DockerOperator","filename":"docker.py","lineno":71}
{"timestamp":"2026-05-20T01:00:15.390154Z","level":"info","event":"\tat org.apache.spark.sql.DataFrameReader.loadV1Source(DataFrameReader.scala:229)","logger":"airflow.task.operators.airflow.providers.docker.operators.docker.DockerOperator","filename":"docker.py","lineno":71}
{"timestamp":"2026-05-20T01:00:15.390214Z","level":"info","event":"\tat org.apache.spark.sql.DataFrameReader.$anonfun$load$2(DataFrameReader.scala:211)","logger":"airflow.task.operators.airflow.providers.docker.operators.docker.DockerOperator","filename":"docker.py","lineno":71}
{"timestamp":"2026-05-20T01:00:15.390274Z","level":"info","event":"\tat scala.Option.getOrElse(Option.scala:189)","logger":"airflow.task.operators.airflow.providers.docker.operators.docker.DockerOperator","filename":"docker.py","lineno":71}
{"timestamp":"2026-05-20T01:00:15.390331Z","level":"info","event":"\tat org.apache.spark.sql.DataFrameReader.load(DataFrameReader.scala:211)","logger":"airflow.task.operators.airflow.providers.docker.operators.docker.DockerOperator","filename":"docker.py","lineno":71}
{"timestamp":"2026-05-20T01:00:15.390391Z","level":"info","event":"\tat org.apache.spark.sql.DataFrameReader.load(DataFrameReader.scala:186)","logger":"airflow.task.operators.airflow.providers.docker.operators.docker.DockerOperator","filename":"docker.py","lineno":71}
{"timestamp":"2026-05-20T01:00:15.390463Z","level":"info","event":"\tat java.base/jdk.internal.reflect.NativeMethodAccessorImpl.invoke0(Native Method)","logger":"airflow.task.operators.airflow.providers.docker.operators.docker.DockerOperator","filename":"docker.py","lineno":71}
{"timestamp":"2026-05-20T01:00:15.390521Z","level":"info","event":"\tat java.base/jdk.internal.reflect.NativeMethodAccessorImpl.invoke(Unknown Source)","logger":"airflow.task.operators.airflow.providers.docker.operators.docker.DockerOperator","filename":"docker.py","lineno":71}
{"timestamp":"2026-05-20T01:00:15.390580Z","level":"info","event":"\tat java.base/jdk.internal.reflect.DelegatingMethodAccessorImpl.invoke(Unknown Source)","logger":"airflow.task.operators.airflow.providers.docker.operators.docker.DockerOperator","filename":"docker.py","lineno":71}
{"timestamp":"2026-05-20T01:00:15.390637Z","level":"info","event":"\tat java.base/java.lang.reflect.Method.invoke(Unknown Source)","logger":"airflow.task.operators.airflow.providers.docker.operators.docker.DockerOperator","filename":"docker.py","lineno":71}
{"timestamp":"2026-05-20T01:00:15.390695Z","level":"info","event":"\tat py4j.reflection.MethodInvoker.invoke(MethodInvoker.java:244)","logger":"airflow.task.operators.airflow.providers.docker.operators.docker.DockerOperator","filename":"docker.py","lineno":71}
{"timestamp":"2026-05-20T01:00:15.390770Z","level":"info","event":"\tat py4j.reflection.ReflectionEngine.invoke(ReflectionEngine.java:374)","logger":"airflow.task.operators.airflow.providers.docker.operators.docker.DockerOperator","filename":"docker.py","lineno":71}
{"timestamp":"2026-05-20T01:00:15.390831Z","level":"info","event":"\tat py4j.Gateway.invoke(Gateway.java:282)","logger":"airflow.task.operators.airflow.providers.docker.operators.docker.DockerOperator","filename":"docker.py","lineno":71}
{"timestamp":"2026-05-20T01:00:15.390891Z","level":"info","event":"\tat py4j.commands.AbstractCommand.invokeMethod(AbstractCommand.java:132)","logger":"airflow.task.operators.airflow.providers.docker.operators.docker.DockerOperator","filename":"docker.py","lineno":71}
{"timestamp":"2026-05-20T01:00:15.390978Z","level":"info","event":"\tat py4j.commands.CallCommand.execute(CallCommand.java:79)","logger":"airflow.task.operators.airflow.providers.docker.operators.docker.DockerOperator","filename":"docker.py","lineno":71}
{"timestamp":"2026-05-20T01:00:15.391033Z","level":"info","event":"\tat py4j.ClientServerConnection.waitForCommands(ClientServerConnection.java:182)","logger":"airflow.task.operators.airflow.providers.docker.operators.docker.DockerOperator","filename":"docker.py","lineno":71}
{"timestamp":"2026-05-20T01:00:15.391089Z","level":"info","event":"\tat py4j.ClientServerConnection.run(ClientServerConnection.java:106)","logger":"airflow.task.operators.airflow.providers.docker.operators.docker.DockerOperator","filename":"docker.py","lineno":71}
{"timestamp":"2026-05-20T01:00:15.391143Z","level":"info","event":"\tat java.base/java.lang.Thread.run(Unknown Source)","logger":"airflow.task.operators.airflow.providers.docker.operators.docker.DockerOperator","filename":"docker.py","lineno":71}
{"timestamp":"2026-05-20T01:00:15.391197Z","level":"info","event":"Caused by: java.lang.ClassNotFoundException: com.amazonaws.AmazonClientException","logger":"airflow.task.operators.airflow.providers.docker.operators.docker.DockerOperator","filename":"docker.py","lineno":71}
{"timestamp":"2026-05-20T01:00:15.391250Z","level":"info","event":"\tat java.base/jdk.internal.loader.BuiltinClassLoader.loadClass(Unknown Source)","logger":"airflow.task.operators.airflow.providers.docker.operators.docker.DockerOperator","filename":"docker.py","lineno":71}
{"timestamp":"2026-05-20T01:00:15.391304Z","level":"info","event":"\tat java.base/jdk.internal.loader.ClassLoaders$AppClassLoader.loadClass(Unknown Source)","logger":"airflow.task.operators.airflow.providers.docker.operators.docker.DockerOperator","filename":"docker.py","lineno":71}
{"timestamp":"2026-05-20T01:00:15.391504Z","level":"info","event":"\tat java.base/java.lang.ClassLoader.loadClass(Unknown Source)","logger":"airflow.task.operators.airflow.providers.docker.operators.docker.DockerOperator","filename":"docker.py","lineno":71}
{"timestamp":"2026-05-20T01:00:15.391588Z","level":"info","event":"\t... 31 more","logger":"airflow.task.operators.airflow.providers.docker.operators.docker.DockerOperator","filename":"docker.py","lineno":71}
{"timestamp":"2026-05-20T01:00:15.391644Z","level":"info","event":"","logger":"airflow.task.operators.airflow.providers.docker.operators.docker.DockerOperator","filename":"docker.py","lineno":71}
{"timestamp":"2026-05-20T01:00:15.403438Z","level":"info","event":"2026-05-20 01:00:15,391 - ERROR - Error processing table sales.personcreditcard: An error occurred while calling o53.load.","logger":"airflow.task.operators.airflow.providers.docker.operators.docker.DockerOperator","filename":"docker.py","lineno":71}
{"timestamp":"2026-05-20T01:00:15.403646Z","level":"info","event":": java.lang.NoClassDefFoundError: com/amazonaws/AmazonClientException","logger":"airflow.task.operators.airflow.providers.docker.operators.docker.DockerOperator","filename":"docker.py","lineno":71}
{"timestamp":"2026-05-20T01:00:15.403718Z","level":"info","event":"\tat java.base/java.lang.Class.forName0(Native Method)","logger":"airflow.task.operators.airflow.providers.docker.operators.docker.DockerOperator","filename":"docker.py","lineno":71}
{"timestamp":"2026-05-20T01:00:15.403782Z","level":"info","event":"\tat java.base/java.lang.Class.forName(Unknown Source)","logger":"airflow.task.operators.airflow.providers.docker.operators.docker.DockerOperator","filename":"docker.py","lineno":71}
{"timestamp":"2026-05-20T01:00:15.403845Z","level":"info","event":"\tat org.apache.hadoop.conf.Configuration.getClassByNameOrNull(Configuration.java:2625)","logger":"airflow.task.operators.airflow.providers.docker.operators.docker.DockerOperator","filename":"docker.py","lineno":71}
{"timestamp":"2026-05-20T01:00:15.403942Z","level":"info","event":"\tat org.apache.hadoop.conf.Configuration.getClassByName(Configuration.java:2590)","logger":"airflow.task.operators.airflow.providers.docker.operators.docker.DockerOperator","filename":"docker.py","lineno":71}
{"timestamp":"2026-05-20T01:00:15.404008Z","level":"info","event":"\tat org.apache.hadoop.conf.Configuration.getClass(Configuration.java:2686)","logger":"airflow.task.operators.airflow.providers.docker.operators.docker.DockerOperator","filename":"docker.py","lineno":71}
{"timestamp":"2026-05-20T01:00:15.404066Z","level":"info","event":"\tat org.apache.hadoop.fs.FileSystem.getFileSystemClass(FileSystem.java:3431)","logger":"airflow.task.operators.airflow.providers.docker.operators.docker.DockerOperator","filename":"docker.py","lineno":71}
{"timestamp":"2026-05-20T01:00:15.404119Z","level":"info","event":"\tat org.apache.hadoop.fs.FileSystem.createFileSystem(FileSystem.java:3466)","logger":"airflow.task.operators.airflow.providers.docker.operators.docker.DockerOperator","filename":"docker.py","lineno":71}
{"timestamp":"2026-05-20T01:00:15.404172Z","level":"info","event":"\tat org.apache.hadoop.fs.FileSystem.access$300(FileSystem.java:174)","logger":"airflow.task.operators.airflow.providers.docker.operators.docker.DockerOperator","filename":"docker.py","lineno":71}
{"timestamp":"2026-05-20T01:00:15.404226Z","level":"info","event":"\tat org.apache.hadoop.fs.FileSystem$Cache.getInternal(FileSystem.java:3574)","logger":"airflow.task.operators.airflow.providers.docker.operators.docker.DockerOperator","filename":"docker.py","lineno":71}
{"timestamp":"2026-05-20T01:00:15.404284Z","level":"info","event":"\tat org.apache.hadoop.fs.FileSystem$Cache.get(FileSystem.java:3521)","logger":"airflow.task.operators.airflow.providers.docker.operators.docker.DockerOperator","filename":"docker.py","lineno":71}
{"timestamp":"2026-05-20T01:00:15.404347Z","level":"info","event":"\tat org.apache.hadoop.fs.FileSystem.get(FileSystem.java:540)","logger":"airflow.task.operators.airflow.providers.docker.operators.docker.DockerOperator","filename":"docker.py","lineno":71}
{"timestamp":"2026-05-20T01:00:15.408479Z","level":"info","event":"\tat org.apache.hadoop.fs.Path.getFileSystem(Path.java:365)","logger":"airflow.task.operators.airflow.providers.docker.operators.docker.DockerOperator","filename":"docker.py","lineno":71}
{"timestamp":"2026-05-20T01:00:15.408650Z","level":"info","event":"\tat org.apache.spark.sql.execution.streaming.FileStreamSink$.hasMetadata(FileStreamSink.scala:53)","logger":"airflow.task.operators.airflow.providers.docker.operators.docker.DockerOperator","filename":"docker.py","lineno":71}
{"timestamp":"2026-05-20T01:00:15.408723Z","level":"info","event":"\tat org.apache.spark.sql.execution.datasources.DataSource.resolveRelation(DataSource.scala:366)","logger":"airflow.task.operators.airflow.providers.docker.operators.docker.DockerOperator","filename":"docker.py","lineno":71}
{"timestamp":"2026-05-20T01:00:15.408784Z","level":"info","event":"\tat org.apache.spark.sql.DataFrameReader.loadV1Source(DataFrameReader.scala:229)","logger":"airflow.task.operators.airflow.providers.docker.operators.docker.DockerOperator","filename":"docker.py","lineno":71}
{"timestamp":"2026-05-20T01:00:15.408856Z","level":"info","event":"\tat org.apache.spark.sql.DataFrameReader.$anonfun$load$2(DataFrameReader.scala:211)","logger":"airflow.task.operators.airflow.providers.docker.operators.docker.DockerOperator","filename":"docker.py","lineno":71}
{"timestamp":"2026-05-20T01:00:15.409807Z","level":"info","event":"\tat scala.Option.getOrElse(Option.scala:189)","logger":"airflow.task.operators.airflow.providers.docker.operators.docker.DockerOperator","filename":"docker.py","lineno":71}
{"timestamp":"2026-05-20T01:00:15.409926Z","level":"info","event":"\tat org.apache.spark.sql.DataFrameReader.load(DataFrameReader.scala:211)","logger":"airflow.task.operators.airflow.providers.docker.operators.docker.DockerOperator","filename":"docker.py","lineno":71}
{"timestamp":"2026-05-20T01:00:15.410010Z","level":"info","event":"\tat org.apache.spark.sql.DataFrameReader.load(DataFrameReader.scala:186)","logger":"airflow.task.operators.airflow.providers.docker.operators.docker.DockerOperator","filename":"docker.py","lineno":71}
{"timestamp":"2026-05-20T01:00:15.410074Z","level":"info","event":"\tat java.base/jdk.internal.reflect.NativeMethodAccessorImpl.invoke0(Native Method)","logger":"airflow.task.operators.airflow.providers.docker.operators.docker.DockerOperator","filename":"docker.py","lineno":71}
{"timestamp":"2026-05-20T01:00:15.410126Z","level":"info","event":"\tat java.base/jdk.internal.reflect.NativeMethodAccessorImpl.invoke(Unknown Source)","logger":"airflow.task.operators.airflow.providers.docker.operators.docker.DockerOperator","filename":"docker.py","lineno":71}
{"timestamp":"2026-05-20T01:00:15.410184Z","level":"info","event":"\tat java.base/jdk.internal.reflect.DelegatingMethodAccessorImpl.invoke(Unknown Source)","logger":"airflow.task.operators.airflow.providers.docker.operators.docker.DockerOperator","filename":"docker.py","lineno":71}
{"timestamp":"2026-05-20T01:00:15.410242Z","level":"info","event":"\tat java.base/java.lang.reflect.Method.invoke(Unknown Source)","logger":"airflow.task.operators.airflow.providers.docker.operators.docker.DockerOperator","filename":"docker.py","lineno":71}
{"timestamp":"2026-05-20T01:00:15.410292Z","level":"info","event":"\tat py4j.reflection.MethodInvoker.invoke(MethodInvoker.java:244)","logger":"airflow.task.operators.airflow.providers.docker.operators.docker.DockerOperator","filename":"docker.py","lineno":71}
{"timestamp":"2026-05-20T01:00:15.411077Z","level":"info","event":"\tat py4j.reflection.ReflectionEngine.invoke(ReflectionEngine.java:374)","logger":"airflow.task.operators.airflow.providers.docker.operators.docker.DockerOperator","filename":"docker.py","lineno":71}
{"timestamp":"2026-05-20T01:00:15.411161Z","level":"info","event":"\tat py4j.Gateway.invoke(Gateway.java:282)","logger":"airflow.task.operators.airflow.providers.docker.operators.docker.DockerOperator","filename":"docker.py","lineno":71}
{"timestamp":"2026-05-20T01:00:15.411226Z","level":"info","event":"\tat py4j.commands.AbstractCommand.invokeMethod(AbstractCommand.java:132)","logger":"airflow.task.operators.airflow.providers.docker.operators.docker.DockerOperator","filename":"docker.py","lineno":71}
{"timestamp":"2026-05-20T01:00:15.411291Z","level":"info","event":"\tat py4j.commands.CallCommand.execute(CallCommand.java:79)","logger":"airflow.task.operators.airflow.providers.docker.operators.docker.DockerOperator","filename":"docker.py","lineno":71}
{"timestamp":"2026-05-20T01:00:15.411350Z","level":"info","event":"\tat py4j.ClientServerConnection.waitForCommands(ClientServerConnection.java:182)","logger":"airflow.task.operators.airflow.providers.docker.operators.docker.DockerOperator","filename":"docker.py","lineno":71}
{"timestamp":"2026-05-20T01:00:15.411403Z","level":"info","event":"\tat py4j.ClientServerConnection.run(ClientServerConnection.java:106)","logger":"airflow.task.operators.airflow.providers.docker.operators.docker.DockerOperator","filename":"docker.py","lineno":71}
{"timestamp":"2026-05-20T01:00:15.411467Z","level":"info","event":"\tat java.base/java.lang.Thread.run(Unknown Source)","logger":"airflow.task.operators.airflow.providers.docker.operators.docker.DockerOperator","filename":"docker.py","lineno":71}
{"timestamp":"2026-05-20T01:00:15.411530Z","level":"info","event":"Caused by: java.lang.ClassNotFoundException: com.amazonaws.AmazonClientException","logger":"airflow.task.operators.airflow.providers.docker.operators.docker.DockerOperator","filename":"docker.py","lineno":71}
{"timestamp":"2026-05-20T01:00:15.411577Z","level":"info","event":"\tat java.base/jdk.internal.loader.BuiltinClassLoader.loadClass(Unknown Source)","logger":"airflow.task.operators.airflow.providers.docker.operators.docker.DockerOperator","filename":"docker.py","lineno":71}
{"timestamp":"2026-05-20T01:00:15.411637Z","level":"info","event":"\tat java.base/jdk.internal.loader.ClassLoaders$AppClassLoader.loadClass(Unknown Source)","logger":"airflow.task.operators.airflow.providers.docker.operators.docker.DockerOperator","filename":"docker.py","lineno":71}
{"timestamp":"2026-05-20T01:00:15.411703Z","level":"info","event":"\tat java.base/java.lang.ClassLoader.loadClass(Unknown Source)","logger":"airflow.task.operators.airflow.providers.docker.operators.docker.DockerOperator","filename":"docker.py","lineno":71}
{"timestamp":"2026-05-20T01:00:15.411767Z","level":"info","event":"\t... 31 more","logger":"airflow.task.operators.airflow.providers.docker.operators.docker.DockerOperator","filename":"docker.py","lineno":71}
{"timestamp":"2026-05-20T01:00:15.411836Z","level":"info","event":"","logger":"airflow.task.operators.airflow.providers.docker.operators.docker.DockerOperator","filename":"docker.py","lineno":71}
{"timestamp":"2026-05-20T01:00:15.424804Z","level":"info","event":"2026-05-20 01:00:15,422 - ERROR - Error processing table sales.currency: An error occurred while calling o56.load.","logger":"airflow.task.operators.airflow.providers.docker.operators.docker.DockerOperator","filename":"docker.py","lineno":71}
{"timestamp":"2026-05-20T01:00:15.425172Z","level":"info","event":": java.lang.NoClassDefFoundError: com/amazonaws/AmazonClientException","logger":"airflow.task.operators.airflow.providers.docker.operators.docker.DockerOperator","filename":"docker.py","lineno":71}
{"timestamp":"2026-05-20T01:00:15.425255Z","level":"info","event":"\tat java.base/java.lang.Class.forName0(Native Method)","logger":"airflow.task.operators.airflow.providers.docker.operators.docker.DockerOperator","filename":"docker.py","lineno":71}
{"timestamp":"2026-05-20T01:00:15.425321Z","level":"info","event":"\tat java.base/java.lang.Class.forName(Unknown Source)","logger":"airflow.task.operators.airflow.providers.docker.operators.docker.DockerOperator","filename":"docker.py","lineno":71}
{"timestamp":"2026-05-20T01:00:15.425381Z","level":"info","event":"\tat org.apache.hadoop.conf.Configuration.getClassByNameOrNull(Configuration.java:2625)","logger":"airflow.task.operators.airflow.providers.docker.operators.docker.DockerOperator","filename":"docker.py","lineno":71}
{"timestamp":"2026-05-20T01:00:15.425445Z","level":"info","event":"\tat org.apache.hadoop.conf.Configuration.getClassByName(Configuration.java:2590)","logger":"airflow.task.operators.airflow.providers.docker.operators.docker.DockerOperator","filename":"docker.py","lineno":71}
{"timestamp":"2026-05-20T01:00:15.425505Z","level":"info","event":"\tat org.apache.hadoop.conf.Configuration.getClass(Configuration.java:2686)","logger":"airflow.task.operators.airflow.providers.docker.operators.docker.DockerOperator","filename":"docker.py","lineno":71}
{"timestamp":"2026-05-20T01:00:15.425565Z","level":"info","event":"\tat org.apache.hadoop.fs.FileSystem.getFileSystemClass(FileSystem.java:3431)","logger":"airflow.task.operators.airflow.providers.docker.operators.docker.DockerOperator","filename":"docker.py","lineno":71}
{"timestamp":"2026-05-20T01:00:15.425623Z","level":"info","event":"\tat org.apache.hadoop.fs.FileSystem.createFileSystem(FileSystem.java:3466)","logger":"airflow.task.operators.airflow.providers.docker.operators.docker.DockerOperator","filename":"docker.py","lineno":71}
{"timestamp":"2026-05-20T01:00:15.425681Z","level":"info","event":"\tat org.apache.hadoop.fs.FileSystem.access$300(FileSystem.java:174)","logger":"airflow.task.operators.airflow.providers.docker.operators.docker.DockerOperator","filename":"docker.py","lineno":71}
{"timestamp":"2026-05-20T01:00:15.425737Z","level":"info","event":"\tat org.apache.hadoop.fs.FileSystem$Cache.getInternal(FileSystem.java:3574)","logger":"airflow.task.operators.airflow.providers.docker.operators.docker.DockerOperator","filename":"docker.py","lineno":71}
{"timestamp":"2026-05-20T01:00:15.425791Z","level":"info","event":"\tat org.apache.hadoop.fs.FileSystem$Cache.get(FileSystem.java:3521)","logger":"airflow.task.operators.airflow.providers.docker.operators.docker.DockerOperator","filename":"docker.py","lineno":71}
{"timestamp":"2026-05-20T01:00:15.425850Z","level":"info","event":"\tat org.apache.hadoop.fs.FileSystem.get(FileSystem.java:540)","logger":"airflow.task.operators.airflow.providers.docker.operators.docker.DockerOperator","filename":"docker.py","lineno":71}
{"timestamp":"2026-05-20T01:00:15.425938Z","level":"info","event":"\tat org.apache.hadoop.fs.Path.getFileSystem(Path.java:365)","logger":"airflow.task.operators.airflow.providers.docker.operators.docker.DockerOperator","filename":"docker.py","lineno":71}
{"timestamp":"2026-05-20T01:00:15.426005Z","level":"info","event":"\tat org.apache.spark.sql.execution.streaming.FileStreamSink$.hasMetadata(FileStreamSink.scala:53)","logger":"airflow.task.operators.airflow.providers.docker.operators.docker.DockerOperator","filename":"docker.py","lineno":71}
{"timestamp":"2026-05-20T01:00:15.426066Z","level":"info","event":"\tat org.apache.spark.sql.execution.datasources.DataSource.resolveRelation(DataSource.scala:366)","logger":"airflow.task.operators.airflow.providers.docker.operators.docker.DockerOperator","filename":"docker.py","lineno":71}
{"timestamp":"2026-05-20T01:00:15.426123Z","level":"info","event":"\tat org.apache.spark.sql.DataFrameReader.loadV1Source(DataFrameReader.scala:229)","logger":"airflow.task.operators.airflow.providers.docker.operators.docker.DockerOperator","filename":"docker.py","lineno":71}
{"timestamp":"2026-05-20T01:00:15.426182Z","level":"info","event":"\tat org.apache.spark.sql.DataFrameReader.$anonfun$load$2(DataFrameReader.scala:211)","logger":"airflow.task.operators.airflow.providers.docker.operators.docker.DockerOperator","filename":"docker.py","lineno":71}
{"timestamp":"2026-05-20T01:00:15.426238Z","level":"info","event":"\tat scala.Option.getOrElse(Option.scala:189)","logger":"airflow.task.operators.airflow.providers.docker.operators.docker.DockerOperator","filename":"docker.py","lineno":71}
{"timestamp":"2026-05-20T01:00:15.426294Z","level":"info","event":"\tat org.apache.spark.sql.DataFrameReader.load(DataFrameReader.scala:211)","logger":"airflow.task.operators.airflow.providers.docker.operators.docker.DockerOperator","filename":"docker.py","lineno":71}
{"timestamp":"2026-05-20T01:00:15.426351Z","level":"info","event":"\tat org.apache.spark.sql.DataFrameReader.load(DataFrameReader.scala:186)","logger":"airflow.task.operators.airflow.providers.docker.operators.docker.DockerOperator","filename":"docker.py","lineno":71}
{"timestamp":"2026-05-20T01:00:15.426427Z","level":"info","event":"\tat java.base/jdk.internal.reflect.NativeMethodAccessorImpl.invoke0(Native Method)","logger":"airflow.task.operators.airflow.providers.docker.operators.docker.DockerOperator","filename":"docker.py","lineno":71}
{"timestamp":"2026-05-20T01:00:15.426494Z","level":"info","event":"\tat java.base/jdk.internal.reflect.NativeMethodAccessorImpl.invoke(Unknown Source)","logger":"airflow.task.operators.airflow.providers.docker.operators.docker.DockerOperator","filename":"docker.py","lineno":71}
{"timestamp":"2026-05-20T01:00:15.426552Z","level":"info","event":"\tat java.base/jdk.internal.reflect.DelegatingMethodAccessorImpl.invoke(Unknown Source)","logger":"airflow.task.operators.airflow.providers.docker.operators.docker.DockerOperator","filename":"docker.py","lineno":71}
{"timestamp":"2026-05-20T01:00:15.426610Z","level":"info","event":"\tat java.base/java.lang.reflect.Method.invoke(Unknown Source)","logger":"airflow.task.operators.airflow.providers.docker.operators.docker.DockerOperator","filename":"docker.py","lineno":71}
{"timestamp":"2026-05-20T01:00:15.426665Z","level":"info","event":"\tat py4j.reflection.MethodInvoker.invoke(MethodInvoker.java:244)","logger":"airflow.task.operators.airflow.providers.docker.operators.docker.DockerOperator","filename":"docker.py","lineno":71}
{"timestamp":"2026-05-20T01:00:15.426722Z","level":"info","event":"\tat py4j.reflection.ReflectionEngine.invoke(ReflectionEngine.java:374)","logger":"airflow.task.operators.airflow.providers.docker.operators.docker.DockerOperator","filename":"docker.py","lineno":71}
{"timestamp":"2026-05-20T01:00:15.426777Z","level":"info","event":"\tat py4j.Gateway.invoke(Gateway.java:282)","logger":"airflow.task.operators.airflow.providers.docker.operators.docker.DockerOperator","filename":"docker.py","lineno":71}
{"timestamp":"2026-05-20T01:00:15.426835Z","level":"info","event":"\tat py4j.commands.AbstractCommand.invokeMethod(AbstractCommand.java:132)","logger":"airflow.task.operators.airflow.providers.docker.operators.docker.DockerOperator","filename":"docker.py","lineno":71}
{"timestamp":"2026-05-20T01:00:15.426892Z","level":"info","event":"\tat py4j.commands.CallCommand.execute(CallCommand.java:79)","logger":"airflow.task.operators.airflow.providers.docker.operators.docker.DockerOperator","filename":"docker.py","lineno":71}
{"timestamp":"2026-05-20T01:00:15.426984Z","level":"info","event":"\tat py4j.ClientServerConnection.waitForCommands(ClientServerConnection.java:182)","logger":"airflow.task.operators.airflow.providers.docker.operators.docker.DockerOperator","filename":"docker.py","lineno":71}
{"timestamp":"2026-05-20T01:00:15.427043Z","level":"info","event":"\tat py4j.ClientServerConnection.run(ClientServerConnection.java:106)","logger":"airflow.task.operators.airflow.providers.docker.operators.docker.DockerOperator","filename":"docker.py","lineno":71}
{"timestamp":"2026-05-20T01:00:15.427100Z","level":"info","event":"\tat java.base/java.lang.Thread.run(Unknown Source)","logger":"airflow.task.operators.airflow.providers.docker.operators.docker.DockerOperator","filename":"docker.py","lineno":71}
{"timestamp":"2026-05-20T01:00:15.427159Z","level":"info","event":"Caused by: java.lang.ClassNotFoundException: com.amazonaws.AmazonClientException","logger":"airflow.task.operators.airflow.providers.docker.operators.docker.DockerOperator","filename":"docker.py","lineno":71}
{"timestamp":"2026-05-20T01:00:15.427216Z","level":"info","event":"\tat java.base/jdk.internal.loader.BuiltinClassLoader.loadClass(Unknown Source)","logger":"airflow.task.operators.airflow.providers.docker.operators.docker.DockerOperator","filename":"docker.py","lineno":71}
{"timestamp":"2026-05-20T01:00:15.427271Z","level":"info","event":"\tat java.base/jdk.internal.loader.ClassLoaders$AppClassLoader.loadClass(Unknown Source)","logger":"airflow.task.operators.airflow.providers.docker.operators.docker.DockerOperator","filename":"docker.py","lineno":71}
{"timestamp":"2026-05-20T01:00:15.427325Z","level":"info","event":"\tat java.base/java.lang.ClassLoader.loadClass(Unknown Source)","logger":"airflow.task.operators.airflow.providers.docker.operators.docker.DockerOperator","filename":"docker.py","lineno":71}
{"timestamp":"2026-05-20T01:00:15.427380Z","level":"info","event":"\t... 31 more","logger":"airflow.task.operators.airflow.providers.docker.operators.docker.DockerOperator","filename":"docker.py","lineno":71}
{"timestamp":"2026-05-20T01:00:15.427439Z","level":"info","event":"","logger":"airflow.task.operators.airflow.providers.docker.operators.docker.DockerOperator","filename":"docker.py","lineno":71}
{"timestamp":"2026-05-20T01:00:15.836085Z","level":"info","event":"2026-05-20 01:00:15,834 - ERROR - Error processing table sales.salesterritoryhistory: An error occurred while calling o89.load.","logger":"airflow.task.operators.airflow.providers.docker.operators.docker.DockerOperator","filename":"docker.py","lineno":71}
{"timestamp":"2026-05-20T01:00:15.836295Z","level":"info","event":": java.lang.NoClassDefFoundError: com/amazonaws/AmazonClientException","logger":"airflow.task.operators.airflow.providers.docker.operators.docker.DockerOperator","filename":"docker.py","lineno":71}
{"timestamp":"2026-05-20T01:00:15.836387Z","level":"info","event":"\tat java.base/java.lang.Class.forName0(Native Method)","logger":"airflow.task.operators.airflow.providers.docker.operators.docker.DockerOperator","filename":"docker.py","lineno":71}
{"timestamp":"2026-05-20T01:00:15.836434Z","level":"info","event":"\tat java.base/java.lang.Class.forName(Unknown Source)","logger":"airflow.task.operators.airflow.providers.docker.operators.docker.DockerOperator","filename":"docker.py","lineno":71}
{"timestamp":"2026-05-20T01:00:15.836481Z","level":"info","event":"\tat org.apache.hadoop.conf.Configuration.getClassByNameOrNull(Configuration.java:2625)","logger":"airflow.task.operators.airflow.providers.docker.operators.docker.DockerOperator","filename":"docker.py","lineno":71}
{"timestamp":"2026-05-20T01:00:15.836522Z","level":"info","event":"\tat org.apache.hadoop.conf.Configuration.getClassByName(Configuration.java:2590)","logger":"airflow.task.operators.airflow.providers.docker.operators.docker.DockerOperator","filename":"docker.py","lineno":71}
{"timestamp":"2026-05-20T01:00:15.836558Z","level":"info","event":"\tat org.apache.hadoop.conf.Configuration.getClass(Configuration.java:2686)","logger":"airflow.task.operators.airflow.providers.docker.operators.docker.DockerOperator","filename":"docker.py","lineno":71}
{"timestamp":"2026-05-20T01:00:15.836593Z","level":"info","event":"\tat org.apache.hadoop.fs.FileSystem.getFileSystemClass(FileSystem.java:3431)","logger":"airflow.task.operators.airflow.providers.docker.operators.docker.DockerOperator","filename":"docker.py","lineno":71}
{"timestamp":"2026-05-20T01:00:15.836647Z","level":"info","event":"\tat org.apache.hadoop.fs.FileSystem.createFileSystem(FileSystem.java:3466)","logger":"airflow.task.operators.airflow.providers.docker.operators.docker.DockerOperator","filename":"docker.py","lineno":71}
{"timestamp":"2026-05-20T01:00:15.836705Z","level":"info","event":"\tat org.apache.hadoop.fs.FileSystem.access$300(FileSystem.java:174)","logger":"airflow.task.operators.airflow.providers.docker.operators.docker.DockerOperator","filename":"docker.py","lineno":71}
{"timestamp":"2026-05-20T01:00:15.836763Z","level":"info","event":"\tat org.apache.hadoop.fs.FileSystem$Cache.getInternal(FileSystem.java:3574)","logger":"airflow.task.operators.airflow.providers.docker.operators.docker.DockerOperator","filename":"docker.py","lineno":71}
{"timestamp":"2026-05-20T01:00:15.836825Z","level":"info","event":"\tat org.apache.hadoop.fs.FileSystem$Cache.get(FileSystem.java:3521)","logger":"airflow.task.operators.airflow.providers.docker.operators.docker.DockerOperator","filename":"docker.py","lineno":71}
{"timestamp":"2026-05-20T01:00:15.836878Z","level":"info","event":"\tat org.apache.hadoop.fs.FileSystem.get(FileSystem.java:540)","logger":"airflow.task.operators.airflow.providers.docker.operators.docker.DockerOperator","filename":"docker.py","lineno":71}
{"timestamp":"2026-05-20T01:00:15.836955Z","level":"info","event":"\tat org.apache.hadoop.fs.Path.getFileSystem(Path.java:365)","logger":"airflow.task.operators.airflow.providers.docker.operators.docker.DockerOperator","filename":"docker.py","lineno":71}
{"timestamp":"2026-05-20T01:00:15.837003Z","level":"info","event":"\tat org.apache.spark.sql.execution.streaming.FileStreamSink$.hasMetadata(FileStreamSink.scala:53)","logger":"airflow.task.operators.airflow.providers.docker.operators.docker.DockerOperator","filename":"docker.py","lineno":71}
{"timestamp":"2026-05-20T01:00:15.837106Z","level":"info","event":"\tat org.apache.spark.sql.execution.datasources.DataSource.resolveRelation(DataSource.scala:366)","logger":"airflow.task.operators.airflow.providers.docker.operators.docker.DockerOperator","filename":"docker.py","lineno":71}
{"timestamp":"2026-05-20T01:00:15.837162Z","level":"info","event":"\tat org.apache.spark.sql.DataFrameReader.loadV1Source(DataFrameReader.scala:229)","logger":"airflow.task.operators.airflow.providers.docker.operators.docker.DockerOperator","filename":"docker.py","lineno":71}
{"timestamp":"2026-05-20T01:00:15.837213Z","level":"info","event":"\tat org.apache.spark.sql.DataFrameReader.$anonfun$load$2(DataFrameReader.scala:211)","logger":"airflow.task.operators.airflow.providers.docker.operators.docker.DockerOperator","filename":"docker.py","lineno":71}
{"timestamp":"2026-05-20T01:00:15.837264Z","level":"info","event":"\tat scala.Option.getOrElse(Option.scala:189)","logger":"airflow.task.operators.airflow.providers.docker.operators.docker.DockerOperator","filename":"docker.py","lineno":71}
{"timestamp":"2026-05-20T01:00:15.837308Z","level":"info","event":"\tat org.apache.spark.sql.DataFrameReader.load(DataFrameReader.scala:211)","logger":"airflow.task.operators.airflow.providers.docker.operators.docker.DockerOperator","filename":"docker.py","lineno":71}
{"timestamp":"2026-05-20T01:00:15.837343Z","level":"info","event":"\tat org.apache.spark.sql.DataFrameReader.load(DataFrameReader.scala:186)","logger":"airflow.task.operators.airflow.providers.docker.operators.docker.DockerOperator","filename":"docker.py","lineno":71}
{"timestamp":"2026-05-20T01:00:15.837385Z","level":"info","event":"\tat java.base/jdk.internal.reflect.NativeMethodAccessorImpl.invoke0(Native Method)","logger":"airflow.task.operators.airflow.providers.docker.operators.docker.DockerOperator","filename":"docker.py","lineno":71}
{"timestamp":"2026-05-20T01:00:15.837442Z","level":"info","event":"\tat java.base/jdk.internal.reflect.NativeMethodAccessorImpl.invoke(Unknown Source)","logger":"airflow.task.operators.airflow.providers.docker.operators.docker.DockerOperator","filename":"docker.py","lineno":71}
{"timestamp":"2026-05-20T01:00:15.837501Z","level":"info","event":"\tat java.base/jdk.internal.reflect.DelegatingMethodAccessorImpl.invoke(Unknown Source)","logger":"airflow.task.operators.airflow.providers.docker.operators.docker.DockerOperator","filename":"docker.py","lineno":71}
{"timestamp":"2026-05-20T01:00:15.837553Z","level":"info","event":"\tat java.base/java.lang.reflect.Method.invoke(Unknown Source)","logger":"airflow.task.operators.airflow.providers.docker.operators.docker.DockerOperator","filename":"docker.py","lineno":71}
{"timestamp":"2026-05-20T01:00:15.837604Z","level":"info","event":"\tat py4j.reflection.MethodInvoker.invoke(MethodInvoker.java:244)","logger":"airflow.task.operators.airflow.providers.docker.operators.docker.DockerOperator","filename":"docker.py","lineno":71}
{"timestamp":"2026-05-20T01:00:15.837652Z","level":"info","event":"\tat py4j.reflection.ReflectionEngine.invoke(ReflectionEngine.java:374)","logger":"airflow.task.operators.airflow.providers.docker.operators.docker.DockerOperator","filename":"docker.py","lineno":71}
{"timestamp":"2026-05-20T01:00:15.837706Z","level":"info","event":"\tat py4j.Gateway.invoke(Gateway.java:282)","logger":"airflow.task.operators.airflow.providers.docker.operators.docker.DockerOperator","filename":"docker.py","lineno":71}
{"timestamp":"2026-05-20T01:00:15.837769Z","level":"info","event":"\tat py4j.commands.AbstractCommand.invokeMethod(AbstractCommand.java:132)","logger":"airflow.task.operators.airflow.providers.docker.operators.docker.DockerOperator","filename":"docker.py","lineno":71}
{"timestamp":"2026-05-20T01:00:15.837830Z","level":"info","event":"\tat py4j.commands.CallCommand.execute(CallCommand.java:79)","logger":"airflow.task.operators.airflow.providers.docker.operators.docker.DockerOperator","filename":"docker.py","lineno":71}
{"timestamp":"2026-05-20T01:00:15.837876Z","level":"info","event":"\tat py4j.ClientServerConnection.waitForCommands(ClientServerConnection.java:182)","logger":"airflow.task.operators.airflow.providers.docker.operators.docker.DockerOperator","filename":"docker.py","lineno":71}
{"timestamp":"2026-05-20T01:00:15.837950Z","level":"info","event":"\tat py4j.ClientServerConnection.run(ClientServerConnection.java:106)","logger":"airflow.task.operators.airflow.providers.docker.operators.docker.DockerOperator","filename":"docker.py","lineno":71}
{"timestamp":"2026-05-20T01:00:15.837997Z","level":"info","event":"\tat java.base/java.lang.Thread.run(Unknown Source)","logger":"airflow.task.operators.airflow.providers.docker.operators.docker.DockerOperator","filename":"docker.py","lineno":71}
{"timestamp":"2026-05-20T01:00:15.838048Z","level":"info","event":"Caused by: java.lang.ClassNotFoundException: com.amazonaws.AmazonClientException","logger":"airflow.task.operators.airflow.providers.docker.operators.docker.DockerOperator","filename":"docker.py","lineno":71}
{"timestamp":"2026-05-20T01:00:15.838092Z","level":"info","event":"\tat java.base/jdk.internal.loader.BuiltinClassLoader.loadClass(Unknown Source)","logger":"airflow.task.operators.airflow.providers.docker.operators.docker.DockerOperator","filename":"docker.py","lineno":71}
{"timestamp":"2026-05-20T01:00:15.838143Z","level":"info","event":"\tat java.base/jdk.internal.loader.ClassLoaders$AppClassLoader.loadClass(Unknown Source)","logger":"airflow.task.operators.airflow.providers.docker.operators.docker.DockerOperator","filename":"docker.py","lineno":71}
{"timestamp":"2026-05-20T01:00:15.838196Z","level":"info","event":"\tat java.base/java.lang.ClassLoader.loadClass(Unknown Source)","logger":"airflow.task.operators.airflow.providers.docker.operators.docker.DockerOperator","filename":"docker.py","lineno":71}
{"timestamp":"2026-05-20T01:00:15.838246Z","level":"info","event":"\t... 31 more","logger":"airflow.task.operators.airflow.providers.docker.operators.docker.DockerOperator","filename":"docker.py","lineno":71}
{"timestamp":"2026-05-20T01:00:15.838292Z","level":"info","event":"","logger":"airflow.task.operators.airflow.providers.docker.operators.docker.DockerOperator","filename":"docker.py","lineno":71}
{"timestamp":"2026-05-20T01:00:15.845073Z","level":"info","event":"2026-05-20 01:00:15,841 - ERROR - Error processing table sales.salespersonquotahistory: An error occurred while calling o82.load.","logger":"airflow.task.operators.airflow.providers.docker.operators.docker.DockerOperator","filename":"docker.py","lineno":71}
{"timestamp":"2026-05-20T01:00:15.845379Z","level":"info","event":": java.lang.NoClassDefFoundError: com/amazonaws/AmazonClientException","logger":"airflow.task.operators.airflow.providers.docker.operators.docker.DockerOperator","filename":"docker.py","lineno":71}
{"timestamp":"2026-05-20T01:00:15.845451Z","level":"info","event":"\tat java.base/java.lang.Class.forName0(Native Method)","logger":"airflow.task.operators.airflow.providers.docker.operators.docker.DockerOperator","filename":"docker.py","lineno":71}
{"timestamp":"2026-05-20T01:00:15.845518Z","level":"info","event":"\tat java.base/java.lang.Class.forName(Unknown Source)","logger":"airflow.task.operators.airflow.providers.docker.operators.docker.DockerOperator","filename":"docker.py","lineno":71}
{"timestamp":"2026-05-20T01:00:15.845577Z","level":"info","event":"\tat org.apache.hadoop.conf.Configuration.getClassByNameOrNull(Configuration.java:2625)","logger":"airflow.task.operators.airflow.providers.docker.operators.docker.DockerOperator","filename":"docker.py","lineno":71}
{"timestamp":"2026-05-20T01:00:15.845636Z","level":"info","event":"\tat org.apache.hadoop.conf.Configuration.getClassByName(Configuration.java:2590)","logger":"airflow.task.operators.airflow.providers.docker.operators.docker.DockerOperator","filename":"docker.py","lineno":71}
{"timestamp":"2026-05-20T01:00:15.845696Z","level":"info","event":"\tat org.apache.hadoop.conf.Configuration.getClass(Configuration.java:2686)","logger":"airflow.task.operators.airflow.providers.docker.operators.docker.DockerOperator","filename":"docker.py","lineno":71}
{"timestamp":"2026-05-20T01:00:15.845752Z","level":"info","event":"\tat org.apache.hadoop.fs.FileSystem.getFileSystemClass(FileSystem.java:3431)","logger":"airflow.task.operators.airflow.providers.docker.operators.docker.DockerOperator","filename":"docker.py","lineno":71}
{"timestamp":"2026-05-20T01:00:15.845807Z","level":"info","event":"\tat org.apache.hadoop.fs.FileSystem.createFileSystem(FileSystem.java:3466)","logger":"airflow.task.operators.airflow.providers.docker.operators.docker.DockerOperator","filename":"docker.py","lineno":71}
{"timestamp":"2026-05-20T01:00:15.845865Z","level":"info","event":"\tat org.apache.hadoop.fs.FileSystem.access$300(FileSystem.java:174)","logger":"airflow.task.operators.airflow.providers.docker.operators.docker.DockerOperator","filename":"docker.py","lineno":71}
{"timestamp":"2026-05-20T01:00:15.845935Z","level":"info","event":"\tat org.apache.hadoop.fs.FileSystem$Cache.getInternal(FileSystem.java:3574)","logger":"airflow.task.operators.airflow.providers.docker.operators.docker.DockerOperator","filename":"docker.py","lineno":71}
{"timestamp":"2026-05-20T01:00:15.845984Z","level":"info","event":"\tat org.apache.hadoop.fs.FileSystem$Cache.get(FileSystem.java:3521)","logger":"airflow.task.operators.airflow.providers.docker.operators.docker.DockerOperator","filename":"docker.py","lineno":71}
{"timestamp":"2026-05-20T01:00:15.846047Z","level":"info","event":"\tat org.apache.hadoop.fs.FileSystem.get(FileSystem.java:540)","logger":"airflow.task.operators.airflow.providers.docker.operators.docker.DockerOperator","filename":"docker.py","lineno":71}
{"timestamp":"2026-05-20T01:00:15.846081Z","level":"info","event":"\tat org.apache.hadoop.fs.Path.getFileSystem(Path.java:365)","logger":"airflow.task.operators.airflow.providers.docker.operators.docker.DockerOperator","filename":"docker.py","lineno":71}
{"timestamp":"2026-05-20T01:00:15.846112Z","level":"info","event":"\tat org.apache.spark.sql.execution.streaming.FileStreamSink$.hasMetadata(FileStreamSink.scala:53)","logger":"airflow.task.operators.airflow.providers.docker.operators.docker.DockerOperator","filename":"docker.py","lineno":71}
{"timestamp":"2026-05-20T01:00:15.846143Z","level":"info","event":"\tat org.apache.spark.sql.execution.datasources.DataSource.resolveRelation(DataSource.scala:366)","logger":"airflow.task.operators.airflow.providers.docker.operators.docker.DockerOperator","filename":"docker.py","lineno":71}
{"timestamp":"2026-05-20T01:00:15.846172Z","level":"info","event":"\tat org.apache.spark.sql.DataFrameReader.loadV1Source(DataFrameReader.scala:229)","logger":"airflow.task.operators.airflow.providers.docker.operators.docker.DockerOperator","filename":"docker.py","lineno":71}
{"timestamp":"2026-05-20T01:00:15.846207Z","level":"info","event":"\tat org.apache.spark.sql.DataFrameReader.$anonfun$load$2(DataFrameReader.scala:211)","logger":"airflow.task.operators.airflow.providers.docker.operators.docker.DockerOperator","filename":"docker.py","lineno":71}
{"timestamp":"2026-05-20T01:00:15.846240Z","level":"info","event":"\tat scala.Option.getOrElse(Option.scala:189)","logger":"airflow.task.operators.airflow.providers.docker.operators.docker.DockerOperator","filename":"docker.py","lineno":71}
{"timestamp":"2026-05-20T01:00:15.846270Z","level":"info","event":"\tat org.apache.spark.sql.DataFrameReader.load(DataFrameReader.scala:211)","logger":"airflow.task.operators.airflow.providers.docker.operators.docker.DockerOperator","filename":"docker.py","lineno":71}
{"timestamp":"2026-05-20T01:00:15.846300Z","level":"info","event":"\tat org.apache.spark.sql.DataFrameReader.load(DataFrameReader.scala:186)","logger":"airflow.task.operators.airflow.providers.docker.operators.docker.DockerOperator","filename":"docker.py","lineno":71}
{"timestamp":"2026-05-20T01:00:15.846328Z","level":"info","event":"\tat java.base/jdk.internal.reflect.NativeMethodAccessorImpl.invoke0(Native Method)","logger":"airflow.task.operators.airflow.providers.docker.operators.docker.DockerOperator","filename":"docker.py","lineno":71}
{"timestamp":"2026-05-20T01:00:15.846357Z","level":"info","event":"\tat java.base/jdk.internal.reflect.NativeMethodAccessorImpl.invoke(Unknown Source)","logger":"airflow.task.operators.airflow.providers.docker.operators.docker.DockerOperator","filename":"docker.py","lineno":71}
{"timestamp":"2026-05-20T01:00:15.846385Z","level":"info","event":"\tat java.base/jdk.internal.reflect.DelegatingMethodAccessorImpl.invoke(Unknown Source)","logger":"airflow.task.operators.airflow.providers.docker.operators.docker.DockerOperator","filename":"docker.py","lineno":71}
{"timestamp":"2026-05-20T01:00:15.846414Z","level":"info","event":"\tat java.base/java.lang.reflect.Method.invoke(Unknown Source)","logger":"airflow.task.operators.airflow.providers.docker.operators.docker.DockerOperator","filename":"docker.py","lineno":71}
{"timestamp":"2026-05-20T01:00:15.846442Z","level":"info","event":"\tat py4j.reflection.MethodInvoker.invoke(MethodInvoker.java:244)","logger":"airflow.task.operators.airflow.providers.docker.operators.docker.DockerOperator","filename":"docker.py","lineno":71}
{"timestamp":"2026-05-20T01:00:15.846470Z","level":"info","event":"\tat py4j.reflection.ReflectionEngine.invoke(ReflectionEngine.java:374)","logger":"airflow.task.operators.airflow.providers.docker.operators.docker.DockerOperator","filename":"docker.py","lineno":71}
{"timestamp":"2026-05-20T01:00:15.846499Z","level":"info","event":"\tat py4j.Gateway.invoke(Gateway.java:282)","logger":"airflow.task.operators.airflow.providers.docker.operators.docker.DockerOperator","filename":"docker.py","lineno":71}
{"timestamp":"2026-05-20T01:00:15.846533Z","level":"info","event":"\tat py4j.commands.AbstractCommand.invokeMethod(AbstractCommand.java:132)","logger":"airflow.task.operators.airflow.providers.docker.operators.docker.DockerOperator","filename":"docker.py","lineno":71}
{"timestamp":"2026-05-20T01:00:15.846572Z","level":"info","event":"\tat py4j.commands.CallCommand.execute(CallCommand.java:79)","logger":"airflow.task.operators.airflow.providers.docker.operators.docker.DockerOperator","filename":"docker.py","lineno":71}
{"timestamp":"2026-05-20T01:00:15.846609Z","level":"info","event":"\tat py4j.ClientServerConnection.waitForCommands(ClientServerConnection.java:182)","logger":"airflow.task.operators.airflow.providers.docker.operators.docker.DockerOperator","filename":"docker.py","lineno":71}
{"timestamp":"2026-05-20T01:00:15.846637Z","level":"info","event":"\tat py4j.ClientServerConnection.run(ClientServerConnection.java:106)","logger":"airflow.task.operators.airflow.providers.docker.operators.docker.DockerOperator","filename":"docker.py","lineno":71}
{"timestamp":"2026-05-20T01:00:15.846666Z","level":"info","event":"\tat java.base/java.lang.Thread.run(Unknown Source)","logger":"airflow.task.operators.airflow.providers.docker.operators.docker.DockerOperator","filename":"docker.py","lineno":71}
{"timestamp":"2026-05-20T01:00:15.846695Z","level":"info","event":"Caused by: java.lang.ClassNotFoundException: com.amazonaws.AmazonClientException","logger":"airflow.task.operators.airflow.providers.docker.operators.docker.DockerOperator","filename":"docker.py","lineno":71}
{"timestamp":"2026-05-20T01:00:15.846724Z","level":"info","event":"\tat java.base/jdk.internal.loader.BuiltinClassLoader.loadClass(Unknown Source)","logger":"airflow.task.operators.airflow.providers.docker.operators.docker.DockerOperator","filename":"docker.py","lineno":71}
{"timestamp":"2026-05-20T01:00:15.846753Z","level":"info","event":"\tat java.base/jdk.internal.loader.ClassLoaders$AppClassLoader.loadClass(Unknown Source)","logger":"airflow.task.operators.airflow.providers.docker.operators.docker.DockerOperator","filename":"docker.py","lineno":71}
{"timestamp":"2026-05-20T01:00:15.846781Z","level":"info","event":"\tat java.base/java.lang.ClassLoader.loadClass(Unknown Source)","logger":"airflow.task.operators.airflow.providers.docker.operators.docker.DockerOperator","filename":"docker.py","lineno":71}
{"timestamp":"2026-05-20T01:00:15.846810Z","level":"info","event":"\t... 31 more","logger":"airflow.task.operators.airflow.providers.docker.operators.docker.DockerOperator","filename":"docker.py","lineno":71}
{"timestamp":"2026-05-20T01:00:15.846853Z","level":"info","event":"","logger":"airflow.task.operators.airflow.providers.docker.operators.docker.DockerOperator","filename":"docker.py","lineno":71}
{"timestamp":"2026-05-20T01:00:15.846938Z","level":"info","event":"2026-05-20 01:00:15,841 - ERROR - Error processing table sales.salesorderheadersalesreason: An error occurred while calling o76.load.","logger":"airflow.task.operators.airflow.providers.docker.operators.docker.DockerOperator","filename":"docker.py","lineno":71}
{"timestamp":"2026-05-20T01:00:15.847003Z","level":"info","event":": java.lang.NoClassDefFoundError: com/amazonaws/AmazonClientException","logger":"airflow.task.operators.airflow.providers.docker.operators.docker.DockerOperator","filename":"docker.py","lineno":71}
{"timestamp":"2026-05-20T01:00:15.847078Z","level":"info","event":"\tat java.base/java.lang.Class.forName0(Native Method)","logger":"airflow.task.operators.airflow.providers.docker.operators.docker.DockerOperator","filename":"docker.py","lineno":71}
{"timestamp":"2026-05-20T01:00:15.847135Z","level":"info","event":"\tat java.base/java.lang.Class.forName(Unknown Source)","logger":"airflow.task.operators.airflow.providers.docker.operators.docker.DockerOperator","filename":"docker.py","lineno":71}
{"timestamp":"2026-05-20T01:00:15.847189Z","level":"info","event":"\tat org.apache.hadoop.conf.Configuration.getClassByNameOrNull(Configuration.java:2625)","logger":"airflow.task.operators.airflow.providers.docker.operators.docker.DockerOperator","filename":"docker.py","lineno":71}
{"timestamp":"2026-05-20T01:00:15.847242Z","level":"info","event":"\tat org.apache.hadoop.conf.Configuration.getClassByName(Configuration.java:2590)","logger":"airflow.task.operators.airflow.providers.docker.operators.docker.DockerOperator","filename":"docker.py","lineno":71}
{"timestamp":"2026-05-20T01:00:15.847301Z","level":"info","event":"\tat org.apache.hadoop.conf.Configuration.getClass(Configuration.java:2686)","logger":"airflow.task.operators.airflow.providers.docker.operators.docker.DockerOperator","filename":"docker.py","lineno":71}
{"timestamp":"2026-05-20T01:00:15.847356Z","level":"info","event":"\tat org.apache.hadoop.fs.FileSystem.getFileSystemClass(FileSystem.java:3431)","logger":"airflow.task.operators.airflow.providers.docker.operators.docker.DockerOperator","filename":"docker.py","lineno":71}
{"timestamp":"2026-05-20T01:00:15.847409Z","level":"info","event":"\tat org.apache.hadoop.fs.FileSystem.createFileSystem(FileSystem.java:3466)","logger":"airflow.task.operators.airflow.providers.docker.operators.docker.DockerOperator","filename":"docker.py","lineno":71}
{"timestamp":"2026-05-20T01:00:15.847466Z","level":"info","event":"\tat org.apache.hadoop.fs.FileSystem.access$300(FileSystem.java:174)","logger":"airflow.task.operators.airflow.providers.docker.operators.docker.DockerOperator","filename":"docker.py","lineno":71}
{"timestamp":"2026-05-20T01:00:15.847522Z","level":"info","event":"\tat org.apache.hadoop.fs.FileSystem$Cache.getInternal(FileSystem.java:3574)","logger":"airflow.task.operators.airflow.providers.docker.operators.docker.DockerOperator","filename":"docker.py","lineno":71}
{"timestamp":"2026-05-20T01:00:15.847576Z","level":"info","event":"\tat org.apache.hadoop.fs.FileSystem$Cache.get(FileSystem.java:3521)","logger":"airflow.task.operators.airflow.providers.docker.operators.docker.DockerOperator","filename":"docker.py","lineno":71}
{"timestamp":"2026-05-20T01:00:15.847632Z","level":"info","event":"\tat org.apache.hadoop.fs.FileSystem.get(FileSystem.java:540)","logger":"airflow.task.operators.airflow.providers.docker.operators.docker.DockerOperator","filename":"docker.py","lineno":71}
{"timestamp":"2026-05-20T01:00:15.847683Z","level":"info","event":"\tat org.apache.hadoop.fs.Path.getFileSystem(Path.java:365)","logger":"airflow.task.operators.airflow.providers.docker.operators.docker.DockerOperator","filename":"docker.py","lineno":71}
{"timestamp":"2026-05-20T01:00:15.847737Z","level":"info","event":"\tat org.apache.spark.sql.execution.streaming.FileStreamSink$.hasMetadata(FileStreamSink.scala:53)","logger":"airflow.task.operators.airflow.providers.docker.operators.docker.DockerOperator","filename":"docker.py","lineno":71}
{"timestamp":"2026-05-20T01:00:15.847793Z","level":"info","event":"\tat org.apache.spark.sql.execution.datasources.DataSource.resolveRelation(DataSource.scala:366)","logger":"airflow.task.operators.airflow.providers.docker.operators.docker.DockerOperator","filename":"docker.py","lineno":71}
{"timestamp":"2026-05-20T01:00:15.847846Z","level":"info","event":"\tat org.apache.spark.sql.DataFrameReader.loadV1Source(DataFrameReader.scala:229)","logger":"airflow.task.operators.airflow.providers.docker.operators.docker.DockerOperator","filename":"docker.py","lineno":71}
{"timestamp":"2026-05-20T01:00:15.847923Z","level":"info","event":"\tat org.apache.spark.sql.DataFrameReader.$anonfun$load$2(DataFrameReader.scala:211)","logger":"airflow.task.operators.airflow.providers.docker.operators.docker.DockerOperator","filename":"docker.py","lineno":71}
{"timestamp":"2026-05-20T01:00:15.847987Z","level":"info","event":"\tat scala.Option.getOrElse(Option.scala:189)","logger":"airflow.task.operators.airflow.providers.docker.operators.docker.DockerOperator","filename":"docker.py","lineno":71}
{"timestamp":"2026-05-20T01:00:15.848060Z","level":"info","event":"\tat org.apache.spark.sql.DataFrameReader.load(DataFrameReader.scala:211)","logger":"airflow.task.operators.airflow.providers.docker.operators.docker.DockerOperator","filename":"docker.py","lineno":71}
{"timestamp":"2026-05-20T01:00:15.848117Z","level":"info","event":"\tat org.apache.spark.sql.DataFrameReader.load(DataFrameReader.scala:186)","logger":"airflow.task.operators.airflow.providers.docker.operators.docker.DockerOperator","filename":"docker.py","lineno":71}
{"timestamp":"2026-05-20T01:00:15.848171Z","level":"info","event":"\tat java.base/jdk.internal.reflect.NativeMethodAccessorImpl.invoke0(Native Method)","logger":"airflow.task.operators.airflow.providers.docker.operators.docker.DockerOperator","filename":"docker.py","lineno":71}
{"timestamp":"2026-05-20T01:00:15.848226Z","level":"info","event":"\tat java.base/jdk.internal.reflect.NativeMethodAccessorImpl.invoke(Unknown Source)","logger":"airflow.task.operators.airflow.providers.docker.operators.docker.DockerOperator","filename":"docker.py","lineno":71}
{"timestamp":"2026-05-20T01:00:15.848276Z","level":"info","event":"\tat java.base/jdk.internal.reflect.DelegatingMethodAccessorImpl.invoke(Unknown Source)","logger":"airflow.task.operators.airflow.providers.docker.operators.docker.DockerOperator","filename":"docker.py","lineno":71}
{"timestamp":"2026-05-20T01:00:15.848330Z","level":"info","event":"\tat java.base/java.lang.reflect.Method.invoke(Unknown Source)","logger":"airflow.task.operators.airflow.providers.docker.operators.docker.DockerOperator","filename":"docker.py","lineno":71}
{"timestamp":"2026-05-20T01:00:15.848387Z","level":"info","event":"\tat py4j.reflection.MethodInvoker.invoke(MethodInvoker.java:244)","logger":"airflow.task.operators.airflow.providers.docker.operators.docker.DockerOperator","filename":"docker.py","lineno":71}
{"timestamp":"2026-05-20T01:00:15.848438Z","level":"info","event":"\tat py4j.reflection.ReflectionEngine.invoke(ReflectionEngine.java:374)","logger":"airflow.task.operators.airflow.providers.docker.operators.docker.DockerOperator","filename":"docker.py","lineno":71}
{"timestamp":"2026-05-20T01:00:15.848491Z","level":"info","event":"\tat py4j.Gateway.invoke(Gateway.java:282)","logger":"airflow.task.operators.airflow.providers.docker.operators.docker.DockerOperator","filename":"docker.py","lineno":71}
{"timestamp":"2026-05-20T01:00:15.848547Z","level":"info","event":"\tat py4j.commands.AbstractCommand.invokeMethod(AbstractCommand.java:132)","logger":"airflow.task.operators.airflow.providers.docker.operators.docker.DockerOperator","filename":"docker.py","lineno":71}
{"timestamp":"2026-05-20T01:00:15.848606Z","level":"info","event":"\tat py4j.commands.CallCommand.execute(CallCommand.java:79)","logger":"airflow.task.operators.airflow.providers.docker.operators.docker.DockerOperator","filename":"docker.py","lineno":71}
{"timestamp":"2026-05-20T01:00:15.848663Z","level":"info","event":"\tat py4j.ClientServerConnection.waitForCommands(ClientServerConnection.java:182)","logger":"airflow.task.operators.airflow.providers.docker.operators.docker.DockerOperator","filename":"docker.py","lineno":71}
{"timestamp":"2026-05-20T01:00:15.848721Z","level":"info","event":"\tat py4j.ClientServerConnection.run(ClientServerConnection.java:106)","logger":"airflow.task.operators.airflow.providers.docker.operators.docker.DockerOperator","filename":"docker.py","lineno":71}
{"timestamp":"2026-05-20T01:00:15.848773Z","level":"info","event":"\tat java.base/java.lang.Thread.run(Unknown Source)","logger":"airflow.task.operators.airflow.providers.docker.operators.docker.DockerOperator","filename":"docker.py","lineno":71}
{"timestamp":"2026-05-20T01:00:15.848828Z","level":"info","event":"Caused by: java.lang.ClassNotFoundException: com.amazonaws.AmazonClientException","logger":"airflow.task.operators.airflow.providers.docker.operators.docker.DockerOperator","filename":"docker.py","lineno":71}
{"timestamp":"2026-05-20T01:00:15.848882Z","level":"info","event":"\tat java.base/jdk.internal.loader.BuiltinClassLoader.loadClass(Unknown Source)","logger":"airflow.task.operators.airflow.providers.docker.operators.docker.DockerOperator","filename":"docker.py","lineno":71}
{"timestamp":"2026-05-20T01:00:15.848964Z","level":"info","event":"\tat java.base/jdk.internal.loader.ClassLoaders$AppClassLoader.loadClass(Unknown Source)","logger":"airflow.task.operators.airflow.providers.docker.operators.docker.DockerOperator","filename":"docker.py","lineno":71}
{"timestamp":"2026-05-20T01:00:15.849033Z","level":"info","event":"\tat java.base/java.lang.ClassLoader.loadClass(Unknown Source)","logger":"airflow.task.operators.airflow.providers.docker.operators.docker.DockerOperator","filename":"docker.py","lineno":71}
{"timestamp":"2026-05-20T01:00:15.849103Z","level":"info","event":"\t... 31 more","logger":"airflow.task.operators.airflow.providers.docker.operators.docker.DockerOperator","filename":"docker.py","lineno":71}
{"timestamp":"2026-05-20T01:00:15.849167Z","level":"info","event":"","logger":"airflow.task.operators.airflow.providers.docker.operators.docker.DockerOperator","filename":"docker.py","lineno":71}
{"timestamp":"2026-05-20T01:00:15.859797Z","level":"info","event":"2026-05-20 01:00:15,858 - ERROR - Error processing table sales.salesperson: An error occurred while calling o78.load.","logger":"airflow.task.operators.airflow.providers.docker.operators.docker.DockerOperator","filename":"docker.py","lineno":71}
{"timestamp":"2026-05-20T01:00:15.860089Z","level":"info","event":": java.lang.NoClassDefFoundError: com/amazonaws/AmazonClientException","logger":"airflow.task.operators.airflow.providers.docker.operators.docker.DockerOperator","filename":"docker.py","lineno":71}
{"timestamp":"2026-05-20T01:00:15.860162Z","level":"info","event":"\tat java.base/java.lang.Class.forName0(Native Method)","logger":"airflow.task.operators.airflow.providers.docker.operators.docker.DockerOperator","filename":"docker.py","lineno":71}
{"timestamp":"2026-05-20T01:00:15.860213Z","level":"info","event":"\tat java.base/java.lang.Class.forName(Unknown Source)","logger":"airflow.task.operators.airflow.providers.docker.operators.docker.DockerOperator","filename":"docker.py","lineno":71}
{"timestamp":"2026-05-20T01:00:15.860260Z","level":"info","event":"\tat org.apache.hadoop.conf.Configuration.getClassByNameOrNull(Configuration.java:2625)","logger":"airflow.task.operators.airflow.providers.docker.operators.docker.DockerOperator","filename":"docker.py","lineno":71}
{"timestamp":"2026-05-20T01:00:15.860315Z","level":"info","event":"\tat org.apache.hadoop.conf.Configuration.getClassByName(Configuration.java:2590)","logger":"airflow.task.operators.airflow.providers.docker.operators.docker.DockerOperator","filename":"docker.py","lineno":71}
{"timestamp":"2026-05-20T01:00:15.860377Z","level":"info","event":"\tat org.apache.hadoop.conf.Configuration.getClass(Configuration.java:2686)","logger":"airflow.task.operators.airflow.providers.docker.operators.docker.DockerOperator","filename":"docker.py","lineno":71}
{"timestamp":"2026-05-20T01:00:15.860441Z","level":"info","event":"\tat org.apache.hadoop.fs.FileSystem.getFileSystemClass(FileSystem.java:3431)","logger":"airflow.task.operators.airflow.providers.docker.operators.docker.DockerOperator","filename":"docker.py","lineno":71}
{"timestamp":"2026-05-20T01:00:15.860508Z","level":"info","event":"\tat org.apache.hadoop.fs.FileSystem.createFileSystem(FileSystem.java:3466)","logger":"airflow.task.operators.airflow.providers.docker.operators.docker.DockerOperator","filename":"docker.py","lineno":71}
{"timestamp":"2026-05-20T01:00:15.860576Z","level":"info","event":"\tat org.apache.hadoop.fs.FileSystem.access$300(FileSystem.java:174)","logger":"airflow.task.operators.airflow.providers.docker.operators.docker.DockerOperator","filename":"docker.py","lineno":71}
{"timestamp":"2026-05-20T01:00:15.860644Z","level":"info","event":"\tat org.apache.hadoop.fs.FileSystem$Cache.getInternal(FileSystem.java:3574)","logger":"airflow.task.operators.airflow.providers.docker.operators.docker.DockerOperator","filename":"docker.py","lineno":71}
{"timestamp":"2026-05-20T01:00:15.860713Z","level":"info","event":"\tat org.apache.hadoop.fs.FileSystem$Cache.get(FileSystem.java:3521)","logger":"airflow.task.operators.airflow.providers.docker.operators.docker.DockerOperator","filename":"docker.py","lineno":71}
{"timestamp":"2026-05-20T01:00:15.860777Z","level":"info","event":"\tat org.apache.hadoop.fs.FileSystem.get(FileSystem.java:540)","logger":"airflow.task.operators.airflow.providers.docker.operators.docker.DockerOperator","filename":"docker.py","lineno":71}
{"timestamp":"2026-05-20T01:00:15.860830Z","level":"info","event":"\tat org.apache.hadoop.fs.Path.getFileSystem(Path.java:365)","logger":"airflow.task.operators.airflow.providers.docker.operators.docker.DockerOperator","filename":"docker.py","lineno":71}
{"timestamp":"2026-05-20T01:00:15.860881Z","level":"info","event":"\tat org.apache.spark.sql.execution.streaming.FileStreamSink$.hasMetadata(FileStreamSink.scala:53)","logger":"airflow.task.operators.airflow.providers.docker.operators.docker.DockerOperator","filename":"docker.py","lineno":71}
{"timestamp":"2026-05-20T01:00:15.860968Z","level":"info","event":"\tat org.apache.spark.sql.execution.datasources.DataSource.resolveRelation(DataSource.scala:366)","logger":"airflow.task.operators.airflow.providers.docker.operators.docker.DockerOperator","filename":"docker.py","lineno":71}
{"timestamp":"2026-05-20T01:00:15.861020Z","level":"info","event":"\tat org.apache.spark.sql.DataFrameReader.loadV1Source(DataFrameReader.scala:229)","logger":"airflow.task.operators.airflow.providers.docker.operators.docker.DockerOperator","filename":"docker.py","lineno":71}
{"timestamp":"2026-05-20T01:00:15.861077Z","level":"info","event":"\tat org.apache.spark.sql.DataFrameReader.$anonfun$load$2(DataFrameReader.scala:211)","logger":"airflow.task.operators.airflow.providers.docker.operators.docker.DockerOperator","filename":"docker.py","lineno":71}
{"timestamp":"2026-05-20T01:00:15.861127Z","level":"info","event":"\tat scala.Option.getOrElse(Option.scala:189)","logger":"airflow.task.operators.airflow.providers.docker.operators.docker.DockerOperator","filename":"docker.py","lineno":71}
{"timestamp":"2026-05-20T01:00:15.861186Z","level":"info","event":"\tat org.apache.spark.sql.DataFrameReader.load(DataFrameReader.scala:211)","logger":"airflow.task.operators.airflow.providers.docker.operators.docker.DockerOperator","filename":"docker.py","lineno":71}
{"timestamp":"2026-05-20T01:00:15.862117Z","level":"info","event":"\tat org.apache.spark.sql.DataFrameReader.load(DataFrameReader.scala:186)","logger":"airflow.task.operators.airflow.providers.docker.operators.docker.DockerOperator","filename":"docker.py","lineno":71}
{"timestamp":"2026-05-20T01:00:15.862191Z","level":"info","event":"\tat java.base/jdk.internal.reflect.NativeMethodAccessorImpl.invoke0(Native Method)","logger":"airflow.task.operators.airflow.providers.docker.operators.docker.DockerOperator","filename":"docker.py","lineno":71}
{"timestamp":"2026-05-20T01:00:15.862246Z","level":"info","event":"\tat java.base/jdk.internal.reflect.NativeMethodAccessorImpl.invoke(Unknown Source)","logger":"airflow.task.operators.airflow.providers.docker.operators.docker.DockerOperator","filename":"docker.py","lineno":71}
{"timestamp":"2026-05-20T01:00:15.862300Z","level":"info","event":"\tat java.base/jdk.internal.reflect.DelegatingMethodAccessorImpl.invoke(Unknown Source)","logger":"airflow.task.operators.airflow.providers.docker.operators.docker.DockerOperator","filename":"docker.py","lineno":71}
{"timestamp":"2026-05-20T01:00:15.862354Z","level":"info","event":"\tat java.base/java.lang.reflect.Method.invoke(Unknown Source)","logger":"airflow.task.operators.airflow.providers.docker.operators.docker.DockerOperator","filename":"docker.py","lineno":71}
{"timestamp":"2026-05-20T01:00:15.862431Z","level":"info","event":"\tat py4j.reflection.MethodInvoker.invoke(MethodInvoker.java:244)","logger":"airflow.task.operators.airflow.providers.docker.operators.docker.DockerOperator","filename":"docker.py","lineno":71}
{"timestamp":"2026-05-20T01:00:15.862492Z","level":"info","event":"\tat py4j.reflection.ReflectionEngine.invoke(ReflectionEngine.java:374)","logger":"airflow.task.operators.airflow.providers.docker.operators.docker.DockerOperator","filename":"docker.py","lineno":71}
{"timestamp":"2026-05-20T01:00:15.862547Z","level":"info","event":"\tat py4j.Gateway.invoke(Gateway.java:282)","logger":"airflow.task.operators.airflow.providers.docker.operators.docker.DockerOperator","filename":"docker.py","lineno":71}
{"timestamp":"2026-05-20T01:00:15.862604Z","level":"info","event":"\tat py4j.commands.AbstractCommand.invokeMethod(AbstractCommand.java:132)","logger":"airflow.task.operators.airflow.providers.docker.operators.docker.DockerOperator","filename":"docker.py","lineno":71}
{"timestamp":"2026-05-20T01:00:15.862658Z","level":"info","event":"\tat py4j.commands.CallCommand.execute(CallCommand.java:79)","logger":"airflow.task.operators.airflow.providers.docker.operators.docker.DockerOperator","filename":"docker.py","lineno":71}
{"timestamp":"2026-05-20T01:00:15.862719Z","level":"info","event":"\tat py4j.ClientServerConnection.waitForCommands(ClientServerConnection.java:182)","logger":"airflow.task.operators.airflow.providers.docker.operators.docker.DockerOperator","filename":"docker.py","lineno":71}
{"timestamp":"2026-05-20T01:00:15.862777Z","level":"info","event":"\tat py4j.ClientServerConnection.run(ClientServerConnection.java:106)","logger":"airflow.task.operators.airflow.providers.docker.operators.docker.DockerOperator","filename":"docker.py","lineno":71}
{"timestamp":"2026-05-20T01:00:15.862832Z","level":"info","event":"\tat java.base/java.lang.Thread.run(Unknown Source)","logger":"airflow.task.operators.airflow.providers.docker.operators.docker.DockerOperator","filename":"docker.py","lineno":71}
{"timestamp":"2026-05-20T01:00:15.862884Z","level":"info","event":"Caused by: java.lang.ClassNotFoundException: com.amazonaws.AmazonClientException","logger":"airflow.task.operators.airflow.providers.docker.operators.docker.DockerOperator","filename":"docker.py","lineno":71}
{"timestamp":"2026-05-20T01:00:15.862983Z","level":"info","event":"\tat java.base/jdk.internal.loader.BuiltinClassLoader.loadClass(Unknown Source)","logger":"airflow.task.operators.airflow.providers.docker.operators.docker.DockerOperator","filename":"docker.py","lineno":71}
{"timestamp":"2026-05-20T01:00:15.863041Z","level":"info","event":"\tat java.base/jdk.internal.loader.ClassLoaders$AppClassLoader.loadClass(Unknown Source)","logger":"airflow.task.operators.airflow.providers.docker.operators.docker.DockerOperator","filename":"docker.py","lineno":71}
{"timestamp":"2026-05-20T01:00:15.863094Z","level":"info","event":"\tat java.base/java.lang.ClassLoader.loadClass(Unknown Source)","logger":"airflow.task.operators.airflow.providers.docker.operators.docker.DockerOperator","filename":"docker.py","lineno":71}
{"timestamp":"2026-05-20T01:00:15.863150Z","level":"info","event":"\t... 31 more","logger":"airflow.task.operators.airflow.providers.docker.operators.docker.DockerOperator","filename":"docker.py","lineno":71}
{"timestamp":"2026-05-20T01:00:15.863203Z","level":"info","event":"","logger":"airflow.task.operators.airflow.providers.docker.operators.docker.DockerOperator","filename":"docker.py","lineno":71}
{"timestamp":"2026-05-20T01:00:15.894869Z","level":"info","event":"2026-05-20 01:00:15,891 - ERROR - Error processing table sales.salestaxrate: An error occurred while calling o86.load.","logger":"airflow.task.operators.airflow.providers.docker.operators.docker.DockerOperator","filename":"docker.py","lineno":71}
{"timestamp":"2026-05-20T01:00:15.895386Z","level":"info","event":": java.lang.NoClassDefFoundError: com/amazonaws/AmazonClientException","logger":"airflow.task.operators.airflow.providers.docker.operators.docker.DockerOperator","filename":"docker.py","lineno":71}
{"timestamp":"2026-05-20T01:00:15.895605Z","level":"info","event":"\tat java.base/java.lang.Class.forName0(Native Method)","logger":"airflow.task.operators.airflow.providers.docker.operators.docker.DockerOperator","filename":"docker.py","lineno":71}
{"timestamp":"2026-05-20T01:00:15.895749Z","level":"info","event":"\tat java.base/java.lang.Class.forName(Unknown Source)","logger":"airflow.task.operators.airflow.providers.docker.operators.docker.DockerOperator","filename":"docker.py","lineno":71}
{"timestamp":"2026-05-20T01:00:15.895816Z","level":"info","event":"\tat org.apache.hadoop.conf.Configuration.getClassByNameOrNull(Configuration.java:2625)","logger":"airflow.task.operators.airflow.providers.docker.operators.docker.DockerOperator","filename":"docker.py","lineno":71}
{"timestamp":"2026-05-20T01:00:15.895874Z","level":"info","event":"\tat org.apache.hadoop.conf.Configuration.getClassByName(Configuration.java:2590)","logger":"airflow.task.operators.airflow.providers.docker.operators.docker.DockerOperator","filename":"docker.py","lineno":71}
{"timestamp":"2026-05-20T01:00:15.895965Z","level":"info","event":"\tat org.apache.hadoop.conf.Configuration.getClass(Configuration.java:2686)","logger":"airflow.task.operators.airflow.providers.docker.operators.docker.DockerOperator","filename":"docker.py","lineno":71}
{"timestamp":"2026-05-20T01:00:15.896021Z","level":"info","event":"\tat org.apache.hadoop.fs.FileSystem.getFileSystemClass(FileSystem.java:3431)","logger":"airflow.task.operators.airflow.providers.docker.operators.docker.DockerOperator","filename":"docker.py","lineno":71}
{"timestamp":"2026-05-20T01:00:15.896075Z","level":"info","event":"\tat org.apache.hadoop.fs.FileSystem.createFileSystem(FileSystem.java:3466)","logger":"airflow.task.operators.airflow.providers.docker.operators.docker.DockerOperator","filename":"docker.py","lineno":71}
{"timestamp":"2026-05-20T01:00:15.896129Z","level":"info","event":"\tat org.apache.hadoop.fs.FileSystem.access$300(FileSystem.java:174)","logger":"airflow.task.operators.airflow.providers.docker.operators.docker.DockerOperator","filename":"docker.py","lineno":71}
{"timestamp":"2026-05-20T01:00:15.896169Z","level":"info","event":"\tat org.apache.hadoop.fs.FileSystem$Cache.getInternal(FileSystem.java:3574)","logger":"airflow.task.operators.airflow.providers.docker.operators.docker.DockerOperator","filename":"docker.py","lineno":71}
{"timestamp":"2026-05-20T01:00:15.896205Z","level":"info","event":"\tat org.apache.hadoop.fs.FileSystem$Cache.get(FileSystem.java:3521)","logger":"airflow.task.operators.airflow.providers.docker.operators.docker.DockerOperator","filename":"docker.py","lineno":71}
{"timestamp":"2026-05-20T01:00:15.896239Z","level":"info","event":"\tat org.apache.hadoop.fs.FileSystem.get(FileSystem.java:540)","logger":"airflow.task.operators.airflow.providers.docker.operators.docker.DockerOperator","filename":"docker.py","lineno":71}
{"timestamp":"2026-05-20T01:00:15.896276Z","level":"info","event":"\tat org.apache.hadoop.fs.Path.getFileSystem(Path.java:365)","logger":"airflow.task.operators.airflow.providers.docker.operators.docker.DockerOperator","filename":"docker.py","lineno":71}
{"timestamp":"2026-05-20T01:00:15.898365Z","level":"info","event":"\tat org.apache.spark.sql.execution.streaming.FileStreamSink$.hasMetadata(FileStreamSink.scala:53)","logger":"airflow.task.operators.airflow.providers.docker.operators.docker.DockerOperator","filename":"docker.py","lineno":71}
{"timestamp":"2026-05-20T01:00:15.898621Z","level":"info","event":"\tat org.apache.spark.sql.execution.datasources.DataSource.resolveRelation(DataSource.scala:366)","logger":"airflow.task.operators.airflow.providers.docker.operators.docker.DockerOperator","filename":"docker.py","lineno":71}
{"timestamp":"2026-05-20T01:00:15.898698Z","level":"info","event":"\tat org.apache.spark.sql.DataFrameReader.loadV1Source(DataFrameReader.scala:229)","logger":"airflow.task.operators.airflow.providers.docker.operators.docker.DockerOperator","filename":"docker.py","lineno":71}
{"timestamp":"2026-05-20T01:00:15.898760Z","level":"info","event":"\tat org.apache.spark.sql.DataFrameReader.$anonfun$load$2(DataFrameReader.scala:211)","logger":"airflow.task.operators.airflow.providers.docker.operators.docker.DockerOperator","filename":"docker.py","lineno":71}
{"timestamp":"2026-05-20T01:00:15.898816Z","level":"info","event":"\tat scala.Option.getOrElse(Option.scala:189)","logger":"airflow.task.operators.airflow.providers.docker.operators.docker.DockerOperator","filename":"docker.py","lineno":71}
{"timestamp":"2026-05-20T01:00:15.898870Z","level":"info","event":"\tat org.apache.spark.sql.DataFrameReader.load(DataFrameReader.scala:211)","logger":"airflow.task.operators.airflow.providers.docker.operators.docker.DockerOperator","filename":"docker.py","lineno":71}
{"timestamp":"2026-05-20T01:00:15.898967Z","level":"info","event":"\tat org.apache.spark.sql.DataFrameReader.load(DataFrameReader.scala:186)","logger":"airflow.task.operators.airflow.providers.docker.operators.docker.DockerOperator","filename":"docker.py","lineno":71}
{"timestamp":"2026-05-20T01:00:15.899024Z","level":"info","event":"\tat java.base/jdk.internal.reflect.NativeMethodAccessorImpl.invoke0(Native Method)","logger":"airflow.task.operators.airflow.providers.docker.operators.docker.DockerOperator","filename":"docker.py","lineno":71}
{"timestamp":"2026-05-20T01:00:15.899074Z","level":"info","event":"\tat java.base/jdk.internal.reflect.NativeMethodAccessorImpl.invoke(Unknown Source)","logger":"airflow.task.operators.airflow.providers.docker.operators.docker.DockerOperator","filename":"docker.py","lineno":71}
{"timestamp":"2026-05-20T01:00:15.899123Z","level":"info","event":"\tat java.base/jdk.internal.reflect.DelegatingMethodAccessorImpl.invoke(Unknown Source)","logger":"airflow.task.operators.airflow.providers.docker.operators.docker.DockerOperator","filename":"docker.py","lineno":71}
{"timestamp":"2026-05-20T01:00:15.899553Z","level":"info","event":"\tat java.base/java.lang.reflect.Method.invoke(Unknown Source)","logger":"airflow.task.operators.airflow.providers.docker.operators.docker.DockerOperator","filename":"docker.py","lineno":71}
{"timestamp":"2026-05-20T01:00:15.899767Z","level":"info","event":"\tat py4j.reflection.MethodInvoker.invoke(MethodInvoker.java:244)","logger":"airflow.task.operators.airflow.providers.docker.operators.docker.DockerOperator","filename":"docker.py","lineno":71}
{"timestamp":"2026-05-20T01:00:15.899984Z","level":"info","event":"\tat py4j.reflection.ReflectionEngine.invoke(ReflectionEngine.java:374)","logger":"airflow.task.operators.airflow.providers.docker.operators.docker.DockerOperator","filename":"docker.py","lineno":71}
{"timestamp":"2026-05-20T01:00:15.900066Z","level":"info","event":"\tat py4j.Gateway.invoke(Gateway.java:282)","logger":"airflow.task.operators.airflow.providers.docker.operators.docker.DockerOperator","filename":"docker.py","lineno":71}
{"timestamp":"2026-05-20T01:00:15.900134Z","level":"info","event":"\tat py4j.commands.AbstractCommand.invokeMethod(AbstractCommand.java:132)","logger":"airflow.task.operators.airflow.providers.docker.operators.docker.DockerOperator","filename":"docker.py","lineno":71}
{"timestamp":"2026-05-20T01:00:15.900195Z","level":"info","event":"\tat py4j.commands.CallCommand.execute(CallCommand.java:79)","logger":"airflow.task.operators.airflow.providers.docker.operators.docker.DockerOperator","filename":"docker.py","lineno":71}
{"timestamp":"2026-05-20T01:00:15.900255Z","level":"info","event":"\tat py4j.ClientServerConnection.waitForCommands(ClientServerConnection.java:182)","logger":"airflow.task.operators.airflow.providers.docker.operators.docker.DockerOperator","filename":"docker.py","lineno":71}
{"timestamp":"2026-05-20T01:00:15.900314Z","level":"info","event":"\tat py4j.ClientServerConnection.run(ClientServerConnection.java:106)","logger":"airflow.task.operators.airflow.providers.docker.operators.docker.DockerOperator","filename":"docker.py","lineno":71}
{"timestamp":"2026-05-20T01:00:15.900369Z","level":"info","event":"\tat java.base/java.lang.Thread.run(Unknown Source)","logger":"airflow.task.operators.airflow.providers.docker.operators.docker.DockerOperator","filename":"docker.py","lineno":71}
{"timestamp":"2026-05-20T01:00:15.900428Z","level":"info","event":"Caused by: java.lang.ClassNotFoundException: com.amazonaws.AmazonClientException","logger":"airflow.task.operators.airflow.providers.docker.operators.docker.DockerOperator","filename":"docker.py","lineno":71}
{"timestamp":"2026-05-20T01:00:15.900482Z","level":"info","event":"\tat java.base/jdk.internal.loader.BuiltinClassLoader.loadClass(Unknown Source)","logger":"airflow.task.operators.airflow.providers.docker.operators.docker.DockerOperator","filename":"docker.py","lineno":71}
{"timestamp":"2026-05-20T01:00:15.900537Z","level":"info","event":"\tat java.base/jdk.internal.loader.ClassLoaders$AppClassLoader.loadClass(Unknown Source)","logger":"airflow.task.operators.airflow.providers.docker.operators.docker.DockerOperator","filename":"docker.py","lineno":71}
{"timestamp":"2026-05-20T01:00:15.900594Z","level":"info","event":"\tat java.base/java.lang.ClassLoader.loadClass(Unknown Source)","logger":"airflow.task.operators.airflow.providers.docker.operators.docker.DockerOperator","filename":"docker.py","lineno":71}
{"timestamp":"2026-05-20T01:00:15.900651Z","level":"info","event":"\t... 31 more","logger":"airflow.task.operators.airflow.providers.docker.operators.docker.DockerOperator","filename":"docker.py","lineno":71}
{"timestamp":"2026-05-20T01:00:15.900706Z","level":"info","event":"","logger":"airflow.task.operators.airflow.providers.docker.operators.docker.DockerOperator","filename":"docker.py","lineno":71}
{"timestamp":"2026-05-20T01:00:15.910550Z","level":"info","event":"2026-05-20 01:00:15,909 - ERROR - Error processing table sales.salesterritory: An error occurred while calling o91.load.","logger":"airflow.task.operators.airflow.providers.docker.operators.docker.DockerOperator","filename":"docker.py","lineno":71}
{"timestamp":"2026-05-20T01:00:15.910802Z","level":"info","event":": java.lang.NoClassDefFoundError: com/amazonaws/AmazonClientException","logger":"airflow.task.operators.airflow.providers.docker.operators.docker.DockerOperator","filename":"docker.py","lineno":71}
{"timestamp":"2026-05-20T01:00:15.910881Z","level":"info","event":"\tat java.base/java.lang.Class.forName0(Native Method)","logger":"airflow.task.operators.airflow.providers.docker.operators.docker.DockerOperator","filename":"docker.py","lineno":71}
{"timestamp":"2026-05-20T01:00:15.910968Z","level":"info","event":"\tat java.base/java.lang.Class.forName(Unknown Source)","logger":"airflow.task.operators.airflow.providers.docker.operators.docker.DockerOperator","filename":"docker.py","lineno":71}
{"timestamp":"2026-05-20T01:00:15.911024Z","level":"info","event":"\tat org.apache.hadoop.conf.Configuration.getClassByNameOrNull(Configuration.java:2625)","logger":"airflow.task.operators.airflow.providers.docker.operators.docker.DockerOperator","filename":"docker.py","lineno":71}
{"timestamp":"2026-05-20T01:00:15.911084Z","level":"info","event":"\tat org.apache.hadoop.conf.Configuration.getClassByName(Configuration.java:2590)","logger":"airflow.task.operators.airflow.providers.docker.operators.docker.DockerOperator","filename":"docker.py","lineno":71}
{"timestamp":"2026-05-20T01:00:15.911145Z","level":"info","event":"\tat org.apache.hadoop.conf.Configuration.getClass(Configuration.java:2686)","logger":"airflow.task.operators.airflow.providers.docker.operators.docker.DockerOperator","filename":"docker.py","lineno":71}
{"timestamp":"2026-05-20T01:00:15.911200Z","level":"info","event":"\tat org.apache.hadoop.fs.FileSystem.getFileSystemClass(FileSystem.java:3431)","logger":"airflow.task.operators.airflow.providers.docker.operators.docker.DockerOperator","filename":"docker.py","lineno":71}
{"timestamp":"2026-05-20T01:00:15.911249Z","level":"info","event":"\tat org.apache.hadoop.fs.FileSystem.createFileSystem(FileSystem.java:3466)","logger":"airflow.task.operators.airflow.providers.docker.operators.docker.DockerOperator","filename":"docker.py","lineno":71}
{"timestamp":"2026-05-20T01:00:15.911302Z","level":"info","event":"\tat org.apache.hadoop.fs.FileSystem.access$300(FileSystem.java:174)","logger":"airflow.task.operators.airflow.providers.docker.operators.docker.DockerOperator","filename":"docker.py","lineno":71}
{"timestamp":"2026-05-20T01:00:15.911353Z","level":"info","event":"\tat org.apache.hadoop.fs.FileSystem$Cache.getInternal(FileSystem.java:3574)","logger":"airflow.task.operators.airflow.providers.docker.operators.docker.DockerOperator","filename":"docker.py","lineno":71}
{"timestamp":"2026-05-20T01:00:15.911419Z","level":"info","event":"\tat org.apache.hadoop.fs.FileSystem$Cache.get(FileSystem.java:3521)","logger":"airflow.task.operators.airflow.providers.docker.operators.docker.DockerOperator","filename":"docker.py","lineno":71}
{"timestamp":"2026-05-20T01:00:15.911478Z","level":"info","event":"\tat org.apache.hadoop.fs.FileSystem.get(FileSystem.java:540)","logger":"airflow.task.operators.airflow.providers.docker.operators.docker.DockerOperator","filename":"docker.py","lineno":71}
{"timestamp":"2026-05-20T01:00:15.911527Z","level":"info","event":"\tat org.apache.hadoop.fs.Path.getFileSystem(Path.java:365)","logger":"airflow.task.operators.airflow.providers.docker.operators.docker.DockerOperator","filename":"docker.py","lineno":71}
{"timestamp":"2026-05-20T01:00:15.911570Z","level":"info","event":"\tat org.apache.spark.sql.execution.streaming.FileStreamSink$.hasMetadata(FileStreamSink.scala:53)","logger":"airflow.task.operators.airflow.providers.docker.operators.docker.DockerOperator","filename":"docker.py","lineno":71}
{"timestamp":"2026-05-20T01:00:15.911614Z","level":"info","event":"\tat org.apache.spark.sql.execution.datasources.DataSource.resolveRelation(DataSource.scala:366)","logger":"airflow.task.operators.airflow.providers.docker.operators.docker.DockerOperator","filename":"docker.py","lineno":71}
{"timestamp":"2026-05-20T01:00:15.911656Z","level":"info","event":"\tat org.apache.spark.sql.DataFrameReader.loadV1Source(DataFrameReader.scala:229)","logger":"airflow.task.operators.airflow.providers.docker.operators.docker.DockerOperator","filename":"docker.py","lineno":71}
{"timestamp":"2026-05-20T01:00:15.911700Z","level":"info","event":"\tat org.apache.spark.sql.DataFrameReader.$anonfun$load$2(DataFrameReader.scala:211)","logger":"airflow.task.operators.airflow.providers.docker.operators.docker.DockerOperator","filename":"docker.py","lineno":71}
{"timestamp":"2026-05-20T01:00:15.911741Z","level":"info","event":"\tat scala.Option.getOrElse(Option.scala:189)","logger":"airflow.task.operators.airflow.providers.docker.operators.docker.DockerOperator","filename":"docker.py","lineno":71}
{"timestamp":"2026-05-20T01:00:15.911782Z","level":"info","event":"\tat org.apache.spark.sql.DataFrameReader.load(DataFrameReader.scala:211)","logger":"airflow.task.operators.airflow.providers.docker.operators.docker.DockerOperator","filename":"docker.py","lineno":71}
{"timestamp":"2026-05-20T01:00:15.911824Z","level":"info","event":"\tat org.apache.spark.sql.DataFrameReader.load(DataFrameReader.scala:186)","logger":"airflow.task.operators.airflow.providers.docker.operators.docker.DockerOperator","filename":"docker.py","lineno":71}
{"timestamp":"2026-05-20T01:00:15.911865Z","level":"info","event":"\tat java.base/jdk.internal.reflect.NativeMethodAccessorImpl.invoke0(Native Method)","logger":"airflow.task.operators.airflow.providers.docker.operators.docker.DockerOperator","filename":"docker.py","lineno":71}
{"timestamp":"2026-05-20T01:00:15.911932Z","level":"info","event":"\tat java.base/jdk.internal.reflect.NativeMethodAccessorImpl.invoke(Unknown Source)","logger":"airflow.task.operators.airflow.providers.docker.operators.docker.DockerOperator","filename":"docker.py","lineno":71}
{"timestamp":"2026-05-20T01:00:15.911990Z","level":"info","event":"\tat java.base/jdk.internal.reflect.DelegatingMethodAccessorImpl.invoke(Unknown Source)","logger":"airflow.task.operators.airflow.providers.docker.operators.docker.DockerOperator","filename":"docker.py","lineno":71}
{"timestamp":"2026-05-20T01:00:15.912044Z","level":"info","event":"\tat java.base/java.lang.reflect.Method.invoke(Unknown Source)","logger":"airflow.task.operators.airflow.providers.docker.operators.docker.DockerOperator","filename":"docker.py","lineno":71}
{"timestamp":"2026-05-20T01:00:15.912104Z","level":"info","event":"\tat py4j.reflection.MethodInvoker.invoke(MethodInvoker.java:244)","logger":"airflow.task.operators.airflow.providers.docker.operators.docker.DockerOperator","filename":"docker.py","lineno":71}
{"timestamp":"2026-05-20T01:00:15.912156Z","level":"info","event":"\tat py4j.reflection.ReflectionEngine.invoke(ReflectionEngine.java:374)","logger":"airflow.task.operators.airflow.providers.docker.operators.docker.DockerOperator","filename":"docker.py","lineno":71}
{"timestamp":"2026-05-20T01:00:15.912209Z","level":"info","event":"\tat py4j.Gateway.invoke(Gateway.java:282)","logger":"airflow.task.operators.airflow.providers.docker.operators.docker.DockerOperator","filename":"docker.py","lineno":71}
{"timestamp":"2026-05-20T01:00:15.912257Z","level":"info","event":"\tat py4j.commands.AbstractCommand.invokeMethod(AbstractCommand.java:132)","logger":"airflow.task.operators.airflow.providers.docker.operators.docker.DockerOperator","filename":"docker.py","lineno":71}
{"timestamp":"2026-05-20T01:00:15.912304Z","level":"info","event":"\tat py4j.commands.CallCommand.execute(CallCommand.java:79)","logger":"airflow.task.operators.airflow.providers.docker.operators.docker.DockerOperator","filename":"docker.py","lineno":71}
{"timestamp":"2026-05-20T01:00:15.912379Z","level":"info","event":"\tat py4j.ClientServerConnection.waitForCommands(ClientServerConnection.java:182)","logger":"airflow.task.operators.airflow.providers.docker.operators.docker.DockerOperator","filename":"docker.py","lineno":71}
{"timestamp":"2026-05-20T01:00:15.912445Z","level":"info","event":"\tat py4j.ClientServerConnection.run(ClientServerConnection.java:106)","logger":"airflow.task.operators.airflow.providers.docker.operators.docker.DockerOperator","filename":"docker.py","lineno":71}
{"timestamp":"2026-05-20T01:00:15.912510Z","level":"info","event":"\tat java.base/java.lang.Thread.run(Unknown Source)","logger":"airflow.task.operators.airflow.providers.docker.operators.docker.DockerOperator","filename":"docker.py","lineno":71}
{"timestamp":"2026-05-20T01:00:15.912565Z","level":"info","event":"Caused by: java.lang.ClassNotFoundException: com.amazonaws.AmazonClientException","logger":"airflow.task.operators.airflow.providers.docker.operators.docker.DockerOperator","filename":"docker.py","lineno":71}
{"timestamp":"2026-05-20T01:00:15.912618Z","level":"info","event":"\tat java.base/jdk.internal.loader.BuiltinClassLoader.loadClass(Unknown Source)","logger":"airflow.task.operators.airflow.providers.docker.operators.docker.DockerOperator","filename":"docker.py","lineno":71}
{"timestamp":"2026-05-20T01:00:15.912668Z","level":"info","event":"\tat java.base/jdk.internal.loader.ClassLoaders$AppClassLoader.loadClass(Unknown Source)","logger":"airflow.task.operators.airflow.providers.docker.operators.docker.DockerOperator","filename":"docker.py","lineno":71}
{"timestamp":"2026-05-20T01:00:15.912710Z","level":"info","event":"\tat java.base/java.lang.ClassLoader.loadClass(Unknown Source)","logger":"airflow.task.operators.airflow.providers.docker.operators.docker.DockerOperator","filename":"docker.py","lineno":71}
{"timestamp":"2026-05-20T01:00:15.912752Z","level":"info","event":"\t... 31 more","logger":"airflow.task.operators.airflow.providers.docker.operators.docker.DockerOperator","filename":"docker.py","lineno":71}
{"timestamp":"2026-05-20T01:00:15.912793Z","level":"info","event":"","logger":"airflow.task.operators.airflow.providers.docker.operators.docker.DockerOperator","filename":"docker.py","lineno":71}
{"timestamp":"2026-05-20T01:00:15.963247Z","level":"info","event":"2026-05-20 01:00:15,961 - ERROR - Error processing table sales.shoppingcartitem: An error occurred while calling o96.load.","logger":"airflow.task.operators.airflow.providers.docker.operators.docker.DockerOperator","filename":"docker.py","lineno":71}
{"timestamp":"2026-05-20T01:00:15.963529Z","level":"info","event":": java.lang.NoClassDefFoundError: com/amazonaws/AmazonClientException","logger":"airflow.task.operators.airflow.providers.docker.operators.docker.DockerOperator","filename":"docker.py","lineno":71}
{"timestamp":"2026-05-20T01:00:15.963605Z","level":"info","event":"\tat java.base/java.lang.Class.forName0(Native Method)","logger":"airflow.task.operators.airflow.providers.docker.operators.docker.DockerOperator","filename":"docker.py","lineno":71}
{"timestamp":"2026-05-20T01:00:15.963669Z","level":"info","event":"\tat java.base/java.lang.Class.forName(Unknown Source)","logger":"airflow.task.operators.airflow.providers.docker.operators.docker.DockerOperator","filename":"docker.py","lineno":71}
{"timestamp":"2026-05-20T01:00:15.963734Z","level":"info","event":"\tat org.apache.hadoop.conf.Configuration.getClassByNameOrNull(Configuration.java:2625)","logger":"airflow.task.operators.airflow.providers.docker.operators.docker.DockerOperator","filename":"docker.py","lineno":71}
{"timestamp":"2026-05-20T01:00:15.963795Z","level":"info","event":"\tat org.apache.hadoop.conf.Configuration.getClassByName(Configuration.java:2590)","logger":"airflow.task.operators.airflow.providers.docker.operators.docker.DockerOperator","filename":"docker.py","lineno":71}
{"timestamp":"2026-05-20T01:00:15.963856Z","level":"info","event":"\tat org.apache.hadoop.conf.Configuration.getClass(Configuration.java:2686)","logger":"airflow.task.operators.airflow.providers.docker.operators.docker.DockerOperator","filename":"docker.py","lineno":71}
{"timestamp":"2026-05-20T01:00:15.963937Z","level":"info","event":"\tat org.apache.hadoop.fs.FileSystem.getFileSystemClass(FileSystem.java:3431)","logger":"airflow.task.operators.airflow.providers.docker.operators.docker.DockerOperator","filename":"docker.py","lineno":71}
{"timestamp":"2026-05-20T01:00:15.964004Z","level":"info","event":"\tat org.apache.hadoop.fs.FileSystem.createFileSystem(FileSystem.java:3466)","logger":"airflow.task.operators.airflow.providers.docker.operators.docker.DockerOperator","filename":"docker.py","lineno":71}
{"timestamp":"2026-05-20T01:00:15.964065Z","level":"info","event":"\tat org.apache.hadoop.fs.FileSystem.access$300(FileSystem.java:174)","logger":"airflow.task.operators.airflow.providers.docker.operators.docker.DockerOperator","filename":"docker.py","lineno":71}
{"timestamp":"2026-05-20T01:00:15.964124Z","level":"info","event":"\tat org.apache.hadoop.fs.FileSystem$Cache.getInternal(FileSystem.java:3574)","logger":"airflow.task.operators.airflow.providers.docker.operators.docker.DockerOperator","filename":"docker.py","lineno":71}
{"timestamp":"2026-05-20T01:00:15.964181Z","level":"info","event":"\tat org.apache.hadoop.fs.FileSystem$Cache.get(FileSystem.java:3521)","logger":"airflow.task.operators.airflow.providers.docker.operators.docker.DockerOperator","filename":"docker.py","lineno":71}
{"timestamp":"2026-05-20T01:00:15.964238Z","level":"info","event":"\tat org.apache.hadoop.fs.FileSystem.get(FileSystem.java:540)","logger":"airflow.task.operators.airflow.providers.docker.operators.docker.DockerOperator","filename":"docker.py","lineno":71}
{"timestamp":"2026-05-20T01:00:15.964295Z","level":"info","event":"\tat org.apache.hadoop.fs.Path.getFileSystem(Path.java:365)","logger":"airflow.task.operators.airflow.providers.docker.operators.docker.DockerOperator","filename":"docker.py","lineno":71}
{"timestamp":"2026-05-20T01:00:15.964348Z","level":"info","event":"\tat org.apache.spark.sql.execution.streaming.FileStreamSink$.hasMetadata(FileStreamSink.scala:53)","logger":"airflow.task.operators.airflow.providers.docker.operators.docker.DockerOperator","filename":"docker.py","lineno":71}
{"timestamp":"2026-05-20T01:00:15.964404Z","level":"info","event":"\tat org.apache.spark.sql.execution.datasources.DataSource.resolveRelation(DataSource.scala:366)","logger":"airflow.task.operators.airflow.providers.docker.operators.docker.DockerOperator","filename":"docker.py","lineno":71}
{"timestamp":"2026-05-20T01:00:15.964461Z","level":"info","event":"\tat org.apache.spark.sql.DataFrameReader.loadV1Source(DataFrameReader.scala:229)","logger":"airflow.task.operators.airflow.providers.docker.operators.docker.DockerOperator","filename":"docker.py","lineno":71}
{"timestamp":"2026-05-20T01:00:15.964519Z","level":"info","event":"\tat org.apache.spark.sql.DataFrameReader.$anonfun$load$2(DataFrameReader.scala:211)","logger":"airflow.task.operators.airflow.providers.docker.operators.docker.DockerOperator","filename":"docker.py","lineno":71}
{"timestamp":"2026-05-20T01:00:15.964576Z","level":"info","event":"\tat scala.Option.getOrElse(Option.scala:189)","logger":"airflow.task.operators.airflow.providers.docker.operators.docker.DockerOperator","filename":"docker.py","lineno":71}
{"timestamp":"2026-05-20T01:00:15.964630Z","level":"info","event":"\tat org.apache.spark.sql.DataFrameReader.load(DataFrameReader.scala:211)","logger":"airflow.task.operators.airflow.providers.docker.operators.docker.DockerOperator","filename":"docker.py","lineno":71}
{"timestamp":"2026-05-20T01:00:15.964686Z","level":"info","event":"\tat org.apache.spark.sql.DataFrameReader.load(DataFrameReader.scala:186)","logger":"airflow.task.operators.airflow.providers.docker.operators.docker.DockerOperator","filename":"docker.py","lineno":71}
{"timestamp":"2026-05-20T01:00:15.964741Z","level":"info","event":"\tat java.base/jdk.internal.reflect.NativeMethodAccessorImpl.invoke0(Native Method)","logger":"airflow.task.operators.airflow.providers.docker.operators.docker.DockerOperator","filename":"docker.py","lineno":71}
{"timestamp":"2026-05-20T01:00:15.964796Z","level":"info","event":"\tat java.base/jdk.internal.reflect.NativeMethodAccessorImpl.invoke(Unknown Source)","logger":"airflow.task.operators.airflow.providers.docker.operators.docker.DockerOperator","filename":"docker.py","lineno":71}
{"timestamp":"2026-05-20T01:00:15.964851Z","level":"info","event":"\tat java.base/jdk.internal.reflect.DelegatingMethodAccessorImpl.invoke(Unknown Source)","logger":"airflow.task.operators.airflow.providers.docker.operators.docker.DockerOperator","filename":"docker.py","lineno":71}
{"timestamp":"2026-05-20T01:00:15.964922Z","level":"info","event":"\tat java.base/java.lang.reflect.Method.invoke(Unknown Source)","logger":"airflow.task.operators.airflow.providers.docker.operators.docker.DockerOperator","filename":"docker.py","lineno":71}
{"timestamp":"2026-05-20T01:00:15.965000Z","level":"info","event":"\tat py4j.reflection.MethodInvoker.invoke(MethodInvoker.java:244)","logger":"airflow.task.operators.airflow.providers.docker.operators.docker.DockerOperator","filename":"docker.py","lineno":71}
{"timestamp":"2026-05-20T01:00:15.965059Z","level":"info","event":"\tat py4j.reflection.ReflectionEngine.invoke(ReflectionEngine.java:374)","logger":"airflow.task.operators.airflow.providers.docker.operators.docker.DockerOperator","filename":"docker.py","lineno":71}
{"timestamp":"2026-05-20T01:00:15.965113Z","level":"info","event":"\tat py4j.Gateway.invoke(Gateway.java:282)","logger":"airflow.task.operators.airflow.providers.docker.operators.docker.DockerOperator","filename":"docker.py","lineno":71}
{"timestamp":"2026-05-20T01:00:15.965166Z","level":"info","event":"\tat py4j.commands.AbstractCommand.invokeMethod(AbstractCommand.java:132)","logger":"airflow.task.operators.airflow.providers.docker.operators.docker.DockerOperator","filename":"docker.py","lineno":71}
{"timestamp":"2026-05-20T01:00:15.965216Z","level":"info","event":"\tat py4j.commands.CallCommand.execute(CallCommand.java:79)","logger":"airflow.task.operators.airflow.providers.docker.operators.docker.DockerOperator","filename":"docker.py","lineno":71}
{"timestamp":"2026-05-20T01:00:15.965271Z","level":"info","event":"\tat py4j.ClientServerConnection.waitForCommands(ClientServerConnection.java:182)","logger":"airflow.task.operators.airflow.providers.docker.operators.docker.DockerOperator","filename":"docker.py","lineno":71}
{"timestamp":"2026-05-20T01:00:15.965326Z","level":"info","event":"\tat py4j.ClientServerConnection.run(ClientServerConnection.java:106)","logger":"airflow.task.operators.airflow.providers.docker.operators.docker.DockerOperator","filename":"docker.py","lineno":71}
{"timestamp":"2026-05-20T01:00:15.965384Z","level":"info","event":"\tat java.base/java.lang.Thread.run(Unknown Source)","logger":"airflow.task.operators.airflow.providers.docker.operators.docker.DockerOperator","filename":"docker.py","lineno":71}
{"timestamp":"2026-05-20T01:00:15.965441Z","level":"info","event":"Caused by: java.lang.ClassNotFoundException: com.amazonaws.AmazonClientException","logger":"airflow.task.operators.airflow.providers.docker.operators.docker.DockerOperator","filename":"docker.py","lineno":71}
{"timestamp":"2026-05-20T01:00:15.965643Z","level":"info","event":"\tat java.base/jdk.internal.loader.BuiltinClassLoader.loadClass(Unknown Source)","logger":"airflow.task.operators.airflow.providers.docker.operators.docker.DockerOperator","filename":"docker.py","lineno":71}
{"timestamp":"2026-05-20T01:00:15.965725Z","level":"info","event":"\tat java.base/jdk.internal.loader.ClassLoaders$AppClassLoader.loadClass(Unknown Source)","logger":"airflow.task.operators.airflow.providers.docker.operators.docker.DockerOperator","filename":"docker.py","lineno":71}
{"timestamp":"2026-05-20T01:00:15.965792Z","level":"info","event":"\tat java.base/java.lang.ClassLoader.loadClass(Unknown Source)","logger":"airflow.task.operators.airflow.providers.docker.operators.docker.DockerOperator","filename":"docker.py","lineno":71}
{"timestamp":"2026-05-20T01:00:15.965859Z","level":"info","event":"\t... 31 more","logger":"airflow.task.operators.airflow.providers.docker.operators.docker.DockerOperator","filename":"docker.py","lineno":71}
{"timestamp":"2026-05-20T01:00:15.970082Z","level":"info","event":"","logger":"airflow.task.operators.airflow.providers.docker.operators.docker.DockerOperator","filename":"docker.py","lineno":71}
{"timestamp":"2026-05-20T01:00:15.978553Z","level":"info","event":"2026-05-20 01:00:15,977 - ERROR - Error processing table sales.salesreason: An error occurred while calling o85.load.","logger":"airflow.task.operators.airflow.providers.docker.operators.docker.DockerOperator","filename":"docker.py","lineno":71}
{"timestamp":"2026-05-20T01:00:15.978788Z","level":"info","event":": java.lang.NoClassDefFoundError: com/amazonaws/AmazonClientException","logger":"airflow.task.operators.airflow.providers.docker.operators.docker.DockerOperator","filename":"docker.py","lineno":71}
{"timestamp":"2026-05-20T01:00:15.978859Z","level":"info","event":"\tat java.base/java.lang.Class.forName0(Native Method)","logger":"airflow.task.operators.airflow.providers.docker.operators.docker.DockerOperator","filename":"docker.py","lineno":71}
{"timestamp":"2026-05-20T01:00:15.978939Z","level":"info","event":"\tat java.base/java.lang.Class.forName(Unknown Source)","logger":"airflow.task.operators.airflow.providers.docker.operators.docker.DockerOperator","filename":"docker.py","lineno":71}
{"timestamp":"2026-05-20T01:00:15.978997Z","level":"info","event":"\tat org.apache.hadoop.conf.Configuration.getClassByNameOrNull(Configuration.java:2625)","logger":"airflow.task.operators.airflow.providers.docker.operators.docker.DockerOperator","filename":"docker.py","lineno":71}
{"timestamp":"2026-05-20T01:00:15.979056Z","level":"info","event":"\tat org.apache.hadoop.conf.Configuration.getClassByName(Configuration.java:2590)","logger":"airflow.task.operators.airflow.providers.docker.operators.docker.DockerOperator","filename":"docker.py","lineno":71}
{"timestamp":"2026-05-20T01:00:15.979112Z","level":"info","event":"\tat org.apache.hadoop.conf.Configuration.getClass(Configuration.java:2686)","logger":"airflow.task.operators.airflow.providers.docker.operators.docker.DockerOperator","filename":"docker.py","lineno":71}
{"timestamp":"2026-05-20T01:00:15.979166Z","level":"info","event":"\tat org.apache.hadoop.fs.FileSystem.getFileSystemClass(FileSystem.java:3431)","logger":"airflow.task.operators.airflow.providers.docker.operators.docker.DockerOperator","filename":"docker.py","lineno":71}
{"timestamp":"2026-05-20T01:00:15.979220Z","level":"info","event":"\tat org.apache.hadoop.fs.FileSystem.createFileSystem(FileSystem.java:3466)","logger":"airflow.task.operators.airflow.providers.docker.operators.docker.DockerOperator","filename":"docker.py","lineno":71}
{"timestamp":"2026-05-20T01:00:15.979673Z","level":"info","event":"\tat org.apache.hadoop.fs.FileSystem.access$300(FileSystem.java:174)","logger":"airflow.task.operators.airflow.providers.docker.operators.docker.DockerOperator","filename":"docker.py","lineno":71}
{"timestamp":"2026-05-20T01:00:15.979883Z","level":"info","event":"\tat org.apache.hadoop.fs.FileSystem$Cache.getInternal(FileSystem.java:3574)","logger":"airflow.task.operators.airflow.providers.docker.operators.docker.DockerOperator","filename":"docker.py","lineno":71}
{"timestamp":"2026-05-20T01:00:15.980031Z","level":"info","event":"\tat org.apache.hadoop.fs.FileSystem$Cache.get(FileSystem.java:3521)","logger":"airflow.task.operators.airflow.providers.docker.operators.docker.DockerOperator","filename":"docker.py","lineno":71}
{"timestamp":"2026-05-20T01:00:15.980216Z","level":"info","event":"\tat org.apache.hadoop.fs.FileSystem.get(FileSystem.java:540)","logger":"airflow.task.operators.airflow.providers.docker.operators.docker.DockerOperator","filename":"docker.py","lineno":71}
{"timestamp":"2026-05-20T01:00:15.980284Z","level":"info","event":"\tat org.apache.hadoop.fs.Path.getFileSystem(Path.java:365)","logger":"airflow.task.operators.airflow.providers.docker.operators.docker.DockerOperator","filename":"docker.py","lineno":71}
{"timestamp":"2026-05-20T01:00:15.980346Z","level":"info","event":"\tat org.apache.spark.sql.execution.streaming.FileStreamSink$.hasMetadata(FileStreamSink.scala:53)","logger":"airflow.task.operators.airflow.providers.docker.operators.docker.DockerOperator","filename":"docker.py","lineno":71}
{"timestamp":"2026-05-20T01:00:15.980406Z","level":"info","event":"\tat org.apache.spark.sql.execution.datasources.DataSource.resolveRelation(DataSource.scala:366)","logger":"airflow.task.operators.airflow.providers.docker.operators.docker.DockerOperator","filename":"docker.py","lineno":71}
{"timestamp":"2026-05-20T01:00:15.980461Z","level":"info","event":"\tat org.apache.spark.sql.DataFrameReader.loadV1Source(DataFrameReader.scala:229)","logger":"airflow.task.operators.airflow.providers.docker.operators.docker.DockerOperator","filename":"docker.py","lineno":71}
{"timestamp":"2026-05-20T01:00:15.980518Z","level":"info","event":"\tat org.apache.spark.sql.DataFrameReader.$anonfun$load$2(DataFrameReader.scala:211)","logger":"airflow.task.operators.airflow.providers.docker.operators.docker.DockerOperator","filename":"docker.py","lineno":71}
{"timestamp":"2026-05-20T01:00:15.980577Z","level":"info","event":"\tat scala.Option.getOrElse(Option.scala:189)","logger":"airflow.task.operators.airflow.providers.docker.operators.docker.DockerOperator","filename":"docker.py","lineno":71}
{"timestamp":"2026-05-20T01:00:15.980631Z","level":"info","event":"\tat org.apache.spark.sql.DataFrameReader.load(DataFrameReader.scala:211)","logger":"airflow.task.operators.airflow.providers.docker.operators.docker.DockerOperator","filename":"docker.py","lineno":71}
{"timestamp":"2026-05-20T01:00:15.980684Z","level":"info","event":"\tat org.apache.spark.sql.DataFrameReader.load(DataFrameReader.scala:186)","logger":"airflow.task.operators.airflow.providers.docker.operators.docker.DockerOperator","filename":"docker.py","lineno":71}
{"timestamp":"2026-05-20T01:00:15.980737Z","level":"info","event":"\tat java.base/jdk.internal.reflect.NativeMethodAccessorImpl.invoke0(Native Method)","logger":"airflow.task.operators.airflow.providers.docker.operators.docker.DockerOperator","filename":"docker.py","lineno":71}
{"timestamp":"2026-05-20T01:00:15.980789Z","level":"info","event":"\tat java.base/jdk.internal.reflect.NativeMethodAccessorImpl.invoke(Unknown Source)","logger":"airflow.task.operators.airflow.providers.docker.operators.docker.DockerOperator","filename":"docker.py","lineno":71}
{"timestamp":"2026-05-20T01:00:15.980840Z","level":"info","event":"\tat java.base/jdk.internal.reflect.DelegatingMethodAccessorImpl.invoke(Unknown Source)","logger":"airflow.task.operators.airflow.providers.docker.operators.docker.DockerOperator","filename":"docker.py","lineno":71}
{"timestamp":"2026-05-20T01:00:15.980924Z","level":"info","event":"\tat java.base/java.lang.reflect.Method.invoke(Unknown Source)","logger":"airflow.task.operators.airflow.providers.docker.operators.docker.DockerOperator","filename":"docker.py","lineno":71}
{"timestamp":"2026-05-20T01:00:15.980985Z","level":"info","event":"\tat py4j.reflection.MethodInvoker.invoke(MethodInvoker.java:244)","logger":"airflow.task.operators.airflow.providers.docker.operators.docker.DockerOperator","filename":"docker.py","lineno":71}
{"timestamp":"2026-05-20T01:00:15.981039Z","level":"info","event":"\tat py4j.reflection.ReflectionEngine.invoke(ReflectionEngine.java:374)","logger":"airflow.task.operators.airflow.providers.docker.operators.docker.DockerOperator","filename":"docker.py","lineno":71}
{"timestamp":"2026-05-20T01:00:15.981107Z","level":"info","event":"\tat py4j.Gateway.invoke(Gateway.java:282)","logger":"airflow.task.operators.airflow.providers.docker.operators.docker.DockerOperator","filename":"docker.py","lineno":71}
{"timestamp":"2026-05-20T01:00:15.981159Z","level":"info","event":"\tat py4j.commands.AbstractCommand.invokeMethod(AbstractCommand.java:132)","logger":"airflow.task.operators.airflow.providers.docker.operators.docker.DockerOperator","filename":"docker.py","lineno":71}
{"timestamp":"2026-05-20T01:00:15.981211Z","level":"info","event":"\tat py4j.commands.CallCommand.execute(CallCommand.java:79)","logger":"airflow.task.operators.airflow.providers.docker.operators.docker.DockerOperator","filename":"docker.py","lineno":71}
{"timestamp":"2026-05-20T01:00:15.981261Z","level":"info","event":"\tat py4j.ClientServerConnection.waitForCommands(ClientServerConnection.java:182)","logger":"airflow.task.operators.airflow.providers.docker.operators.docker.DockerOperator","filename":"docker.py","lineno":71}
{"timestamp":"2026-05-20T01:00:15.981314Z","level":"info","event":"\tat py4j.ClientServerConnection.run(ClientServerConnection.java:106)","logger":"airflow.task.operators.airflow.providers.docker.operators.docker.DockerOperator","filename":"docker.py","lineno":71}
{"timestamp":"2026-05-20T01:00:15.981376Z","level":"info","event":"\tat java.base/java.lang.Thread.run(Unknown Source)","logger":"airflow.task.operators.airflow.providers.docker.operators.docker.DockerOperator","filename":"docker.py","lineno":71}
{"timestamp":"2026-05-20T01:00:15.981435Z","level":"info","event":"Caused by: java.lang.ClassNotFoundException: com.amazonaws.AmazonClientException","logger":"airflow.task.operators.airflow.providers.docker.operators.docker.DockerOperator","filename":"docker.py","lineno":71}
{"timestamp":"2026-05-20T01:00:15.981489Z","level":"info","event":"\tat java.base/jdk.internal.loader.BuiltinClassLoader.loadClass(Unknown Source)","logger":"airflow.task.operators.airflow.providers.docker.operators.docker.DockerOperator","filename":"docker.py","lineno":71}
{"timestamp":"2026-05-20T01:00:15.981539Z","level":"info","event":"\tat java.base/jdk.internal.loader.ClassLoaders$AppClassLoader.loadClass(Unknown Source)","logger":"airflow.task.operators.airflow.providers.docker.operators.docker.DockerOperator","filename":"docker.py","lineno":71}
{"timestamp":"2026-05-20T01:00:15.981596Z","level":"info","event":"\tat java.base/java.lang.ClassLoader.loadClass(Unknown Source)","logger":"airflow.task.operators.airflow.providers.docker.operators.docker.DockerOperator","filename":"docker.py","lineno":71}
{"timestamp":"2026-05-20T01:00:15.981649Z","level":"info","event":"\t... 31 more","logger":"airflow.task.operators.airflow.providers.docker.operators.docker.DockerOperator","filename":"docker.py","lineno":71}
{"timestamp":"2026-05-20T01:00:15.981703Z","level":"info","event":"","logger":"airflow.task.operators.airflow.providers.docker.operators.docker.DockerOperator","filename":"docker.py","lineno":71}
{"timestamp":"2026-05-20T01:00:16.159753Z","level":"info","event":"2026-05-20 01:00:16,158 - ERROR - Error processing table sales.specialofferproduct: An error occurred while calling o111.load.","logger":"airflow.task.operators.airflow.providers.docker.operators.docker.DockerOperator","filename":"docker.py","lineno":71}
{"timestamp":"2026-05-20T01:00:16.160050Z","level":"info","event":": java.lang.NoClassDefFoundError: com/amazonaws/AmazonClientException","logger":"airflow.task.operators.airflow.providers.docker.operators.docker.DockerOperator","filename":"docker.py","lineno":71}
{"timestamp":"2026-05-20T01:00:16.160207Z","level":"info","event":"\tat java.base/java.lang.Class.forName0(Native Method)","logger":"airflow.task.operators.airflow.providers.docker.operators.docker.DockerOperator","filename":"docker.py","lineno":71}
{"timestamp":"2026-05-20T01:00:16.160285Z","level":"info","event":"\tat java.base/java.lang.Class.forName(Unknown Source)","logger":"airflow.task.operators.airflow.providers.docker.operators.docker.DockerOperator","filename":"docker.py","lineno":71}
{"timestamp":"2026-05-20T01:00:16.160356Z","level":"info","event":"\tat org.apache.hadoop.conf.Configuration.getClassByNameOrNull(Configuration.java:2625)","logger":"airflow.task.operators.airflow.providers.docker.operators.docker.DockerOperator","filename":"docker.py","lineno":71}
{"timestamp":"2026-05-20T01:00:16.160431Z","level":"info","event":"\tat org.apache.hadoop.conf.Configuration.getClassByName(Configuration.java:2590)","logger":"airflow.task.operators.airflow.providers.docker.operators.docker.DockerOperator","filename":"docker.py","lineno":71}
{"timestamp":"2026-05-20T01:00:16.160521Z","level":"info","event":"\tat org.apache.hadoop.conf.Configuration.getClass(Configuration.java:2686)","logger":"airflow.task.operators.airflow.providers.docker.operators.docker.DockerOperator","filename":"docker.py","lineno":71}
{"timestamp":"2026-05-20T01:00:16.160589Z","level":"info","event":"\tat org.apache.hadoop.fs.FileSystem.getFileSystemClass(FileSystem.java:3431)","logger":"airflow.task.operators.airflow.providers.docker.operators.docker.DockerOperator","filename":"docker.py","lineno":71}
{"timestamp":"2026-05-20T01:00:16.160652Z","level":"info","event":"\tat org.apache.hadoop.fs.FileSystem.createFileSystem(FileSystem.java:3466)","logger":"airflow.task.operators.airflow.providers.docker.operators.docker.DockerOperator","filename":"docker.py","lineno":71}
{"timestamp":"2026-05-20T01:00:16.160715Z","level":"info","event":"\tat org.apache.hadoop.fs.FileSystem.access$300(FileSystem.java:174)","logger":"airflow.task.operators.airflow.providers.docker.operators.docker.DockerOperator","filename":"docker.py","lineno":71}
{"timestamp":"2026-05-20T01:00:16.160781Z","level":"info","event":"\tat org.apache.hadoop.fs.FileSystem$Cache.getInternal(FileSystem.java:3574)","logger":"airflow.task.operators.airflow.providers.docker.operators.docker.DockerOperator","filename":"docker.py","lineno":71}
{"timestamp":"2026-05-20T01:00:16.160845Z","level":"info","event":"\tat org.apache.hadoop.fs.FileSystem$Cache.get(FileSystem.java:3521)","logger":"airflow.task.operators.airflow.providers.docker.operators.docker.DockerOperator","filename":"docker.py","lineno":71}
{"timestamp":"2026-05-20T01:00:16.160929Z","level":"info","event":"\tat org.apache.hadoop.fs.FileSystem.get(FileSystem.java:540)","logger":"airflow.task.operators.airflow.providers.docker.operators.docker.DockerOperator","filename":"docker.py","lineno":71}
{"timestamp":"2026-05-20T01:00:16.161127Z","level":"info","event":"\tat org.apache.hadoop.fs.Path.getFileSystem(Path.java:365)","logger":"airflow.task.operators.airflow.providers.docker.operators.docker.DockerOperator","filename":"docker.py","lineno":71}
{"timestamp":"2026-05-20T01:00:16.161214Z","level":"info","event":"\tat org.apache.spark.sql.execution.streaming.FileStreamSink$.hasMetadata(FileStreamSink.scala:53)","logger":"airflow.task.operators.airflow.providers.docker.operators.docker.DockerOperator","filename":"docker.py","lineno":71}
{"timestamp":"2026-05-20T01:00:16.161306Z","level":"info","event":"\tat org.apache.spark.sql.execution.datasources.DataSource.resolveRelation(DataSource.scala:366)","logger":"airflow.task.operators.airflow.providers.docker.operators.docker.DockerOperator","filename":"docker.py","lineno":71}
{"timestamp":"2026-05-20T01:00:16.161380Z","level":"info","event":"\tat org.apache.spark.sql.DataFrameReader.loadV1Source(DataFrameReader.scala:229)","logger":"airflow.task.operators.airflow.providers.docker.operators.docker.DockerOperator","filename":"docker.py","lineno":71}
{"timestamp":"2026-05-20T01:00:16.161471Z","level":"info","event":"\tat org.apache.spark.sql.DataFrameReader.$anonfun$load$2(DataFrameReader.scala:211)","logger":"airflow.task.operators.airflow.providers.docker.operators.docker.DockerOperator","filename":"docker.py","lineno":71}
{"timestamp":"2026-05-20T01:00:16.161567Z","level":"info","event":"\tat scala.Option.getOrElse(Option.scala:189)","logger":"airflow.task.operators.airflow.providers.docker.operators.docker.DockerOperator","filename":"docker.py","lineno":71}
{"timestamp":"2026-05-20T01:00:16.161648Z","level":"info","event":"\tat org.apache.spark.sql.DataFrameReader.load(DataFrameReader.scala:211)","logger":"airflow.task.operators.airflow.providers.docker.operators.docker.DockerOperator","filename":"docker.py","lineno":71}
{"timestamp":"2026-05-20T01:00:16.164516Z","level":"info","event":"\tat org.apache.spark.sql.DataFrameReader.load(DataFrameReader.scala:186)","logger":"airflow.task.operators.airflow.providers.docker.operators.docker.DockerOperator","filename":"docker.py","lineno":71}
{"timestamp":"2026-05-20T01:00:16.164601Z","level":"info","event":"\tat java.base/jdk.internal.reflect.NativeMethodAccessorImpl.invoke0(Native Method)","logger":"airflow.task.operators.airflow.providers.docker.operators.docker.DockerOperator","filename":"docker.py","lineno":71}
{"timestamp":"2026-05-20T01:00:16.164655Z","level":"info","event":"\tat java.base/jdk.internal.reflect.NativeMethodAccessorImpl.invoke(Unknown Source)","logger":"airflow.task.operators.airflow.providers.docker.operators.docker.DockerOperator","filename":"docker.py","lineno":71}
{"timestamp":"2026-05-20T01:00:16.164702Z","level":"info","event":"\tat java.base/jdk.internal.reflect.DelegatingMethodAccessorImpl.invoke(Unknown Source)","logger":"airflow.task.operators.airflow.providers.docker.operators.docker.DockerOperator","filename":"docker.py","lineno":71}
{"timestamp":"2026-05-20T01:00:16.164749Z","level":"info","event":"\tat java.base/java.lang.reflect.Method.invoke(Unknown Source)","logger":"airflow.task.operators.airflow.providers.docker.operators.docker.DockerOperator","filename":"docker.py","lineno":71}
{"timestamp":"2026-05-20T01:00:16.164799Z","level":"info","event":"\tat py4j.reflection.MethodInvoker.invoke(MethodInvoker.java:244)","logger":"airflow.task.operators.airflow.providers.docker.operators.docker.DockerOperator","filename":"docker.py","lineno":71}
{"timestamp":"2026-05-20T01:00:16.164864Z","level":"info","event":"\tat py4j.reflection.ReflectionEngine.invoke(ReflectionEngine.java:374)","logger":"airflow.task.operators.airflow.providers.docker.operators.docker.DockerOperator","filename":"docker.py","lineno":71}
{"timestamp":"2026-05-20T01:00:16.164944Z","level":"info","event":"\tat py4j.Gateway.invoke(Gateway.java:282)","logger":"airflow.task.operators.airflow.providers.docker.operators.docker.DockerOperator","filename":"docker.py","lineno":71}
{"timestamp":"2026-05-20T01:00:16.164998Z","level":"info","event":"\tat py4j.commands.AbstractCommand.invokeMethod(AbstractCommand.java:132)","logger":"airflow.task.operators.airflow.providers.docker.operators.docker.DockerOperator","filename":"docker.py","lineno":71}
{"timestamp":"2026-05-20T01:00:16.165047Z","level":"info","event":"\tat py4j.commands.CallCommand.execute(CallCommand.java:79)","logger":"airflow.task.operators.airflow.providers.docker.operators.docker.DockerOperator","filename":"docker.py","lineno":71}
{"timestamp":"2026-05-20T01:00:16.165097Z","level":"info","event":"\tat py4j.ClientServerConnection.waitForCommands(ClientServerConnection.java:182)","logger":"airflow.task.operators.airflow.providers.docker.operators.docker.DockerOperator","filename":"docker.py","lineno":71}
{"timestamp":"2026-05-20T01:00:16.165146Z","level":"info","event":"\tat py4j.ClientServerConnection.run(ClientServerConnection.java:106)","logger":"airflow.task.operators.airflow.providers.docker.operators.docker.DockerOperator","filename":"docker.py","lineno":71}
{"timestamp":"2026-05-20T01:00:16.165199Z","level":"info","event":"\tat java.base/java.lang.Thread.run(Unknown Source)","logger":"airflow.task.operators.airflow.providers.docker.operators.docker.DockerOperator","filename":"docker.py","lineno":71}
{"timestamp":"2026-05-20T01:00:16.165260Z","level":"info","event":"Caused by: java.lang.ClassNotFoundException: com.amazonaws.AmazonClientException","logger":"airflow.task.operators.airflow.providers.docker.operators.docker.DockerOperator","filename":"docker.py","lineno":71}
{"timestamp":"2026-05-20T01:00:16.165324Z","level":"info","event":"\tat java.base/jdk.internal.loader.BuiltinClassLoader.loadClass(Unknown Source)","logger":"airflow.task.operators.airflow.providers.docker.operators.docker.DockerOperator","filename":"docker.py","lineno":71}
{"timestamp":"2026-05-20T01:00:16.165386Z","level":"info","event":"\tat java.base/jdk.internal.loader.ClassLoaders$AppClassLoader.loadClass(Unknown Source)","logger":"airflow.task.operators.airflow.providers.docker.operators.docker.DockerOperator","filename":"docker.py","lineno":71}
{"timestamp":"2026-05-20T01:00:16.165450Z","level":"info","event":"\tat java.base/java.lang.ClassLoader.loadClass(Unknown Source)","logger":"airflow.task.operators.airflow.providers.docker.operators.docker.DockerOperator","filename":"docker.py","lineno":71}
{"timestamp":"2026-05-20T01:00:16.165511Z","level":"info","event":"\t... 31 more","logger":"airflow.task.operators.airflow.providers.docker.operators.docker.DockerOperator","filename":"docker.py","lineno":71}
{"timestamp":"2026-05-20T01:00:16.165567Z","level":"info","event":"","logger":"airflow.task.operators.airflow.providers.docker.operators.docker.DockerOperator","filename":"docker.py","lineno":71}
{"timestamp":"2026-05-20T01:00:16.188001Z","level":"info","event":"2026-05-20 01:00:16,186 - ERROR - Error processing table sales.store: An error occurred while calling o112.load.","logger":"airflow.task.operators.airflow.providers.docker.operators.docker.DockerOperator","filename":"docker.py","lineno":71}
{"timestamp":"2026-05-20T01:00:16.188271Z","level":"info","event":": java.lang.NoClassDefFoundError: com/amazonaws/AmazonClientException","logger":"airflow.task.operators.airflow.providers.docker.operators.docker.DockerOperator","filename":"docker.py","lineno":71}
{"timestamp":"2026-05-20T01:00:16.188381Z","level":"info","event":"\tat java.base/java.lang.Class.forName0(Native Method)","logger":"airflow.task.operators.airflow.providers.docker.operators.docker.DockerOperator","filename":"docker.py","lineno":71}
{"timestamp":"2026-05-20T01:00:16.188453Z","level":"info","event":"\tat java.base/java.lang.Class.forName(Unknown Source)","logger":"airflow.task.operators.airflow.providers.docker.operators.docker.DockerOperator","filename":"docker.py","lineno":71}
{"timestamp":"2026-05-20T01:00:16.188538Z","level":"info","event":"\tat org.apache.hadoop.conf.Configuration.getClassByNameOrNull(Configuration.java:2625)","logger":"airflow.task.operators.airflow.providers.docker.operators.docker.DockerOperator","filename":"docker.py","lineno":71}
{"timestamp":"2026-05-20T01:00:16.188605Z","level":"info","event":"\tat org.apache.hadoop.conf.Configuration.getClassByName(Configuration.java:2590)","logger":"airflow.task.operators.airflow.providers.docker.operators.docker.DockerOperator","filename":"docker.py","lineno":71}
{"timestamp":"2026-05-20T01:00:16.188673Z","level":"info","event":"\tat org.apache.hadoop.conf.Configuration.getClass(Configuration.java:2686)","logger":"airflow.task.operators.airflow.providers.docker.operators.docker.DockerOperator","filename":"docker.py","lineno":71}
{"timestamp":"2026-05-20T01:00:16.188739Z","level":"info","event":"\tat org.apache.hadoop.fs.FileSystem.getFileSystemClass(FileSystem.java:3431)","logger":"airflow.task.operators.airflow.providers.docker.operators.docker.DockerOperator","filename":"docker.py","lineno":71}
{"timestamp":"2026-05-20T01:00:16.188802Z","level":"info","event":"\tat org.apache.hadoop.fs.FileSystem.createFileSystem(FileSystem.java:3466)","logger":"airflow.task.operators.airflow.providers.docker.operators.docker.DockerOperator","filename":"docker.py","lineno":71}
{"timestamp":"2026-05-20T01:00:16.188867Z","level":"info","event":"\tat org.apache.hadoop.fs.FileSystem.access$300(FileSystem.java:174)","logger":"airflow.task.operators.airflow.providers.docker.operators.docker.DockerOperator","filename":"docker.py","lineno":71}
{"timestamp":"2026-05-20T01:00:16.188950Z","level":"info","event":"\tat org.apache.hadoop.fs.FileSystem$Cache.getInternal(FileSystem.java:3574)","logger":"airflow.task.operators.airflow.providers.docker.operators.docker.DockerOperator","filename":"docker.py","lineno":71}
{"timestamp":"2026-05-20T01:00:16.189016Z","level":"info","event":"\tat org.apache.hadoop.fs.FileSystem$Cache.get(FileSystem.java:3521)","logger":"airflow.task.operators.airflow.providers.docker.operators.docker.DockerOperator","filename":"docker.py","lineno":71}
{"timestamp":"2026-05-20T01:00:16.189076Z","level":"info","event":"\tat org.apache.hadoop.fs.FileSystem.get(FileSystem.java:540)","logger":"airflow.task.operators.airflow.providers.docker.operators.docker.DockerOperator","filename":"docker.py","lineno":71}
{"timestamp":"2026-05-20T01:00:16.189135Z","level":"info","event":"\tat org.apache.hadoop.fs.Path.getFileSystem(Path.java:365)","logger":"airflow.task.operators.airflow.providers.docker.operators.docker.DockerOperator","filename":"docker.py","lineno":71}
{"timestamp":"2026-05-20T01:00:16.189194Z","level":"info","event":"\tat org.apache.spark.sql.execution.streaming.FileStreamSink$.hasMetadata(FileStreamSink.scala:53)","logger":"airflow.task.operators.airflow.providers.docker.operators.docker.DockerOperator","filename":"docker.py","lineno":71}
{"timestamp":"2026-05-20T01:00:16.189256Z","level":"info","event":"\tat org.apache.spark.sql.execution.datasources.DataSource.resolveRelation(DataSource.scala:366)","logger":"airflow.task.operators.airflow.providers.docker.operators.docker.DockerOperator","filename":"docker.py","lineno":71}
{"timestamp":"2026-05-20T01:00:16.189318Z","level":"info","event":"\tat org.apache.spark.sql.DataFrameReader.loadV1Source(DataFrameReader.scala:229)","logger":"airflow.task.operators.airflow.providers.docker.operators.docker.DockerOperator","filename":"docker.py","lineno":71}
{"timestamp":"2026-05-20T01:00:16.189380Z","level":"info","event":"\tat org.apache.spark.sql.DataFrameReader.$anonfun$load$2(DataFrameReader.scala:211)","logger":"airflow.task.operators.airflow.providers.docker.operators.docker.DockerOperator","filename":"docker.py","lineno":71}
{"timestamp":"2026-05-20T01:00:16.189441Z","level":"info","event":"\tat scala.Option.getOrElse(Option.scala:189)","logger":"airflow.task.operators.airflow.providers.docker.operators.docker.DockerOperator","filename":"docker.py","lineno":71}
{"timestamp":"2026-05-20T01:00:16.189525Z","level":"info","event":"\tat org.apache.spark.sql.DataFrameReader.load(DataFrameReader.scala:211)","logger":"airflow.task.operators.airflow.providers.docker.operators.docker.DockerOperator","filename":"docker.py","lineno":71}
{"timestamp":"2026-05-20T01:00:16.189588Z","level":"info","event":"\tat org.apache.spark.sql.DataFrameReader.load(DataFrameReader.scala:186)","logger":"airflow.task.operators.airflow.providers.docker.operators.docker.DockerOperator","filename":"docker.py","lineno":71}
{"timestamp":"2026-05-20T01:00:16.189647Z","level":"info","event":"\tat jdk.internal.reflect.GeneratedMethodAccessor10.invoke(Unknown Source)","logger":"airflow.task.operators.airflow.providers.docker.operators.docker.DockerOperator","filename":"docker.py","lineno":71}
{"timestamp":"2026-05-20T01:00:16.189707Z","level":"info","event":"\tat java.base/jdk.internal.reflect.DelegatingMethodAccessorImpl.invoke(Unknown Source)","logger":"airflow.task.operators.airflow.providers.docker.operators.docker.DockerOperator","filename":"docker.py","lineno":71}
{"timestamp":"2026-05-20T01:00:16.189770Z","level":"info","event":"\tat java.base/java.lang.reflect.Method.invoke(Unknown Source)","logger":"airflow.task.operators.airflow.providers.docker.operators.docker.DockerOperator","filename":"docker.py","lineno":71}
{"timestamp":"2026-05-20T01:00:16.189839Z","level":"info","event":"\tat py4j.reflection.MethodInvoker.invoke(MethodInvoker.java:244)","logger":"airflow.task.operators.airflow.providers.docker.operators.docker.DockerOperator","filename":"docker.py","lineno":71}
{"timestamp":"2026-05-20T01:00:16.189935Z","level":"info","event":"\tat py4j.reflection.ReflectionEngine.invoke(ReflectionEngine.java:374)","logger":"airflow.task.operators.airflow.providers.docker.operators.docker.DockerOperator","filename":"docker.py","lineno":71}
{"timestamp":"2026-05-20T01:00:16.190014Z","level":"info","event":"\tat py4j.Gateway.invoke(Gateway.java:282)","logger":"airflow.task.operators.airflow.providers.docker.operators.docker.DockerOperator","filename":"docker.py","lineno":71}
{"timestamp":"2026-05-20T01:00:16.190083Z","level":"info","event":"\tat py4j.commands.AbstractCommand.invokeMethod(AbstractCommand.java:132)","logger":"airflow.task.operators.airflow.providers.docker.operators.docker.DockerOperator","filename":"docker.py","lineno":71}
{"timestamp":"2026-05-20T01:00:16.190145Z","level":"info","event":"\tat py4j.commands.CallCommand.execute(CallCommand.java:79)","logger":"airflow.task.operators.airflow.providers.docker.operators.docker.DockerOperator","filename":"docker.py","lineno":71}
{"timestamp":"2026-05-20T01:00:16.190209Z","level":"info","event":"\tat py4j.ClientServerConnection.waitForCommands(ClientServerConnection.java:182)","logger":"airflow.task.operators.airflow.providers.docker.operators.docker.DockerOperator","filename":"docker.py","lineno":71}
{"timestamp":"2026-05-20T01:00:16.190276Z","level":"info","event":"\tat py4j.ClientServerConnection.run(ClientServerConnection.java:106)","logger":"airflow.task.operators.airflow.providers.docker.operators.docker.DockerOperator","filename":"docker.py","lineno":71}
{"timestamp":"2026-05-20T01:00:16.190342Z","level":"info","event":"\tat java.base/java.lang.Thread.run(Unknown Source)","logger":"airflow.task.operators.airflow.providers.docker.operators.docker.DockerOperator","filename":"docker.py","lineno":71}
{"timestamp":"2026-05-20T01:00:16.190407Z","level":"info","event":"Caused by: java.lang.ClassNotFoundException: com.amazonaws.AmazonClientException","logger":"airflow.task.operators.airflow.providers.docker.operators.docker.DockerOperator","filename":"docker.py","lineno":71}
{"timestamp":"2026-05-20T01:00:16.190471Z","level":"info","event":"\tat java.base/jdk.internal.loader.BuiltinClassLoader.loadClass(Unknown Source)","logger":"airflow.task.operators.airflow.providers.docker.operators.docker.DockerOperator","filename":"docker.py","lineno":71}
{"timestamp":"2026-05-20T01:00:16.190563Z","level":"info","event":"\tat java.base/jdk.internal.loader.ClassLoaders$AppClassLoader.loadClass(Unknown Source)","logger":"airflow.task.operators.airflow.providers.docker.operators.docker.DockerOperator","filename":"docker.py","lineno":71}
{"timestamp":"2026-05-20T01:00:16.190633Z","level":"info","event":"\tat java.base/java.lang.ClassLoader.loadClass(Unknown Source)","logger":"airflow.task.operators.airflow.providers.docker.operators.docker.DockerOperator","filename":"docker.py","lineno":71}
{"timestamp":"2026-05-20T01:00:16.190698Z","level":"info","event":"\t... 30 more","logger":"airflow.task.operators.airflow.providers.docker.operators.docker.DockerOperator","filename":"docker.py","lineno":71}
{"timestamp":"2026-05-20T01:00:16.190759Z","level":"info","event":"","logger":"airflow.task.operators.airflow.providers.docker.operators.docker.DockerOperator","filename":"docker.py","lineno":71}
{"timestamp":"2026-05-20T01:00:16.206382Z","level":"info","event":"2026-05-20 01:00:16,204 - ERROR - Error processing table sales.specialoffer: An error occurred while calling o108.load.","logger":"airflow.task.operators.airflow.providers.docker.operators.docker.DockerOperator","filename":"docker.py","lineno":71}
{"timestamp":"2026-05-20T01:00:16.206727Z","level":"info","event":": java.lang.NoClassDefFoundError: com/amazonaws/AmazonClientException","logger":"airflow.task.operators.airflow.providers.docker.operators.docker.DockerOperator","filename":"docker.py","lineno":71}
{"timestamp":"2026-05-20T01:00:16.206858Z","level":"info","event":"\tat java.base/java.lang.Class.forName0(Native Method)","logger":"airflow.task.operators.airflow.providers.docker.operators.docker.DockerOperator","filename":"docker.py","lineno":71}
{"timestamp":"2026-05-20T01:00:16.206963Z","level":"info","event":"\tat java.base/java.lang.Class.forName(Unknown Source)","logger":"airflow.task.operators.airflow.providers.docker.operators.docker.DockerOperator","filename":"docker.py","lineno":71}
{"timestamp":"2026-05-20T01:00:16.207062Z","level":"info","event":"\tat org.apache.hadoop.conf.Configuration.getClassByNameOrNull(Configuration.java:2625)","logger":"airflow.task.operators.airflow.providers.docker.operators.docker.DockerOperator","filename":"docker.py","lineno":71}
{"timestamp":"2026-05-20T01:00:16.207153Z","level":"info","event":"\tat org.apache.hadoop.conf.Configuration.getClassByName(Configuration.java:2590)","logger":"airflow.task.operators.airflow.providers.docker.operators.docker.DockerOperator","filename":"docker.py","lineno":71}
{"timestamp":"2026-05-20T01:00:16.207231Z","level":"info","event":"\tat org.apache.hadoop.conf.Configuration.getClass(Configuration.java:2686)","logger":"airflow.task.operators.airflow.providers.docker.operators.docker.DockerOperator","filename":"docker.py","lineno":71}
{"timestamp":"2026-05-20T01:00:16.207306Z","level":"info","event":"\tat org.apache.hadoop.fs.FileSystem.getFileSystemClass(FileSystem.java:3431)","logger":"airflow.task.operators.airflow.providers.docker.operators.docker.DockerOperator","filename":"docker.py","lineno":71}
{"timestamp":"2026-05-20T01:00:16.207372Z","level":"info","event":"\tat org.apache.hadoop.fs.FileSystem.createFileSystem(FileSystem.java:3466)","logger":"airflow.task.operators.airflow.providers.docker.operators.docker.DockerOperator","filename":"docker.py","lineno":71}
{"timestamp":"2026-05-20T01:00:16.207439Z","level":"info","event":"\tat org.apache.hadoop.fs.FileSystem.access$300(FileSystem.java:174)","logger":"airflow.task.operators.airflow.providers.docker.operators.docker.DockerOperator","filename":"docker.py","lineno":71}
{"timestamp":"2026-05-20T01:00:16.207521Z","level":"info","event":"\tat org.apache.hadoop.fs.FileSystem$Cache.getInternal(FileSystem.java:3574)","logger":"airflow.task.operators.airflow.providers.docker.operators.docker.DockerOperator","filename":"docker.py","lineno":71}
{"timestamp":"2026-05-20T01:00:16.207592Z","level":"info","event":"\tat org.apache.hadoop.fs.FileSystem$Cache.get(FileSystem.java:3521)","logger":"airflow.task.operators.airflow.providers.docker.operators.docker.DockerOperator","filename":"docker.py","lineno":71}
{"timestamp":"2026-05-20T01:00:16.207655Z","level":"info","event":"\tat org.apache.hadoop.fs.FileSystem.get(FileSystem.java:540)","logger":"airflow.task.operators.airflow.providers.docker.operators.docker.DockerOperator","filename":"docker.py","lineno":71}
{"timestamp":"2026-05-20T01:00:16.207713Z","level":"info","event":"\tat org.apache.hadoop.fs.Path.getFileSystem(Path.java:365)","logger":"airflow.task.operators.airflow.providers.docker.operators.docker.DockerOperator","filename":"docker.py","lineno":71}
{"timestamp":"2026-05-20T01:00:16.207778Z","level":"info","event":"\tat org.apache.spark.sql.execution.streaming.FileStreamSink$.hasMetadata(FileStreamSink.scala:53)","logger":"airflow.task.operators.airflow.providers.docker.operators.docker.DockerOperator","filename":"docker.py","lineno":71}
{"timestamp":"2026-05-20T01:00:16.207846Z","level":"info","event":"\tat org.apache.spark.sql.execution.datasources.DataSource.resolveRelation(DataSource.scala:366)","logger":"airflow.task.operators.airflow.providers.docker.operators.docker.DockerOperator","filename":"docker.py","lineno":71}
{"timestamp":"2026-05-20T01:00:16.207934Z","level":"info","event":"\tat org.apache.spark.sql.DataFrameReader.loadV1Source(DataFrameReader.scala:229)","logger":"airflow.task.operators.airflow.providers.docker.operators.docker.DockerOperator","filename":"docker.py","lineno":71}
{"timestamp":"2026-05-20T01:00:16.208009Z","level":"info","event":"\tat org.apache.spark.sql.DataFrameReader.$anonfun$load$2(DataFrameReader.scala:211)","logger":"airflow.task.operators.airflow.providers.docker.operators.docker.DockerOperator","filename":"docker.py","lineno":71}
{"timestamp":"2026-05-20T01:00:16.208093Z","level":"info","event":"\tat scala.Option.getOrElse(Option.scala:189)","logger":"airflow.task.operators.airflow.providers.docker.operators.docker.DockerOperator","filename":"docker.py","lineno":71}
{"timestamp":"2026-05-20T01:00:16.208162Z","level":"info","event":"\tat org.apache.spark.sql.DataFrameReader.load(DataFrameReader.scala:211)","logger":"airflow.task.operators.airflow.providers.docker.operators.docker.DockerOperator","filename":"docker.py","lineno":71}
{"timestamp":"2026-05-20T01:00:16.208221Z","level":"info","event":"\tat org.apache.spark.sql.DataFrameReader.load(DataFrameReader.scala:186)","logger":"airflow.task.operators.airflow.providers.docker.operators.docker.DockerOperator","filename":"docker.py","lineno":71}
{"timestamp":"2026-05-20T01:00:16.208284Z","level":"info","event":"\tat java.base/jdk.internal.reflect.NativeMethodAccessorImpl.invoke0(Native Method)","logger":"airflow.task.operators.airflow.providers.docker.operators.docker.DockerOperator","filename":"docker.py","lineno":71}
{"timestamp":"2026-05-20T01:00:16.208341Z","level":"info","event":"\tat java.base/jdk.internal.reflect.NativeMethodAccessorImpl.invoke(Unknown Source)","logger":"airflow.task.operators.airflow.providers.docker.operators.docker.DockerOperator","filename":"docker.py","lineno":71}
{"timestamp":"2026-05-20T01:00:16.208400Z","level":"info","event":"\tat java.base/jdk.internal.reflect.DelegatingMethodAccessorImpl.invoke(Unknown Source)","logger":"airflow.task.operators.airflow.providers.docker.operators.docker.DockerOperator","filename":"docker.py","lineno":71}
{"timestamp":"2026-05-20T01:00:16.208463Z","level":"info","event":"\tat java.base/java.lang.reflect.Method.invoke(Unknown Source)","logger":"airflow.task.operators.airflow.providers.docker.operators.docker.DockerOperator","filename":"docker.py","lineno":71}
{"timestamp":"2026-05-20T01:00:16.208541Z","level":"info","event":"\tat py4j.reflection.MethodInvoker.invoke(MethodInvoker.java:244)","logger":"airflow.task.operators.airflow.providers.docker.operators.docker.DockerOperator","filename":"docker.py","lineno":71}
{"timestamp":"2026-05-20T01:00:16.208604Z","level":"info","event":"\tat py4j.reflection.ReflectionEngine.invoke(ReflectionEngine.java:374)","logger":"airflow.task.operators.airflow.providers.docker.operators.docker.DockerOperator","filename":"docker.py","lineno":71}
{"timestamp":"2026-05-20T01:00:16.208661Z","level":"info","event":"\tat py4j.Gateway.invoke(Gateway.java:282)","logger":"airflow.task.operators.airflow.providers.docker.operators.docker.DockerOperator","filename":"docker.py","lineno":71}
{"timestamp":"2026-05-20T01:00:16.208715Z","level":"info","event":"\tat py4j.commands.AbstractCommand.invokeMethod(AbstractCommand.java:132)","logger":"airflow.task.operators.airflow.providers.docker.operators.docker.DockerOperator","filename":"docker.py","lineno":71}
{"timestamp":"2026-05-20T01:00:16.208775Z","level":"info","event":"\tat py4j.commands.CallCommand.execute(CallCommand.java:79)","logger":"airflow.task.operators.airflow.providers.docker.operators.docker.DockerOperator","filename":"docker.py","lineno":71}
{"timestamp":"2026-05-20T01:00:16.208840Z","level":"info","event":"\tat py4j.ClientServerConnection.waitForCommands(ClientServerConnection.java:182)","logger":"airflow.task.operators.airflow.providers.docker.operators.docker.DockerOperator","filename":"docker.py","lineno":71}
{"timestamp":"2026-05-20T01:00:16.214024Z","level":"info","event":"\tat py4j.ClientServerConnection.run(ClientServerConnection.java:106)","logger":"airflow.task.operators.airflow.providers.docker.operators.docker.DockerOperator","filename":"docker.py","lineno":71}
{"timestamp":"2026-05-20T01:00:16.214273Z","level":"info","event":"\tat java.base/java.lang.Thread.run(Unknown Source)","logger":"airflow.task.operators.airflow.providers.docker.operators.docker.DockerOperator","filename":"docker.py","lineno":71}
{"timestamp":"2026-05-20T01:00:16.214350Z","level":"info","event":"Caused by: java.lang.ClassNotFoundException: com.amazonaws.AmazonClientException","logger":"airflow.task.operators.airflow.providers.docker.operators.docker.DockerOperator","filename":"docker.py","lineno":71}
{"timestamp":"2026-05-20T01:00:16.214447Z","level":"info","event":"\tat java.base/jdk.internal.loader.BuiltinClassLoader.loadClass(Unknown Source)","logger":"airflow.task.operators.airflow.providers.docker.operators.docker.DockerOperator","filename":"docker.py","lineno":71}
{"timestamp":"2026-05-20T01:00:16.214518Z","level":"info","event":"\tat java.base/jdk.internal.loader.ClassLoaders$AppClassLoader.loadClass(Unknown Source)","logger":"airflow.task.operators.airflow.providers.docker.operators.docker.DockerOperator","filename":"docker.py","lineno":71}
{"timestamp":"2026-05-20T01:00:16.214584Z","level":"info","event":"\tat java.base/java.lang.ClassLoader.loadClass(Unknown Source)","logger":"airflow.task.operators.airflow.providers.docker.operators.docker.DockerOperator","filename":"docker.py","lineno":71}
{"timestamp":"2026-05-20T01:00:16.214653Z","level":"info","event":"\t... 31 more","logger":"airflow.task.operators.airflow.providers.docker.operators.docker.DockerOperator","filename":"docker.py","lineno":71}
{"timestamp":"2026-05-20T01:00:16.214712Z","level":"info","event":"","logger":"airflow.task.operators.airflow.providers.docker.operators.docker.DockerOperator","filename":"docker.py","lineno":71}
{"timestamp":"2026-05-20T01:00:16.266465Z","level":"info","event":"2026-05-20 01:00:16,265 - ERROR - Error processing table humanresources.department: An error occurred while calling o120.load.","logger":"airflow.task.operators.airflow.providers.docker.operators.docker.DockerOperator","filename":"docker.py","lineno":71}
{"timestamp":"2026-05-20T01:00:16.266709Z","level":"info","event":": java.lang.NoClassDefFoundError: com/amazonaws/AmazonClientException","logger":"airflow.task.operators.airflow.providers.docker.operators.docker.DockerOperator","filename":"docker.py","lineno":71}
{"timestamp":"2026-05-20T01:00:16.266776Z","level":"info","event":"\tat java.base/java.lang.Class.forName0(Native Method)","logger":"airflow.task.operators.airflow.providers.docker.operators.docker.DockerOperator","filename":"docker.py","lineno":71}
{"timestamp":"2026-05-20T01:00:16.266829Z","level":"info","event":"\tat java.base/java.lang.Class.forName(Unknown Source)","logger":"airflow.task.operators.airflow.providers.docker.operators.docker.DockerOperator","filename":"docker.py","lineno":71}
{"timestamp":"2026-05-20T01:00:16.266879Z","level":"info","event":"\tat org.apache.hadoop.conf.Configuration.getClassByNameOrNull(Configuration.java:2625)","logger":"airflow.task.operators.airflow.providers.docker.operators.docker.DockerOperator","filename":"docker.py","lineno":71}
{"timestamp":"2026-05-20T01:00:16.268632Z","level":"info","event":"\tat org.apache.hadoop.conf.Configuration.getClassByName(Configuration.java:2590)","logger":"airflow.task.operators.airflow.providers.docker.operators.docker.DockerOperator","filename":"docker.py","lineno":71}
{"timestamp":"2026-05-20T01:00:16.268721Z","level":"info","event":"\tat org.apache.hadoop.conf.Configuration.getClass(Configuration.java:2686)","logger":"airflow.task.operators.airflow.providers.docker.operators.docker.DockerOperator","filename":"docker.py","lineno":71}
{"timestamp":"2026-05-20T01:00:16.268790Z","level":"info","event":"\tat org.apache.hadoop.fs.FileSystem.getFileSystemClass(FileSystem.java:3431)","logger":"airflow.task.operators.airflow.providers.docker.operators.docker.DockerOperator","filename":"docker.py","lineno":71}
{"timestamp":"2026-05-20T01:00:16.268860Z","level":"info","event":"\tat org.apache.hadoop.fs.FileSystem.createFileSystem(FileSystem.java:3466)","logger":"airflow.task.operators.airflow.providers.docker.operators.docker.DockerOperator","filename":"docker.py","lineno":71}
{"timestamp":"2026-05-20T01:00:16.269012Z","level":"info","event":"\tat org.apache.hadoop.fs.FileSystem.access$300(FileSystem.java:174)","logger":"airflow.task.operators.airflow.providers.docker.operators.docker.DockerOperator","filename":"docker.py","lineno":71}
{"timestamp":"2026-05-20T01:00:16.269090Z","level":"info","event":"\tat org.apache.hadoop.fs.FileSystem$Cache.getInternal(FileSystem.java:3574)","logger":"airflow.task.operators.airflow.providers.docker.operators.docker.DockerOperator","filename":"docker.py","lineno":71}
{"timestamp":"2026-05-20T01:00:16.269154Z","level":"info","event":"\tat org.apache.hadoop.fs.FileSystem$Cache.get(FileSystem.java:3521)","logger":"airflow.task.operators.airflow.providers.docker.operators.docker.DockerOperator","filename":"docker.py","lineno":71}
{"timestamp":"2026-05-20T01:00:16.269212Z","level":"info","event":"\tat org.apache.hadoop.fs.FileSystem.get(FileSystem.java:540)","logger":"airflow.task.operators.airflow.providers.docker.operators.docker.DockerOperator","filename":"docker.py","lineno":71}
{"timestamp":"2026-05-20T01:00:16.269270Z","level":"info","event":"\tat org.apache.hadoop.fs.Path.getFileSystem(Path.java:365)","logger":"airflow.task.operators.airflow.providers.docker.operators.docker.DockerOperator","filename":"docker.py","lineno":71}
{"timestamp":"2026-05-20T01:00:16.269330Z","level":"info","event":"\tat org.apache.spark.sql.execution.streaming.FileStreamSink$.hasMetadata(FileStreamSink.scala:53)","logger":"airflow.task.operators.airflow.providers.docker.operators.docker.DockerOperator","filename":"docker.py","lineno":71}
{"timestamp":"2026-05-20T01:00:16.269423Z","level":"info","event":"\tat org.apache.spark.sql.execution.datasources.DataSource.resolveRelation(DataSource.scala:366)","logger":"airflow.task.operators.airflow.providers.docker.operators.docker.DockerOperator","filename":"docker.py","lineno":71}
{"timestamp":"2026-05-20T01:00:16.269500Z","level":"info","event":"\tat org.apache.spark.sql.DataFrameReader.loadV1Source(DataFrameReader.scala:229)","logger":"airflow.task.operators.airflow.providers.docker.operators.docker.DockerOperator","filename":"docker.py","lineno":71}
{"timestamp":"2026-05-20T01:00:16.269568Z","level":"info","event":"\tat org.apache.spark.sql.DataFrameReader.$anonfun$load$2(DataFrameReader.scala:211)","logger":"airflow.task.operators.airflow.providers.docker.operators.docker.DockerOperator","filename":"docker.py","lineno":71}
{"timestamp":"2026-05-20T01:00:16.269635Z","level":"info","event":"\tat scala.Option.getOrElse(Option.scala:189)","logger":"airflow.task.operators.airflow.providers.docker.operators.docker.DockerOperator","filename":"docker.py","lineno":71}
{"timestamp":"2026-05-20T01:00:16.269693Z","level":"info","event":"\tat org.apache.spark.sql.DataFrameReader.load(DataFrameReader.scala:211)","logger":"airflow.task.operators.airflow.providers.docker.operators.docker.DockerOperator","filename":"docker.py","lineno":71}
{"timestamp":"2026-05-20T01:00:16.269752Z","level":"info","event":"\tat org.apache.spark.sql.DataFrameReader.load(DataFrameReader.scala:186)","logger":"airflow.task.operators.airflow.providers.docker.operators.docker.DockerOperator","filename":"docker.py","lineno":71}
{"timestamp":"2026-05-20T01:00:16.269820Z","level":"info","event":"\tat java.base/jdk.internal.reflect.NativeMethodAccessorImpl.invoke0(Native Method)","logger":"airflow.task.operators.airflow.providers.docker.operators.docker.DockerOperator","filename":"docker.py","lineno":71}
{"timestamp":"2026-05-20T01:00:16.269889Z","level":"info","event":"\tat java.base/jdk.internal.reflect.NativeMethodAccessorImpl.invoke(Unknown Source)","logger":"airflow.task.operators.airflow.providers.docker.operators.docker.DockerOperator","filename":"docker.py","lineno":71}
{"timestamp":"2026-05-20T01:00:16.272290Z","level":"info","event":"\tat java.base/jdk.internal.reflect.DelegatingMethodAccessorImpl.invoke(Unknown Source)","logger":"airflow.task.operators.airflow.providers.docker.operators.docker.DockerOperator","filename":"docker.py","lineno":71}
{"timestamp":"2026-05-20T01:00:16.272358Z","level":"info","event":"\tat java.base/java.lang.reflect.Method.invoke(Unknown Source)","logger":"airflow.task.operators.airflow.providers.docker.operators.docker.DockerOperator","filename":"docker.py","lineno":71}
{"timestamp":"2026-05-20T01:00:16.272419Z","level":"info","event":"\tat py4j.reflection.MethodInvoker.invoke(MethodInvoker.java:244)","logger":"airflow.task.operators.airflow.providers.docker.operators.docker.DockerOperator","filename":"docker.py","lineno":71}
{"timestamp":"2026-05-20T01:00:16.272487Z","level":"info","event":"\tat py4j.reflection.ReflectionEngine.invoke(ReflectionEngine.java:374)","logger":"airflow.task.operators.airflow.providers.docker.operators.docker.DockerOperator","filename":"docker.py","lineno":71}
{"timestamp":"2026-05-20T01:00:16.272545Z","level":"info","event":"\tat py4j.Gateway.invoke(Gateway.java:282)","logger":"airflow.task.operators.airflow.providers.docker.operators.docker.DockerOperator","filename":"docker.py","lineno":71}
{"timestamp":"2026-05-20T01:00:16.272604Z","level":"info","event":"\tat py4j.commands.AbstractCommand.invokeMethod(AbstractCommand.java:132)","logger":"airflow.task.operators.airflow.providers.docker.operators.docker.DockerOperator","filename":"docker.py","lineno":71}
{"timestamp":"2026-05-20T01:00:16.272660Z","level":"info","event":"\tat py4j.commands.CallCommand.execute(CallCommand.java:79)","logger":"airflow.task.operators.airflow.providers.docker.operators.docker.DockerOperator","filename":"docker.py","lineno":71}
{"timestamp":"2026-05-20T01:00:16.272715Z","level":"info","event":"\tat py4j.ClientServerConnection.waitForCommands(ClientServerConnection.java:182)","logger":"airflow.task.operators.airflow.providers.docker.operators.docker.DockerOperator","filename":"docker.py","lineno":71}
{"timestamp":"2026-05-20T01:00:16.272773Z","level":"info","event":"\tat py4j.ClientServerConnection.run(ClientServerConnection.java:106)","logger":"airflow.task.operators.airflow.providers.docker.operators.docker.DockerOperator","filename":"docker.py","lineno":71}
{"timestamp":"2026-05-20T01:00:16.272842Z","level":"info","event":"\tat java.base/java.lang.Thread.run(Unknown Source)","logger":"airflow.task.operators.airflow.providers.docker.operators.docker.DockerOperator","filename":"docker.py","lineno":71}
{"timestamp":"2026-05-20T01:00:16.272916Z","level":"info","event":"Caused by: java.lang.ClassNotFoundException: com.amazonaws.AmazonClientException","logger":"airflow.task.operators.airflow.providers.docker.operators.docker.DockerOperator","filename":"docker.py","lineno":71}
{"timestamp":"2026-05-20T01:00:16.272992Z","level":"info","event":"\tat java.base/jdk.internal.loader.BuiltinClassLoader.loadClass(Unknown Source)","logger":"airflow.task.operators.airflow.providers.docker.operators.docker.DockerOperator","filename":"docker.py","lineno":71}
{"timestamp":"2026-05-20T01:00:16.273095Z","level":"info","event":"\tat java.base/jdk.internal.loader.ClassLoaders$AppClassLoader.loadClass(Unknown Source)","logger":"airflow.task.operators.airflow.providers.docker.operators.docker.DockerOperator","filename":"docker.py","lineno":71}
{"timestamp":"2026-05-20T01:00:16.273156Z","level":"info","event":"\tat java.base/java.lang.ClassLoader.loadClass(Unknown Source)","logger":"airflow.task.operators.airflow.providers.docker.operators.docker.DockerOperator","filename":"docker.py","lineno":71}
{"timestamp":"2026-05-20T01:00:16.273216Z","level":"info","event":"\t... 31 more","logger":"airflow.task.operators.airflow.providers.docker.operators.docker.DockerOperator","filename":"docker.py","lineno":71}
{"timestamp":"2026-05-20T01:00:16.273277Z","level":"info","event":"","logger":"airflow.task.operators.airflow.providers.docker.operators.docker.DockerOperator","filename":"docker.py","lineno":71}
{"timestamp":"2026-05-20T01:00:16.273439Z","level":"info","event":"2026-05-20 01:00:16,267 - ERROR - Error processing table person.countryregion: An error occurred while calling o123.load.","logger":"airflow.task.operators.airflow.providers.docker.operators.docker.DockerOperator","filename":"docker.py","lineno":71}
{"timestamp":"2026-05-20T01:00:16.273520Z","level":"info","event":": java.lang.NoClassDefFoundError: com/amazonaws/AmazonClientException","logger":"airflow.task.operators.airflow.providers.docker.operators.docker.DockerOperator","filename":"docker.py","lineno":71}
{"timestamp":"2026-05-20T01:00:16.273585Z","level":"info","event":"\tat java.base/java.lang.Class.forName0(Native Method)","logger":"airflow.task.operators.airflow.providers.docker.operators.docker.DockerOperator","filename":"docker.py","lineno":71}
{"timestamp":"2026-05-20T01:00:16.273648Z","level":"info","event":"\tat java.base/java.lang.Class.forName(Unknown Source)","logger":"airflow.task.operators.airflow.providers.docker.operators.docker.DockerOperator","filename":"docker.py","lineno":71}
{"timestamp":"2026-05-20T01:00:16.273709Z","level":"info","event":"\tat org.apache.hadoop.conf.Configuration.getClassByNameOrNull(Configuration.java:2625)","logger":"airflow.task.operators.airflow.providers.docker.operators.docker.DockerOperator","filename":"docker.py","lineno":71}
{"timestamp":"2026-05-20T01:00:16.273758Z","level":"info","event":"\tat org.apache.hadoop.conf.Configuration.getClassByName(Configuration.java:2590)","logger":"airflow.task.operators.airflow.providers.docker.operators.docker.DockerOperator","filename":"docker.py","lineno":71}
{"timestamp":"2026-05-20T01:00:16.273804Z","level":"info","event":"\tat org.apache.hadoop.conf.Configuration.getClass(Configuration.java:2686)","logger":"airflow.task.operators.airflow.providers.docker.operators.docker.DockerOperator","filename":"docker.py","lineno":71}
{"timestamp":"2026-05-20T01:00:16.273852Z","level":"info","event":"\tat org.apache.hadoop.fs.FileSystem.getFileSystemClass(FileSystem.java:3431)","logger":"airflow.task.operators.airflow.providers.docker.operators.docker.DockerOperator","filename":"docker.py","lineno":71}
{"timestamp":"2026-05-20T01:00:16.276984Z","level":"info","event":"\tat org.apache.hadoop.fs.FileSystem.createFileSystem(FileSystem.java:3466)","logger":"airflow.task.operators.airflow.providers.docker.operators.docker.DockerOperator","filename":"docker.py","lineno":71}
{"timestamp":"2026-05-20T01:00:16.277171Z","level":"info","event":"\tat org.apache.hadoop.fs.FileSystem.access$300(FileSystem.java:174)","logger":"airflow.task.operators.airflow.providers.docker.operators.docker.DockerOperator","filename":"docker.py","lineno":71}
{"timestamp":"2026-05-20T01:00:16.277249Z","level":"info","event":"\tat org.apache.hadoop.fs.FileSystem$Cache.getInternal(FileSystem.java:3574)","logger":"airflow.task.operators.airflow.providers.docker.operators.docker.DockerOperator","filename":"docker.py","lineno":71}
{"timestamp":"2026-05-20T01:00:16.277317Z","level":"info","event":"\tat org.apache.hadoop.fs.FileSystem$Cache.get(FileSystem.java:3521)","logger":"airflow.task.operators.airflow.providers.docker.operators.docker.DockerOperator","filename":"docker.py","lineno":71}
{"timestamp":"2026-05-20T01:00:16.277383Z","level":"info","event":"\tat org.apache.hadoop.fs.FileSystem.get(FileSystem.java:540)","logger":"airflow.task.operators.airflow.providers.docker.operators.docker.DockerOperator","filename":"docker.py","lineno":71}
{"timestamp":"2026-05-20T01:00:16.277455Z","level":"info","event":"\tat org.apache.hadoop.fs.Path.getFileSystem(Path.java:365)","logger":"airflow.task.operators.airflow.providers.docker.operators.docker.DockerOperator","filename":"docker.py","lineno":71}
{"timestamp":"2026-05-20T01:00:16.277514Z","level":"info","event":"\tat org.apache.spark.sql.execution.streaming.FileStreamSink$.hasMetadata(FileStreamSink.scala:53)","logger":"airflow.task.operators.airflow.providers.docker.operators.docker.DockerOperator","filename":"docker.py","lineno":71}
{"timestamp":"2026-05-20T01:00:16.277578Z","level":"info","event":"\tat org.apache.spark.sql.execution.datasources.DataSource.resolveRelation(DataSource.scala:366)","logger":"airflow.task.operators.airflow.providers.docker.operators.docker.DockerOperator","filename":"docker.py","lineno":71}
{"timestamp":"2026-05-20T01:00:16.277644Z","level":"info","event":"\tat org.apache.spark.sql.DataFrameReader.loadV1Source(DataFrameReader.scala:229)","logger":"airflow.task.operators.airflow.providers.docker.operators.docker.DockerOperator","filename":"docker.py","lineno":71}
{"timestamp":"2026-05-20T01:00:16.277752Z","level":"info","event":"\tat org.apache.spark.sql.DataFrameReader.$anonfun$load$2(DataFrameReader.scala:211)","logger":"airflow.task.operators.airflow.providers.docker.operators.docker.DockerOperator","filename":"docker.py","lineno":71}
{"timestamp":"2026-05-20T01:00:16.277833Z","level":"info","event":"\tat scala.Option.getOrElse(Option.scala:189)","logger":"airflow.task.operators.airflow.providers.docker.operators.docker.DockerOperator","filename":"docker.py","lineno":71}
{"timestamp":"2026-05-20T01:00:16.278761Z","level":"info","event":"\tat org.apache.spark.sql.DataFrameReader.load(DataFrameReader.scala:211)","logger":"airflow.task.operators.airflow.providers.docker.operators.docker.DockerOperator","filename":"docker.py","lineno":71}
{"timestamp":"2026-05-20T01:00:16.278846Z","level":"info","event":"\tat org.apache.spark.sql.DataFrameReader.load(DataFrameReader.scala:186)","logger":"airflow.task.operators.airflow.providers.docker.operators.docker.DockerOperator","filename":"docker.py","lineno":71}
{"timestamp":"2026-05-20T01:00:16.278960Z","level":"info","event":"\tat jdk.internal.reflect.GeneratedMethodAccessor10.invoke(Unknown Source)","logger":"airflow.task.operators.airflow.providers.docker.operators.docker.DockerOperator","filename":"docker.py","lineno":71}
{"timestamp":"2026-05-20T01:00:16.279029Z","level":"info","event":"\tat java.base/jdk.internal.reflect.DelegatingMethodAccessorImpl.invoke(Unknown Source)","logger":"airflow.task.operators.airflow.providers.docker.operators.docker.DockerOperator","filename":"docker.py","lineno":71}
{"timestamp":"2026-05-20T01:00:16.279093Z","level":"info","event":"\tat java.base/java.lang.reflect.Method.invoke(Unknown Source)","logger":"airflow.task.operators.airflow.providers.docker.operators.docker.DockerOperator","filename":"docker.py","lineno":71}
{"timestamp":"2026-05-20T01:00:16.279157Z","level":"info","event":"\tat py4j.reflection.MethodInvoker.invoke(MethodInvoker.java:244)","logger":"airflow.task.operators.airflow.providers.docker.operators.docker.DockerOperator","filename":"docker.py","lineno":71}
{"timestamp":"2026-05-20T01:00:16.279220Z","level":"info","event":"\tat py4j.reflection.ReflectionEngine.invoke(ReflectionEngine.java:374)","logger":"airflow.task.operators.airflow.providers.docker.operators.docker.DockerOperator","filename":"docker.py","lineno":71}
{"timestamp":"2026-05-20T01:00:16.279281Z","level":"info","event":"\tat py4j.Gateway.invoke(Gateway.java:282)","logger":"airflow.task.operators.airflow.providers.docker.operators.docker.DockerOperator","filename":"docker.py","lineno":71}
{"timestamp":"2026-05-20T01:00:16.279343Z","level":"info","event":"\tat py4j.commands.AbstractCommand.invokeMethod(AbstractCommand.java:132)","logger":"airflow.task.operators.airflow.providers.docker.operators.docker.DockerOperator","filename":"docker.py","lineno":71}
{"timestamp":"2026-05-20T01:00:16.279405Z","level":"info","event":"\tat py4j.commands.CallCommand.execute(CallCommand.java:79)","logger":"airflow.task.operators.airflow.providers.docker.operators.docker.DockerOperator","filename":"docker.py","lineno":71}
{"timestamp":"2026-05-20T01:00:16.279472Z","level":"info","event":"\tat py4j.ClientServerConnection.waitForCommands(ClientServerConnection.java:182)","logger":"airflow.task.operators.airflow.providers.docker.operators.docker.DockerOperator","filename":"docker.py","lineno":71}
{"timestamp":"2026-05-20T01:00:16.279534Z","level":"info","event":"\tat py4j.ClientServerConnection.run(ClientServerConnection.java:106)","logger":"airflow.task.operators.airflow.providers.docker.operators.docker.DockerOperator","filename":"docker.py","lineno":71}
{"timestamp":"2026-05-20T01:00:16.279592Z","level":"info","event":"\tat java.base/java.lang.Thread.run(Unknown Source)","logger":"airflow.task.operators.airflow.providers.docker.operators.docker.DockerOperator","filename":"docker.py","lineno":71}
{"timestamp":"2026-05-20T01:00:16.279652Z","level":"info","event":"Caused by: java.lang.ClassNotFoundException: com.amazonaws.AmazonClientException","logger":"airflow.task.operators.airflow.providers.docker.operators.docker.DockerOperator","filename":"docker.py","lineno":71}
{"timestamp":"2026-05-20T01:00:16.279711Z","level":"info","event":"\tat java.base/jdk.internal.loader.BuiltinClassLoader.loadClass(Unknown Source)","logger":"airflow.task.operators.airflow.providers.docker.operators.docker.DockerOperator","filename":"docker.py","lineno":71}
{"timestamp":"2026-05-20T01:00:16.279770Z","level":"info","event":"\tat java.base/jdk.internal.loader.ClassLoaders$AppClassLoader.loadClass(Unknown Source)","logger":"airflow.task.operators.airflow.providers.docker.operators.docker.DockerOperator","filename":"docker.py","lineno":71}
{"timestamp":"2026-05-20T01:00:16.279833Z","level":"info","event":"\tat java.base/java.lang.ClassLoader.loadClass(Unknown Source)","logger":"airflow.task.operators.airflow.providers.docker.operators.docker.DockerOperator","filename":"docker.py","lineno":71}
{"timestamp":"2026-05-20T01:00:16.279892Z","level":"info","event":"\t... 30 more","logger":"airflow.task.operators.airflow.providers.docker.operators.docker.DockerOperator","filename":"docker.py","lineno":71}
{"timestamp":"2026-05-20T01:00:16.282372Z","level":"info","event":"","logger":"airflow.task.operators.airflow.providers.docker.operators.docker.DockerOperator","filename":"docker.py","lineno":71}
{"timestamp":"2026-05-20T01:00:16.282627Z","level":"info","event":"2026-05-20 01:00:16,278 - ERROR - Error processing table humanresources.employee: An error occurred while calling o115.load.","logger":"airflow.task.operators.airflow.providers.docker.operators.docker.DockerOperator","filename":"docker.py","lineno":71}
{"timestamp":"2026-05-20T01:00:16.282711Z","level":"info","event":": java.lang.NoClassDefFoundError: com/amazonaws/AmazonClientException","logger":"airflow.task.operators.airflow.providers.docker.operators.docker.DockerOperator","filename":"docker.py","lineno":71}
{"timestamp":"2026-05-20T01:00:16.282779Z","level":"info","event":"\tat java.base/java.lang.Class.forName0(Native Method)","logger":"airflow.task.operators.airflow.providers.docker.operators.docker.DockerOperator","filename":"docker.py","lineno":71}
{"timestamp":"2026-05-20T01:00:16.282844Z","level":"info","event":"\tat java.base/java.lang.Class.forName(Unknown Source)","logger":"airflow.task.operators.airflow.providers.docker.operators.docker.DockerOperator","filename":"docker.py","lineno":71}
{"timestamp":"2026-05-20T01:00:16.282926Z","level":"info","event":"\tat org.apache.hadoop.conf.Configuration.getClassByNameOrNull(Configuration.java:2625)","logger":"airflow.task.operators.airflow.providers.docker.operators.docker.DockerOperator","filename":"docker.py","lineno":71}
{"timestamp":"2026-05-20T01:00:16.283006Z","level":"info","event":"\tat org.apache.hadoop.conf.Configuration.getClassByName(Configuration.java:2590)","logger":"airflow.task.operators.airflow.providers.docker.operators.docker.DockerOperator","filename":"docker.py","lineno":71}
{"timestamp":"2026-05-20T01:00:16.283069Z","level":"info","event":"\tat org.apache.hadoop.conf.Configuration.getClass(Configuration.java:2686)","logger":"airflow.task.operators.airflow.providers.docker.operators.docker.DockerOperator","filename":"docker.py","lineno":71}
{"timestamp":"2026-05-20T01:00:16.283131Z","level":"info","event":"\tat org.apache.hadoop.fs.FileSystem.getFileSystemClass(FileSystem.java:3431)","logger":"airflow.task.operators.airflow.providers.docker.operators.docker.DockerOperator","filename":"docker.py","lineno":71}
{"timestamp":"2026-05-20T01:00:16.283192Z","level":"info","event":"\tat org.apache.hadoop.fs.FileSystem.createFileSystem(FileSystem.java:3466)","logger":"airflow.task.operators.airflow.providers.docker.operators.docker.DockerOperator","filename":"docker.py","lineno":71}
{"timestamp":"2026-05-20T01:00:16.283253Z","level":"info","event":"\tat org.apache.hadoop.fs.FileSystem.access$300(FileSystem.java:174)","logger":"airflow.task.operators.airflow.providers.docker.operators.docker.DockerOperator","filename":"docker.py","lineno":71}
{"timestamp":"2026-05-20T01:00:16.283313Z","level":"info","event":"\tat org.apache.hadoop.fs.FileSystem$Cache.getInternal(FileSystem.java:3574)","logger":"airflow.task.operators.airflow.providers.docker.operators.docker.DockerOperator","filename":"docker.py","lineno":71}
{"timestamp":"2026-05-20T01:00:16.283366Z","level":"info","event":"\tat org.apache.hadoop.fs.FileSystem$Cache.get(FileSystem.java:3521)","logger":"airflow.task.operators.airflow.providers.docker.operators.docker.DockerOperator","filename":"docker.py","lineno":71}
{"timestamp":"2026-05-20T01:00:16.283418Z","level":"info","event":"\tat org.apache.hadoop.fs.FileSystem.get(FileSystem.java:540)","logger":"airflow.task.operators.airflow.providers.docker.operators.docker.DockerOperator","filename":"docker.py","lineno":71}
{"timestamp":"2026-05-20T01:00:16.283477Z","level":"info","event":"\tat org.apache.hadoop.fs.Path.getFileSystem(Path.java:365)","logger":"airflow.task.operators.airflow.providers.docker.operators.docker.DockerOperator","filename":"docker.py","lineno":71}
{"timestamp":"2026-05-20T01:00:16.283529Z","level":"info","event":"\tat org.apache.spark.sql.execution.streaming.FileStreamSink$.hasMetadata(FileStreamSink.scala:53)","logger":"airflow.task.operators.airflow.providers.docker.operators.docker.DockerOperator","filename":"docker.py","lineno":71}
{"timestamp":"2026-05-20T01:00:16.283580Z","level":"info","event":"\tat org.apache.spark.sql.execution.datasources.DataSource.resolveRelation(DataSource.scala:366)","logger":"airflow.task.operators.airflow.providers.docker.operators.docker.DockerOperator","filename":"docker.py","lineno":71}
{"timestamp":"2026-05-20T01:00:16.283628Z","level":"info","event":"\tat org.apache.spark.sql.DataFrameReader.loadV1Source(DataFrameReader.scala:229)","logger":"airflow.task.operators.airflow.providers.docker.operators.docker.DockerOperator","filename":"docker.py","lineno":71}
{"timestamp":"2026-05-20T01:00:16.283676Z","level":"info","event":"\tat org.apache.spark.sql.DataFrameReader.$anonfun$load$2(DataFrameReader.scala:211)","logger":"airflow.task.operators.airflow.providers.docker.operators.docker.DockerOperator","filename":"docker.py","lineno":71}
{"timestamp":"2026-05-20T01:00:16.283723Z","level":"info","event":"\tat scala.Option.getOrElse(Option.scala:189)","logger":"airflow.task.operators.airflow.providers.docker.operators.docker.DockerOperator","filename":"docker.py","lineno":71}
{"timestamp":"2026-05-20T01:00:16.283767Z","level":"info","event":"\tat org.apache.spark.sql.DataFrameReader.load(DataFrameReader.scala:211)","logger":"airflow.task.operators.airflow.providers.docker.operators.docker.DockerOperator","filename":"docker.py","lineno":71}
{"timestamp":"2026-05-20T01:00:16.283813Z","level":"info","event":"\tat org.apache.spark.sql.DataFrameReader.load(DataFrameReader.scala:186)","logger":"airflow.task.operators.airflow.providers.docker.operators.docker.DockerOperator","filename":"docker.py","lineno":71}
{"timestamp":"2026-05-20T01:00:16.283868Z","level":"info","event":"\tat jdk.internal.reflect.GeneratedMethodAccessor10.invoke(Unknown Source)","logger":"airflow.task.operators.airflow.providers.docker.operators.docker.DockerOperator","filename":"docker.py","lineno":71}
{"timestamp":"2026-05-20T01:00:16.283961Z","level":"info","event":"\tat java.base/jdk.internal.reflect.DelegatingMethodAccessorImpl.invoke(Unknown Source)","logger":"airflow.task.operators.airflow.providers.docker.operators.docker.DockerOperator","filename":"docker.py","lineno":71}
{"timestamp":"2026-05-20T01:00:16.284034Z","level":"info","event":"\tat java.base/java.lang.reflect.Method.invoke(Unknown Source)","logger":"airflow.task.operators.airflow.providers.docker.operators.docker.DockerOperator","filename":"docker.py","lineno":71}
{"timestamp":"2026-05-20T01:00:16.284096Z","level":"info","event":"\tat py4j.reflection.MethodInvoker.invoke(MethodInvoker.java:244)","logger":"airflow.task.operators.airflow.providers.docker.operators.docker.DockerOperator","filename":"docker.py","lineno":71}
{"timestamp":"2026-05-20T01:00:16.284508Z","level":"info","event":"\tat py4j.reflection.ReflectionEngine.invoke(ReflectionEngine.java:374)","logger":"airflow.task.operators.airflow.providers.docker.operators.docker.DockerOperator","filename":"docker.py","lineno":71}
{"timestamp":"2026-05-20T01:00:16.284688Z","level":"info","event":"\tat py4j.Gateway.invoke(Gateway.java:282)","logger":"airflow.task.operators.airflow.providers.docker.operators.docker.DockerOperator","filename":"docker.py","lineno":71}
{"timestamp":"2026-05-20T01:00:16.284765Z","level":"info","event":"\tat py4j.commands.AbstractCommand.invokeMethod(AbstractCommand.java:132)","logger":"airflow.task.operators.airflow.providers.docker.operators.docker.DockerOperator","filename":"docker.py","lineno":71}
{"timestamp":"2026-05-20T01:00:16.284836Z","level":"info","event":"\tat py4j.commands.CallCommand.execute(CallCommand.java:79)","logger":"airflow.task.operators.airflow.providers.docker.operators.docker.DockerOperator","filename":"docker.py","lineno":71}
{"timestamp":"2026-05-20T01:00:16.285054Z","level":"info","event":"\tat py4j.ClientServerConnection.waitForCommands(ClientServerConnection.java:182)","logger":"airflow.task.operators.airflow.providers.docker.operators.docker.DockerOperator","filename":"docker.py","lineno":71}
{"timestamp":"2026-05-20T01:00:16.285135Z","level":"info","event":"\tat py4j.ClientServerConnection.run(ClientServerConnection.java:106)","logger":"airflow.task.operators.airflow.providers.docker.operators.docker.DockerOperator","filename":"docker.py","lineno":71}
{"timestamp":"2026-05-20T01:00:16.285201Z","level":"info","event":"\tat java.base/java.lang.Thread.run(Unknown Source)","logger":"airflow.task.operators.airflow.providers.docker.operators.docker.DockerOperator","filename":"docker.py","lineno":71}
{"timestamp":"2026-05-20T01:00:16.285259Z","level":"info","event":"Caused by: java.lang.ClassNotFoundException: com.amazonaws.AmazonClientException","logger":"airflow.task.operators.airflow.providers.docker.operators.docker.DockerOperator","filename":"docker.py","lineno":71}
{"timestamp":"2026-05-20T01:00:16.285315Z","level":"info","event":"\tat java.base/jdk.internal.loader.BuiltinClassLoader.loadClass(Unknown Source)","logger":"airflow.task.operators.airflow.providers.docker.operators.docker.DockerOperator","filename":"docker.py","lineno":71}
{"timestamp":"2026-05-20T01:00:16.285376Z","level":"info","event":"\tat java.base/jdk.internal.loader.ClassLoaders$AppClassLoader.loadClass(Unknown Source)","logger":"airflow.task.operators.airflow.providers.docker.operators.docker.DockerOperator","filename":"docker.py","lineno":71}
{"timestamp":"2026-05-20T01:00:16.285429Z","level":"info","event":"\tat java.base/java.lang.ClassLoader.loadClass(Unknown Source)","logger":"airflow.task.operators.airflow.providers.docker.operators.docker.DockerOperator","filename":"docker.py","lineno":71}
{"timestamp":"2026-05-20T01:00:16.285497Z","level":"info","event":"\t... 30 more","logger":"airflow.task.operators.airflow.providers.docker.operators.docker.DockerOperator","filename":"docker.py","lineno":71}
{"timestamp":"2026-05-20T01:00:16.285565Z","level":"info","event":"","logger":"airflow.task.operators.airflow.providers.docker.operators.docker.DockerOperator","filename":"docker.py","lineno":71}
{"timestamp":"2026-05-20T01:00:16.311556Z","level":"info","event":"2026-05-20 01:00:16,310 - ERROR - Error processing table person.person: An error occurred while calling o126.load.","logger":"airflow.task.operators.airflow.providers.docker.operators.docker.DockerOperator","filename":"docker.py","lineno":71}
{"timestamp":"2026-05-20T01:00:16.311837Z","level":"info","event":": java.lang.NoClassDefFoundError: com/amazonaws/AmazonClientException","logger":"airflow.task.operators.airflow.providers.docker.operators.docker.DockerOperator","filename":"docker.py","lineno":71}
{"timestamp":"2026-05-20T01:00:16.312014Z","level":"info","event":"\tat java.base/java.lang.Class.forName0(Native Method)","logger":"airflow.task.operators.airflow.providers.docker.operators.docker.DockerOperator","filename":"docker.py","lineno":71}
{"timestamp":"2026-05-20T01:00:16.312111Z","level":"info","event":"\tat java.base/java.lang.Class.forName(Unknown Source)","logger":"airflow.task.operators.airflow.providers.docker.operators.docker.DockerOperator","filename":"docker.py","lineno":71}
{"timestamp":"2026-05-20T01:00:16.312193Z","level":"info","event":"\tat org.apache.hadoop.conf.Configuration.getClassByNameOrNull(Configuration.java:2625)","logger":"airflow.task.operators.airflow.providers.docker.operators.docker.DockerOperator","filename":"docker.py","lineno":71}
{"timestamp":"2026-05-20T01:00:16.312270Z","level":"info","event":"\tat org.apache.hadoop.conf.Configuration.getClassByName(Configuration.java:2590)","logger":"airflow.task.operators.airflow.providers.docker.operators.docker.DockerOperator","filename":"docker.py","lineno":71}
{"timestamp":"2026-05-20T01:00:16.312353Z","level":"info","event":"\tat org.apache.hadoop.conf.Configuration.getClass(Configuration.java:2686)","logger":"airflow.task.operators.airflow.providers.docker.operators.docker.DockerOperator","filename":"docker.py","lineno":71}
{"timestamp":"2026-05-20T01:00:16.312425Z","level":"info","event":"\tat org.apache.hadoop.fs.FileSystem.getFileSystemClass(FileSystem.java:3431)","logger":"airflow.task.operators.airflow.providers.docker.operators.docker.DockerOperator","filename":"docker.py","lineno":71}
{"timestamp":"2026-05-20T01:00:16.312505Z","level":"info","event":"\tat org.apache.hadoop.fs.FileSystem.createFileSystem(FileSystem.java:3466)","logger":"airflow.task.operators.airflow.providers.docker.operators.docker.DockerOperator","filename":"docker.py","lineno":71}
{"timestamp":"2026-05-20T01:00:16.312571Z","level":"info","event":"\tat org.apache.hadoop.fs.FileSystem.access$300(FileSystem.java:174)","logger":"airflow.task.operators.airflow.providers.docker.operators.docker.DockerOperator","filename":"docker.py","lineno":71}
{"timestamp":"2026-05-20T01:00:16.312635Z","level":"info","event":"\tat org.apache.hadoop.fs.FileSystem$Cache.getInternal(FileSystem.java:3574)","logger":"airflow.task.operators.airflow.providers.docker.operators.docker.DockerOperator","filename":"docker.py","lineno":71}
{"timestamp":"2026-05-20T01:00:16.312698Z","level":"info","event":"\tat org.apache.hadoop.fs.FileSystem$Cache.get(FileSystem.java:3521)","logger":"airflow.task.operators.airflow.providers.docker.operators.docker.DockerOperator","filename":"docker.py","lineno":71}
{"timestamp":"2026-05-20T01:00:16.312768Z","level":"info","event":"\tat org.apache.hadoop.fs.FileSystem.get(FileSystem.java:540)","logger":"airflow.task.operators.airflow.providers.docker.operators.docker.DockerOperator","filename":"docker.py","lineno":71}
{"timestamp":"2026-05-20T01:00:16.312835Z","level":"info","event":"\tat org.apache.hadoop.fs.Path.getFileSystem(Path.java:365)","logger":"airflow.task.operators.airflow.providers.docker.operators.docker.DockerOperator","filename":"docker.py","lineno":71}
{"timestamp":"2026-05-20T01:00:16.312923Z","level":"info","event":"\tat org.apache.spark.sql.execution.streaming.FileStreamSink$.hasMetadata(FileStreamSink.scala:53)","logger":"airflow.task.operators.airflow.providers.docker.operators.docker.DockerOperator","filename":"docker.py","lineno":71}
{"timestamp":"2026-05-20T01:00:16.312991Z","level":"info","event":"\tat org.apache.spark.sql.execution.datasources.DataSource.resolveRelation(DataSource.scala:366)","logger":"airflow.task.operators.airflow.providers.docker.operators.docker.DockerOperator","filename":"docker.py","lineno":71}
{"timestamp":"2026-05-20T01:00:16.313042Z","level":"info","event":"\tat org.apache.spark.sql.DataFrameReader.loadV1Source(DataFrameReader.scala:229)","logger":"airflow.task.operators.airflow.providers.docker.operators.docker.DockerOperator","filename":"docker.py","lineno":71}
{"timestamp":"2026-05-20T01:00:16.313094Z","level":"info","event":"\tat org.apache.spark.sql.DataFrameReader.$anonfun$load$2(DataFrameReader.scala:211)","logger":"airflow.task.operators.airflow.providers.docker.operators.docker.DockerOperator","filename":"docker.py","lineno":71}
{"timestamp":"2026-05-20T01:00:16.313145Z","level":"info","event":"\tat scala.Option.getOrElse(Option.scala:189)","logger":"airflow.task.operators.airflow.providers.docker.operators.docker.DockerOperator","filename":"docker.py","lineno":71}
{"timestamp":"2026-05-20T01:00:16.313202Z","level":"info","event":"\tat org.apache.spark.sql.DataFrameReader.load(DataFrameReader.scala:211)","logger":"airflow.task.operators.airflow.providers.docker.operators.docker.DockerOperator","filename":"docker.py","lineno":71}
{"timestamp":"2026-05-20T01:00:16.313257Z","level":"info","event":"\tat org.apache.spark.sql.DataFrameReader.load(DataFrameReader.scala:186)","logger":"airflow.task.operators.airflow.providers.docker.operators.docker.DockerOperator","filename":"docker.py","lineno":71}
{"timestamp":"2026-05-20T01:00:16.313309Z","level":"info","event":"\tat jdk.internal.reflect.GeneratedMethodAccessor10.invoke(Unknown Source)","logger":"airflow.task.operators.airflow.providers.docker.operators.docker.DockerOperator","filename":"docker.py","lineno":71}
{"timestamp":"2026-05-20T01:00:16.313362Z","level":"info","event":"\tat java.base/jdk.internal.reflect.DelegatingMethodAccessorImpl.invoke(Unknown Source)","logger":"airflow.task.operators.airflow.providers.docker.operators.docker.DockerOperator","filename":"docker.py","lineno":71}
{"timestamp":"2026-05-20T01:00:16.313416Z","level":"info","event":"\tat java.base/java.lang.reflect.Method.invoke(Unknown Source)","logger":"airflow.task.operators.airflow.providers.docker.operators.docker.DockerOperator","filename":"docker.py","lineno":71}
{"timestamp":"2026-05-20T01:00:16.313490Z","level":"info","event":"\tat py4j.reflection.MethodInvoker.invoke(MethodInvoker.java:244)","logger":"airflow.task.operators.airflow.providers.docker.operators.docker.DockerOperator","filename":"docker.py","lineno":71}
{"timestamp":"2026-05-20T01:00:16.313545Z","level":"info","event":"\tat py4j.reflection.ReflectionEngine.invoke(ReflectionEngine.java:374)","logger":"airflow.task.operators.airflow.providers.docker.operators.docker.DockerOperator","filename":"docker.py","lineno":71}
{"timestamp":"2026-05-20T01:00:16.313600Z","level":"info","event":"\tat py4j.Gateway.invoke(Gateway.java:282)","logger":"airflow.task.operators.airflow.providers.docker.operators.docker.DockerOperator","filename":"docker.py","lineno":71}
{"timestamp":"2026-05-20T01:00:16.313646Z","level":"info","event":"\tat py4j.commands.AbstractCommand.invokeMethod(AbstractCommand.java:132)","logger":"airflow.task.operators.airflow.providers.docker.operators.docker.DockerOperator","filename":"docker.py","lineno":71}
{"timestamp":"2026-05-20T01:00:16.313691Z","level":"info","event":"\tat py4j.commands.CallCommand.execute(CallCommand.java:79)","logger":"airflow.task.operators.airflow.providers.docker.operators.docker.DockerOperator","filename":"docker.py","lineno":71}
{"timestamp":"2026-05-20T01:00:16.313737Z","level":"info","event":"\tat py4j.ClientServerConnection.waitForCommands(ClientServerConnection.java:182)","logger":"airflow.task.operators.airflow.providers.docker.operators.docker.DockerOperator","filename":"docker.py","lineno":71}
{"timestamp":"2026-05-20T01:00:16.313783Z","level":"info","event":"\tat py4j.ClientServerConnection.run(ClientServerConnection.java:106)","logger":"airflow.task.operators.airflow.providers.docker.operators.docker.DockerOperator","filename":"docker.py","lineno":71}
{"timestamp":"2026-05-20T01:00:16.313827Z","level":"info","event":"\tat java.base/java.lang.Thread.run(Unknown Source)","logger":"airflow.task.operators.airflow.providers.docker.operators.docker.DockerOperator","filename":"docker.py","lineno":71}
{"timestamp":"2026-05-20T01:00:16.313875Z","level":"info","event":"Caused by: java.lang.ClassNotFoundException: com.amazonaws.AmazonClientException","logger":"airflow.task.operators.airflow.providers.docker.operators.docker.DockerOperator","filename":"docker.py","lineno":71}
{"timestamp":"2026-05-20T01:00:16.313957Z","level":"info","event":"\tat java.base/jdk.internal.loader.BuiltinClassLoader.loadClass(Unknown Source)","logger":"airflow.task.operators.airflow.providers.docker.operators.docker.DockerOperator","filename":"docker.py","lineno":71}
{"timestamp":"2026-05-20T01:00:16.314017Z","level":"info","event":"\tat java.base/jdk.internal.loader.ClassLoaders$AppClassLoader.loadClass(Unknown Source)","logger":"airflow.task.operators.airflow.providers.docker.operators.docker.DockerOperator","filename":"docker.py","lineno":71}
{"timestamp":"2026-05-20T01:00:16.314070Z","level":"info","event":"\tat java.base/java.lang.ClassLoader.loadClass(Unknown Source)","logger":"airflow.task.operators.airflow.providers.docker.operators.docker.DockerOperator","filename":"docker.py","lineno":71}
{"timestamp":"2026-05-20T01:00:16.314122Z","level":"info","event":"\t... 30 more","logger":"airflow.task.operators.airflow.providers.docker.operators.docker.DockerOperator","filename":"docker.py","lineno":71}
{"timestamp":"2026-05-20T01:00:16.314175Z","level":"info","event":"","logger":"airflow.task.operators.airflow.providers.docker.operators.docker.DockerOperator","filename":"docker.py","lineno":71}
{"timestamp":"2026-05-20T01:00:16.331778Z","level":"info","event":"2026-05-20 01:00:16,330 - ERROR - Error processing table person.stateprovince: An error occurred while calling o128.load.","logger":"airflow.task.operators.airflow.providers.docker.operators.docker.DockerOperator","filename":"docker.py","lineno":71}
{"timestamp":"2026-05-20T01:00:16.332147Z","level":"info","event":": java.lang.NoClassDefFoundError: com/amazonaws/AmazonClientException","logger":"airflow.task.operators.airflow.providers.docker.operators.docker.DockerOperator","filename":"docker.py","lineno":71}
{"timestamp":"2026-05-20T01:00:16.332278Z","level":"info","event":"\tat java.base/java.lang.Class.forName0(Native Method)","logger":"airflow.task.operators.airflow.providers.docker.operators.docker.DockerOperator","filename":"docker.py","lineno":71}
{"timestamp":"2026-05-20T01:00:16.332350Z","level":"info","event":"\tat java.base/java.lang.Class.forName(Unknown Source)","logger":"airflow.task.operators.airflow.providers.docker.operators.docker.DockerOperator","filename":"docker.py","lineno":71}
{"timestamp":"2026-05-20T01:00:16.332413Z","level":"info","event":"\tat org.apache.hadoop.conf.Configuration.getClassByNameOrNull(Configuration.java:2625)","logger":"airflow.task.operators.airflow.providers.docker.operators.docker.DockerOperator","filename":"docker.py","lineno":71}
{"timestamp":"2026-05-20T01:00:16.332479Z","level":"info","event":"\tat org.apache.hadoop.conf.Configuration.getClassByName(Configuration.java:2590)","logger":"airflow.task.operators.airflow.providers.docker.operators.docker.DockerOperator","filename":"docker.py","lineno":71}
{"timestamp":"2026-05-20T01:00:16.332539Z","level":"info","event":"\tat org.apache.hadoop.conf.Configuration.getClass(Configuration.java:2686)","logger":"airflow.task.operators.airflow.providers.docker.operators.docker.DockerOperator","filename":"docker.py","lineno":71}
{"timestamp":"2026-05-20T01:00:16.332598Z","level":"info","event":"\tat org.apache.hadoop.fs.FileSystem.getFileSystemClass(FileSystem.java:3431)","logger":"airflow.task.operators.airflow.providers.docker.operators.docker.DockerOperator","filename":"docker.py","lineno":71}
{"timestamp":"2026-05-20T01:00:16.332655Z","level":"info","event":"\tat org.apache.hadoop.fs.FileSystem.createFileSystem(FileSystem.java:3466)","logger":"airflow.task.operators.airflow.providers.docker.operators.docker.DockerOperator","filename":"docker.py","lineno":71}
{"timestamp":"2026-05-20T01:00:16.332712Z","level":"info","event":"\tat org.apache.hadoop.fs.FileSystem.access$300(FileSystem.java:174)","logger":"airflow.task.operators.airflow.providers.docker.operators.docker.DockerOperator","filename":"docker.py","lineno":71}
{"timestamp":"2026-05-20T01:00:16.332768Z","level":"info","event":"\tat org.apache.hadoop.fs.FileSystem$Cache.getInternal(FileSystem.java:3574)","logger":"airflow.task.operators.airflow.providers.docker.operators.docker.DockerOperator","filename":"docker.py","lineno":71}
{"timestamp":"2026-05-20T01:00:16.332825Z","level":"info","event":"\tat org.apache.hadoop.fs.FileSystem$Cache.get(FileSystem.java:3521)","logger":"airflow.task.operators.airflow.providers.docker.operators.docker.DockerOperator","filename":"docker.py","lineno":71}
{"timestamp":"2026-05-20T01:00:16.332887Z","level":"info","event":"\tat org.apache.hadoop.fs.FileSystem.get(FileSystem.java:540)","logger":"airflow.task.operators.airflow.providers.docker.operators.docker.DockerOperator","filename":"docker.py","lineno":71}
{"timestamp":"2026-05-20T01:00:16.332975Z","level":"info","event":"\tat org.apache.hadoop.fs.Path.getFileSystem(Path.java:365)","logger":"airflow.task.operators.airflow.providers.docker.operators.docker.DockerOperator","filename":"docker.py","lineno":71}
{"timestamp":"2026-05-20T01:00:16.333037Z","level":"info","event":"\tat org.apache.spark.sql.execution.streaming.FileStreamSink$.hasMetadata(FileStreamSink.scala:53)","logger":"airflow.task.operators.airflow.providers.docker.operators.docker.DockerOperator","filename":"docker.py","lineno":71}
{"timestamp":"2026-05-20T01:00:16.333094Z","level":"info","event":"\tat org.apache.spark.sql.execution.datasources.DataSource.resolveRelation(DataSource.scala:366)","logger":"airflow.task.operators.airflow.providers.docker.operators.docker.DockerOperator","filename":"docker.py","lineno":71}
{"timestamp":"2026-05-20T01:00:16.333150Z","level":"info","event":"\tat org.apache.spark.sql.DataFrameReader.loadV1Source(DataFrameReader.scala:229)","logger":"airflow.task.operators.airflow.providers.docker.operators.docker.DockerOperator","filename":"docker.py","lineno":71}
{"timestamp":"2026-05-20T01:00:16.333211Z","level":"info","event":"\tat org.apache.spark.sql.DataFrameReader.$anonfun$load$2(DataFrameReader.scala:211)","logger":"airflow.task.operators.airflow.providers.docker.operators.docker.DockerOperator","filename":"docker.py","lineno":71}
{"timestamp":"2026-05-20T01:00:16.333269Z","level":"info","event":"\tat scala.Option.getOrElse(Option.scala:189)","logger":"airflow.task.operators.airflow.providers.docker.operators.docker.DockerOperator","filename":"docker.py","lineno":71}
{"timestamp":"2026-05-20T01:00:16.333326Z","level":"info","event":"\tat org.apache.spark.sql.DataFrameReader.load(DataFrameReader.scala:211)","logger":"airflow.task.operators.airflow.providers.docker.operators.docker.DockerOperator","filename":"docker.py","lineno":71}
{"timestamp":"2026-05-20T01:00:16.333387Z","level":"info","event":"\tat org.apache.spark.sql.DataFrameReader.load(DataFrameReader.scala:186)","logger":"airflow.task.operators.airflow.providers.docker.operators.docker.DockerOperator","filename":"docker.py","lineno":71}
{"timestamp":"2026-05-20T01:00:16.333455Z","level":"info","event":"\tat jdk.internal.reflect.GeneratedMethodAccessor10.invoke(Unknown Source)","logger":"airflow.task.operators.airflow.providers.docker.operators.docker.DockerOperator","filename":"docker.py","lineno":71}
{"timestamp":"2026-05-20T01:00:16.333523Z","level":"info","event":"\tat java.base/jdk.internal.reflect.DelegatingMethodAccessorImpl.invoke(Unknown Source)","logger":"airflow.task.operators.airflow.providers.docker.operators.docker.DockerOperator","filename":"docker.py","lineno":71}
{"timestamp":"2026-05-20T01:00:16.333588Z","level":"info","event":"\tat java.base/java.lang.reflect.Method.invoke(Unknown Source)","logger":"airflow.task.operators.airflow.providers.docker.operators.docker.DockerOperator","filename":"docker.py","lineno":71}
{"timestamp":"2026-05-20T01:00:16.333649Z","level":"info","event":"\tat py4j.reflection.MethodInvoker.invoke(MethodInvoker.java:244)","logger":"airflow.task.operators.airflow.providers.docker.operators.docker.DockerOperator","filename":"docker.py","lineno":71}
{"timestamp":"2026-05-20T01:00:16.333712Z","level":"info","event":"\tat py4j.reflection.ReflectionEngine.invoke(ReflectionEngine.java:374)","logger":"airflow.task.operators.airflow.providers.docker.operators.docker.DockerOperator","filename":"docker.py","lineno":71}
{"timestamp":"2026-05-20T01:00:16.333782Z","level":"info","event":"\tat py4j.Gateway.invoke(Gateway.java:282)","logger":"airflow.task.operators.airflow.providers.docker.operators.docker.DockerOperator","filename":"docker.py","lineno":71}
{"timestamp":"2026-05-20T01:00:16.333846Z","level":"info","event":"\tat py4j.commands.AbstractCommand.invokeMethod(AbstractCommand.java:132)","logger":"airflow.task.operators.airflow.providers.docker.operators.docker.DockerOperator","filename":"docker.py","lineno":71}
{"timestamp":"2026-05-20T01:00:16.333929Z","level":"info","event":"\tat py4j.commands.CallCommand.execute(CallCommand.java:79)","logger":"airflow.task.operators.airflow.providers.docker.operators.docker.DockerOperator","filename":"docker.py","lineno":71}
{"timestamp":"2026-05-20T01:00:16.334006Z","level":"info","event":"\tat py4j.ClientServerConnection.waitForCommands(ClientServerConnection.java:182)","logger":"airflow.task.operators.airflow.providers.docker.operators.docker.DockerOperator","filename":"docker.py","lineno":71}
{"timestamp":"2026-05-20T01:00:16.334061Z","level":"info","event":"\tat py4j.ClientServerConnection.run(ClientServerConnection.java:106)","logger":"airflow.task.operators.airflow.providers.docker.operators.docker.DockerOperator","filename":"docker.py","lineno":71}
{"timestamp":"2026-05-20T01:00:16.334113Z","level":"info","event":"\tat java.base/java.lang.Thread.run(Unknown Source)","logger":"airflow.task.operators.airflow.providers.docker.operators.docker.DockerOperator","filename":"docker.py","lineno":71}
{"timestamp":"2026-05-20T01:00:16.334166Z","level":"info","event":"Caused by: java.lang.ClassNotFoundException: com.amazonaws.AmazonClientException","logger":"airflow.task.operators.airflow.providers.docker.operators.docker.DockerOperator","filename":"docker.py","lineno":71}
{"timestamp":"2026-05-20T01:00:16.334218Z","level":"info","event":"\tat java.base/jdk.internal.loader.BuiltinClassLoader.loadClass(Unknown Source)","logger":"airflow.task.operators.airflow.providers.docker.operators.docker.DockerOperator","filename":"docker.py","lineno":71}
{"timestamp":"2026-05-20T01:00:16.334268Z","level":"info","event":"\tat java.base/jdk.internal.loader.ClassLoaders$AppClassLoader.loadClass(Unknown Source)","logger":"airflow.task.operators.airflow.providers.docker.operators.docker.DockerOperator","filename":"docker.py","lineno":71}
{"timestamp":"2026-05-20T01:00:16.334320Z","level":"info","event":"\tat java.base/java.lang.ClassLoader.loadClass(Unknown Source)","logger":"airflow.task.operators.airflow.providers.docker.operators.docker.DockerOperator","filename":"docker.py","lineno":71}
{"timestamp":"2026-05-20T01:00:16.334381Z","level":"info","event":"\t... 30 more","logger":"airflow.task.operators.airflow.providers.docker.operators.docker.DockerOperator","filename":"docker.py","lineno":71}
{"timestamp":"2026-05-20T01:00:16.334439Z","level":"info","event":"","logger":"airflow.task.operators.airflow.providers.docker.operators.docker.DockerOperator","filename":"docker.py","lineno":71}
{"timestamp":"2026-05-20T01:00:16.413269Z","level":"info","event":"2026-05-20 01:00:16,411 - ERROR - Error processing table purchasing.shipmethod: An error occurred while calling o143.load.","logger":"airflow.task.operators.airflow.providers.docker.operators.docker.DockerOperator","filename":"docker.py","lineno":71}
{"timestamp":"2026-05-20T01:00:16.413473Z","level":"info","event":": java.lang.NoClassDefFoundError: com/amazonaws/AmazonClientException","logger":"airflow.task.operators.airflow.providers.docker.operators.docker.DockerOperator","filename":"docker.py","lineno":71}
{"timestamp":"2026-05-20T01:00:16.413527Z","level":"info","event":"\tat java.base/java.lang.Class.forName0(Native Method)","logger":"airflow.task.operators.airflow.providers.docker.operators.docker.DockerOperator","filename":"docker.py","lineno":71}
{"timestamp":"2026-05-20T01:00:16.413568Z","level":"info","event":"\tat java.base/java.lang.Class.forName(Unknown Source)","logger":"airflow.task.operators.airflow.providers.docker.operators.docker.DockerOperator","filename":"docker.py","lineno":71}
{"timestamp":"2026-05-20T01:00:16.413604Z","level":"info","event":"\tat org.apache.hadoop.conf.Configuration.getClassByNameOrNull(Configuration.java:2625)","logger":"airflow.task.operators.airflow.providers.docker.operators.docker.DockerOperator","filename":"docker.py","lineno":71}
{"timestamp":"2026-05-20T01:00:16.413640Z","level":"info","event":"\tat org.apache.hadoop.conf.Configuration.getClassByName(Configuration.java:2590)","logger":"airflow.task.operators.airflow.providers.docker.operators.docker.DockerOperator","filename":"docker.py","lineno":71}
{"timestamp":"2026-05-20T01:00:16.413674Z","level":"info","event":"\tat org.apache.hadoop.conf.Configuration.getClass(Configuration.java:2686)","logger":"airflow.task.operators.airflow.providers.docker.operators.docker.DockerOperator","filename":"docker.py","lineno":71}
{"timestamp":"2026-05-20T01:00:16.413707Z","level":"info","event":"\tat org.apache.hadoop.fs.FileSystem.getFileSystemClass(FileSystem.java:3431)","logger":"airflow.task.operators.airflow.providers.docker.operators.docker.DockerOperator","filename":"docker.py","lineno":71}
{"timestamp":"2026-05-20T01:00:16.413741Z","level":"info","event":"\tat org.apache.hadoop.fs.FileSystem.createFileSystem(FileSystem.java:3466)","logger":"airflow.task.operators.airflow.providers.docker.operators.docker.DockerOperator","filename":"docker.py","lineno":71}
{"timestamp":"2026-05-20T01:00:16.413774Z","level":"info","event":"\tat org.apache.hadoop.fs.FileSystem.access$300(FileSystem.java:174)","logger":"airflow.task.operators.airflow.providers.docker.operators.docker.DockerOperator","filename":"docker.py","lineno":71}
{"timestamp":"2026-05-20T01:00:16.413807Z","level":"info","event":"\tat org.apache.hadoop.fs.FileSystem$Cache.getInternal(FileSystem.java:3574)","logger":"airflow.task.operators.airflow.providers.docker.operators.docker.DockerOperator","filename":"docker.py","lineno":71}
{"timestamp":"2026-05-20T01:00:16.413838Z","level":"info","event":"\tat org.apache.hadoop.fs.FileSystem$Cache.get(FileSystem.java:3521)","logger":"airflow.task.operators.airflow.providers.docker.operators.docker.DockerOperator","filename":"docker.py","lineno":71}
{"timestamp":"2026-05-20T01:00:16.413869Z","level":"info","event":"\tat org.apache.hadoop.fs.FileSystem.get(FileSystem.java:540)","logger":"airflow.task.operators.airflow.providers.docker.operators.docker.DockerOperator","filename":"docker.py","lineno":71}
{"timestamp":"2026-05-20T01:00:16.413935Z","level":"info","event":"\tat org.apache.hadoop.fs.Path.getFileSystem(Path.java:365)","logger":"airflow.task.operators.airflow.providers.docker.operators.docker.DockerOperator","filename":"docker.py","lineno":71}
{"timestamp":"2026-05-20T01:00:16.414000Z","level":"info","event":"\tat org.apache.spark.sql.execution.streaming.FileStreamSink$.hasMetadata(FileStreamSink.scala:53)","logger":"airflow.task.operators.airflow.providers.docker.operators.docker.DockerOperator","filename":"docker.py","lineno":71}
{"timestamp":"2026-05-20T01:00:16.414037Z","level":"info","event":"\tat org.apache.spark.sql.execution.datasources.DataSource.resolveRelation(DataSource.scala:366)","logger":"airflow.task.operators.airflow.providers.docker.operators.docker.DockerOperator","filename":"docker.py","lineno":71}
{"timestamp":"2026-05-20T01:00:16.414069Z","level":"info","event":"\tat org.apache.spark.sql.DataFrameReader.loadV1Source(DataFrameReader.scala:229)","logger":"airflow.task.operators.airflow.providers.docker.operators.docker.DockerOperator","filename":"docker.py","lineno":71}
{"timestamp":"2026-05-20T01:00:16.414101Z","level":"info","event":"\tat org.apache.spark.sql.DataFrameReader.$anonfun$load$2(DataFrameReader.scala:211)","logger":"airflow.task.operators.airflow.providers.docker.operators.docker.DockerOperator","filename":"docker.py","lineno":71}
{"timestamp":"2026-05-20T01:00:16.414132Z","level":"info","event":"\tat scala.Option.getOrElse(Option.scala:189)","logger":"airflow.task.operators.airflow.providers.docker.operators.docker.DockerOperator","filename":"docker.py","lineno":71}
{"timestamp":"2026-05-20T01:00:16.414163Z","level":"info","event":"\tat org.apache.spark.sql.DataFrameReader.load(DataFrameReader.scala:211)","logger":"airflow.task.operators.airflow.providers.docker.operators.docker.DockerOperator","filename":"docker.py","lineno":71}
{"timestamp":"2026-05-20T01:00:16.414195Z","level":"info","event":"\tat org.apache.spark.sql.DataFrameReader.load(DataFrameReader.scala:186)","logger":"airflow.task.operators.airflow.providers.docker.operators.docker.DockerOperator","filename":"docker.py","lineno":71}
{"timestamp":"2026-05-20T01:00:16.414225Z","level":"info","event":"\tat jdk.internal.reflect.GeneratedMethodAccessor10.invoke(Unknown Source)","logger":"airflow.task.operators.airflow.providers.docker.operators.docker.DockerOperator","filename":"docker.py","lineno":71}
{"timestamp":"2026-05-20T01:00:16.414256Z","level":"info","event":"\tat java.base/jdk.internal.reflect.DelegatingMethodAccessorImpl.invoke(Unknown Source)","logger":"airflow.task.operators.airflow.providers.docker.operators.docker.DockerOperator","filename":"docker.py","lineno":71}
{"timestamp":"2026-05-20T01:00:16.414286Z","level":"info","event":"\tat java.base/java.lang.reflect.Method.invoke(Unknown Source)","logger":"airflow.task.operators.airflow.providers.docker.operators.docker.DockerOperator","filename":"docker.py","lineno":71}
{"timestamp":"2026-05-20T01:00:16.414317Z","level":"info","event":"\tat py4j.reflection.MethodInvoker.invoke(MethodInvoker.java:244)","logger":"airflow.task.operators.airflow.providers.docker.operators.docker.DockerOperator","filename":"docker.py","lineno":71}
{"timestamp":"2026-05-20T01:00:16.414349Z","level":"info","event":"\tat py4j.reflection.ReflectionEngine.invoke(ReflectionEngine.java:374)","logger":"airflow.task.operators.airflow.providers.docker.operators.docker.DockerOperator","filename":"docker.py","lineno":71}
{"timestamp":"2026-05-20T01:00:16.414382Z","level":"info","event":"\tat py4j.Gateway.invoke(Gateway.java:282)","logger":"airflow.task.operators.airflow.providers.docker.operators.docker.DockerOperator","filename":"docker.py","lineno":71}
{"timestamp":"2026-05-20T01:00:16.414412Z","level":"info","event":"\tat py4j.commands.AbstractCommand.invokeMethod(AbstractCommand.java:132)","logger":"airflow.task.operators.airflow.providers.docker.operators.docker.DockerOperator","filename":"docker.py","lineno":71}
{"timestamp":"2026-05-20T01:00:16.414446Z","level":"info","event":"\tat py4j.commands.CallCommand.execute(CallCommand.java:79)","logger":"airflow.task.operators.airflow.providers.docker.operators.docker.DockerOperator","filename":"docker.py","lineno":71}
{"timestamp":"2026-05-20T01:00:16.414477Z","level":"info","event":"\tat py4j.ClientServerConnection.waitForCommands(ClientServerConnection.java:182)","logger":"airflow.task.operators.airflow.providers.docker.operators.docker.DockerOperator","filename":"docker.py","lineno":71}
{"timestamp":"2026-05-20T01:00:16.414507Z","level":"info","event":"\tat py4j.ClientServerConnection.run(ClientServerConnection.java:106)","logger":"airflow.task.operators.airflow.providers.docker.operators.docker.DockerOperator","filename":"docker.py","lineno":71}
{"timestamp":"2026-05-20T01:00:16.414538Z","level":"info","event":"\tat java.base/java.lang.Thread.run(Unknown Source)","logger":"airflow.task.operators.airflow.providers.docker.operators.docker.DockerOperator","filename":"docker.py","lineno":71}
{"timestamp":"2026-05-20T01:00:16.414568Z","level":"info","event":"Caused by: java.lang.ClassNotFoundException: com.amazonaws.AmazonClientException","logger":"airflow.task.operators.airflow.providers.docker.operators.docker.DockerOperator","filename":"docker.py","lineno":71}
{"timestamp":"2026-05-20T01:00:16.414600Z","level":"info","event":"\tat java.base/jdk.internal.loader.BuiltinClassLoader.loadClass(Unknown Source)","logger":"airflow.task.operators.airflow.providers.docker.operators.docker.DockerOperator","filename":"docker.py","lineno":71}
{"timestamp":"2026-05-20T01:00:16.414631Z","level":"info","event":"\tat java.base/jdk.internal.loader.ClassLoaders$AppClassLoader.loadClass(Unknown Source)","logger":"airflow.task.operators.airflow.providers.docker.operators.docker.DockerOperator","filename":"docker.py","lineno":71}
{"timestamp":"2026-05-20T01:00:16.414663Z","level":"info","event":"\tat java.base/java.lang.ClassLoader.loadClass(Unknown Source)","logger":"airflow.task.operators.airflow.providers.docker.operators.docker.DockerOperator","filename":"docker.py","lineno":71}
{"timestamp":"2026-05-20T01:00:16.414694Z","level":"info","event":"\t... 30 more","logger":"airflow.task.operators.airflow.providers.docker.operators.docker.DockerOperator","filename":"docker.py","lineno":71}
{"timestamp":"2026-05-20T01:00:16.414723Z","level":"info","event":"","logger":"airflow.task.operators.airflow.providers.docker.operators.docker.DockerOperator","filename":"docker.py","lineno":71}
{"timestamp":"2026-05-20T01:00:16.418466Z","level":"info","event":"2026-05-20 01:00:16,417 - ERROR - Error processing table person.address: An error occurred while calling o140.load.","logger":"airflow.task.operators.airflow.providers.docker.operators.docker.DockerOperator","filename":"docker.py","lineno":71}
{"timestamp":"2026-05-20T01:00:16.418669Z","level":"info","event":": java.lang.NoClassDefFoundError: com/amazonaws/AmazonClientException","logger":"airflow.task.operators.airflow.providers.docker.operators.docker.DockerOperator","filename":"docker.py","lineno":71}
{"timestamp":"2026-05-20T01:00:16.418717Z","level":"info","event":"\tat java.base/java.lang.Class.forName0(Native Method)","logger":"airflow.task.operators.airflow.providers.docker.operators.docker.DockerOperator","filename":"docker.py","lineno":71}
{"timestamp":"2026-05-20T01:00:16.418756Z","level":"info","event":"\tat java.base/java.lang.Class.forName(Unknown Source)","logger":"airflow.task.operators.airflow.providers.docker.operators.docker.DockerOperator","filename":"docker.py","lineno":71}
{"timestamp":"2026-05-20T01:00:16.418790Z","level":"info","event":"\tat org.apache.hadoop.conf.Configuration.getClassByNameOrNull(Configuration.java:2625)","logger":"airflow.task.operators.airflow.providers.docker.operators.docker.DockerOperator","filename":"docker.py","lineno":71}
{"timestamp":"2026-05-20T01:00:16.418824Z","level":"info","event":"\tat org.apache.hadoop.conf.Configuration.getClassByName(Configuration.java:2590)","logger":"airflow.task.operators.airflow.providers.docker.operators.docker.DockerOperator","filename":"docker.py","lineno":71}
{"timestamp":"2026-05-20T01:00:16.418861Z","level":"info","event":"\tat org.apache.hadoop.conf.Configuration.getClass(Configuration.java:2686)","logger":"airflow.task.operators.airflow.providers.docker.operators.docker.DockerOperator","filename":"docker.py","lineno":71}
{"timestamp":"2026-05-20T01:00:16.419173Z","level":"info","event":"\tat org.apache.hadoop.fs.FileSystem.getFileSystemClass(FileSystem.java:3431)","logger":"airflow.task.operators.airflow.providers.docker.operators.docker.DockerOperator","filename":"docker.py","lineno":71}
{"timestamp":"2026-05-20T01:00:16.419420Z","level":"info","event":"\tat org.apache.hadoop.fs.FileSystem.createFileSystem(FileSystem.java:3466)","logger":"airflow.task.operators.airflow.providers.docker.operators.docker.DockerOperator","filename":"docker.py","lineno":71}
{"timestamp":"2026-05-20T01:00:16.419469Z","level":"info","event":"\tat org.apache.hadoop.fs.FileSystem.access$300(FileSystem.java:174)","logger":"airflow.task.operators.airflow.providers.docker.operators.docker.DockerOperator","filename":"docker.py","lineno":71}
{"timestamp":"2026-05-20T01:00:16.419523Z","level":"info","event":"\tat org.apache.hadoop.fs.FileSystem$Cache.getInternal(FileSystem.java:3574)","logger":"airflow.task.operators.airflow.providers.docker.operators.docker.DockerOperator","filename":"docker.py","lineno":71}
{"timestamp":"2026-05-20T01:00:16.419579Z","level":"info","event":"\tat org.apache.hadoop.fs.FileSystem$Cache.get(FileSystem.java:3521)","logger":"airflow.task.operators.airflow.providers.docker.operators.docker.DockerOperator","filename":"docker.py","lineno":71}
{"timestamp":"2026-05-20T01:00:16.419635Z","level":"info","event":"\tat org.apache.hadoop.fs.FileSystem.get(FileSystem.java:540)","logger":"airflow.task.operators.airflow.providers.docker.operators.docker.DockerOperator","filename":"docker.py","lineno":71}
{"timestamp":"2026-05-20T01:00:16.419684Z","level":"info","event":"\tat org.apache.hadoop.fs.Path.getFileSystem(Path.java:365)","logger":"airflow.task.operators.airflow.providers.docker.operators.docker.DockerOperator","filename":"docker.py","lineno":71}
{"timestamp":"2026-05-20T01:00:16.419725Z","level":"info","event":"\tat org.apache.spark.sql.execution.streaming.FileStreamSink$.hasMetadata(FileStreamSink.scala:53)","logger":"airflow.task.operators.airflow.providers.docker.operators.docker.DockerOperator","filename":"docker.py","lineno":71}
{"timestamp":"2026-05-20T01:00:16.419757Z","level":"info","event":"\tat org.apache.spark.sql.execution.datasources.DataSource.resolveRelation(DataSource.scala:366)","logger":"airflow.task.operators.airflow.providers.docker.operators.docker.DockerOperator","filename":"docker.py","lineno":71}
{"timestamp":"2026-05-20T01:00:16.419788Z","level":"info","event":"\tat org.apache.spark.sql.DataFrameReader.loadV1Source(DataFrameReader.scala:229)","logger":"airflow.task.operators.airflow.providers.docker.operators.docker.DockerOperator","filename":"docker.py","lineno":71}
{"timestamp":"2026-05-20T01:00:16.419819Z","level":"info","event":"\tat org.apache.spark.sql.DataFrameReader.$anonfun$load$2(DataFrameReader.scala:211)","logger":"airflow.task.operators.airflow.providers.docker.operators.docker.DockerOperator","filename":"docker.py","lineno":71}
{"timestamp":"2026-05-20T01:00:16.419852Z","level":"info","event":"\tat scala.Option.getOrElse(Option.scala:189)","logger":"airflow.task.operators.airflow.providers.docker.operators.docker.DockerOperator","filename":"docker.py","lineno":71}
{"timestamp":"2026-05-20T01:00:16.419885Z","level":"info","event":"\tat org.apache.spark.sql.DataFrameReader.load(DataFrameReader.scala:211)","logger":"airflow.task.operators.airflow.providers.docker.operators.docker.DockerOperator","filename":"docker.py","lineno":71}
{"timestamp":"2026-05-20T01:00:16.419977Z","level":"info","event":"\tat org.apache.spark.sql.DataFrameReader.load(DataFrameReader.scala:186)","logger":"airflow.task.operators.airflow.providers.docker.operators.docker.DockerOperator","filename":"docker.py","lineno":71}
{"timestamp":"2026-05-20T01:00:16.420014Z","level":"info","event":"\tat jdk.internal.reflect.GeneratedMethodAccessor10.invoke(Unknown Source)","logger":"airflow.task.operators.airflow.providers.docker.operators.docker.DockerOperator","filename":"docker.py","lineno":71}
{"timestamp":"2026-05-20T01:00:16.420045Z","level":"info","event":"\tat java.base/jdk.internal.reflect.DelegatingMethodAccessorImpl.invoke(Unknown Source)","logger":"airflow.task.operators.airflow.providers.docker.operators.docker.DockerOperator","filename":"docker.py","lineno":71}
{"timestamp":"2026-05-20T01:00:16.420283Z","level":"info","event":"\tat java.base/java.lang.reflect.Method.invoke(Unknown Source)","logger":"airflow.task.operators.airflow.providers.docker.operators.docker.DockerOperator","filename":"docker.py","lineno":71}
{"timestamp":"2026-05-20T01:00:16.420476Z","level":"info","event":"\tat py4j.reflection.MethodInvoker.invoke(MethodInvoker.java:244)","logger":"airflow.task.operators.airflow.providers.docker.operators.docker.DockerOperator","filename":"docker.py","lineno":71}
{"timestamp":"2026-05-20T01:00:16.420562Z","level":"info","event":"\tat py4j.reflection.ReflectionEngine.invoke(ReflectionEngine.java:374)","logger":"airflow.task.operators.airflow.providers.docker.operators.docker.DockerOperator","filename":"docker.py","lineno":71}
{"timestamp":"2026-05-20T01:00:16.420610Z","level":"info","event":"\tat py4j.Gateway.invoke(Gateway.java:282)","logger":"airflow.task.operators.airflow.providers.docker.operators.docker.DockerOperator","filename":"docker.py","lineno":71}
{"timestamp":"2026-05-20T01:00:16.420646Z","level":"info","event":"\tat py4j.commands.AbstractCommand.invokeMethod(AbstractCommand.java:132)","logger":"airflow.task.operators.airflow.providers.docker.operators.docker.DockerOperator","filename":"docker.py","lineno":71}
{"timestamp":"2026-05-20T01:00:16.420678Z","level":"info","event":"\tat py4j.commands.CallCommand.execute(CallCommand.java:79)","logger":"airflow.task.operators.airflow.providers.docker.operators.docker.DockerOperator","filename":"docker.py","lineno":71}
{"timestamp":"2026-05-20T01:00:16.420709Z","level":"info","event":"\tat py4j.ClientServerConnection.waitForCommands(ClientServerConnection.java:182)","logger":"airflow.task.operators.airflow.providers.docker.operators.docker.DockerOperator","filename":"docker.py","lineno":71}
{"timestamp":"2026-05-20T01:00:16.420741Z","level":"info","event":"\tat py4j.ClientServerConnection.run(ClientServerConnection.java:106)","logger":"airflow.task.operators.airflow.providers.docker.operators.docker.DockerOperator","filename":"docker.py","lineno":71}
{"timestamp":"2026-05-20T01:00:16.420774Z","level":"info","event":"\tat java.base/java.lang.Thread.run(Unknown Source)","logger":"airflow.task.operators.airflow.providers.docker.operators.docker.DockerOperator","filename":"docker.py","lineno":71}
{"timestamp":"2026-05-20T01:00:16.420805Z","level":"info","event":"Caused by: java.lang.ClassNotFoundException: com.amazonaws.AmazonClientException","logger":"airflow.task.operators.airflow.providers.docker.operators.docker.DockerOperator","filename":"docker.py","lineno":71}
{"timestamp":"2026-05-20T01:00:16.420833Z","level":"info","event":"\tat java.base/jdk.internal.loader.BuiltinClassLoader.loadClass(Unknown Source)","logger":"airflow.task.operators.airflow.providers.docker.operators.docker.DockerOperator","filename":"docker.py","lineno":71}
{"timestamp":"2026-05-20T01:00:16.420862Z","level":"info","event":"\tat java.base/jdk.internal.loader.ClassLoaders$AppClassLoader.loadClass(Unknown Source)","logger":"airflow.task.operators.airflow.providers.docker.operators.docker.DockerOperator","filename":"docker.py","lineno":71}
{"timestamp":"2026-05-20T01:00:16.420891Z","level":"info","event":"\tat java.base/java.lang.ClassLoader.loadClass(Unknown Source)","logger":"airflow.task.operators.airflow.providers.docker.operators.docker.DockerOperator","filename":"docker.py","lineno":71}
{"timestamp":"2026-05-20T01:00:16.420992Z","level":"info","event":"\t... 30 more","logger":"airflow.task.operators.airflow.providers.docker.operators.docker.DockerOperator","filename":"docker.py","lineno":71}
{"timestamp":"2026-05-20T01:00:16.421032Z","level":"info","event":"","logger":"airflow.task.operators.airflow.providers.docker.operators.docker.DockerOperator","filename":"docker.py","lineno":71}
{"timestamp":"2026-05-20T01:00:16.434794Z","level":"info","event":"2026-05-20 01:00:16,432 - ERROR - Error processing table production.product: An error occurred while calling o145.load.","logger":"airflow.task.operators.airflow.providers.docker.operators.docker.DockerOperator","filename":"docker.py","lineno":71}
{"timestamp":"2026-05-20T01:00:16.435072Z","level":"info","event":": java.lang.NoClassDefFoundError: com/amazonaws/AmazonClientException","logger":"airflow.task.operators.airflow.providers.docker.operators.docker.DockerOperator","filename":"docker.py","lineno":71}
{"timestamp":"2026-05-20T01:00:16.435152Z","level":"info","event":"\tat java.base/java.lang.Class.forName0(Native Method)","logger":"airflow.task.operators.airflow.providers.docker.operators.docker.DockerOperator","filename":"docker.py","lineno":71}
{"timestamp":"2026-05-20T01:00:16.435215Z","level":"info","event":"\tat java.base/java.lang.Class.forName(Unknown Source)","logger":"airflow.task.operators.airflow.providers.docker.operators.docker.DockerOperator","filename":"docker.py","lineno":71}
{"timestamp":"2026-05-20T01:00:16.435268Z","level":"info","event":"\tat org.apache.hadoop.conf.Configuration.getClassByNameOrNull(Configuration.java:2625)","logger":"airflow.task.operators.airflow.providers.docker.operators.docker.DockerOperator","filename":"docker.py","lineno":71}
{"timestamp":"2026-05-20T01:00:16.435323Z","level":"info","event":"\tat org.apache.hadoop.conf.Configuration.getClassByName(Configuration.java:2590)","logger":"airflow.task.operators.airflow.providers.docker.operators.docker.DockerOperator","filename":"docker.py","lineno":71}
{"timestamp":"2026-05-20T01:00:16.435384Z","level":"info","event":"\tat org.apache.hadoop.conf.Configuration.getClass(Configuration.java:2686)","logger":"airflow.task.operators.airflow.providers.docker.operators.docker.DockerOperator","filename":"docker.py","lineno":71}
{"timestamp":"2026-05-20T01:00:16.435458Z","level":"info","event":"\tat org.apache.hadoop.fs.FileSystem.getFileSystemClass(FileSystem.java:3431)","logger":"airflow.task.operators.airflow.providers.docker.operators.docker.DockerOperator","filename":"docker.py","lineno":71}
{"timestamp":"2026-05-20T01:00:16.435514Z","level":"info","event":"\tat org.apache.hadoop.fs.FileSystem.createFileSystem(FileSystem.java:3466)","logger":"airflow.task.operators.airflow.providers.docker.operators.docker.DockerOperator","filename":"docker.py","lineno":71}
{"timestamp":"2026-05-20T01:00:16.435572Z","level":"info","event":"\tat org.apache.hadoop.fs.FileSystem.access$300(FileSystem.java:174)","logger":"airflow.task.operators.airflow.providers.docker.operators.docker.DockerOperator","filename":"docker.py","lineno":71}
{"timestamp":"2026-05-20T01:00:16.435632Z","level":"info","event":"\tat org.apache.hadoop.fs.FileSystem$Cache.getInternal(FileSystem.java:3574)","logger":"airflow.task.operators.airflow.providers.docker.operators.docker.DockerOperator","filename":"docker.py","lineno":71}
{"timestamp":"2026-05-20T01:00:16.435690Z","level":"info","event":"\tat org.apache.hadoop.fs.FileSystem$Cache.get(FileSystem.java:3521)","logger":"airflow.task.operators.airflow.providers.docker.operators.docker.DockerOperator","filename":"docker.py","lineno":71}
{"timestamp":"2026-05-20T01:00:16.435745Z","level":"info","event":"\tat org.apache.hadoop.fs.FileSystem.get(FileSystem.java:540)","logger":"airflow.task.operators.airflow.providers.docker.operators.docker.DockerOperator","filename":"docker.py","lineno":71}
{"timestamp":"2026-05-20T01:00:16.435796Z","level":"info","event":"\tat org.apache.hadoop.fs.Path.getFileSystem(Path.java:365)","logger":"airflow.task.operators.airflow.providers.docker.operators.docker.DockerOperator","filename":"docker.py","lineno":71}
{"timestamp":"2026-05-20T01:00:16.435849Z","level":"info","event":"\tat org.apache.spark.sql.execution.streaming.FileStreamSink$.hasMetadata(FileStreamSink.scala:53)","logger":"airflow.task.operators.airflow.providers.docker.operators.docker.DockerOperator","filename":"docker.py","lineno":71}
{"timestamp":"2026-05-20T01:00:16.435934Z","level":"info","event":"\tat org.apache.spark.sql.execution.datasources.DataSource.resolveRelation(DataSource.scala:366)","logger":"airflow.task.operators.airflow.providers.docker.operators.docker.DockerOperator","filename":"docker.py","lineno":71}
{"timestamp":"2026-05-20T01:00:16.435991Z","level":"info","event":"\tat org.apache.spark.sql.DataFrameReader.loadV1Source(DataFrameReader.scala:229)","logger":"airflow.task.operators.airflow.providers.docker.operators.docker.DockerOperator","filename":"docker.py","lineno":71}
{"timestamp":"2026-05-20T01:00:16.436042Z","level":"info","event":"\tat org.apache.spark.sql.DataFrameReader.$anonfun$load$2(DataFrameReader.scala:211)","logger":"airflow.task.operators.airflow.providers.docker.operators.docker.DockerOperator","filename":"docker.py","lineno":71}
{"timestamp":"2026-05-20T01:00:16.436096Z","level":"info","event":"\tat scala.Option.getOrElse(Option.scala:189)","logger":"airflow.task.operators.airflow.providers.docker.operators.docker.DockerOperator","filename":"docker.py","lineno":71}
{"timestamp":"2026-05-20T01:00:16.436161Z","level":"info","event":"\tat org.apache.spark.sql.DataFrameReader.load(DataFrameReader.scala:211)","logger":"airflow.task.operators.airflow.providers.docker.operators.docker.DockerOperator","filename":"docker.py","lineno":71}
{"timestamp":"2026-05-20T01:00:16.436222Z","level":"info","event":"\tat org.apache.spark.sql.DataFrameReader.load(DataFrameReader.scala:186)","logger":"airflow.task.operators.airflow.providers.docker.operators.docker.DockerOperator","filename":"docker.py","lineno":71}
{"timestamp":"2026-05-20T01:00:16.436282Z","level":"info","event":"\tat jdk.internal.reflect.GeneratedMethodAccessor10.invoke(Unknown Source)","logger":"airflow.task.operators.airflow.providers.docker.operators.docker.DockerOperator","filename":"docker.py","lineno":71}
{"timestamp":"2026-05-20T01:00:16.436332Z","level":"info","event":"\tat java.base/jdk.internal.reflect.DelegatingMethodAccessorImpl.invoke(Unknown Source)","logger":"airflow.task.operators.airflow.providers.docker.operators.docker.DockerOperator","filename":"docker.py","lineno":71}
{"timestamp":"2026-05-20T01:00:16.436415Z","level":"info","event":"\tat java.base/java.lang.reflect.Method.invoke(Unknown Source)","logger":"airflow.task.operators.airflow.providers.docker.operators.docker.DockerOperator","filename":"docker.py","lineno":71}
{"timestamp":"2026-05-20T01:00:16.436469Z","level":"info","event":"\tat py4j.reflection.MethodInvoker.invoke(MethodInvoker.java:244)","logger":"airflow.task.operators.airflow.providers.docker.operators.docker.DockerOperator","filename":"docker.py","lineno":71}
{"timestamp":"2026-05-20T01:00:16.436670Z","level":"info","event":"\tat py4j.reflection.ReflectionEngine.invoke(ReflectionEngine.java:374)","logger":"airflow.task.operators.airflow.providers.docker.operators.docker.DockerOperator","filename":"docker.py","lineno":71}
{"timestamp":"2026-05-20T01:00:16.436745Z","level":"info","event":"\tat py4j.Gateway.invoke(Gateway.java:282)","logger":"airflow.task.operators.airflow.providers.docker.operators.docker.DockerOperator","filename":"docker.py","lineno":71}
{"timestamp":"2026-05-20T01:00:16.436803Z","level":"info","event":"\tat py4j.commands.AbstractCommand.invokeMethod(AbstractCommand.java:132)","logger":"airflow.task.operators.airflow.providers.docker.operators.docker.DockerOperator","filename":"docker.py","lineno":71}
{"timestamp":"2026-05-20T01:00:16.436855Z","level":"info","event":"\tat py4j.commands.CallCommand.execute(CallCommand.java:79)","logger":"airflow.task.operators.airflow.providers.docker.operators.docker.DockerOperator","filename":"docker.py","lineno":71}
{"timestamp":"2026-05-20T01:00:16.436930Z","level":"info","event":"\tat py4j.ClientServerConnection.waitForCommands(ClientServerConnection.java:182)","logger":"airflow.task.operators.airflow.providers.docker.operators.docker.DockerOperator","filename":"docker.py","lineno":71}
{"timestamp":"2026-05-20T01:00:16.436986Z","level":"info","event":"\tat py4j.ClientServerConnection.run(ClientServerConnection.java:106)","logger":"airflow.task.operators.airflow.providers.docker.operators.docker.DockerOperator","filename":"docker.py","lineno":71}
{"timestamp":"2026-05-20T01:00:16.437025Z","level":"info","event":"\tat java.base/java.lang.Thread.run(Unknown Source)","logger":"airflow.task.operators.airflow.providers.docker.operators.docker.DockerOperator","filename":"docker.py","lineno":71}
{"timestamp":"2026-05-20T01:00:16.437056Z","level":"info","event":"Caused by: java.lang.ClassNotFoundException: com.amazonaws.AmazonClientException","logger":"airflow.task.operators.airflow.providers.docker.operators.docker.DockerOperator","filename":"docker.py","lineno":71}
{"timestamp":"2026-05-20T01:00:16.437085Z","level":"info","event":"\tat java.base/jdk.internal.loader.BuiltinClassLoader.loadClass(Unknown Source)","logger":"airflow.task.operators.airflow.providers.docker.operators.docker.DockerOperator","filename":"docker.py","lineno":71}
{"timestamp":"2026-05-20T01:00:16.437114Z","level":"info","event":"\tat java.base/jdk.internal.loader.ClassLoaders$AppClassLoader.loadClass(Unknown Source)","logger":"airflow.task.operators.airflow.providers.docker.operators.docker.DockerOperator","filename":"docker.py","lineno":71}
{"timestamp":"2026-05-20T01:00:16.437143Z","level":"info","event":"\tat java.base/java.lang.ClassLoader.loadClass(Unknown Source)","logger":"airflow.task.operators.airflow.providers.docker.operators.docker.DockerOperator","filename":"docker.py","lineno":71}
{"timestamp":"2026-05-20T01:00:16.437170Z","level":"info","event":"\t... 30 more","logger":"airflow.task.operators.airflow.providers.docker.operators.docker.DockerOperator","filename":"docker.py","lineno":71}
{"timestamp":"2026-05-20T01:00:16.437198Z","level":"info","event":"","logger":"airflow.task.operators.airflow.providers.docker.operators.docker.DockerOperator","filename":"docker.py","lineno":71}
{"timestamp":"2026-05-20T01:00:16.437311Z","level":"info","event":"2026-05-20 01:00:16,433 - INFO - Closing down clientserver connection","logger":"airflow.task.operators.airflow.providers.docker.operators.docker.DockerOperator","filename":"docker.py","lineno":71}
{"timestamp":"2026-05-20T01:00:16.441963Z","level":"info","event":"2026-05-20 01:00:16,434 - INFO - Closing down clientserver connection","logger":"airflow.task.operators.airflow.providers.docker.operators.docker.DockerOperator","filename":"docker.py","lineno":71}
{"timestamp":"2026-05-20T01:00:16.442215Z","level":"info","event":"2026-05-20 01:00:16,435 - INFO - Closing down clientserver connection","logger":"airflow.task.operators.airflow.providers.docker.operators.docker.DockerOperator","filename":"docker.py","lineno":71}
{"timestamp":"2026-05-20T01:00:16.442289Z","level":"info","event":"2026-05-20 01:00:16,434 - INFO - Closing down clientserver connection","logger":"airflow.task.operators.airflow.providers.docker.operators.docker.DockerOperator","filename":"docker.py","lineno":71}
{"timestamp":"2026-05-20T01:00:16.442351Z","level":"info","event":"2026-05-20 01:00:16,436 - INFO - Closing down clientserver connection","logger":"airflow.task.operators.airflow.providers.docker.operators.docker.DockerOperator","filename":"docker.py","lineno":71}
{"timestamp":"2026-05-20T01:00:16.442412Z","level":"info","event":"2026-05-20 01:00:16,436 - INFO - Closing down clientserver connection","logger":"airflow.task.operators.airflow.providers.docker.operators.docker.DockerOperator","filename":"docker.py","lineno":71}
{"timestamp":"2026-05-20T01:00:16.442474Z","level":"info","event":"2026-05-20 01:00:16,436 - INFO - Closing down clientserver connection","logger":"airflow.task.operators.airflow.providers.docker.operators.docker.DockerOperator","filename":"docker.py","lineno":71}
{"timestamp":"2026-05-20T01:00:16.442968Z","level":"info","event":"2026-05-20 01:00:16,436 - INFO - Closing down clientserver connection","logger":"airflow.task.operators.airflow.providers.docker.operators.docker.DockerOperator","filename":"docker.py","lineno":71}
{"timestamp":"2026-05-20T01:00:16.443089Z","level":"info","event":"2026-05-20 01:00:16,442 - INFO - Incremental parallel ingestion to landing completed!","logger":"airflow.task.operators.airflow.providers.docker.operators.docker.DockerOperator","filename":"docker.py","lineno":71}
{"timestamp":"2026-05-20T01:00:16.447531Z","level":"info","event":"26/05/20 01:00:16 INFO SparkContext: SparkContext is stopping with exitCode 0.","logger":"airflow.task.operators.airflow.providers.docker.operators.docker.DockerOperator","filename":"docker.py","lineno":71}
{"timestamp":"2026-05-20T01:00:16.468150Z","level":"info","event":"26/05/20 01:00:16 INFO SparkUI: Stopped Spark web UI at http://7408d13bf12b:4040","logger":"airflow.task.operators.airflow.providers.docker.operators.docker.DockerOperator","filename":"docker.py","lineno":71}
{"timestamp":"2026-05-20T01:00:16.479576Z","level":"info","event":"26/05/20 01:00:16 INFO StandaloneSchedulerBackend: Shutting down all executors","logger":"airflow.task.operators.airflow.providers.docker.operators.docker.DockerOperator","filename":"docker.py","lineno":71}
{"timestamp":"2026-05-20T01:00:16.482039Z","level":"info","event":"26/05/20 01:00:16 INFO StandaloneSchedulerBackend$StandaloneDriverEndpoint: Asking each executor to shut down","logger":"airflow.task.operators.airflow.providers.docker.operators.docker.DockerOperator","filename":"docker.py","lineno":71}
{"timestamp":"2026-05-20T01:00:16.518155Z","level":"info","event":"26/05/20 01:00:16 INFO MapOutputTrackerMasterEndpoint: MapOutputTrackerMasterEndpoint stopped!","logger":"airflow.task.operators.airflow.providers.docker.operators.docker.DockerOperator","filename":"docker.py","lineno":71}
{"timestamp":"2026-05-20T01:00:16.560204Z","level":"info","event":"26/05/20 01:00:16 INFO MemoryStore: MemoryStore cleared","logger":"airflow.task.operators.airflow.providers.docker.operators.docker.DockerOperator","filename":"docker.py","lineno":71}
{"timestamp":"2026-05-20T01:00:16.564165Z","level":"info","event":"26/05/20 01:00:16 INFO BlockManager: BlockManager stopped","logger":"airflow.task.operators.airflow.providers.docker.operators.docker.DockerOperator","filename":"docker.py","lineno":71}
{"timestamp":"2026-05-20T01:00:16.581422Z","level":"info","event":"26/05/20 01:00:16 INFO BlockManagerMaster: BlockManagerMaster stopped","logger":"airflow.task.operators.airflow.providers.docker.operators.docker.DockerOperator","filename":"docker.py","lineno":71}
{"timestamp":"2026-05-20T01:00:16.588859Z","level":"info","event":"26/05/20 01:00:16 INFO OutputCommitCoordinator$OutputCommitCoordinatorEndpoint: OutputCommitCoordinator stopped!","logger":"airflow.task.operators.airflow.providers.docker.operators.docker.DockerOperator","filename":"docker.py","lineno":71}
{"timestamp":"2026-05-20T01:00:16.609369Z","level":"info","event":"26/05/20 01:00:16 INFO SparkContext: Successfully stopped SparkContext","logger":"airflow.task.operators.airflow.providers.docker.operators.docker.DockerOperator","filename":"docker.py","lineno":71}
{"timestamp":"2026-05-20T01:00:16.780588Z","level":"info","event":"26/05/20 01:00:16 INFO ShutdownHookManager: Shutdown hook called","logger":"airflow.task.operators.airflow.providers.docker.operators.docker.DockerOperator","filename":"docker.py","lineno":71}
{"timestamp":"2026-05-20T01:00:16.781885Z","level":"info","event":"26/05/20 01:00:16 INFO ShutdownHookManager: Deleting directory /tmp/spark-a0afb569-33af-4d8b-b1fd-70103a6bcaba/pyspark-0c02f549-ba17-4815-b9f1-8d1a78b5d0e6","logger":"airflow.task.operators.airflow.providers.docker.operators.docker.DockerOperator","filename":"docker.py","lineno":71}
{"timestamp":"2026-05-20T01:00:16.787518Z","level":"info","event":"26/05/20 01:00:16 INFO ShutdownHookManager: Deleting directory /tmp/spark-a0afb569-33af-4d8b-b1fd-70103a6bcaba","logger":"airflow.task.operators.airflow.providers.docker.operators.docker.DockerOperator","filename":"docker.py","lineno":71}
{"timestamp":"2026-05-20T01:00:16.793550Z","level":"info","event":"26/05/20 01:00:16 INFO ShutdownHookManager: Deleting directory /tmp/spark-45b639e4-df4c-4931-adbe-aaf55e136bce","logger":"airflow.task.operators.airflow.providers.docker.operators.docker.DockerOperator","filename":"docker.py","lineno":71}
{"timestamp":"2026-05-20T01:00:17.170334Z","level":"info","event":"Pushing xcom","ti":"RuntimeTaskInstance(id=UUID('019e42e5-97c2-7d4f-996d-c30166dfdf3b'), task_id='ingestion_landing', dag_id='ELT_minIO', run_id='manual__2026-05-20T01:00:03.359578+00:00', try_number=1, dag_version_id=UUID('019e42c9-0aa8-7062-acdb-06092436dfae'), map_index=-1, hostname='daa549fa050b', context_carrier={'traceparent': '00-2a96da4dda57f8e5929e79bdc92d2c27-2eb25bf689d071a1-01'}, task=<Task(DockerOperator): ingestion_landing>, bundle_instance=LocalDagBundle(name=dags-folder), max_tries=0, start_date=datetime.datetime(2026, 5, 20, 1, 0, 4, 279248, tzinfo=datetime.timezone.utc), end_date=None, state=<TaskInstanceState.RUNNING: 'running'>, is_mapped=False, rendered_map_index=None, sentry_integration='')","logger":"task","filename":"task_runner.py","lineno":1724}
