{"timestamp":"2026-05-20T22:10:46.028845Z","level":"info","event":"DAG bundles loaded: dags-folder","logger":"airflow.dag_processing.bundles.manager.DagBundlesManager","filename":"manager.py","lineno":209}
{"timestamp":"2026-05-20T22:10:46.030199Z","level":"info","event":"Filling up the DagBag from /opt/airflow/dags/dag_elt.py","logger":"airflow.dag_processing.dagbag.BundleDagBag","filename":"dagbag.py","lineno":469}
{"timestamp":"2026-05-20T22:10:46.688817Z","level":"info","event":"Starting docker container from image rodrigofbms/project-pyspark-minio-superset","logger":"airflow.task.operators.airflow.providers.docker.operators.docker.DockerOperator","filename":"docker.py","lineno":367}
{"timestamp":"2026-05-20T22:10:49.994297Z","level":"info","event":"2026-05-20 22:10:49,993 - INFO - Starting incremental agregation from MinIO silver to MinIO gold...","logger":"airflow.task.operators.airflow.providers.docker.operators.docker.DockerOperator","filename":"docker.py","lineno":71}
{"timestamp":"2026-05-20T22:10:50.131446Z","level":"info","event":"26/05/20 22:10:50 INFO SparkContext: Running Spark version 3.5.0","logger":"airflow.task.operators.airflow.providers.docker.operators.docker.DockerOperator","filename":"docker.py","lineno":71}
{"timestamp":"2026-05-20T22:10:50.134426Z","level":"info","event":"26/05/20 22:10:50 INFO SparkContext: OS info Linux, 6.8.0-1054-gcp, amd64","logger":"airflow.task.operators.airflow.providers.docker.operators.docker.DockerOperator","filename":"docker.py","lineno":71}
{"timestamp":"2026-05-20T22:10:50.134732Z","level":"info","event":"26/05/20 22:10:50 INFO SparkContext: Java version 11.0.20.1","logger":"airflow.task.operators.airflow.providers.docker.operators.docker.DockerOperator","filename":"docker.py","lineno":71}
{"timestamp":"2026-05-20T22:10:50.210876Z","level":"info","event":"26/05/20 22:10:50 WARN NativeCodeLoader: Unable to load native-hadoop library for your platform... using builtin-java classes where applicable","logger":"airflow.task.operators.airflow.providers.docker.operators.docker.DockerOperator","filename":"docker.py","lineno":71}
{"timestamp":"2026-05-20T22:10:50.342953Z","level":"info","event":"26/05/20 22:10:50 INFO ResourceUtils: ==============================================================","logger":"airflow.task.operators.airflow.providers.docker.operators.docker.DockerOperator","filename":"docker.py","lineno":71}
{"timestamp":"2026-05-20T22:10:50.343300Z","level":"info","event":"26/05/20 22:10:50 INFO ResourceUtils: No custom resources configured for spark.driver.","logger":"airflow.task.operators.airflow.providers.docker.operators.docker.DockerOperator","filename":"docker.py","lineno":71}
{"timestamp":"2026-05-20T22:10:50.343479Z","level":"info","event":"26/05/20 22:10:50 INFO ResourceUtils: ==============================================================","logger":"airflow.task.operators.airflow.providers.docker.operators.docker.DockerOperator","filename":"docker.py","lineno":71}
{"timestamp":"2026-05-20T22:10:50.343804Z","level":"info","event":"26/05/20 22:10:50 INFO SparkContext: Submitted application: Incremental agregation from MinIO silver to MinIO gold","logger":"airflow.task.operators.airflow.providers.docker.operators.docker.DockerOperator","filename":"docker.py","lineno":71}
{"timestamp":"2026-05-20T22:10:50.369811Z","level":"info","event":"26/05/20 22:10:50 INFO ResourceProfile: Default ResourceProfile created, executor resources: Map(memory -> name: memory, amount: 1024, script: , vendor: , offHeap -> name: offHeap, amount: 0, script: , vendor: ), task resources: Map(cpus -> name: cpus, amount: 1.0)","logger":"airflow.task.operators.airflow.providers.docker.operators.docker.DockerOperator","filename":"docker.py","lineno":71}
{"timestamp":"2026-05-20T22:10:50.383182Z","level":"info","event":"26/05/20 22:10:50 INFO ResourceProfile: Limiting resource is cpu","logger":"airflow.task.operators.airflow.providers.docker.operators.docker.DockerOperator","filename":"docker.py","lineno":71}
{"timestamp":"2026-05-20T22:10:50.384464Z","level":"info","event":"26/05/20 22:10:50 INFO ResourceProfileManager: Added ResourceProfile id: 0","logger":"airflow.task.operators.airflow.providers.docker.operators.docker.DockerOperator","filename":"docker.py","lineno":71}
{"timestamp":"2026-05-20T22:10:50.454073Z","level":"info","event":"26/05/20 22:10:50 INFO SecurityManager: Changing view acls to: spark","logger":"airflow.task.operators.airflow.providers.docker.operators.docker.DockerOperator","filename":"docker.py","lineno":71}
{"timestamp":"2026-05-20T22:10:50.454447Z","level":"info","event":"26/05/20 22:10:50 INFO SecurityManager: Changing modify acls to: spark","logger":"airflow.task.operators.airflow.providers.docker.operators.docker.DockerOperator","filename":"docker.py","lineno":71}
{"timestamp":"2026-05-20T22:10:50.455226Z","level":"info","event":"26/05/20 22:10:50 INFO SecurityManager: Changing view acls groups to:","logger":"airflow.task.operators.airflow.providers.docker.operators.docker.DockerOperator","filename":"docker.py","lineno":71}
{"timestamp":"2026-05-20T22:10:50.456049Z","level":"info","event":"26/05/20 22:10:50 INFO SecurityManager: Changing modify acls groups to:","logger":"airflow.task.operators.airflow.providers.docker.operators.docker.DockerOperator","filename":"docker.py","lineno":71}
{"timestamp":"2026-05-20T22:10:50.457029Z","level":"info","event":"26/05/20 22:10:50 INFO SecurityManager: SecurityManager: authentication disabled; ui acls disabled; users with view permissions: spark; groups with view permissions: EMPTY; users with modify permissions: spark; groups with modify permissions: EMPTY","logger":"airflow.task.operators.airflow.providers.docker.operators.docker.DockerOperator","filename":"docker.py","lineno":71}
{"timestamp":"2026-05-20T22:10:50.798914Z","level":"info","event":"26/05/20 22:10:50 INFO Utils: Successfully started service 'sparkDriver' on port 40853.","logger":"airflow.task.operators.airflow.providers.docker.operators.docker.DockerOperator","filename":"docker.py","lineno":71}
{"timestamp":"2026-05-20T22:10:50.843505Z","level":"info","event":"26/05/20 22:10:50 INFO SparkEnv: Registering MapOutputTracker","logger":"airflow.task.operators.airflow.providers.docker.operators.docker.DockerOperator","filename":"docker.py","lineno":71}
{"timestamp":"2026-05-20T22:10:50.898147Z","level":"info","event":"26/05/20 22:10:50 INFO SparkEnv: Registering BlockManagerMaster","logger":"airflow.task.operators.airflow.providers.docker.operators.docker.DockerOperator","filename":"docker.py","lineno":71}
{"timestamp":"2026-05-20T22:10:50.931189Z","level":"info","event":"26/05/20 22:10:50 INFO BlockManagerMasterEndpoint: Using org.apache.spark.storage.DefaultTopologyMapper for getting topology information","logger":"airflow.task.operators.airflow.providers.docker.operators.docker.DockerOperator","filename":"docker.py","lineno":71}
{"timestamp":"2026-05-20T22:10:50.932031Z","level":"info","event":"26/05/20 22:10:50 INFO BlockManagerMasterEndpoint: BlockManagerMasterEndpoint up","logger":"airflow.task.operators.airflow.providers.docker.operators.docker.DockerOperator","filename":"docker.py","lineno":71}
{"timestamp":"2026-05-20T22:10:50.939319Z","level":"info","event":"26/05/20 22:10:50 INFO SparkEnv: Registering BlockManagerMasterHeartbeat","logger":"airflow.task.operators.airflow.providers.docker.operators.docker.DockerOperator","filename":"docker.py","lineno":71}
{"timestamp":"2026-05-20T22:10:50.994040Z","level":"info","event":"26/05/20 22:10:50 INFO DiskBlockManager: Created local directory at /tmp/blockmgr-71229e51-6d98-4d82-aab4-a9fedbe07e93","logger":"airflow.task.operators.airflow.providers.docker.operators.docker.DockerOperator","filename":"docker.py","lineno":71}
{"timestamp":"2026-05-20T22:10:51.022624Z","level":"info","event":"26/05/20 22:10:51 INFO MemoryStore: MemoryStore started with capacity 434.4 MiB","logger":"airflow.task.operators.airflow.providers.docker.operators.docker.DockerOperator","filename":"docker.py","lineno":71}
{"timestamp":"2026-05-20T22:10:51.048282Z","level":"info","event":"26/05/20 22:10:51 INFO SparkEnv: Registering OutputCommitCoordinator","logger":"airflow.task.operators.airflow.providers.docker.operators.docker.DockerOperator","filename":"docker.py","lineno":71}
{"timestamp":"2026-05-20T22:10:51.234042Z","level":"info","event":"26/05/20 22:10:51 INFO JettyUtils: Start Jetty 0.0.0.0:4040 for SparkUI","logger":"airflow.task.operators.airflow.providers.docker.operators.docker.DockerOperator","filename":"docker.py","lineno":71}
{"timestamp":"2026-05-20T22:10:51.322777Z","level":"info","event":"26/05/20 22:10:51 INFO Utils: Successfully started service 'SparkUI' on port 4040.","logger":"airflow.task.operators.airflow.providers.docker.operators.docker.DockerOperator","filename":"docker.py","lineno":71}
{"timestamp":"2026-05-20T22:10:51.478918Z","level":"info","event":"26/05/20 22:10:51 INFO StandaloneAppClient$ClientEndpoint: Connecting to master spark://spark-master:7077...","logger":"airflow.task.operators.airflow.providers.docker.operators.docker.DockerOperator","filename":"docker.py","lineno":71}
{"timestamp":"2026-05-20T22:10:51.551945Z","level":"info","event":"26/05/20 22:10:51 INFO TransportClientFactory: Successfully created connection to spark-master/172.20.0.19:7077 after 39 ms (0 ms spent in bootstraps)","logger":"airflow.task.operators.airflow.providers.docker.operators.docker.DockerOperator","filename":"docker.py","lineno":71}
{"timestamp":"2026-05-20T22:10:51.707265Z","level":"info","event":"26/05/20 22:10:51 INFO StandaloneSchedulerBackend: Connected to Spark cluster with app ID app-20260520221051-0015","logger":"airflow.task.operators.airflow.providers.docker.operators.docker.DockerOperator","filename":"docker.py","lineno":71}
{"timestamp":"2026-05-20T22:10:51.707571Z","level":"info","event":"26/05/20 22:10:51 INFO StandaloneAppClient$ClientEndpoint: Executor added: app-20260520221051-0015/0 on worker-20260520142324-172.20.0.20-40447 (172.20.0.20:40447) with 8 core(s)","logger":"airflow.task.operators.airflow.providers.docker.operators.docker.DockerOperator","filename":"docker.py","lineno":71}
{"timestamp":"2026-05-20T22:10:51.708397Z","level":"info","event":"26/05/20 22:10:51 INFO StandaloneSchedulerBackend: Granted executor ID app-20260520221051-0015/0 on hostPort 172.20.0.20:40447 with 8 core(s), 1024.0 MiB RAM","logger":"airflow.task.operators.airflow.providers.docker.operators.docker.DockerOperator","filename":"docker.py","lineno":71}
{"timestamp":"2026-05-20T22:10:51.709377Z","level":"info","event":"26/05/20 22:10:51 INFO StandaloneAppClient$ClientEndpoint: Executor added: app-20260520221051-0015/1 on worker-20260520142324-172.20.0.21-46155 (172.20.0.21:46155) with 8 core(s)","logger":"airflow.task.operators.airflow.providers.docker.operators.docker.DockerOperator","filename":"docker.py","lineno":71}
{"timestamp":"2026-05-20T22:10:51.710859Z","level":"info","event":"26/05/20 22:10:51 INFO StandaloneSchedulerBackend: Granted executor ID app-20260520221051-0015/1 on hostPort 172.20.0.21:46155 with 8 core(s), 1024.0 MiB RAM","logger":"airflow.task.operators.airflow.providers.docker.operators.docker.DockerOperator","filename":"docker.py","lineno":71}
{"timestamp":"2026-05-20T22:10:51.722667Z","level":"info","event":"26/05/20 22:10:51 INFO Utils: Successfully started service 'org.apache.spark.network.netty.NettyBlockTransferService' on port 40527.","logger":"airflow.task.operators.airflow.providers.docker.operators.docker.DockerOperator","filename":"docker.py","lineno":71}
{"timestamp":"2026-05-20T22:10:51.723201Z","level":"info","event":"26/05/20 22:10:51 INFO NettyBlockTransferService: Server created on 1aeb232ee7d1:40527","logger":"airflow.task.operators.airflow.providers.docker.operators.docker.DockerOperator","filename":"docker.py","lineno":71}
{"timestamp":"2026-05-20T22:10:51.726537Z","level":"info","event":"26/05/20 22:10:51 INFO BlockManager: Using org.apache.spark.storage.RandomBlockReplicationPolicy for block replication policy","logger":"airflow.task.operators.airflow.providers.docker.operators.docker.DockerOperator","filename":"docker.py","lineno":71}
{"timestamp":"2026-05-20T22:10:51.738482Z","level":"info","event":"26/05/20 22:10:51 INFO BlockManagerMaster: Registering BlockManager BlockManagerId(driver, 1aeb232ee7d1, 40527, None)","logger":"airflow.task.operators.airflow.providers.docker.operators.docker.DockerOperator","filename":"docker.py","lineno":71}
{"timestamp":"2026-05-20T22:10:51.749196Z","level":"info","event":"26/05/20 22:10:51 INFO BlockManagerMasterEndpoint: Registering block manager 1aeb232ee7d1:40527 with 434.4 MiB RAM, BlockManagerId(driver, 1aeb232ee7d1, 40527, None)","logger":"airflow.task.operators.airflow.providers.docker.operators.docker.DockerOperator","filename":"docker.py","lineno":71}
{"timestamp":"2026-05-20T22:10:51.753011Z","level":"info","event":"26/05/20 22:10:51 INFO BlockManagerMaster: Registered BlockManager BlockManagerId(driver, 1aeb232ee7d1, 40527, None)","logger":"airflow.task.operators.airflow.providers.docker.operators.docker.DockerOperator","filename":"docker.py","lineno":71}
{"timestamp":"2026-05-20T22:10:51.755119Z","level":"info","event":"26/05/20 22:10:51 INFO BlockManager: Initialized BlockManager: BlockManagerId(driver, 1aeb232ee7d1, 40527, None)","logger":"airflow.task.operators.airflow.providers.docker.operators.docker.DockerOperator","filename":"docker.py","lineno":71}
{"timestamp":"2026-05-20T22:10:51.781284Z","level":"info","event":"26/05/20 22:10:51 INFO StandaloneAppClient$ClientEndpoint: Executor updated: app-20260520221051-0015/0 is now RUNNING","logger":"airflow.task.operators.airflow.providers.docker.operators.docker.DockerOperator","filename":"docker.py","lineno":71}
{"timestamp":"2026-05-20T22:10:51.781917Z","level":"info","event":"26/05/20 22:10:51 INFO StandaloneAppClient$ClientEndpoint: Executor updated: app-20260520221051-0015/1 is now RUNNING","logger":"airflow.task.operators.airflow.providers.docker.operators.docker.DockerOperator","filename":"docker.py","lineno":71}
{"timestamp":"2026-05-20T22:10:52.092521Z","level":"info","event":"26/05/20 22:10:52 INFO StandaloneSchedulerBackend: SchedulerBackend is ready for scheduling beginning after reached minRegisteredResourcesRatio: 0.0","logger":"airflow.task.operators.airflow.providers.docker.operators.docker.DockerOperator","filename":"docker.py","lineno":71}
{"timestamp":"2026-05-20T22:10:52.604269Z","level":"info","event":"2026-05-20 22:10:52,603 - INFO - processing table sales_by_country","logger":"airflow.task.operators.airflow.providers.docker.operators.docker.DockerOperator","filename":"docker.py","lineno":71}
{"timestamp":"2026-05-20T22:10:52.606168Z","level":"info","event":"2026-05-20 22:10:52,604 - INFO - processing table sales_per_customer","logger":"airflow.task.operators.airflow.providers.docker.operators.docker.DockerOperator","filename":"docker.py","lineno":71}
{"timestamp":"2026-05-20T22:10:52.607069Z","level":"info","event":"2026-05-20 22:10:52,605 - INFO - processing table sales_per_employee","logger":"airflow.task.operators.airflow.providers.docker.operators.docker.DockerOperator","filename":"docker.py","lineno":71}
{"timestamp":"2026-05-20T22:10:52.609124Z","level":"info","event":"2026-05-20 22:10:52,606 - INFO - processing table sales_per_city_country","logger":"airflow.task.operators.airflow.providers.docker.operators.docker.DockerOperator","filename":"docker.py","lineno":71}
{"timestamp":"2026-05-20T22:10:52.609266Z","level":"info","event":"2026-05-20 22:10:52,607 - INFO - processing table quantity_sales_per_ship_method","logger":"airflow.task.operators.airflow.providers.docker.operators.docker.DockerOperator","filename":"docker.py","lineno":71}
{"timestamp":"2026-05-20T22:10:52.609414Z","level":"info","event":"2026-05-20 22:10:52,608 - INFO - processing table sales_per_card_type","logger":"airflow.task.operators.airflow.providers.docker.operators.docker.DockerOperator","filename":"docker.py","lineno":71}
{"timestamp":"2026-05-20T22:10:52.610045Z","level":"info","event":"2026-05-20 22:10:52,609 - INFO - processing table quantity_sales_per_product","logger":"airflow.task.operators.airflow.providers.docker.operators.docker.DockerOperator","filename":"docker.py","lineno":71}
{"timestamp":"2026-05-20T22:10:52.737050Z","level":"info","event":"26/05/20 22:10:52 INFO SharedState: Setting hive.metastore.warehouse.dir ('null') to the value of spark.sql.warehouse.dir.","logger":"airflow.task.operators.airflow.providers.docker.operators.docker.DockerOperator","filename":"docker.py","lineno":71}
{"timestamp":"2026-05-20T22:10:52.758214Z","level":"info","event":"26/05/20 22:10:52 INFO SharedState: Warehouse path is 'file:/app/spark-warehouse'.","logger":"airflow.task.operators.airflow.providers.docker.operators.docker.DockerOperator","filename":"docker.py","lineno":71}
{"timestamp":"2026-05-20T22:10:55.794505Z","level":"info","event":"26/05/20 22:10:55 WARN MetricsConfig: Cannot locate configuration: tried hadoop-metrics2-s3a-file-system.properties,hadoop-metrics2.properties","logger":"airflow.task.operators.airflow.providers.docker.operators.docker.DockerOperator","filename":"docker.py","lineno":71}
{"timestamp":"2026-05-20T22:10:55.825550Z","level":"info","event":"26/05/20 22:10:55 INFO MetricsSystemImpl: Scheduled Metric snapshot period at 10 second(s).","logger":"airflow.task.operators.airflow.providers.docker.operators.docker.DockerOperator","filename":"docker.py","lineno":71}
{"timestamp":"2026-05-20T22:10:55.825914Z","level":"info","event":"26/05/20 22:10:55 INFO MetricsSystemImpl: s3a-file-system metrics system started","logger":"airflow.task.operators.airflow.providers.docker.operators.docker.DockerOperator","filename":"docker.py","lineno":71}
{"timestamp":"2026-05-20T22:10:56.300263Z","level":"info","event":"26/05/20 22:10:56 INFO StandaloneSchedulerBackend$StandaloneDriverEndpoint: Registered executor NettyRpcEndpointRef(spark-client://Executor) (172.20.0.20:57534) with ID 0,  ResourceProfileId 0","logger":"airflow.task.operators.airflow.providers.docker.operators.docker.DockerOperator","filename":"docker.py","lineno":71}
{"timestamp":"2026-05-20T22:10:56.356480Z","level":"info","event":"26/05/20 22:10:56 INFO StandaloneSchedulerBackend$StandaloneDriverEndpoint: Registered executor NettyRpcEndpointRef(spark-client://Executor) (172.20.0.21:42266) with ID 1,  ResourceProfileId 0","logger":"airflow.task.operators.airflow.providers.docker.operators.docker.DockerOperator","filename":"docker.py","lineno":71}
{"timestamp":"2026-05-20T22:10:56.476300Z","level":"info","event":"26/05/20 22:10:56 INFO BlockManagerMasterEndpoint: Registering block manager 172.20.0.20:38043 with 434.4 MiB RAM, BlockManagerId(0, 172.20.0.20, 38043, None)","logger":"airflow.task.operators.airflow.providers.docker.operators.docker.DockerOperator","filename":"docker.py","lineno":71}
{"timestamp":"2026-05-20T22:10:56.496615Z","level":"info","event":"26/05/20 22:10:56 INFO BlockManagerMasterEndpoint: Registering block manager 172.20.0.21:40681 with 434.4 MiB RAM, BlockManagerId(1, 172.20.0.21, 40681, None)","logger":"airflow.task.operators.airflow.providers.docker.operators.docker.DockerOperator","filename":"docker.py","lineno":71}
{"timestamp":"2026-05-20T22:10:57.849226Z","level":"info","event":"26/05/20 22:10:57 INFO DelegatingLogStore: LogStore `LogStoreAdapter(io.delta.storage.S3SingleDriverLogStore)` is used for scheme `s3a`","logger":"airflow.task.operators.airflow.providers.docker.operators.docker.DockerOperator","filename":"docker.py","lineno":71}
{"timestamp":"2026-05-20T22:10:57.851676Z","level":"info","event":"26/05/20 22:10:57 INFO DelegatingLogStore: LogStore `LogStoreAdapter(io.delta.storage.S3SingleDriverLogStore)` is used for scheme `s3a`","logger":"airflow.task.operators.airflow.providers.docker.operators.docker.DockerOperator","filename":"docker.py","lineno":71}
{"timestamp":"2026-05-20T22:10:57.851927Z","level":"info","event":"26/05/20 22:10:57 INFO DelegatingLogStore: LogStore `LogStoreAdapter(io.delta.storage.S3SingleDriverLogStore)` is used for scheme `s3a`","logger":"airflow.task.operators.airflow.providers.docker.operators.docker.DockerOperator","filename":"docker.py","lineno":71}
{"timestamp":"2026-05-20T22:10:57.852062Z","level":"info","event":"26/05/20 22:10:57 INFO DelegatingLogStore: LogStore `LogStoreAdapter(io.delta.storage.S3SingleDriverLogStore)` is used for scheme `s3a`","logger":"airflow.task.operators.airflow.providers.docker.operators.docker.DockerOperator","filename":"docker.py","lineno":71}
{"timestamp":"2026-05-20T22:10:57.852164Z","level":"info","event":"26/05/20 22:10:57 INFO DelegatingLogStore: LogStore `LogStoreAdapter(io.delta.storage.S3SingleDriverLogStore)` is used for scheme `s3a`","logger":"airflow.task.operators.airflow.providers.docker.operators.docker.DockerOperator","filename":"docker.py","lineno":71}
{"timestamp":"2026-05-20T22:10:57.852241Z","level":"info","event":"26/05/20 22:10:57 INFO DelegatingLogStore: LogStore `LogStoreAdapter(io.delta.storage.S3SingleDriverLogStore)` is used for scheme `s3a`","logger":"airflow.task.operators.airflow.providers.docker.operators.docker.DockerOperator","filename":"docker.py","lineno":71}
{"timestamp":"2026-05-20T22:10:57.852316Z","level":"info","event":"26/05/20 22:10:57 INFO DelegatingLogStore: LogStore `LogStoreAdapter(io.delta.storage.S3SingleDriverLogStore)` is used for scheme `s3a`","logger":"airflow.task.operators.airflow.providers.docker.operators.docker.DockerOperator","filename":"docker.py","lineno":71}
{"timestamp":"2026-05-20T22:10:58.025722Z","level":"info","event":"26/05/20 22:10:58 INFO DeltaLog: Loading version 0.","logger":"airflow.task.operators.airflow.providers.docker.operators.docker.DockerOperator","filename":"docker.py","lineno":71}
{"timestamp":"2026-05-20T22:10:58.026505Z","level":"info","event":"26/05/20 22:10:58 INFO DeltaLog: Loading version 0.","logger":"airflow.task.operators.airflow.providers.docker.operators.docker.DockerOperator","filename":"docker.py","lineno":71}
{"timestamp":"2026-05-20T22:10:58.029628Z","level":"info","event":"26/05/20 22:10:58 INFO DeltaLog: Loading version 0.","logger":"airflow.task.operators.airflow.providers.docker.operators.docker.DockerOperator","filename":"docker.py","lineno":71}
{"timestamp":"2026-05-20T22:10:58.030014Z","level":"info","event":"26/05/20 22:10:58 INFO DeltaLog: Loading version 0.","logger":"airflow.task.operators.airflow.providers.docker.operators.docker.DockerOperator","filename":"docker.py","lineno":71}
{"timestamp":"2026-05-20T22:10:58.030222Z","level":"info","event":"26/05/20 22:10:58 INFO DeltaLog: Loading version 0.","logger":"airflow.task.operators.airflow.providers.docker.operators.docker.DockerOperator","filename":"docker.py","lineno":71}
{"timestamp":"2026-05-20T22:10:58.032315Z","level":"info","event":"26/05/20 22:10:58 INFO DeltaLog: Loading version 0.","logger":"airflow.task.operators.airflow.providers.docker.operators.docker.DockerOperator","filename":"docker.py","lineno":71}
{"timestamp":"2026-05-20T22:10:58.032470Z","level":"info","event":"26/05/20 22:10:58 INFO DeltaLog: Loading version 0.","logger":"airflow.task.operators.airflow.providers.docker.operators.docker.DockerOperator","filename":"docker.py","lineno":71}
{"timestamp":"2026-05-20T22:11:00.771917Z","level":"info","event":"26/05/20 22:11:00 INFO DeltaLogFileIndex: Created DeltaLogFileIndex(JSON, numFilesInSegment: 1, totalFileSize: 1736)","logger":"airflow.task.operators.airflow.providers.docker.operators.docker.DockerOperator","filename":"docker.py","lineno":71}
{"timestamp":"2026-05-20T22:11:00.773040Z","level":"info","event":"26/05/20 22:11:00 INFO DeltaLogFileIndex: Created DeltaLogFileIndex(JSON, numFilesInSegment: 1, totalFileSize: 1929)","logger":"airflow.task.operators.airflow.providers.docker.operators.docker.DockerOperator","filename":"docker.py","lineno":71}
{"timestamp":"2026-05-20T22:11:00.774330Z","level":"info","event":"26/05/20 22:11:00 INFO DeltaLogFileIndex: Created DeltaLogFileIndex(JSON, numFilesInSegment: 1, totalFileSize: 1744)","logger":"airflow.task.operators.airflow.providers.docker.operators.docker.DockerOperator","filename":"docker.py","lineno":71}
{"timestamp":"2026-05-20T22:11:00.778312Z","level":"info","event":"26/05/20 22:11:00 INFO DeltaLogFileIndex: Created DeltaLogFileIndex(JSON, numFilesInSegment: 1, totalFileSize: 1906)","logger":"airflow.task.operators.airflow.providers.docker.operators.docker.DockerOperator","filename":"docker.py","lineno":71}
{"timestamp":"2026-05-20T22:11:00.778601Z","level":"info","event":"26/05/20 22:11:00 INFO DeltaLogFileIndex: Created DeltaLogFileIndex(JSON, numFilesInSegment: 1, totalFileSize: 2114)","logger":"airflow.task.operators.airflow.providers.docker.operators.docker.DockerOperator","filename":"docker.py","lineno":71}
{"timestamp":"2026-05-20T22:11:00.778714Z","level":"info","event":"26/05/20 22:11:00 INFO DeltaLogFileIndex: Created DeltaLogFileIndex(JSON, numFilesInSegment: 1, totalFileSize: 1591)","logger":"airflow.task.operators.airflow.providers.docker.operators.docker.DockerOperator","filename":"docker.py","lineno":71}
{"timestamp":"2026-05-20T22:11:00.781659Z","level":"info","event":"26/05/20 22:11:00 INFO DeltaLogFileIndex: Created DeltaLogFileIndex(JSON, numFilesInSegment: 1, totalFileSize: 1758)","logger":"airflow.task.operators.airflow.providers.docker.operators.docker.DockerOperator","filename":"docker.py","lineno":71}
{"timestamp":"2026-05-20T22:11:03.145725Z","level":"info","event":"26/05/20 22:11:03 INFO DataSourceStrategy: Pruning directories with:","logger":"airflow.task.operators.airflow.providers.docker.operators.docker.DockerOperator","filename":"docker.py","lineno":71}
{"timestamp":"2026-05-20T22:11:03.146015Z","level":"info","event":"26/05/20 22:11:03 INFO DataSourceStrategy: Pruning directories with:","logger":"airflow.task.operators.airflow.providers.docker.operators.docker.DockerOperator","filename":"docker.py","lineno":71}
{"timestamp":"2026-05-20T22:11:03.146130Z","level":"info","event":"26/05/20 22:11:03 INFO DataSourceStrategy: Pruning directories with:","logger":"airflow.task.operators.airflow.providers.docker.operators.docker.DockerOperator","filename":"docker.py","lineno":71}
{"timestamp":"2026-05-20T22:11:03.146215Z","level":"info","event":"26/05/20 22:11:03 INFO DataSourceStrategy: Pruning directories with:","logger":"airflow.task.operators.airflow.providers.docker.operators.docker.DockerOperator","filename":"docker.py","lineno":71}
{"timestamp":"2026-05-20T22:11:03.146304Z","level":"info","event":"26/05/20 22:11:03 INFO DataSourceStrategy: Pruning directories with:","logger":"airflow.task.operators.airflow.providers.docker.operators.docker.DockerOperator","filename":"docker.py","lineno":71}
{"timestamp":"2026-05-20T22:11:03.152000Z","level":"info","event":"26/05/20 22:11:03 INFO DataSourceStrategy: Pruning directories with:","logger":"airflow.task.operators.airflow.providers.docker.operators.docker.DockerOperator","filename":"docker.py","lineno":71}
{"timestamp":"2026-05-20T22:11:03.152234Z","level":"info","event":"26/05/20 22:11:03 INFO DataSourceStrategy: Pruning directories with:","logger":"airflow.task.operators.airflow.providers.docker.operators.docker.DockerOperator","filename":"docker.py","lineno":71}
{"timestamp":"2026-05-20T22:11:03.166118Z","level":"info","event":"26/05/20 22:11:03 INFO FileSourceStrategy: Pushed Filters:","logger":"airflow.task.operators.airflow.providers.docker.operators.docker.DockerOperator","filename":"docker.py","lineno":71}
{"timestamp":"2026-05-20T22:11:03.168194Z","level":"info","event":"26/05/20 22:11:03 INFO FileSourceStrategy: Pushed Filters:","logger":"airflow.task.operators.airflow.providers.docker.operators.docker.DockerOperator","filename":"docker.py","lineno":71}
{"timestamp":"2026-05-20T22:11:03.168452Z","level":"info","event":"26/05/20 22:11:03 INFO FileSourceStrategy: Pushed Filters:","logger":"airflow.task.operators.airflow.providers.docker.operators.docker.DockerOperator","filename":"docker.py","lineno":71}
{"timestamp":"2026-05-20T22:11:03.168655Z","level":"info","event":"26/05/20 22:11:03 INFO FileSourceStrategy: Pushed Filters:","logger":"airflow.task.operators.airflow.providers.docker.operators.docker.DockerOperator","filename":"docker.py","lineno":71}
{"timestamp":"2026-05-20T22:11:03.168769Z","level":"info","event":"26/05/20 22:11:03 INFO FileSourceStrategy: Pushed Filters:","logger":"airflow.task.operators.airflow.providers.docker.operators.docker.DockerOperator","filename":"docker.py","lineno":71}
{"timestamp":"2026-05-20T22:11:03.168917Z","level":"info","event":"26/05/20 22:11:03 INFO FileSourceStrategy: Pushed Filters:","logger":"airflow.task.operators.airflow.providers.docker.operators.docker.DockerOperator","filename":"docker.py","lineno":71}
{"timestamp":"2026-05-20T22:11:03.169049Z","level":"info","event":"26/05/20 22:11:03 INFO FileSourceStrategy: Pushed Filters:","logger":"airflow.task.operators.airflow.providers.docker.operators.docker.DockerOperator","filename":"docker.py","lineno":71}
{"timestamp":"2026-05-20T22:11:03.175011Z","level":"info","event":"26/05/20 22:11:03 INFO FileSourceStrategy: Post-Scan Filters: (isnotnull(protocol#18.minReaderVersion) OR isnotnull(metaData#10.id))","logger":"airflow.task.operators.airflow.providers.docker.operators.docker.DockerOperator","filename":"docker.py","lineno":71}
{"timestamp":"2026-05-20T22:11:03.175275Z","level":"info","event":"26/05/20 22:11:03 INFO FileSourceStrategy: Post-Scan Filters: (isnotnull(protocol#27.minReaderVersion) OR isnotnull(metaData#11.id))","logger":"airflow.task.operators.airflow.providers.docker.operators.docker.DockerOperator","filename":"docker.py","lineno":71}
{"timestamp":"2026-05-20T22:11:03.175435Z","level":"info","event":"26/05/20 22:11:03 INFO FileSourceStrategy: Post-Scan Filters: (isnotnull(protocol#21.minReaderVersion) OR isnotnull(metaData#15.id))","logger":"airflow.task.operators.airflow.providers.docker.operators.docker.DockerOperator","filename":"docker.py","lineno":71}
{"timestamp":"2026-05-20T22:11:03.175587Z","level":"info","event":"26/05/20 22:11:03 INFO FileSourceStrategy: Post-Scan Filters: (isnotnull(protocol#17.minReaderVersion) OR isnotnull(metaData#16.id))","logger":"airflow.task.operators.airflow.providers.docker.operators.docker.DockerOperator","filename":"docker.py","lineno":71}
{"timestamp":"2026-05-20T22:11:03.179101Z","level":"info","event":"26/05/20 22:11:03 INFO FileSourceStrategy: Post-Scan Filters: (isnotnull(protocol#23.minReaderVersion) OR isnotnull(metaData#14.id))","logger":"airflow.task.operators.airflow.providers.docker.operators.docker.DockerOperator","filename":"docker.py","lineno":71}
{"timestamp":"2026-05-20T22:11:03.179267Z","level":"info","event":"26/05/20 22:11:03 INFO FileSourceStrategy: Post-Scan Filters: (isnotnull(protocol#29.minReaderVersion) OR isnotnull(metaData#12.id))","logger":"airflow.task.operators.airflow.providers.docker.operators.docker.DockerOperator","filename":"docker.py","lineno":71}
{"timestamp":"2026-05-20T22:11:03.179400Z","level":"info","event":"26/05/20 22:11:03 INFO FileSourceStrategy: Post-Scan Filters: (isnotnull(protocol#25.minReaderVersion) OR isnotnull(metaData#13.id))","logger":"airflow.task.operators.airflow.providers.docker.operators.docker.DockerOperator","filename":"docker.py","lineno":71}
{"timestamp":"2026-05-20T22:11:04.363496Z","level":"info","event":"26/05/20 22:11:04 INFO CodeGenerator: Code generated in 507.369566 ms","logger":"airflow.task.operators.airflow.providers.docker.operators.docker.DockerOperator","filename":"docker.py","lineno":71}
{"timestamp":"2026-05-20T22:11:04.519403Z","level":"info","event":"26/05/20 22:11:04 INFO MemoryStore: Block broadcast_5 stored as values in memory (estimated size 202.1 KiB, free 434.2 MiB)","logger":"airflow.task.operators.airflow.providers.docker.operators.docker.DockerOperator","filename":"docker.py","lineno":71}
{"timestamp":"2026-05-20T22:11:04.524106Z","level":"info","event":"26/05/20 22:11:04 INFO MemoryStore: Block broadcast_3 stored as values in memory (estimated size 202.1 KiB, free 433.6 MiB)","logger":"airflow.task.operators.airflow.providers.docker.operators.docker.DockerOperator","filename":"docker.py","lineno":71}
{"timestamp":"2026-05-20T22:11:04.524457Z","level":"info","event":"26/05/20 22:11:04 INFO MemoryStore: Block broadcast_0 stored as values in memory (estimated size 202.1 KiB, free 434.0 MiB)","logger":"airflow.task.operators.airflow.providers.docker.operators.docker.DockerOperator","filename":"docker.py","lineno":71}
{"timestamp":"2026-05-20T22:11:04.527067Z","level":"info","event":"26/05/20 22:11:04 INFO MemoryStore: Block broadcast_4 stored as values in memory (estimated size 202.1 KiB, free 433.4 MiB)","logger":"airflow.task.operators.airflow.providers.docker.operators.docker.DockerOperator","filename":"docker.py","lineno":71}
{"timestamp":"2026-05-20T22:11:04.528138Z","level":"info","event":"26/05/20 22:11:04 INFO MemoryStore: Block broadcast_6 stored as values in memory (estimated size 202.1 KiB, free 433.2 MiB)","logger":"airflow.task.operators.airflow.providers.docker.operators.docker.DockerOperator","filename":"docker.py","lineno":71}
{"timestamp":"2026-05-20T22:11:04.529520Z","level":"info","event":"26/05/20 22:11:04 INFO MemoryStore: Block broadcast_2 stored as values in memory (estimated size 202.1 KiB, free 433.0 MiB)","logger":"airflow.task.operators.airflow.providers.docker.operators.docker.DockerOperator","filename":"docker.py","lineno":71}
{"timestamp":"2026-05-20T22:11:04.529746Z","level":"info","event":"26/05/20 22:11:04 INFO MemoryStore: Block broadcast_1 stored as values in memory (estimated size 202.1 KiB, free 433.2 MiB)","logger":"airflow.task.operators.airflow.providers.docker.operators.docker.DockerOperator","filename":"docker.py","lineno":71}
{"timestamp":"2026-05-20T22:11:04.643061Z","level":"info","event":"26/05/20 22:11:04 INFO MemoryStore: Block broadcast_6_piece0 stored as bytes in memory (estimated size 34.9 KiB, free 432.8 MiB)","logger":"airflow.task.operators.airflow.providers.docker.operators.docker.DockerOperator","filename":"docker.py","lineno":71}
{"timestamp":"2026-05-20T22:11:04.643365Z","level":"info","event":"26/05/20 22:11:04 INFO MemoryStore: Block broadcast_4_piece0 stored as bytes in memory (estimated size 34.9 KiB, free 432.8 MiB)","logger":"airflow.task.operators.airflow.providers.docker.operators.docker.DockerOperator","filename":"docker.py","lineno":71}
{"timestamp":"2026-05-20T22:11:04.643501Z","level":"info","event":"26/05/20 22:11:04 INFO MemoryStore: Block broadcast_3_piece0 stored as bytes in memory (estimated size 34.9 KiB, free 432.8 MiB)","logger":"airflow.task.operators.airflow.providers.docker.operators.docker.DockerOperator","filename":"docker.py","lineno":71}
{"timestamp":"2026-05-20T22:11:04.644098Z","level":"info","event":"26/05/20 22:11:04 INFO MemoryStore: Block broadcast_0_piece0 stored as bytes in memory (estimated size 34.9 KiB, free 432.8 MiB)","logger":"airflow.task.operators.airflow.providers.docker.operators.docker.DockerOperator","filename":"docker.py","lineno":71}
{"timestamp":"2026-05-20T22:11:04.644400Z","level":"info","event":"26/05/20 22:11:04 INFO MemoryStore: Block broadcast_1_piece0 stored as bytes in memory (estimated size 34.9 KiB, free 432.8 MiB)","logger":"airflow.task.operators.airflow.providers.docker.operators.docker.DockerOperator","filename":"docker.py","lineno":71}
{"timestamp":"2026-05-20T22:11:04.644509Z","level":"info","event":"26/05/20 22:11:04 INFO MemoryStore: Block broadcast_2_piece0 stored as bytes in memory (estimated size 34.9 KiB, free 432.8 MiB)","logger":"airflow.task.operators.airflow.providers.docker.operators.docker.DockerOperator","filename":"docker.py","lineno":71}
{"timestamp":"2026-05-20T22:11:04.646505Z","level":"info","event":"26/05/20 22:11:04 INFO MemoryStore: Block broadcast_5_piece0 stored as bytes in memory (estimated size 34.9 KiB, free 432.8 MiB)","logger":"airflow.task.operators.airflow.providers.docker.operators.docker.DockerOperator","filename":"docker.py","lineno":71}
{"timestamp":"2026-05-20T22:11:04.649270Z","level":"info","event":"26/05/20 22:11:04 INFO BlockManagerInfo: Added broadcast_6_piece0 in memory on 1aeb232ee7d1:40527 (size: 34.9 KiB, free: 434.4 MiB)","logger":"airflow.task.operators.airflow.providers.docker.operators.docker.DockerOperator","filename":"docker.py","lineno":71}
{"timestamp":"2026-05-20T22:11:04.655138Z","level":"info","event":"26/05/20 22:11:04 INFO BlockManagerInfo: Added broadcast_0_piece0 in memory on 1aeb232ee7d1:40527 (size: 34.9 KiB, free: 434.3 MiB)","logger":"airflow.task.operators.airflow.providers.docker.operators.docker.DockerOperator","filename":"docker.py","lineno":71}
{"timestamp":"2026-05-20T22:11:04.657874Z","level":"info","event":"26/05/20 22:11:04 INFO BlockManagerInfo: Added broadcast_4_piece0 in memory on 1aeb232ee7d1:40527 (size: 34.9 KiB, free: 434.3 MiB)","logger":"airflow.task.operators.airflow.providers.docker.operators.docker.DockerOperator","filename":"docker.py","lineno":71}
{"timestamp":"2026-05-20T22:11:04.660027Z","level":"info","event":"26/05/20 22:11:04 INFO SparkContext: Created broadcast 6 from toString at <unknown>:0","logger":"airflow.task.operators.airflow.providers.docker.operators.docker.DockerOperator","filename":"docker.py","lineno":71}
{"timestamp":"2026-05-20T22:11:04.660341Z","level":"info","event":"26/05/20 22:11:04 INFO SparkContext: Created broadcast 0 from toString at <unknown>:0","logger":"airflow.task.operators.airflow.providers.docker.operators.docker.DockerOperator","filename":"docker.py","lineno":71}
{"timestamp":"2026-05-20T22:11:04.660796Z","level":"info","event":"26/05/20 22:11:04 INFO BlockManagerInfo: Added broadcast_5_piece0 in memory on 1aeb232ee7d1:40527 (size: 34.9 KiB, free: 434.3 MiB)","logger":"airflow.task.operators.airflow.providers.docker.operators.docker.DockerOperator","filename":"docker.py","lineno":71}
{"timestamp":"2026-05-20T22:11:04.660970Z","level":"info","event":"26/05/20 22:11:04 INFO BlockManagerInfo: Added broadcast_3_piece0 in memory on 1aeb232ee7d1:40527 (size: 34.9 KiB, free: 434.2 MiB)","logger":"airflow.task.operators.airflow.providers.docker.operators.docker.DockerOperator","filename":"docker.py","lineno":71}
{"timestamp":"2026-05-20T22:11:04.661373Z","level":"info","event":"26/05/20 22:11:04 INFO SparkContext: Created broadcast 4 from toString at <unknown>:0","logger":"airflow.task.operators.airflow.providers.docker.operators.docker.DockerOperator","filename":"docker.py","lineno":71}
{"timestamp":"2026-05-20T22:11:04.661700Z","level":"info","event":"26/05/20 22:11:04 INFO BlockManagerInfo: Added broadcast_1_piece0 in memory on 1aeb232ee7d1:40527 (size: 34.9 KiB, free: 434.2 MiB)","logger":"airflow.task.operators.airflow.providers.docker.operators.docker.DockerOperator","filename":"docker.py","lineno":71}
{"timestamp":"2026-05-20T22:11:04.664070Z","level":"info","event":"26/05/20 22:11:04 INFO BlockManagerInfo: Added broadcast_2_piece0 in memory on 1aeb232ee7d1:40527 (size: 34.9 KiB, free: 434.2 MiB)","logger":"airflow.task.operators.airflow.providers.docker.operators.docker.DockerOperator","filename":"docker.py","lineno":71}
{"timestamp":"2026-05-20T22:11:04.664210Z","level":"info","event":"26/05/20 22:11:04 INFO SparkContext: Created broadcast 1 from toString at <unknown>:0","logger":"airflow.task.operators.airflow.providers.docker.operators.docker.DockerOperator","filename":"docker.py","lineno":71}
{"timestamp":"2026-05-20T22:11:04.664275Z","level":"info","event":"26/05/20 22:11:04 INFO SparkContext: Created broadcast 2 from toString at <unknown>:0","logger":"airflow.task.operators.airflow.providers.docker.operators.docker.DockerOperator","filename":"docker.py","lineno":71}
{"timestamp":"2026-05-20T22:11:04.665278Z","level":"info","event":"26/05/20 22:11:04 INFO SparkContext: Created broadcast 3 from toString at <unknown>:0","logger":"airflow.task.operators.airflow.providers.docker.operators.docker.DockerOperator","filename":"docker.py","lineno":71}
{"timestamp":"2026-05-20T22:11:04.665962Z","level":"info","event":"26/05/20 22:11:04 INFO SparkContext: Created broadcast 5 from toString at <unknown>:0","logger":"airflow.task.operators.airflow.providers.docker.operators.docker.DockerOperator","filename":"docker.py","lineno":71}
{"timestamp":"2026-05-20T22:11:04.726077Z","level":"info","event":"26/05/20 22:11:04 INFO FileSourceScanExec: Planning scan with bin packing, max size: 4194304 bytes, open cost is considered as scanning 4194304 bytes.","logger":"airflow.task.operators.airflow.providers.docker.operators.docker.DockerOperator","filename":"docker.py","lineno":71}
{"timestamp":"2026-05-20T22:11:04.726636Z","level":"info","event":"26/05/20 22:11:04 INFO FileSourceScanExec: Planning scan with bin packing, max size: 4194304 bytes, open cost is considered as scanning 4194304 bytes.","logger":"airflow.task.operators.airflow.providers.docker.operators.docker.DockerOperator","filename":"docker.py","lineno":71}
{"timestamp":"2026-05-20T22:11:04.727807Z","level":"info","event":"26/05/20 22:11:04 INFO FileSourceScanExec: Planning scan with bin packing, max size: 4194304 bytes, open cost is considered as scanning 4194304 bytes.","logger":"airflow.task.operators.airflow.providers.docker.operators.docker.DockerOperator","filename":"docker.py","lineno":71}
{"timestamp":"2026-05-20T22:11:04.728516Z","level":"info","event":"26/05/20 22:11:04 INFO FileSourceScanExec: Planning scan with bin packing, max size: 4194304 bytes, open cost is considered as scanning 4194304 bytes.","logger":"airflow.task.operators.airflow.providers.docker.operators.docker.DockerOperator","filename":"docker.py","lineno":71}
{"timestamp":"2026-05-20T22:11:04.729103Z","level":"info","event":"26/05/20 22:11:04 INFO FileSourceScanExec: Planning scan with bin packing, max size: 4194304 bytes, open cost is considered as scanning 4194304 bytes.","logger":"airflow.task.operators.airflow.providers.docker.operators.docker.DockerOperator","filename":"docker.py","lineno":71}
{"timestamp":"2026-05-20T22:11:04.730304Z","level":"info","event":"26/05/20 22:11:04 INFO FileSourceScanExec: Planning scan with bin packing, max size: 4194304 bytes, open cost is considered as scanning 4194304 bytes.","logger":"airflow.task.operators.airflow.providers.docker.operators.docker.DockerOperator","filename":"docker.py","lineno":71}
{"timestamp":"2026-05-20T22:11:04.731236Z","level":"info","event":"26/05/20 22:11:04 INFO FileSourceScanExec: Planning scan with bin packing, max size: 4194304 bytes, open cost is considered as scanning 4194304 bytes.","logger":"airflow.task.operators.airflow.providers.docker.operators.docker.DockerOperator","filename":"docker.py","lineno":71}
{"timestamp":"2026-05-20T22:11:05.052898Z","level":"info","event":"26/05/20 22:11:05 INFO SparkContext: Starting job: toString at <unknown>:0","logger":"airflow.task.operators.airflow.providers.docker.operators.docker.DockerOperator","filename":"docker.py","lineno":71}
{"timestamp":"2026-05-20T22:11:05.060785Z","level":"info","event":"26/05/20 22:11:05 INFO SparkContext: Starting job: toString at <unknown>:0","logger":"airflow.task.operators.airflow.providers.docker.operators.docker.DockerOperator","filename":"docker.py","lineno":71}
{"timestamp":"2026-05-20T22:11:05.063043Z","level":"info","event":"26/05/20 22:11:05 INFO SparkContext: Starting job: toString at <unknown>:0","logger":"airflow.task.operators.airflow.providers.docker.operators.docker.DockerOperator","filename":"docker.py","lineno":71}
{"timestamp":"2026-05-20T22:11:05.063694Z","level":"info","event":"26/05/20 22:11:05 INFO SparkContext: Starting job: toString at <unknown>:0","logger":"airflow.task.operators.airflow.providers.docker.operators.docker.DockerOperator","filename":"docker.py","lineno":71}
{"timestamp":"2026-05-20T22:11:05.064136Z","level":"info","event":"26/05/20 22:11:05 INFO SparkContext: Starting job: toString at <unknown>:0","logger":"airflow.task.operators.airflow.providers.docker.operators.docker.DockerOperator","filename":"docker.py","lineno":71}
{"timestamp":"2026-05-20T22:11:05.065817Z","level":"info","event":"26/05/20 22:11:05 INFO SparkContext: Starting job: toString at <unknown>:0","logger":"airflow.task.operators.airflow.providers.docker.operators.docker.DockerOperator","filename":"docker.py","lineno":71}
{"timestamp":"2026-05-20T22:11:05.066684Z","level":"info","event":"26/05/20 22:11:05 INFO SparkContext: Starting job: toString at <unknown>:0","logger":"airflow.task.operators.airflow.providers.docker.operators.docker.DockerOperator","filename":"docker.py","lineno":71}
{"timestamp":"2026-05-20T22:11:05.089561Z","level":"info","event":"26/05/20 22:11:05 INFO DAGScheduler: Got job 0 (toString at <unknown>:0) with 1 output partitions","logger":"airflow.task.operators.airflow.providers.docker.operators.docker.DockerOperator","filename":"docker.py","lineno":71}
{"timestamp":"2026-05-20T22:11:05.090481Z","level":"info","event":"26/05/20 22:11:05 INFO DAGScheduler: Final stage: ResultStage 0 (toString at <unknown>:0)","logger":"airflow.task.operators.airflow.providers.docker.operators.docker.DockerOperator","filename":"docker.py","lineno":71}
{"timestamp":"2026-05-20T22:11:05.090711Z","level":"info","event":"26/05/20 22:11:05 INFO DAGScheduler: Parents of final stage: List()","logger":"airflow.task.operators.airflow.providers.docker.operators.docker.DockerOperator","filename":"docker.py","lineno":71}
{"timestamp":"2026-05-20T22:11:05.090882Z","level":"info","event":"26/05/20 22:11:05 INFO DAGScheduler: Missing parents: List()","logger":"airflow.task.operators.airflow.providers.docker.operators.docker.DockerOperator","filename":"docker.py","lineno":71}
{"timestamp":"2026-05-20T22:11:05.100506Z","level":"info","event":"26/05/20 22:11:05 INFO DAGScheduler: Submitting ResultStage 0 (MapPartitionsRDD[20] at toString at <unknown>:0), which has no missing parents","logger":"airflow.task.operators.airflow.providers.docker.operators.docker.DockerOperator","filename":"docker.py","lineno":71}
{"timestamp":"2026-05-20T22:11:05.127677Z","level":"info","event":"26/05/20 22:11:05 INFO MemoryStore: Block broadcast_7 stored as values in memory (estimated size 40.0 KiB, free 432.7 MiB)","logger":"airflow.task.operators.airflow.providers.docker.operators.docker.DockerOperator","filename":"docker.py","lineno":71}
{"timestamp":"2026-05-20T22:11:05.132675Z","level":"info","event":"26/05/20 22:11:05 INFO MemoryStore: Block broadcast_7_piece0 stored as bytes in memory (estimated size 13.7 KiB, free 432.7 MiB)","logger":"airflow.task.operators.airflow.providers.docker.operators.docker.DockerOperator","filename":"docker.py","lineno":71}
{"timestamp":"2026-05-20T22:11:05.134460Z","level":"info","event":"26/05/20 22:11:05 INFO BlockManagerInfo: Added broadcast_7_piece0 in memory on 1aeb232ee7d1:40527 (size: 13.7 KiB, free: 434.1 MiB)","logger":"airflow.task.operators.airflow.providers.docker.operators.docker.DockerOperator","filename":"docker.py","lineno":71}
{"timestamp":"2026-05-20T22:11:05.136026Z","level":"info","event":"26/05/20 22:11:05 INFO SparkContext: Created broadcast 7 from broadcast at DAGScheduler.scala:1580","logger":"airflow.task.operators.airflow.providers.docker.operators.docker.DockerOperator","filename":"docker.py","lineno":71}
{"timestamp":"2026-05-20T22:11:05.162131Z","level":"info","event":"26/05/20 22:11:05 INFO DAGScheduler: Submitting 1 missing tasks from ResultStage 0 (MapPartitionsRDD[20] at toString at <unknown>:0) (first 15 tasks are for partitions Vector(0))","logger":"airflow.task.operators.airflow.providers.docker.operators.docker.DockerOperator","filename":"docker.py","lineno":71}
{"timestamp":"2026-05-20T22:11:05.163914Z","level":"info","event":"26/05/20 22:11:05 INFO TaskSchedulerImpl: Adding task set 0.0 with 1 tasks resource profile 0","logger":"airflow.task.operators.airflow.providers.docker.operators.docker.DockerOperator","filename":"docker.py","lineno":71}
{"timestamp":"2026-05-20T22:11:05.187455Z","level":"info","event":"26/05/20 22:11:05 INFO DAGScheduler: Got job 1 (toString at <unknown>:0) with 1 output partitions","logger":"airflow.task.operators.airflow.providers.docker.operators.docker.DockerOperator","filename":"docker.py","lineno":71}
{"timestamp":"2026-05-20T22:11:05.187746Z","level":"info","event":"26/05/20 22:11:05 INFO DAGScheduler: Final stage: ResultStage 1 (toString at <unknown>:0)","logger":"airflow.task.operators.airflow.providers.docker.operators.docker.DockerOperator","filename":"docker.py","lineno":71}
{"timestamp":"2026-05-20T22:11:05.187820Z","level":"info","event":"26/05/20 22:11:05 INFO DAGScheduler: Parents of final stage: List()","logger":"airflow.task.operators.airflow.providers.docker.operators.docker.DockerOperator","filename":"docker.py","lineno":71}
{"timestamp":"2026-05-20T22:11:05.187967Z","level":"info","event":"26/05/20 22:11:05 INFO DAGScheduler: Missing parents: List()","logger":"airflow.task.operators.airflow.providers.docker.operators.docker.DockerOperator","filename":"docker.py","lineno":71}
{"timestamp":"2026-05-20T22:11:05.191581Z","level":"info","event":"26/05/20 22:11:05 INFO DAGScheduler: Submitting ResultStage 1 (MapPartitionsRDD[22] at toString at <unknown>:0), which has no missing parents","logger":"airflow.task.operators.airflow.providers.docker.operators.docker.DockerOperator","filename":"docker.py","lineno":71}
{"timestamp":"2026-05-20T22:11:05.196638Z","level":"info","event":"26/05/20 22:11:05 INFO MemoryStore: Block broadcast_8 stored as values in memory (estimated size 40.0 KiB, free 432.7 MiB)","logger":"airflow.task.operators.airflow.providers.docker.operators.docker.DockerOperator","filename":"docker.py","lineno":71}
{"timestamp":"2026-05-20T22:11:05.200861Z","level":"info","event":"26/05/20 22:11:05 INFO MemoryStore: Block broadcast_8_piece0 stored as bytes in memory (estimated size 13.7 KiB, free 432.7 MiB)","logger":"airflow.task.operators.airflow.providers.docker.operators.docker.DockerOperator","filename":"docker.py","lineno":71}
{"timestamp":"2026-05-20T22:11:05.202021Z","level":"info","event":"26/05/20 22:11:05 INFO BlockManagerInfo: Added broadcast_8_piece0 in memory on 1aeb232ee7d1:40527 (size: 13.7 KiB, free: 434.1 MiB)","logger":"airflow.task.operators.airflow.providers.docker.operators.docker.DockerOperator","filename":"docker.py","lineno":71}
{"timestamp":"2026-05-20T22:11:05.203123Z","level":"info","event":"26/05/20 22:11:05 INFO SparkContext: Created broadcast 8 from broadcast at DAGScheduler.scala:1580","logger":"airflow.task.operators.airflow.providers.docker.operators.docker.DockerOperator","filename":"docker.py","lineno":71}
{"timestamp":"2026-05-20T22:11:05.204392Z","level":"info","event":"26/05/20 22:11:05 INFO DAGScheduler: Submitting 1 missing tasks from ResultStage 1 (MapPartitionsRDD[22] at toString at <unknown>:0) (first 15 tasks are for partitions Vector(0))","logger":"airflow.task.operators.airflow.providers.docker.operators.docker.DockerOperator","filename":"docker.py","lineno":71}
{"timestamp":"2026-05-20T22:11:05.204593Z","level":"info","event":"26/05/20 22:11:05 INFO TaskSchedulerImpl: Adding task set 1.0 with 1 tasks resource profile 0","logger":"airflow.task.operators.airflow.providers.docker.operators.docker.DockerOperator","filename":"docker.py","lineno":71}
{"timestamp":"2026-05-20T22:11:05.217151Z","level":"info","event":"26/05/20 22:11:05 INFO TaskSetManager: Starting task 0.0 in stage 0.0 (TID 0) (172.20.0.21, executor 1, partition 0, PROCESS_LOCAL, 8323 bytes)","logger":"airflow.task.operators.airflow.providers.docker.operators.docker.DockerOperator","filename":"docker.py","lineno":71}
{"timestamp":"2026-05-20T22:11:05.227093Z","level":"info","event":"26/05/20 22:11:05 INFO DAGScheduler: Got job 6 (toString at <unknown>:0) with 1 output partitions","logger":"airflow.task.operators.airflow.providers.docker.operators.docker.DockerOperator","filename":"docker.py","lineno":71}
{"timestamp":"2026-05-20T22:11:05.227478Z","level":"info","event":"26/05/20 22:11:05 INFO DAGScheduler: Final stage: ResultStage 2 (toString at <unknown>:0)","logger":"airflow.task.operators.airflow.providers.docker.operators.docker.DockerOperator","filename":"docker.py","lineno":71}
{"timestamp":"2026-05-20T22:11:05.227660Z","level":"info","event":"26/05/20 22:11:05 INFO DAGScheduler: Parents of final stage: List()","logger":"airflow.task.operators.airflow.providers.docker.operators.docker.DockerOperator","filename":"docker.py","lineno":71}
{"timestamp":"2026-05-20T22:11:05.227814Z","level":"info","event":"26/05/20 22:11:05 INFO DAGScheduler: Missing parents: List()","logger":"airflow.task.operators.airflow.providers.docker.operators.docker.DockerOperator","filename":"docker.py","lineno":71}
{"timestamp":"2026-05-20T22:11:05.228661Z","level":"info","event":"26/05/20 22:11:05 INFO DAGScheduler: Submitting ResultStage 2 (MapPartitionsRDD[26] at toString at <unknown>:0), which has no missing parents","logger":"airflow.task.operators.airflow.providers.docker.operators.docker.DockerOperator","filename":"docker.py","lineno":71}
{"timestamp":"2026-05-20T22:11:05.233398Z","level":"info","event":"26/05/20 22:11:05 INFO MemoryStore: Block broadcast_9 stored as values in memory (estimated size 40.0 KiB, free 432.6 MiB)","logger":"airflow.task.operators.airflow.providers.docker.operators.docker.DockerOperator","filename":"docker.py","lineno":71}
{"timestamp":"2026-05-20T22:11:05.239819Z","level":"info","event":"26/05/20 22:11:05 INFO MemoryStore: Block broadcast_9_piece0 stored as bytes in memory (estimated size 13.7 KiB, free 432.6 MiB)","logger":"airflow.task.operators.airflow.providers.docker.operators.docker.DockerOperator","filename":"docker.py","lineno":71}
{"timestamp":"2026-05-20T22:11:05.240118Z","level":"info","event":"26/05/20 22:11:05 INFO TaskSetManager: Starting task 0.0 in stage 1.0 (TID 1) (172.20.0.20, executor 0, partition 0, PROCESS_LOCAL, 8320 bytes)","logger":"airflow.task.operators.airflow.providers.docker.operators.docker.DockerOperator","filename":"docker.py","lineno":71}
{"timestamp":"2026-05-20T22:11:05.240218Z","level":"info","event":"26/05/20 22:11:05 INFO BlockManagerInfo: Added broadcast_9_piece0 in memory on 1aeb232ee7d1:40527 (size: 13.7 KiB, free: 434.1 MiB)","logger":"airflow.task.operators.airflow.providers.docker.operators.docker.DockerOperator","filename":"docker.py","lineno":71}
{"timestamp":"2026-05-20T22:11:05.243761Z","level":"info","event":"26/05/20 22:11:05 INFO SparkContext: Created broadcast 9 from broadcast at DAGScheduler.scala:1580","logger":"airflow.task.operators.airflow.providers.docker.operators.docker.DockerOperator","filename":"docker.py","lineno":71}
{"timestamp":"2026-05-20T22:11:05.243980Z","level":"info","event":"26/05/20 22:11:05 INFO DAGScheduler: Submitting 1 missing tasks from ResultStage 2 (MapPartitionsRDD[26] at toString at <unknown>:0) (first 15 tasks are for partitions Vector(0))","logger":"airflow.task.operators.airflow.providers.docker.operators.docker.DockerOperator","filename":"docker.py","lineno":71}
{"timestamp":"2026-05-20T22:11:05.244074Z","level":"info","event":"26/05/20 22:11:05 INFO TaskSchedulerImpl: Adding task set 2.0 with 1 tasks resource profile 0","logger":"airflow.task.operators.airflow.providers.docker.operators.docker.DockerOperator","filename":"docker.py","lineno":71}
{"timestamp":"2026-05-20T22:11:05.245053Z","level":"info","event":"26/05/20 22:11:05 INFO DAGScheduler: Got job 5 (toString at <unknown>:0) with 1 output partitions","logger":"airflow.task.operators.airflow.providers.docker.operators.docker.DockerOperator","filename":"docker.py","lineno":71}
{"timestamp":"2026-05-20T22:11:05.245161Z","level":"info","event":"26/05/20 22:11:05 INFO DAGScheduler: Final stage: ResultStage 3 (toString at <unknown>:0)","logger":"airflow.task.operators.airflow.providers.docker.operators.docker.DockerOperator","filename":"docker.py","lineno":71}
{"timestamp":"2026-05-20T22:11:05.245236Z","level":"info","event":"26/05/20 22:11:05 INFO DAGScheduler: Parents of final stage: List()","logger":"airflow.task.operators.airflow.providers.docker.operators.docker.DockerOperator","filename":"docker.py","lineno":71}
{"timestamp":"2026-05-20T22:11:05.245360Z","level":"info","event":"26/05/20 22:11:05 INFO TaskSetManager: Starting task 0.0 in stage 2.0 (TID 2) (172.20.0.20, executor 0, partition 0, PROCESS_LOCAL, 8327 bytes)","logger":"airflow.task.operators.airflow.providers.docker.operators.docker.DockerOperator","filename":"docker.py","lineno":71}
{"timestamp":"2026-05-20T22:11:05.245504Z","level":"info","event":"26/05/20 22:11:05 INFO DAGScheduler: Missing parents: List()","logger":"airflow.task.operators.airflow.providers.docker.operators.docker.DockerOperator","filename":"docker.py","lineno":71}
{"timestamp":"2026-05-20T22:11:05.249686Z","level":"info","event":"26/05/20 22:11:05 INFO DAGScheduler: Submitting ResultStage 3 (MapPartitionsRDD[19] at toString at <unknown>:0), which has no missing parents","logger":"airflow.task.operators.airflow.providers.docker.operators.docker.DockerOperator","filename":"docker.py","lineno":71}
{"timestamp":"2026-05-20T22:11:05.256600Z","level":"info","event":"26/05/20 22:11:05 INFO MemoryStore: Block broadcast_10 stored as values in memory (estimated size 40.0 KiB, free 432.6 MiB)","logger":"airflow.task.operators.airflow.providers.docker.operators.docker.DockerOperator","filename":"docker.py","lineno":71}
{"timestamp":"2026-05-20T22:11:05.262444Z","level":"info","event":"26/05/20 22:11:05 INFO MemoryStore: Block broadcast_10_piece0 stored as bytes in memory (estimated size 13.7 KiB, free 432.6 MiB)","logger":"airflow.task.operators.airflow.providers.docker.operators.docker.DockerOperator","filename":"docker.py","lineno":71}
{"timestamp":"2026-05-20T22:11:05.271226Z","level":"info","event":"26/05/20 22:11:05 INFO BlockManagerInfo: Added broadcast_10_piece0 in memory on 1aeb232ee7d1:40527 (size: 13.7 KiB, free: 434.1 MiB)","logger":"airflow.task.operators.airflow.providers.docker.operators.docker.DockerOperator","filename":"docker.py","lineno":71}
{"timestamp":"2026-05-20T22:11:05.275357Z","level":"info","event":"26/05/20 22:11:05 INFO SparkContext: Created broadcast 10 from broadcast at DAGScheduler.scala:1580","logger":"airflow.task.operators.airflow.providers.docker.operators.docker.DockerOperator","filename":"docker.py","lineno":71}
{"timestamp":"2026-05-20T22:11:05.280454Z","level":"info","event":"26/05/20 22:11:05 INFO DAGScheduler: Submitting 1 missing tasks from ResultStage 3 (MapPartitionsRDD[19] at toString at <unknown>:0) (first 15 tasks are for partitions Vector(0))","logger":"airflow.task.operators.airflow.providers.docker.operators.docker.DockerOperator","filename":"docker.py","lineno":71}
{"timestamp":"2026-05-20T22:11:05.283513Z","level":"info","event":"26/05/20 22:11:05 INFO TaskSchedulerImpl: Adding task set 3.0 with 1 tasks resource profile 0","logger":"airflow.task.operators.airflow.providers.docker.operators.docker.DockerOperator","filename":"docker.py","lineno":71}
{"timestamp":"2026-05-20T22:11:05.287721Z","level":"info","event":"26/05/20 22:11:05 INFO DAGScheduler: Got job 3 (toString at <unknown>:0) with 1 output partitions","logger":"airflow.task.operators.airflow.providers.docker.operators.docker.DockerOperator","filename":"docker.py","lineno":71}
{"timestamp":"2026-05-20T22:11:05.288056Z","level":"info","event":"26/05/20 22:11:05 INFO DAGScheduler: Final stage: ResultStage 4 (toString at <unknown>:0)","logger":"airflow.task.operators.airflow.providers.docker.operators.docker.DockerOperator","filename":"docker.py","lineno":71}
{"timestamp":"2026-05-20T22:11:05.288185Z","level":"info","event":"26/05/20 22:11:05 INFO DAGScheduler: Parents of final stage: List()","logger":"airflow.task.operators.airflow.providers.docker.operators.docker.DockerOperator","filename":"docker.py","lineno":71}
{"timestamp":"2026-05-20T22:11:05.288366Z","level":"info","event":"26/05/20 22:11:05 INFO DAGScheduler: Missing parents: List()","logger":"airflow.task.operators.airflow.providers.docker.operators.docker.DockerOperator","filename":"docker.py","lineno":71}
{"timestamp":"2026-05-20T22:11:05.291039Z","level":"info","event":"26/05/20 22:11:05 INFO TaskSetManager: Starting task 0.0 in stage 3.0 (TID 3) (172.20.0.21, executor 1, partition 0, PROCESS_LOCAL, 8331 bytes)","logger":"airflow.task.operators.airflow.providers.docker.operators.docker.DockerOperator","filename":"docker.py","lineno":71}
{"timestamp":"2026-05-20T22:11:05.291267Z","level":"info","event":"26/05/20 22:11:05 INFO DAGScheduler: Submitting ResultStage 4 (MapPartitionsRDD[27] at toString at <unknown>:0), which has no missing parents","logger":"airflow.task.operators.airflow.providers.docker.operators.docker.DockerOperator","filename":"docker.py","lineno":71}
{"timestamp":"2026-05-20T22:11:05.296533Z","level":"info","event":"26/05/20 22:11:05 INFO MemoryStore: Block broadcast_11 stored as values in memory (estimated size 40.0 KiB, free 432.5 MiB)","logger":"airflow.task.operators.airflow.providers.docker.operators.docker.DockerOperator","filename":"docker.py","lineno":71}
{"timestamp":"2026-05-20T22:11:05.299623Z","level":"info","event":"26/05/20 22:11:05 INFO MemoryStore: Block broadcast_11_piece0 stored as bytes in memory (estimated size 13.7 KiB, free 432.5 MiB)","logger":"airflow.task.operators.airflow.providers.docker.operators.docker.DockerOperator","filename":"docker.py","lineno":71}
{"timestamp":"2026-05-20T22:11:05.306887Z","level":"info","event":"26/05/20 22:11:05 INFO BlockManagerInfo: Added broadcast_11_piece0 in memory on 1aeb232ee7d1:40527 (size: 13.7 KiB, free: 434.1 MiB)","logger":"airflow.task.operators.airflow.providers.docker.operators.docker.DockerOperator","filename":"docker.py","lineno":71}
{"timestamp":"2026-05-20T22:11:05.309316Z","level":"info","event":"26/05/20 22:11:05 INFO SparkContext: Created broadcast 11 from broadcast at DAGScheduler.scala:1580","logger":"airflow.task.operators.airflow.providers.docker.operators.docker.DockerOperator","filename":"docker.py","lineno":71}
{"timestamp":"2026-05-20T22:11:05.309988Z","level":"info","event":"26/05/20 22:11:05 INFO DAGScheduler: Submitting 1 missing tasks from ResultStage 4 (MapPartitionsRDD[27] at toString at <unknown>:0) (first 15 tasks are for partitions Vector(0))","logger":"airflow.task.operators.airflow.providers.docker.operators.docker.DockerOperator","filename":"docker.py","lineno":71}
{"timestamp":"2026-05-20T22:11:05.310170Z","level":"info","event":"26/05/20 22:11:05 INFO TaskSchedulerImpl: Adding task set 4.0 with 1 tasks resource profile 0","logger":"airflow.task.operators.airflow.providers.docker.operators.docker.DockerOperator","filename":"docker.py","lineno":71}
{"timestamp":"2026-05-20T22:11:05.312607Z","level":"info","event":"26/05/20 22:11:05 INFO TaskSetManager: Starting task 0.0 in stage 4.0 (TID 4) (172.20.0.21, executor 1, partition 0, PROCESS_LOCAL, 8319 bytes)","logger":"airflow.task.operators.airflow.providers.docker.operators.docker.DockerOperator","filename":"docker.py","lineno":71}
{"timestamp":"2026-05-20T22:11:05.317087Z","level":"info","event":"26/05/20 22:11:05 INFO DAGScheduler: Got job 2 (toString at <unknown>:0) with 1 output partitions","logger":"airflow.task.operators.airflow.providers.docker.operators.docker.DockerOperator","filename":"docker.py","lineno":71}
{"timestamp":"2026-05-20T22:11:05.322200Z","level":"info","event":"26/05/20 22:11:05 INFO DAGScheduler: Final stage: ResultStage 5 (toString at <unknown>:0)","logger":"airflow.task.operators.airflow.providers.docker.operators.docker.DockerOperator","filename":"docker.py","lineno":71}
{"timestamp":"2026-05-20T22:11:05.322647Z","level":"info","event":"26/05/20 22:11:05 INFO DAGScheduler: Parents of final stage: List()","logger":"airflow.task.operators.airflow.providers.docker.operators.docker.DockerOperator","filename":"docker.py","lineno":71}
{"timestamp":"2026-05-20T22:11:05.322940Z","level":"info","event":"26/05/20 22:11:05 INFO DAGScheduler: Missing parents: List()","logger":"airflow.task.operators.airflow.providers.docker.operators.docker.DockerOperator","filename":"docker.py","lineno":71}
{"timestamp":"2026-05-20T22:11:05.323142Z","level":"info","event":"26/05/20 22:11:05 INFO DAGScheduler: Submitting ResultStage 5 (MapPartitionsRDD[23] at toString at <unknown>:0), which has no missing parents","logger":"airflow.task.operators.airflow.providers.docker.operators.docker.DockerOperator","filename":"docker.py","lineno":71}
{"timestamp":"2026-05-20T22:11:05.332798Z","level":"info","event":"26/05/20 22:11:05 INFO MemoryStore: Block broadcast_12 stored as values in memory (estimated size 40.0 KiB, free 432.5 MiB)","logger":"airflow.task.operators.airflow.providers.docker.operators.docker.DockerOperator","filename":"docker.py","lineno":71}
{"timestamp":"2026-05-20T22:11:05.337176Z","level":"info","event":"26/05/20 22:11:05 INFO MemoryStore: Block broadcast_12_piece0 stored as bytes in memory (estimated size 13.7 KiB, free 432.5 MiB)","logger":"airflow.task.operators.airflow.providers.docker.operators.docker.DockerOperator","filename":"docker.py","lineno":71}
{"timestamp":"2026-05-20T22:11:05.339857Z","level":"info","event":"26/05/20 22:11:05 INFO BlockManagerInfo: Added broadcast_12_piece0 in memory on 1aeb232ee7d1:40527 (size: 13.7 KiB, free: 434.1 MiB)","logger":"airflow.task.operators.airflow.providers.docker.operators.docker.DockerOperator","filename":"docker.py","lineno":71}
{"timestamp":"2026-05-20T22:11:05.341146Z","level":"info","event":"26/05/20 22:11:05 INFO SparkContext: Created broadcast 12 from broadcast at DAGScheduler.scala:1580","logger":"airflow.task.operators.airflow.providers.docker.operators.docker.DockerOperator","filename":"docker.py","lineno":71}
{"timestamp":"2026-05-20T22:11:05.343010Z","level":"info","event":"26/05/20 22:11:05 INFO DAGScheduler: Submitting 1 missing tasks from ResultStage 5 (MapPartitionsRDD[23] at toString at <unknown>:0) (first 15 tasks are for partitions Vector(0))","logger":"airflow.task.operators.airflow.providers.docker.operators.docker.DockerOperator","filename":"docker.py","lineno":71}
{"timestamp":"2026-05-20T22:11:05.343812Z","level":"info","event":"26/05/20 22:11:05 INFO TaskSchedulerImpl: Adding task set 5.0 with 1 tasks resource profile 0","logger":"airflow.task.operators.airflow.providers.docker.operators.docker.DockerOperator","filename":"docker.py","lineno":71}
{"timestamp":"2026-05-20T22:11:05.347081Z","level":"info","event":"26/05/20 22:11:05 INFO TaskSetManager: Starting task 0.0 in stage 5.0 (TID 5) (172.20.0.20, executor 0, partition 0, PROCESS_LOCAL, 8317 bytes)","logger":"airflow.task.operators.airflow.providers.docker.operators.docker.DockerOperator","filename":"docker.py","lineno":71}
{"timestamp":"2026-05-20T22:11:05.352184Z","level":"info","event":"26/05/20 22:11:05 INFO DAGScheduler: Got job 4 (toString at <unknown>:0) with 1 output partitions","logger":"airflow.task.operators.airflow.providers.docker.operators.docker.DockerOperator","filename":"docker.py","lineno":71}
{"timestamp":"2026-05-20T22:11:05.352458Z","level":"info","event":"26/05/20 22:11:05 INFO DAGScheduler: Final stage: ResultStage 6 (toString at <unknown>:0)","logger":"airflow.task.operators.airflow.providers.docker.operators.docker.DockerOperator","filename":"docker.py","lineno":71}
{"timestamp":"2026-05-20T22:11:05.352654Z","level":"info","event":"26/05/20 22:11:05 INFO DAGScheduler: Parents of final stage: List()","logger":"airflow.task.operators.airflow.providers.docker.operators.docker.DockerOperator","filename":"docker.py","lineno":71}
{"timestamp":"2026-05-20T22:11:05.352805Z","level":"info","event":"26/05/20 22:11:05 INFO DAGScheduler: Missing parents: List()","logger":"airflow.task.operators.airflow.providers.docker.operators.docker.DockerOperator","filename":"docker.py","lineno":71}
{"timestamp":"2026-05-20T22:11:05.355952Z","level":"info","event":"26/05/20 22:11:05 INFO DAGScheduler: Submitting ResultStage 6 (MapPartitionsRDD[25] at toString at <unknown>:0), which has no missing parents","logger":"airflow.task.operators.airflow.providers.docker.operators.docker.DockerOperator","filename":"docker.py","lineno":71}
{"timestamp":"2026-05-20T22:11:05.360897Z","level":"info","event":"26/05/20 22:11:05 INFO MemoryStore: Block broadcast_13 stored as values in memory (estimated size 40.0 KiB, free 432.4 MiB)","logger":"airflow.task.operators.airflow.providers.docker.operators.docker.DockerOperator","filename":"docker.py","lineno":71}
{"timestamp":"2026-05-20T22:11:05.367754Z","level":"info","event":"26/05/20 22:11:05 INFO MemoryStore: Block broadcast_13_piece0 stored as bytes in memory (estimated size 13.7 KiB, free 432.4 MiB)","logger":"airflow.task.operators.airflow.providers.docker.operators.docker.DockerOperator","filename":"docker.py","lineno":71}
{"timestamp":"2026-05-20T22:11:05.371022Z","level":"info","event":"26/05/20 22:11:05 INFO BlockManagerInfo: Added broadcast_13_piece0 in memory on 1aeb232ee7d1:40527 (size: 13.7 KiB, free: 434.1 MiB)","logger":"airflow.task.operators.airflow.providers.docker.operators.docker.DockerOperator","filename":"docker.py","lineno":71}
{"timestamp":"2026-05-20T22:11:05.375120Z","level":"info","event":"26/05/20 22:11:05 INFO SparkContext: Created broadcast 13 from broadcast at DAGScheduler.scala:1580","logger":"airflow.task.operators.airflow.providers.docker.operators.docker.DockerOperator","filename":"docker.py","lineno":71}
{"timestamp":"2026-05-20T22:11:05.375446Z","level":"info","event":"26/05/20 22:11:05 INFO DAGScheduler: Submitting 1 missing tasks from ResultStage 6 (MapPartitionsRDD[25] at toString at <unknown>:0) (first 15 tasks are for partitions Vector(0))","logger":"airflow.task.operators.airflow.providers.docker.operators.docker.DockerOperator","filename":"docker.py","lineno":71}
{"timestamp":"2026-05-20T22:11:05.377484Z","level":"info","event":"26/05/20 22:11:05 INFO TaskSchedulerImpl: Adding task set 6.0 with 1 tasks resource profile 0","logger":"airflow.task.operators.airflow.providers.docker.operators.docker.DockerOperator","filename":"docker.py","lineno":71}
{"timestamp":"2026-05-20T22:11:05.383474Z","level":"info","event":"26/05/20 22:11:05 INFO TaskSetManager: Starting task 0.0 in stage 6.0 (TID 6) (172.20.0.20, executor 0, partition 0, PROCESS_LOCAL, 8319 bytes)","logger":"airflow.task.operators.airflow.providers.docker.operators.docker.DockerOperator","filename":"docker.py","lineno":71}
{"timestamp":"2026-05-20T22:11:05.785423Z","level":"info","event":"26/05/20 22:11:05 INFO BlockManagerInfo: Added broadcast_10_piece0 in memory on 172.20.0.21:40681 (size: 13.7 KiB, free: 434.4 MiB)","logger":"airflow.task.operators.airflow.providers.docker.operators.docker.DockerOperator","filename":"docker.py","lineno":71}
{"timestamp":"2026-05-20T22:11:05.786977Z","level":"info","event":"26/05/20 22:11:05 INFO BlockManagerInfo: Added broadcast_7_piece0 in memory on 172.20.0.21:40681 (size: 13.7 KiB, free: 434.4 MiB)","logger":"airflow.task.operators.airflow.providers.docker.operators.docker.DockerOperator","filename":"docker.py","lineno":71}
{"timestamp":"2026-05-20T22:11:05.788221Z","level":"info","event":"26/05/20 22:11:05 INFO BlockManagerInfo: Added broadcast_11_piece0 in memory on 172.20.0.21:40681 (size: 13.7 KiB, free: 434.4 MiB)","logger":"airflow.task.operators.airflow.providers.docker.operators.docker.DockerOperator","filename":"docker.py","lineno":71}
{"timestamp":"2026-05-20T22:11:05.797446Z","level":"info","event":"26/05/20 22:11:05 INFO BlockManagerInfo: Added broadcast_8_piece0 in memory on 172.20.0.20:38043 (size: 13.7 KiB, free: 434.4 MiB)","logger":"airflow.task.operators.airflow.providers.docker.operators.docker.DockerOperator","filename":"docker.py","lineno":71}
{"timestamp":"2026-05-20T22:11:05.803710Z","level":"info","event":"26/05/20 22:11:05 INFO BlockManagerInfo: Added broadcast_13_piece0 in memory on 172.20.0.20:38043 (size: 13.7 KiB, free: 434.4 MiB)","logger":"airflow.task.operators.airflow.providers.docker.operators.docker.DockerOperator","filename":"docker.py","lineno":71}
{"timestamp":"2026-05-20T22:11:05.808400Z","level":"info","event":"26/05/20 22:11:05 INFO BlockManagerInfo: Added broadcast_12_piece0 in memory on 172.20.0.20:38043 (size: 13.7 KiB, free: 434.4 MiB)","logger":"airflow.task.operators.airflow.providers.docker.operators.docker.DockerOperator","filename":"docker.py","lineno":71}
{"timestamp":"2026-05-20T22:11:05.808734Z","level":"info","event":"26/05/20 22:11:05 INFO BlockManagerInfo: Added broadcast_9_piece0 in memory on 172.20.0.20:38043 (size: 13.7 KiB, free: 434.3 MiB)","logger":"airflow.task.operators.airflow.providers.docker.operators.docker.DockerOperator","filename":"docker.py","lineno":71}
{"timestamp":"2026-05-20T22:11:07.604680Z","level":"info","event":"26/05/20 22:11:07 INFO BlockManagerInfo: Added broadcast_3_piece0 in memory on 172.20.0.20:38043 (size: 34.9 KiB, free: 434.3 MiB)","logger":"airflow.task.operators.airflow.providers.docker.operators.docker.DockerOperator","filename":"docker.py","lineno":71}
{"timestamp":"2026-05-20T22:11:07.626754Z","level":"info","event":"26/05/20 22:11:07 INFO BlockManagerInfo: Added broadcast_4_piece0 in memory on 172.20.0.20:38043 (size: 34.9 KiB, free: 434.3 MiB)","logger":"airflow.task.operators.airflow.providers.docker.operators.docker.DockerOperator","filename":"docker.py","lineno":71}
{"timestamp":"2026-05-20T22:11:07.639022Z","level":"info","event":"26/05/20 22:11:07 INFO BlockManagerInfo: Added broadcast_0_piece0 in memory on 172.20.0.20:38043 (size: 34.9 KiB, free: 434.2 MiB)","logger":"airflow.task.operators.airflow.providers.docker.operators.docker.DockerOperator","filename":"docker.py","lineno":71}
{"timestamp":"2026-05-20T22:11:07.655908Z","level":"info","event":"26/05/20 22:11:07 INFO BlockManagerInfo: Added broadcast_2_piece0 in memory on 172.20.0.20:38043 (size: 34.9 KiB, free: 434.2 MiB)","logger":"airflow.task.operators.airflow.providers.docker.operators.docker.DockerOperator","filename":"docker.py","lineno":71}
{"timestamp":"2026-05-20T22:11:07.677149Z","level":"info","event":"26/05/20 22:11:07 INFO BlockManagerInfo: Added broadcast_5_piece0 in memory on 172.20.0.21:40681 (size: 34.9 KiB, free: 434.3 MiB)","logger":"airflow.task.operators.airflow.providers.docker.operators.docker.DockerOperator","filename":"docker.py","lineno":71}
{"timestamp":"2026-05-20T22:11:07.682664Z","level":"info","event":"26/05/20 22:11:07 INFO BlockManagerInfo: Added broadcast_6_piece0 in memory on 172.20.0.21:40681 (size: 34.9 KiB, free: 434.3 MiB)","logger":"airflow.task.operators.airflow.providers.docker.operators.docker.DockerOperator","filename":"docker.py","lineno":71}
{"timestamp":"2026-05-20T22:11:07.696009Z","level":"info","event":"26/05/20 22:11:07 INFO BlockManagerInfo: Added broadcast_1_piece0 in memory on 172.20.0.21:40681 (size: 34.9 KiB, free: 434.3 MiB)","logger":"airflow.task.operators.airflow.providers.docker.operators.docker.DockerOperator","filename":"docker.py","lineno":71}
{"timestamp":"2026-05-20T22:11:08.025767Z","level":"info","event":"26/05/20 22:11:08 WARN TaskSetManager: Lost task 0.0 in stage 6.0 (TID 6) (172.20.0.20 executor 0): java.lang.RuntimeException: java.lang.ClassNotFoundException: Class org.apache.hadoop.fs.s3a.S3AFileSystem not found","logger":"airflow.task.operators.airflow.providers.docker.operators.docker.DockerOperator","filename":"docker.py","lineno":71}
{"timestamp":"2026-05-20T22:11:08.026072Z","level":"info","event":"\tat org.apache.hadoop.conf.Configuration.getClass(Configuration.java:2688)","logger":"airflow.task.operators.airflow.providers.docker.operators.docker.DockerOperator","filename":"docker.py","lineno":71}
{"timestamp":"2026-05-20T22:11:08.026174Z","level":"info","event":"\tat org.apache.hadoop.fs.FileSystem.getFileSystemClass(FileSystem.java:3431)","logger":"airflow.task.operators.airflow.providers.docker.operators.docker.DockerOperator","filename":"docker.py","lineno":71}
{"timestamp":"2026-05-20T22:11:08.026240Z","level":"info","event":"\tat org.apache.hadoop.fs.FileSystem.createFileSystem(FileSystem.java:3466)","logger":"airflow.task.operators.airflow.providers.docker.operators.docker.DockerOperator","filename":"docker.py","lineno":71}
{"timestamp":"2026-05-20T22:11:08.026298Z","level":"info","event":"\tat org.apache.hadoop.fs.FileSystem.access$300(FileSystem.java:174)","logger":"airflow.task.operators.airflow.providers.docker.operators.docker.DockerOperator","filename":"docker.py","lineno":71}
{"timestamp":"2026-05-20T22:11:08.026350Z","level":"info","event":"\tat org.apache.hadoop.fs.FileSystem$Cache.getInternal(FileSystem.java:3574)","logger":"airflow.task.operators.airflow.providers.docker.operators.docker.DockerOperator","filename":"docker.py","lineno":71}
{"timestamp":"2026-05-20T22:11:08.026403Z","level":"info","event":"\tat org.apache.hadoop.fs.FileSystem$Cache.get(FileSystem.java:3521)","logger":"airflow.task.operators.airflow.providers.docker.operators.docker.DockerOperator","filename":"docker.py","lineno":71}
{"timestamp":"2026-05-20T22:11:08.026470Z","level":"info","event":"\tat org.apache.hadoop.fs.FileSystem.get(FileSystem.java:540)","logger":"airflow.task.operators.airflow.providers.docker.operators.docker.DockerOperator","filename":"docker.py","lineno":71}
{"timestamp":"2026-05-20T22:11:08.026522Z","level":"info","event":"\tat org.apache.hadoop.fs.Path.getFileSystem(Path.java:365)","logger":"airflow.task.operators.airflow.providers.docker.operators.docker.DockerOperator","filename":"docker.py","lineno":71}
{"timestamp":"2026-05-20T22:11:08.026571Z","level":"info","event":"\tat org.apache.hadoop.mapreduce.lib.input.LineRecordReader.initialize(LineRecordReader.java:88)","logger":"airflow.task.operators.airflow.providers.docker.operators.docker.DockerOperator","filename":"docker.py","lineno":71}
{"timestamp":"2026-05-20T22:11:08.026620Z","level":"info","event":"\tat org.apache.spark.sql.execution.datasources.HadoopFileLinesReader.<init>(HadoopFileLinesReader.scala:63)","logger":"airflow.task.operators.airflow.providers.docker.operators.docker.DockerOperator","filename":"docker.py","lineno":71}
{"timestamp":"2026-05-20T22:11:08.026670Z","level":"info","event":"\tat org.apache.spark.sql.execution.datasources.json.TextInputJsonDataSource$.readFile(JsonDataSource.scala:132)","logger":"airflow.task.operators.airflow.providers.docker.operators.docker.DockerOperator","filename":"docker.py","lineno":71}
{"timestamp":"2026-05-20T22:11:08.026718Z","level":"info","event":"\tat org.apache.spark.sql.execution.datasources.json.JsonFileFormat.$anonfun$buildReader$2(JsonFileFormat.scala:126)","logger":"airflow.task.operators.airflow.providers.docker.operators.docker.DockerOperator","filename":"docker.py","lineno":71}
{"timestamp":"2026-05-20T22:11:08.026767Z","level":"info","event":"\tat org.apache.spark.sql.execution.datasources.FileFormat$$anon$1.apply(FileFormat.scala:160)","logger":"airflow.task.operators.airflow.providers.docker.operators.docker.DockerOperator","filename":"docker.py","lineno":71}
{"timestamp":"2026-05-20T22:11:08.026817Z","level":"info","event":"\tat org.apache.spark.sql.execution.datasources.FileFormat$$anon$1.apply(FileFormat.scala:140)","logger":"airflow.task.operators.airflow.providers.docker.operators.docker.DockerOperator","filename":"docker.py","lineno":71}
{"timestamp":"2026-05-20T22:11:08.027041Z","level":"info","event":"\tat org.apache.spark.sql.execution.datasources.FileScanRDD$$anon$1.org$apache$spark$sql$execution$datasources$FileScanRDD$$anon$$readCurrentFile(FileScanRDD.scala:217)","logger":"airflow.task.operators.airflow.providers.docker.operators.docker.DockerOperator","filename":"docker.py","lineno":71}
{"timestamp":"2026-05-20T22:11:08.027290Z","level":"info","event":"\tat org.apache.spark.sql.execution.datasources.FileScanRDD$$anon$1.nextIterator(FileScanRDD.scala:279)","logger":"airflow.task.operators.airflow.providers.docker.operators.docker.DockerOperator","filename":"docker.py","lineno":71}
{"timestamp":"2026-05-20T22:11:08.027403Z","level":"info","event":"\tat org.apache.spark.sql.execution.datasources.FileScanRDD$$anon$1.hasNext(FileScanRDD.scala:129)","logger":"airflow.task.operators.airflow.providers.docker.operators.docker.DockerOperator","filename":"docker.py","lineno":71}
{"timestamp":"2026-05-20T22:11:08.027475Z","level":"info","event":"\tat scala.collection.Iterator$$anon$10.hasNext(Iterator.scala:460)","logger":"airflow.task.operators.airflow.providers.docker.operators.docker.DockerOperator","filename":"docker.py","lineno":71}
{"timestamp":"2026-05-20T22:11:08.027554Z","level":"info","event":"\tat org.apache.spark.sql.catalyst.expressions.GeneratedClass$GeneratedIteratorForCodegenStage1.processNext(Unknown Source)","logger":"airflow.task.operators.airflow.providers.docker.operators.docker.DockerOperator","filename":"docker.py","lineno":71}
{"timestamp":"2026-05-20T22:11:08.027613Z","level":"info","event":"\tat org.apache.spark.sql.execution.BufferedRowIterator.hasNext(BufferedRowIterator.java:43)","logger":"airflow.task.operators.airflow.providers.docker.operators.docker.DockerOperator","filename":"docker.py","lineno":71}
{"timestamp":"2026-05-20T22:11:08.027665Z","level":"info","event":"\tat org.apache.spark.sql.execution.WholeStageCodegenEvaluatorFactory$WholeStageCodegenPartitionEvaluator$$anon$1.hasNext(WholeStageCodegenEvaluatorFactory.scala:43)","logger":"airflow.task.operators.airflow.providers.docker.operators.docker.DockerOperator","filename":"docker.py","lineno":71}
{"timestamp":"2026-05-20T22:11:08.027719Z","level":"info","event":"\tat org.apache.spark.sql.execution.SparkPlan.$anonfun$getByteArrayRdd$1(SparkPlan.scala:388)","logger":"airflow.task.operators.airflow.providers.docker.operators.docker.DockerOperator","filename":"docker.py","lineno":71}
{"timestamp":"2026-05-20T22:11:08.027773Z","level":"info","event":"\tat org.apache.spark.rdd.RDD.$anonfun$mapPartitionsInternal$2(RDD.scala:890)","logger":"airflow.task.operators.airflow.providers.docker.operators.docker.DockerOperator","filename":"docker.py","lineno":71}
{"timestamp":"2026-05-20T22:11:08.031911Z","level":"info","event":"\tat org.apache.spark.rdd.RDD.$anonfun$mapPartitionsInternal$2$adapted(RDD.scala:890)","logger":"airflow.task.operators.airflow.providers.docker.operators.docker.DockerOperator","filename":"docker.py","lineno":71}
{"timestamp":"2026-05-20T22:11:08.032207Z","level":"info","event":"\tat org.apache.spark.rdd.MapPartitionsRDD.compute(MapPartitionsRDD.scala:52)","logger":"airflow.task.operators.airflow.providers.docker.operators.docker.DockerOperator","filename":"docker.py","lineno":71}
{"timestamp":"2026-05-20T22:11:08.032319Z","level":"info","event":"\tat org.apache.spark.rdd.RDD.computeOrReadCheckpoint(RDD.scala:364)","logger":"airflow.task.operators.airflow.providers.docker.operators.docker.DockerOperator","filename":"docker.py","lineno":71}
{"timestamp":"2026-05-20T22:11:08.032405Z","level":"info","event":"\tat org.apache.spark.rdd.RDD.iterator(RDD.scala:328)","logger":"airflow.task.operators.airflow.providers.docker.operators.docker.DockerOperator","filename":"docker.py","lineno":71}
{"timestamp":"2026-05-20T22:11:08.032485Z","level":"info","event":"\tat org.apache.spark.scheduler.ResultTask.runTask(ResultTask.scala:93)","logger":"airflow.task.operators.airflow.providers.docker.operators.docker.DockerOperator","filename":"docker.py","lineno":71}
{"timestamp":"2026-05-20T22:11:08.032557Z","level":"info","event":"\tat org.apache.spark.TaskContext.runTaskWithListeners(TaskContext.scala:161)","logger":"airflow.task.operators.airflow.providers.docker.operators.docker.DockerOperator","filename":"docker.py","lineno":71}
{"timestamp":"2026-05-20T22:11:08.032627Z","level":"info","event":"\tat org.apache.spark.scheduler.Task.run(Task.scala:141)","logger":"airflow.task.operators.airflow.providers.docker.operators.docker.DockerOperator","filename":"docker.py","lineno":71}
{"timestamp":"2026-05-20T22:11:08.033917Z","level":"info","event":"\tat org.apache.spark.executor.Executor$TaskRunner.$anonfun$run$4(Executor.scala:620)","logger":"airflow.task.operators.airflow.providers.docker.operators.docker.DockerOperator","filename":"docker.py","lineno":71}
{"timestamp":"2026-05-20T22:11:08.034051Z","level":"info","event":"\tat org.apache.spark.util.SparkErrorUtils.tryWithSafeFinally(SparkErrorUtils.scala:64)","logger":"airflow.task.operators.airflow.providers.docker.operators.docker.DockerOperator","filename":"docker.py","lineno":71}
{"timestamp":"2026-05-20T22:11:08.034111Z","level":"info","event":"\tat org.apache.spark.util.SparkErrorUtils.tryWithSafeFinally$(SparkErrorUtils.scala:61)","logger":"airflow.task.operators.airflow.providers.docker.operators.docker.DockerOperator","filename":"docker.py","lineno":71}
{"timestamp":"2026-05-20T22:11:08.034159Z","level":"info","event":"\tat org.apache.spark.util.Utils$.tryWithSafeFinally(Utils.scala:94)","logger":"airflow.task.operators.airflow.providers.docker.operators.docker.DockerOperator","filename":"docker.py","lineno":71}
{"timestamp":"2026-05-20T22:11:08.034207Z","level":"info","event":"\tat org.apache.spark.executor.Executor$TaskRunner.run(Executor.scala:623)","logger":"airflow.task.operators.airflow.providers.docker.operators.docker.DockerOperator","filename":"docker.py","lineno":71}
{"timestamp":"2026-05-20T22:11:08.034254Z","level":"info","event":"\tat java.base/java.util.concurrent.ThreadPoolExecutor.runWorker(Unknown Source)","logger":"airflow.task.operators.airflow.providers.docker.operators.docker.DockerOperator","filename":"docker.py","lineno":71}
{"timestamp":"2026-05-20T22:11:08.034299Z","level":"info","event":"\tat java.base/java.util.concurrent.ThreadPoolExecutor$Worker.run(Unknown Source)","logger":"airflow.task.operators.airflow.providers.docker.operators.docker.DockerOperator","filename":"docker.py","lineno":71}
{"timestamp":"2026-05-20T22:11:08.034344Z","level":"info","event":"\tat java.base/java.lang.Thread.run(Unknown Source)","logger":"airflow.task.operators.airflow.providers.docker.operators.docker.DockerOperator","filename":"docker.py","lineno":71}
{"timestamp":"2026-05-20T22:11:08.034392Z","level":"info","event":"Caused by: java.lang.ClassNotFoundException: Class org.apache.hadoop.fs.s3a.S3AFileSystem not found","logger":"airflow.task.operators.airflow.providers.docker.operators.docker.DockerOperator","filename":"docker.py","lineno":71}
{"timestamp":"2026-05-20T22:11:08.034439Z","level":"info","event":"\tat org.apache.hadoop.conf.Configuration.getClassByName(Configuration.java:2592)","logger":"airflow.task.operators.airflow.providers.docker.operators.docker.DockerOperator","filename":"docker.py","lineno":71}
{"timestamp":"2026-05-20T22:11:08.034485Z","level":"info","event":"\tat org.apache.hadoop.conf.Configuration.getClass(Configuration.java:2686)","logger":"airflow.task.operators.airflow.providers.docker.operators.docker.DockerOperator","filename":"docker.py","lineno":71}
{"timestamp":"2026-05-20T22:11:08.034532Z","level":"info","event":"\t... 37 more","logger":"airflow.task.operators.airflow.providers.docker.operators.docker.DockerOperator","filename":"docker.py","lineno":71}
{"timestamp":"2026-05-20T22:11:08.034580Z","level":"info","event":"","logger":"airflow.task.operators.airflow.providers.docker.operators.docker.DockerOperator","filename":"docker.py","lineno":71}
{"timestamp":"2026-05-20T22:11:08.034745Z","level":"info","event":"26/05/20 22:11:08 INFO TaskSetManager: Starting task 0.1 in stage 6.0 (TID 7) (172.20.0.21, executor 1, partition 0, PROCESS_LOCAL, 8319 bytes)","logger":"airflow.task.operators.airflow.providers.docker.operators.docker.DockerOperator","filename":"docker.py","lineno":71}
{"timestamp":"2026-05-20T22:11:08.038078Z","level":"info","event":"26/05/20 22:11:08 WARN TaskSetManager: Lost task 0.0 in stage 5.0 (TID 5) (172.20.0.20 executor 0): java.lang.RuntimeException: java.lang.ClassNotFoundException: Class org.apache.hadoop.fs.s3a.S3AFileSystem not found","logger":"airflow.task.operators.airflow.providers.docker.operators.docker.DockerOperator","filename":"docker.py","lineno":71}
{"timestamp":"2026-05-20T22:11:08.038267Z","level":"info","event":"\tat org.apache.hadoop.conf.Configuration.getClass(Configuration.java:2688)","logger":"airflow.task.operators.airflow.providers.docker.operators.docker.DockerOperator","filename":"docker.py","lineno":71}
{"timestamp":"2026-05-20T22:11:08.038368Z","level":"info","event":"\tat org.apache.hadoop.fs.FileSystem.getFileSystemClass(FileSystem.java:3431)","logger":"airflow.task.operators.airflow.providers.docker.operators.docker.DockerOperator","filename":"docker.py","lineno":71}
{"timestamp":"2026-05-20T22:11:08.038467Z","level":"info","event":"\tat org.apache.hadoop.fs.FileSystem.createFileSystem(FileSystem.java:3466)","logger":"airflow.task.operators.airflow.providers.docker.operators.docker.DockerOperator","filename":"docker.py","lineno":71}
{"timestamp":"2026-05-20T22:11:08.038537Z","level":"info","event":"\tat org.apache.hadoop.fs.FileSystem.access$300(FileSystem.java:174)","logger":"airflow.task.operators.airflow.providers.docker.operators.docker.DockerOperator","filename":"docker.py","lineno":71}
{"timestamp":"2026-05-20T22:11:08.038596Z","level":"info","event":"\tat org.apache.hadoop.fs.FileSystem$Cache.getInternal(FileSystem.java:3574)","logger":"airflow.task.operators.airflow.providers.docker.operators.docker.DockerOperator","filename":"docker.py","lineno":71}
{"timestamp":"2026-05-20T22:11:08.038654Z","level":"info","event":"\tat org.apache.hadoop.fs.FileSystem$Cache.get(FileSystem.java:3521)","logger":"airflow.task.operators.airflow.providers.docker.operators.docker.DockerOperator","filename":"docker.py","lineno":71}
{"timestamp":"2026-05-20T22:11:08.038710Z","level":"info","event":"\tat org.apache.hadoop.fs.FileSystem.get(FileSystem.java:540)","logger":"airflow.task.operators.airflow.providers.docker.operators.docker.DockerOperator","filename":"docker.py","lineno":71}
{"timestamp":"2026-05-20T22:11:08.038764Z","level":"info","event":"\tat org.apache.hadoop.fs.Path.getFileSystem(Path.java:365)","logger":"airflow.task.operators.airflow.providers.docker.operators.docker.DockerOperator","filename":"docker.py","lineno":71}
{"timestamp":"2026-05-20T22:11:08.038818Z","level":"info","event":"\tat org.apache.hadoop.mapreduce.lib.input.LineRecordReader.initialize(LineRecordReader.java:88)","logger":"airflow.task.operators.airflow.providers.docker.operators.docker.DockerOperator","filename":"docker.py","lineno":71}
{"timestamp":"2026-05-20T22:11:08.038923Z","level":"info","event":"\tat org.apache.spark.sql.execution.datasources.HadoopFileLinesReader.<init>(HadoopFileLinesReader.scala:63)","logger":"airflow.task.operators.airflow.providers.docker.operators.docker.DockerOperator","filename":"docker.py","lineno":71}
{"timestamp":"2026-05-20T22:11:08.038983Z","level":"info","event":"\tat org.apache.spark.sql.execution.datasources.json.TextInputJsonDataSource$.readFile(JsonDataSource.scala:132)","logger":"airflow.task.operators.airflow.providers.docker.operators.docker.DockerOperator","filename":"docker.py","lineno":71}
{"timestamp":"2026-05-20T22:11:08.039043Z","level":"info","event":"\tat org.apache.spark.sql.execution.datasources.json.JsonFileFormat.$anonfun$buildReader$2(JsonFileFormat.scala:126)","logger":"airflow.task.operators.airflow.providers.docker.operators.docker.DockerOperator","filename":"docker.py","lineno":71}
{"timestamp":"2026-05-20T22:11:08.039099Z","level":"info","event":"\tat org.apache.spark.sql.execution.datasources.FileFormat$$anon$1.apply(FileFormat.scala:160)","logger":"airflow.task.operators.airflow.providers.docker.operators.docker.DockerOperator","filename":"docker.py","lineno":71}
{"timestamp":"2026-05-20T22:11:08.039154Z","level":"info","event":"\tat org.apache.spark.sql.execution.datasources.FileFormat$$anon$1.apply(FileFormat.scala:140)","logger":"airflow.task.operators.airflow.providers.docker.operators.docker.DockerOperator","filename":"docker.py","lineno":71}
{"timestamp":"2026-05-20T22:11:08.039210Z","level":"info","event":"\tat org.apache.spark.sql.execution.datasources.FileScanRDD$$anon$1.org$apache$spark$sql$execution$datasources$FileScanRDD$$anon$$readCurrentFile(FileScanRDD.scala:217)","logger":"airflow.task.operators.airflow.providers.docker.operators.docker.DockerOperator","filename":"docker.py","lineno":71}
{"timestamp":"2026-05-20T22:11:08.039264Z","level":"info","event":"\tat org.apache.spark.sql.execution.datasources.FileScanRDD$$anon$1.nextIterator(FileScanRDD.scala:279)","logger":"airflow.task.operators.airflow.providers.docker.operators.docker.DockerOperator","filename":"docker.py","lineno":71}
{"timestamp":"2026-05-20T22:11:08.039320Z","level":"info","event":"\tat org.apache.spark.sql.execution.datasources.FileScanRDD$$anon$1.hasNext(FileScanRDD.scala:129)","logger":"airflow.task.operators.airflow.providers.docker.operators.docker.DockerOperator","filename":"docker.py","lineno":71}
{"timestamp":"2026-05-20T22:11:08.039597Z","level":"info","event":"\tat scala.collection.Iterator$$anon$10.hasNext(Iterator.scala:460)","logger":"airflow.task.operators.airflow.providers.docker.operators.docker.DockerOperator","filename":"docker.py","lineno":71}
{"timestamp":"2026-05-20T22:11:08.039944Z","level":"info","event":"\tat org.apache.spark.sql.catalyst.expressions.GeneratedClass$GeneratedIteratorForCodegenStage1.processNext(Unknown Source)","logger":"airflow.task.operators.airflow.providers.docker.operators.docker.DockerOperator","filename":"docker.py","lineno":71}
{"timestamp":"2026-05-20T22:11:08.040189Z","level":"info","event":"\tat org.apache.spark.sql.execution.BufferedRowIterator.hasNext(BufferedRowIterator.java:43)","logger":"airflow.task.operators.airflow.providers.docker.operators.docker.DockerOperator","filename":"docker.py","lineno":71}
{"timestamp":"2026-05-20T22:11:08.040294Z","level":"info","event":"\tat org.apache.spark.sql.execution.WholeStageCodegenEvaluatorFactory$WholeStageCodegenPartitionEvaluator$$anon$1.hasNext(WholeStageCodegenEvaluatorFactory.scala:43)","logger":"airflow.task.operators.airflow.providers.docker.operators.docker.DockerOperator","filename":"docker.py","lineno":71}
{"timestamp":"2026-05-20T22:11:08.040375Z","level":"info","event":"\tat org.apache.spark.sql.execution.SparkPlan.$anonfun$getByteArrayRdd$1(SparkPlan.scala:388)","logger":"airflow.task.operators.airflow.providers.docker.operators.docker.DockerOperator","filename":"docker.py","lineno":71}
{"timestamp":"2026-05-20T22:11:08.040445Z","level":"info","event":"\tat org.apache.spark.rdd.RDD.$anonfun$mapPartitionsInternal$2(RDD.scala:890)","logger":"airflow.task.operators.airflow.providers.docker.operators.docker.DockerOperator","filename":"docker.py","lineno":71}
{"timestamp":"2026-05-20T22:11:08.040511Z","level":"info","event":"\tat org.apache.spark.rdd.RDD.$anonfun$mapPartitionsInternal$2$adapted(RDD.scala:890)","logger":"airflow.task.operators.airflow.providers.docker.operators.docker.DockerOperator","filename":"docker.py","lineno":71}
{"timestamp":"2026-05-20T22:11:08.040579Z","level":"info","event":"\tat org.apache.spark.rdd.MapPartitionsRDD.compute(MapPartitionsRDD.scala:52)","logger":"airflow.task.operators.airflow.providers.docker.operators.docker.DockerOperator","filename":"docker.py","lineno":71}
{"timestamp":"2026-05-20T22:11:08.040639Z","level":"info","event":"\tat org.apache.spark.rdd.RDD.computeOrReadCheckpoint(RDD.scala:364)","logger":"airflow.task.operators.airflow.providers.docker.operators.docker.DockerOperator","filename":"docker.py","lineno":71}
{"timestamp":"2026-05-20T22:11:08.040708Z","level":"info","event":"\tat org.apache.spark.rdd.RDD.iterator(RDD.scala:328)","logger":"airflow.task.operators.airflow.providers.docker.operators.docker.DockerOperator","filename":"docker.py","lineno":71}
{"timestamp":"2026-05-20T22:11:08.040780Z","level":"info","event":"\tat org.apache.spark.scheduler.ResultTask.runTask(ResultTask.scala:93)","logger":"airflow.task.operators.airflow.providers.docker.operators.docker.DockerOperator","filename":"docker.py","lineno":71}
{"timestamp":"2026-05-20T22:11:08.044018Z","level":"info","event":"\tat org.apache.spark.TaskContext.runTaskWithListeners(TaskContext.scala:161)","logger":"airflow.task.operators.airflow.providers.docker.operators.docker.DockerOperator","filename":"docker.py","lineno":71}
{"timestamp":"2026-05-20T22:11:08.045653Z","level":"info","event":"\tat org.apache.spark.scheduler.Task.run(Task.scala:141)","logger":"airflow.task.operators.airflow.providers.docker.operators.docker.DockerOperator","filename":"docker.py","lineno":71}
{"timestamp":"2026-05-20T22:11:08.045937Z","level":"info","event":"\tat org.apache.spark.executor.Executor$TaskRunner.$anonfun$run$4(Executor.scala:620)","logger":"airflow.task.operators.airflow.providers.docker.operators.docker.DockerOperator","filename":"docker.py","lineno":71}
{"timestamp":"2026-05-20T22:11:08.046051Z","level":"info","event":"\tat org.apache.spark.util.SparkErrorUtils.tryWithSafeFinally(SparkErrorUtils.scala:64)","logger":"airflow.task.operators.airflow.providers.docker.operators.docker.DockerOperator","filename":"docker.py","lineno":71}
{"timestamp":"2026-05-20T22:11:08.046127Z","level":"info","event":"\tat org.apache.spark.util.SparkErrorUtils.tryWithSafeFinally$(SparkErrorUtils.scala:61)","logger":"airflow.task.operators.airflow.providers.docker.operators.docker.DockerOperator","filename":"docker.py","lineno":71}
{"timestamp":"2026-05-20T22:11:08.046189Z","level":"info","event":"\tat org.apache.spark.util.Utils$.tryWithSafeFinally(Utils.scala:94)","logger":"airflow.task.operators.airflow.providers.docker.operators.docker.DockerOperator","filename":"docker.py","lineno":71}
{"timestamp":"2026-05-20T22:11:08.046253Z","level":"info","event":"\tat org.apache.spark.executor.Executor$TaskRunner.run(Executor.scala:623)","logger":"airflow.task.operators.airflow.providers.docker.operators.docker.DockerOperator","filename":"docker.py","lineno":71}
{"timestamp":"2026-05-20T22:11:08.046311Z","level":"info","event":"\tat java.base/java.util.concurrent.ThreadPoolExecutor.runWorker(Unknown Source)","logger":"airflow.task.operators.airflow.providers.docker.operators.docker.DockerOperator","filename":"docker.py","lineno":71}
{"timestamp":"2026-05-20T22:11:08.046367Z","level":"info","event":"\tat java.base/java.util.concurrent.ThreadPoolExecutor$Worker.run(Unknown Source)","logger":"airflow.task.operators.airflow.providers.docker.operators.docker.DockerOperator","filename":"docker.py","lineno":71}
{"timestamp":"2026-05-20T22:11:08.046424Z","level":"info","event":"\tat java.base/java.lang.Thread.run(Unknown Source)","logger":"airflow.task.operators.airflow.providers.docker.operators.docker.DockerOperator","filename":"docker.py","lineno":71}
{"timestamp":"2026-05-20T22:11:08.046477Z","level":"info","event":"Caused by: java.lang.ClassNotFoundException: Class org.apache.hadoop.fs.s3a.S3AFileSystem not found","logger":"airflow.task.operators.airflow.providers.docker.operators.docker.DockerOperator","filename":"docker.py","lineno":71}
{"timestamp":"2026-05-20T22:11:08.046534Z","level":"info","event":"\tat org.apache.hadoop.conf.Configuration.getClassByName(Configuration.java:2592)","logger":"airflow.task.operators.airflow.providers.docker.operators.docker.DockerOperator","filename":"docker.py","lineno":71}
{"timestamp":"2026-05-20T22:11:08.046642Z","level":"info","event":"\tat org.apache.hadoop.conf.Configuration.getClass(Configuration.java:2686)","logger":"airflow.task.operators.airflow.providers.docker.operators.docker.DockerOperator","filename":"docker.py","lineno":71}
{"timestamp":"2026-05-20T22:11:08.046710Z","level":"info","event":"\t... 37 more","logger":"airflow.task.operators.airflow.providers.docker.operators.docker.DockerOperator","filename":"docker.py","lineno":71}
{"timestamp":"2026-05-20T22:11:08.046769Z","level":"info","event":"","logger":"airflow.task.operators.airflow.providers.docker.operators.docker.DockerOperator","filename":"docker.py","lineno":71}
{"timestamp":"2026-05-20T22:11:08.053634Z","level":"info","event":"26/05/20 22:11:08 WARN TaskSetManager: Lost task 0.0 in stage 1.0 (TID 1) (172.20.0.20 executor 0): java.lang.RuntimeException: java.lang.ClassNotFoundException: Class org.apache.hadoop.fs.s3a.S3AFileSystem not found","logger":"airflow.task.operators.airflow.providers.docker.operators.docker.DockerOperator","filename":"docker.py","lineno":71}
{"timestamp":"2026-05-20T22:11:08.053940Z","level":"info","event":"\tat org.apache.hadoop.conf.Configuration.getClass(Configuration.java:2688)","logger":"airflow.task.operators.airflow.providers.docker.operators.docker.DockerOperator","filename":"docker.py","lineno":71}
{"timestamp":"2026-05-20T22:11:08.054066Z","level":"info","event":"\tat org.apache.hadoop.fs.FileSystem.getFileSystemClass(FileSystem.java:3431)","logger":"airflow.task.operators.airflow.providers.docker.operators.docker.DockerOperator","filename":"docker.py","lineno":71}
{"timestamp":"2026-05-20T22:11:08.054143Z","level":"info","event":"\tat org.apache.hadoop.fs.FileSystem.createFileSystem(FileSystem.java:3466)","logger":"airflow.task.operators.airflow.providers.docker.operators.docker.DockerOperator","filename":"docker.py","lineno":71}
{"timestamp":"2026-05-20T22:11:08.054209Z","level":"info","event":"\tat org.apache.hadoop.fs.FileSystem.access$300(FileSystem.java:174)","logger":"airflow.task.operators.airflow.providers.docker.operators.docker.DockerOperator","filename":"docker.py","lineno":71}
{"timestamp":"2026-05-20T22:11:08.054268Z","level":"info","event":"\tat org.apache.hadoop.fs.FileSystem$Cache.getInternal(FileSystem.java:3574)","logger":"airflow.task.operators.airflow.providers.docker.operators.docker.DockerOperator","filename":"docker.py","lineno":71}
{"timestamp":"2026-05-20T22:11:08.054327Z","level":"info","event":"\tat org.apache.hadoop.fs.FileSystem$Cache.get(FileSystem.java:3521)","logger":"airflow.task.operators.airflow.providers.docker.operators.docker.DockerOperator","filename":"docker.py","lineno":71}
{"timestamp":"2026-05-20T22:11:08.054407Z","level":"info","event":"\tat org.apache.hadoop.fs.FileSystem.get(FileSystem.java:540)","logger":"airflow.task.operators.airflow.providers.docker.operators.docker.DockerOperator","filename":"docker.py","lineno":71}
{"timestamp":"2026-05-20T22:11:08.054471Z","level":"info","event":"\tat org.apache.hadoop.fs.Path.getFileSystem(Path.java:365)","logger":"airflow.task.operators.airflow.providers.docker.operators.docker.DockerOperator","filename":"docker.py","lineno":71}
{"timestamp":"2026-05-20T22:11:08.054528Z","level":"info","event":"\tat org.apache.hadoop.mapreduce.lib.input.LineRecordReader.initialize(LineRecordReader.java:88)","logger":"airflow.task.operators.airflow.providers.docker.operators.docker.DockerOperator","filename":"docker.py","lineno":71}
{"timestamp":"2026-05-20T22:11:08.054581Z","level":"info","event":"\tat org.apache.spark.sql.execution.datasources.HadoopFileLinesReader.<init>(HadoopFileLinesReader.scala:63)","logger":"airflow.task.operators.airflow.providers.docker.operators.docker.DockerOperator","filename":"docker.py","lineno":71}
{"timestamp":"2026-05-20T22:11:08.054635Z","level":"info","event":"\tat org.apache.spark.sql.execution.datasources.json.TextInputJsonDataSource$.readFile(JsonDataSource.scala:132)","logger":"airflow.task.operators.airflow.providers.docker.operators.docker.DockerOperator","filename":"docker.py","lineno":71}
{"timestamp":"2026-05-20T22:11:08.054691Z","level":"info","event":"\tat org.apache.spark.sql.execution.datasources.json.JsonFileFormat.$anonfun$buildReader$2(JsonFileFormat.scala:126)","logger":"airflow.task.operators.airflow.providers.docker.operators.docker.DockerOperator","filename":"docker.py","lineno":71}
{"timestamp":"2026-05-20T22:11:08.054748Z","level":"info","event":"\tat org.apache.spark.sql.execution.datasources.FileFormat$$anon$1.apply(FileFormat.scala:160)","logger":"airflow.task.operators.airflow.providers.docker.operators.docker.DockerOperator","filename":"docker.py","lineno":71}
{"timestamp":"2026-05-20T22:11:08.054808Z","level":"info","event":"\tat org.apache.spark.sql.execution.datasources.FileFormat$$anon$1.apply(FileFormat.scala:140)","logger":"airflow.task.operators.airflow.providers.docker.operators.docker.DockerOperator","filename":"docker.py","lineno":71}
{"timestamp":"2026-05-20T22:11:08.054908Z","level":"info","event":"\tat org.apache.spark.sql.execution.datasources.FileScanRDD$$anon$1.org$apache$spark$sql$execution$datasources$FileScanRDD$$anon$$readCurrentFile(FileScanRDD.scala:217)","logger":"airflow.task.operators.airflow.providers.docker.operators.docker.DockerOperator","filename":"docker.py","lineno":71}
{"timestamp":"2026-05-20T22:11:08.054967Z","level":"info","event":"\tat org.apache.spark.sql.execution.datasources.FileScanRDD$$anon$1.nextIterator(FileScanRDD.scala:279)","logger":"airflow.task.operators.airflow.providers.docker.operators.docker.DockerOperator","filename":"docker.py","lineno":71}
{"timestamp":"2026-05-20T22:11:08.055021Z","level":"info","event":"\tat org.apache.spark.sql.execution.datasources.FileScanRDD$$anon$1.hasNext(FileScanRDD.scala:129)","logger":"airflow.task.operators.airflow.providers.docker.operators.docker.DockerOperator","filename":"docker.py","lineno":71}
{"timestamp":"2026-05-20T22:11:08.055074Z","level":"info","event":"\tat scala.collection.Iterator$$anon$10.hasNext(Iterator.scala:460)","logger":"airflow.task.operators.airflow.providers.docker.operators.docker.DockerOperator","filename":"docker.py","lineno":71}
{"timestamp":"2026-05-20T22:11:08.055125Z","level":"info","event":"\tat org.apache.spark.sql.catalyst.expressions.GeneratedClass$GeneratedIteratorForCodegenStage1.processNext(Unknown Source)","logger":"airflow.task.operators.airflow.providers.docker.operators.docker.DockerOperator","filename":"docker.py","lineno":71}
{"timestamp":"2026-05-20T22:11:08.055181Z","level":"info","event":"\tat org.apache.spark.sql.execution.BufferedRowIterator.hasNext(BufferedRowIterator.java:43)","logger":"airflow.task.operators.airflow.providers.docker.operators.docker.DockerOperator","filename":"docker.py","lineno":71}
{"timestamp":"2026-05-20T22:11:08.055234Z","level":"info","event":"\tat org.apache.spark.sql.execution.WholeStageCodegenEvaluatorFactory$WholeStageCodegenPartitionEvaluator$$anon$1.hasNext(WholeStageCodegenEvaluatorFactory.scala:43)","logger":"airflow.task.operators.airflow.providers.docker.operators.docker.DockerOperator","filename":"docker.py","lineno":71}
{"timestamp":"2026-05-20T22:11:08.055286Z","level":"info","event":"\tat org.apache.spark.sql.execution.SparkPlan.$anonfun$getByteArrayRdd$1(SparkPlan.scala:388)","logger":"airflow.task.operators.airflow.providers.docker.operators.docker.DockerOperator","filename":"docker.py","lineno":71}
{"timestamp":"2026-05-20T22:11:08.055335Z","level":"info","event":"\tat org.apache.spark.rdd.RDD.$anonfun$mapPartitionsInternal$2(RDD.scala:890)","logger":"airflow.task.operators.airflow.providers.docker.operators.docker.DockerOperator","filename":"docker.py","lineno":71}
{"timestamp":"2026-05-20T22:11:08.055397Z","level":"info","event":"\tat org.apache.spark.rdd.RDD.$anonfun$mapPartitionsInternal$2$adapted(RDD.scala:890)","logger":"airflow.task.operators.airflow.providers.docker.operators.docker.DockerOperator","filename":"docker.py","lineno":71}
{"timestamp":"2026-05-20T22:11:08.055450Z","level":"info","event":"\tat org.apache.spark.rdd.MapPartitionsRDD.compute(MapPartitionsRDD.scala:52)","logger":"airflow.task.operators.airflow.providers.docker.operators.docker.DockerOperator","filename":"docker.py","lineno":71}
{"timestamp":"2026-05-20T22:11:08.055501Z","level":"info","event":"\tat org.apache.spark.rdd.RDD.computeOrReadCheckpoint(RDD.scala:364)","logger":"airflow.task.operators.airflow.providers.docker.operators.docker.DockerOperator","filename":"docker.py","lineno":71}
{"timestamp":"2026-05-20T22:11:08.055550Z","level":"info","event":"\tat org.apache.spark.rdd.RDD.iterator(RDD.scala:328)","logger":"airflow.task.operators.airflow.providers.docker.operators.docker.DockerOperator","filename":"docker.py","lineno":71}
{"timestamp":"2026-05-20T22:11:08.055602Z","level":"info","event":"\tat org.apache.spark.scheduler.ResultTask.runTask(ResultTask.scala:93)","logger":"airflow.task.operators.airflow.providers.docker.operators.docker.DockerOperator","filename":"docker.py","lineno":71}
{"timestamp":"2026-05-20T22:11:08.055656Z","level":"info","event":"\tat org.apache.spark.TaskContext.runTaskWithListeners(TaskContext.scala:161)","logger":"airflow.task.operators.airflow.providers.docker.operators.docker.DockerOperator","filename":"docker.py","lineno":71}
{"timestamp":"2026-05-20T22:11:08.055708Z","level":"info","event":"\tat org.apache.spark.scheduler.Task.run(Task.scala:141)","logger":"airflow.task.operators.airflow.providers.docker.operators.docker.DockerOperator","filename":"docker.py","lineno":71}
{"timestamp":"2026-05-20T22:11:08.055757Z","level":"info","event":"\tat org.apache.spark.executor.Executor$TaskRunner.$anonfun$run$4(Executor.scala:620)","logger":"airflow.task.operators.airflow.providers.docker.operators.docker.DockerOperator","filename":"docker.py","lineno":71}
{"timestamp":"2026-05-20T22:11:08.055806Z","level":"info","event":"\tat org.apache.spark.util.SparkErrorUtils.tryWithSafeFinally(SparkErrorUtils.scala:64)","logger":"airflow.task.operators.airflow.providers.docker.operators.docker.DockerOperator","filename":"docker.py","lineno":71}
{"timestamp":"2026-05-20T22:11:08.055893Z","level":"info","event":"\tat org.apache.spark.util.SparkErrorUtils.tryWithSafeFinally$(SparkErrorUtils.scala:61)","logger":"airflow.task.operators.airflow.providers.docker.operators.docker.DockerOperator","filename":"docker.py","lineno":71}
{"timestamp":"2026-05-20T22:11:08.056032Z","level":"info","event":"\tat org.apache.spark.util.Utils$.tryWithSafeFinally(Utils.scala:94)","logger":"airflow.task.operators.airflow.providers.docker.operators.docker.DockerOperator","filename":"docker.py","lineno":71}
{"timestamp":"2026-05-20T22:11:08.056155Z","level":"info","event":"\tat org.apache.spark.executor.Executor$TaskRunner.run(Executor.scala:623)","logger":"airflow.task.operators.airflow.providers.docker.operators.docker.DockerOperator","filename":"docker.py","lineno":71}
{"timestamp":"2026-05-20T22:11:08.056227Z","level":"info","event":"\tat java.base/java.util.concurrent.ThreadPoolExecutor.runWorker(Unknown Source)","logger":"airflow.task.operators.airflow.providers.docker.operators.docker.DockerOperator","filename":"docker.py","lineno":71}
{"timestamp":"2026-05-20T22:11:08.056328Z","level":"info","event":"\tat java.base/java.util.concurrent.ThreadPoolExecutor$Worker.run(Unknown Source)","logger":"airflow.task.operators.airflow.providers.docker.operators.docker.DockerOperator","filename":"docker.py","lineno":71}
{"timestamp":"2026-05-20T22:11:08.056445Z","level":"info","event":"\tat java.base/java.lang.Thread.run(Unknown Source)","logger":"airflow.task.operators.airflow.providers.docker.operators.docker.DockerOperator","filename":"docker.py","lineno":71}
{"timestamp":"2026-05-20T22:11:08.056563Z","level":"info","event":"Caused by: java.lang.ClassNotFoundException: Class org.apache.hadoop.fs.s3a.S3AFileSystem not found","logger":"airflow.task.operators.airflow.providers.docker.operators.docker.DockerOperator","filename":"docker.py","lineno":71}
{"timestamp":"2026-05-20T22:11:08.056647Z","level":"info","event":"\tat org.apache.hadoop.conf.Configuration.getClassByName(Configuration.java:2592)","logger":"airflow.task.operators.airflow.providers.docker.operators.docker.DockerOperator","filename":"docker.py","lineno":71}
{"timestamp":"2026-05-20T22:11:08.056721Z","level":"info","event":"\tat org.apache.hadoop.conf.Configuration.getClass(Configuration.java:2686)","logger":"airflow.task.operators.airflow.providers.docker.operators.docker.DockerOperator","filename":"docker.py","lineno":71}
{"timestamp":"2026-05-20T22:11:08.056784Z","level":"info","event":"\t... 37 more","logger":"airflow.task.operators.airflow.providers.docker.operators.docker.DockerOperator","filename":"docker.py","lineno":71}
{"timestamp":"2026-05-20T22:11:08.057414Z","level":"info","event":"","logger":"airflow.task.operators.airflow.providers.docker.operators.docker.DockerOperator","filename":"docker.py","lineno":71}
{"timestamp":"2026-05-20T22:11:08.057679Z","level":"info","event":"26/05/20 22:11:08 WARN TaskSetManager: Lost task 0.0 in stage 2.0 (TID 2) (172.20.0.20 executor 0): java.lang.RuntimeException: java.lang.ClassNotFoundException: Class org.apache.hadoop.fs.s3a.S3AFileSystem not found","logger":"airflow.task.operators.airflow.providers.docker.operators.docker.DockerOperator","filename":"docker.py","lineno":71}
{"timestamp":"2026-05-20T22:11:08.057843Z","level":"info","event":"\tat org.apache.hadoop.conf.Configuration.getClass(Configuration.java:2688)","logger":"airflow.task.operators.airflow.providers.docker.operators.docker.DockerOperator","filename":"docker.py","lineno":71}
{"timestamp":"2026-05-20T22:11:08.057941Z","level":"info","event":"\tat org.apache.hadoop.fs.FileSystem.getFileSystemClass(FileSystem.java:3431)","logger":"airflow.task.operators.airflow.providers.docker.operators.docker.DockerOperator","filename":"docker.py","lineno":71}
{"timestamp":"2026-05-20T22:11:08.058006Z","level":"info","event":"\tat org.apache.hadoop.fs.FileSystem.createFileSystem(FileSystem.java:3466)","logger":"airflow.task.operators.airflow.providers.docker.operators.docker.DockerOperator","filename":"docker.py","lineno":71}
{"timestamp":"2026-05-20T22:11:08.058419Z","level":"info","event":"\tat org.apache.hadoop.fs.FileSystem.access$300(FileSystem.java:174)","logger":"airflow.task.operators.airflow.providers.docker.operators.docker.DockerOperator","filename":"docker.py","lineno":71}
{"timestamp":"2026-05-20T22:11:08.058520Z","level":"info","event":"\tat org.apache.hadoop.fs.FileSystem$Cache.getInternal(FileSystem.java:3574)","logger":"airflow.task.operators.airflow.providers.docker.operators.docker.DockerOperator","filename":"docker.py","lineno":71}
{"timestamp":"2026-05-20T22:11:08.058586Z","level":"info","event":"\tat org.apache.hadoop.fs.FileSystem$Cache.get(FileSystem.java:3521)","logger":"airflow.task.operators.airflow.providers.docker.operators.docker.DockerOperator","filename":"docker.py","lineno":71}
{"timestamp":"2026-05-20T22:11:08.058646Z","level":"info","event":"\tat org.apache.hadoop.fs.FileSystem.get(FileSystem.java:540)","logger":"airflow.task.operators.airflow.providers.docker.operators.docker.DockerOperator","filename":"docker.py","lineno":71}
{"timestamp":"2026-05-20T22:11:08.058702Z","level":"info","event":"\tat org.apache.hadoop.fs.Path.getFileSystem(Path.java:365)","logger":"airflow.task.operators.airflow.providers.docker.operators.docker.DockerOperator","filename":"docker.py","lineno":71}
{"timestamp":"2026-05-20T22:11:08.058757Z","level":"info","event":"\tat org.apache.hadoop.mapreduce.lib.input.LineRecordReader.initialize(LineRecordReader.java:88)","logger":"airflow.task.operators.airflow.providers.docker.operators.docker.DockerOperator","filename":"docker.py","lineno":71}
{"timestamp":"2026-05-20T22:11:08.058812Z","level":"info","event":"\tat org.apache.spark.sql.execution.datasources.HadoopFileLinesReader.<init>(HadoopFileLinesReader.scala:63)","logger":"airflow.task.operators.airflow.providers.docker.operators.docker.DockerOperator","filename":"docker.py","lineno":71}
{"timestamp":"2026-05-20T22:11:08.058901Z","level":"info","event":"\tat org.apache.spark.sql.execution.datasources.json.TextInputJsonDataSource$.readFile(JsonDataSource.scala:132)","logger":"airflow.task.operators.airflow.providers.docker.operators.docker.DockerOperator","filename":"docker.py","lineno":71}
{"timestamp":"2026-05-20T22:11:08.058954Z","level":"info","event":"\tat org.apache.spark.sql.execution.datasources.json.JsonFileFormat.$anonfun$buildReader$2(JsonFileFormat.scala:126)","logger":"airflow.task.operators.airflow.providers.docker.operators.docker.DockerOperator","filename":"docker.py","lineno":71}
{"timestamp":"2026-05-20T22:11:08.059006Z","level":"info","event":"\tat org.apache.spark.sql.execution.datasources.FileFormat$$anon$1.apply(FileFormat.scala:160)","logger":"airflow.task.operators.airflow.providers.docker.operators.docker.DockerOperator","filename":"docker.py","lineno":71}
{"timestamp":"2026-05-20T22:11:08.059057Z","level":"info","event":"\tat org.apache.spark.sql.execution.datasources.FileFormat$$anon$1.apply(FileFormat.scala:140)","logger":"airflow.task.operators.airflow.providers.docker.operators.docker.DockerOperator","filename":"docker.py","lineno":71}
{"timestamp":"2026-05-20T22:11:08.059107Z","level":"info","event":"\tat org.apache.spark.sql.execution.datasources.FileScanRDD$$anon$1.org$apache$spark$sql$execution$datasources$FileScanRDD$$anon$$readCurrentFile(FileScanRDD.scala:217)","logger":"airflow.task.operators.airflow.providers.docker.operators.docker.DockerOperator","filename":"docker.py","lineno":71}
{"timestamp":"2026-05-20T22:11:08.059160Z","level":"info","event":"\tat org.apache.spark.sql.execution.datasources.FileScanRDD$$anon$1.nextIterator(FileScanRDD.scala:279)","logger":"airflow.task.operators.airflow.providers.docker.operators.docker.DockerOperator","filename":"docker.py","lineno":71}
{"timestamp":"2026-05-20T22:11:08.059212Z","level":"info","event":"\tat org.apache.spark.sql.execution.datasources.FileScanRDD$$anon$1.hasNext(FileScanRDD.scala:129)","logger":"airflow.task.operators.airflow.providers.docker.operators.docker.DockerOperator","filename":"docker.py","lineno":71}
{"timestamp":"2026-05-20T22:11:08.059260Z","level":"info","event":"\tat scala.collection.Iterator$$anon$10.hasNext(Iterator.scala:460)","logger":"airflow.task.operators.airflow.providers.docker.operators.docker.DockerOperator","filename":"docker.py","lineno":71}
{"timestamp":"2026-05-20T22:11:08.059311Z","level":"info","event":"\tat org.apache.spark.sql.catalyst.expressions.GeneratedClass$GeneratedIteratorForCodegenStage1.processNext(Unknown Source)","logger":"airflow.task.operators.airflow.providers.docker.operators.docker.DockerOperator","filename":"docker.py","lineno":71}
{"timestamp":"2026-05-20T22:11:08.059363Z","level":"info","event":"\tat org.apache.spark.sql.execution.BufferedRowIterator.hasNext(BufferedRowIterator.java:43)","logger":"airflow.task.operators.airflow.providers.docker.operators.docker.DockerOperator","filename":"docker.py","lineno":71}
{"timestamp":"2026-05-20T22:11:08.059478Z","level":"info","event":"\tat org.apache.spark.sql.execution.WholeStageCodegenEvaluatorFactory$WholeStageCodegenPartitionEvaluator$$anon$1.hasNext(WholeStageCodegenEvaluatorFactory.scala:43)","logger":"airflow.task.operators.airflow.providers.docker.operators.docker.DockerOperator","filename":"docker.py","lineno":71}
{"timestamp":"2026-05-20T22:11:08.059576Z","level":"info","event":"\tat org.apache.spark.sql.execution.SparkPlan.$anonfun$getByteArrayRdd$1(SparkPlan.scala:388)","logger":"airflow.task.operators.airflow.providers.docker.operators.docker.DockerOperator","filename":"docker.py","lineno":71}
{"timestamp":"2026-05-20T22:11:08.059671Z","level":"info","event":"\tat org.apache.spark.rdd.RDD.$anonfun$mapPartitionsInternal$2(RDD.scala:890)","logger":"airflow.task.operators.airflow.providers.docker.operators.docker.DockerOperator","filename":"docker.py","lineno":71}
{"timestamp":"2026-05-20T22:11:08.059785Z","level":"info","event":"\tat org.apache.spark.rdd.RDD.$anonfun$mapPartitionsInternal$2$adapted(RDD.scala:890)","logger":"airflow.task.operators.airflow.providers.docker.operators.docker.DockerOperator","filename":"docker.py","lineno":71}
{"timestamp":"2026-05-20T22:11:08.059930Z","level":"info","event":"\tat org.apache.spark.rdd.MapPartitionsRDD.compute(MapPartitionsRDD.scala:52)","logger":"airflow.task.operators.airflow.providers.docker.operators.docker.DockerOperator","filename":"docker.py","lineno":71}
{"timestamp":"2026-05-20T22:11:08.060001Z","level":"info","event":"\tat org.apache.spark.rdd.RDD.computeOrReadCheckpoint(RDD.scala:364)","logger":"airflow.task.operators.airflow.providers.docker.operators.docker.DockerOperator","filename":"docker.py","lineno":71}
{"timestamp":"2026-05-20T22:11:08.060060Z","level":"info","event":"\tat org.apache.spark.rdd.RDD.iterator(RDD.scala:328)","logger":"airflow.task.operators.airflow.providers.docker.operators.docker.DockerOperator","filename":"docker.py","lineno":71}
{"timestamp":"2026-05-20T22:11:08.060140Z","level":"info","event":"\tat org.apache.spark.scheduler.ResultTask.runTask(ResultTask.scala:93)","logger":"airflow.task.operators.airflow.providers.docker.operators.docker.DockerOperator","filename":"docker.py","lineno":71}
{"timestamp":"2026-05-20T22:11:08.060187Z","level":"info","event":"\tat org.apache.spark.TaskContext.runTaskWithListeners(TaskContext.scala:161)","logger":"airflow.task.operators.airflow.providers.docker.operators.docker.DockerOperator","filename":"docker.py","lineno":71}
{"timestamp":"2026-05-20T22:11:08.060256Z","level":"info","event":"\tat org.apache.spark.scheduler.Task.run(Task.scala:141)","logger":"airflow.task.operators.airflow.providers.docker.operators.docker.DockerOperator","filename":"docker.py","lineno":71}
{"timestamp":"2026-05-20T22:11:08.060328Z","level":"info","event":"\tat org.apache.spark.executor.Executor$TaskRunner.$anonfun$run$4(Executor.scala:620)","logger":"airflow.task.operators.airflow.providers.docker.operators.docker.DockerOperator","filename":"docker.py","lineno":71}
{"timestamp":"2026-05-20T22:11:08.060374Z","level":"info","event":"\tat org.apache.spark.util.SparkErrorUtils.tryWithSafeFinally(SparkErrorUtils.scala:64)","logger":"airflow.task.operators.airflow.providers.docker.operators.docker.DockerOperator","filename":"docker.py","lineno":71}
{"timestamp":"2026-05-20T22:11:08.060435Z","level":"info","event":"\tat org.apache.spark.util.SparkErrorUtils.tryWithSafeFinally$(SparkErrorUtils.scala:61)","logger":"airflow.task.operators.airflow.providers.docker.operators.docker.DockerOperator","filename":"docker.py","lineno":71}
{"timestamp":"2026-05-20T22:11:08.060555Z","level":"info","event":"\tat org.apache.spark.util.Utils$.tryWithSafeFinally(Utils.scala:94)","logger":"airflow.task.operators.airflow.providers.docker.operators.docker.DockerOperator","filename":"docker.py","lineno":71}
{"timestamp":"2026-05-20T22:11:08.060662Z","level":"info","event":"\tat org.apache.spark.executor.Executor$TaskRunner.run(Executor.scala:623)","logger":"airflow.task.operators.airflow.providers.docker.operators.docker.DockerOperator","filename":"docker.py","lineno":71}
{"timestamp":"2026-05-20T22:11:08.060734Z","level":"info","event":"\tat java.base/java.util.concurrent.ThreadPoolExecutor.runWorker(Unknown Source)","logger":"airflow.task.operators.airflow.providers.docker.operators.docker.DockerOperator","filename":"docker.py","lineno":71}
{"timestamp":"2026-05-20T22:11:08.060797Z","level":"info","event":"\tat java.base/java.util.concurrent.ThreadPoolExecutor$Worker.run(Unknown Source)","logger":"airflow.task.operators.airflow.providers.docker.operators.docker.DockerOperator","filename":"docker.py","lineno":71}
{"timestamp":"2026-05-20T22:11:08.060898Z","level":"info","event":"\tat java.base/java.lang.Thread.run(Unknown Source)","logger":"airflow.task.operators.airflow.providers.docker.operators.docker.DockerOperator","filename":"docker.py","lineno":71}
{"timestamp":"2026-05-20T22:11:08.061010Z","level":"info","event":"Caused by: java.lang.ClassNotFoundException: Class org.apache.hadoop.fs.s3a.S3AFileSystem not found","logger":"airflow.task.operators.airflow.providers.docker.operators.docker.DockerOperator","filename":"docker.py","lineno":71}
{"timestamp":"2026-05-20T22:11:08.061121Z","level":"info","event":"\tat org.apache.hadoop.conf.Configuration.getClassByName(Configuration.java:2592)","logger":"airflow.task.operators.airflow.providers.docker.operators.docker.DockerOperator","filename":"docker.py","lineno":71}
{"timestamp":"2026-05-20T22:11:08.061190Z","level":"info","event":"\tat org.apache.hadoop.conf.Configuration.getClass(Configuration.java:2686)","logger":"airflow.task.operators.airflow.providers.docker.operators.docker.DockerOperator","filename":"docker.py","lineno":71}
{"timestamp":"2026-05-20T22:11:08.061251Z","level":"info","event":"\t... 37 more","logger":"airflow.task.operators.airflow.providers.docker.operators.docker.DockerOperator","filename":"docker.py","lineno":71}
{"timestamp":"2026-05-20T22:11:08.061309Z","level":"info","event":"","logger":"airflow.task.operators.airflow.providers.docker.operators.docker.DockerOperator","filename":"docker.py","lineno":71}
{"timestamp":"2026-05-20T22:11:08.061478Z","level":"info","event":"26/05/20 22:11:08 INFO TaskSetManager: Starting task 0.1 in stage 1.0 (TID 8) (172.20.0.21, executor 1, partition 0, PROCESS_LOCAL, 8320 bytes)","logger":"airflow.task.operators.airflow.providers.docker.operators.docker.DockerOperator","filename":"docker.py","lineno":71}
{"timestamp":"2026-05-20T22:11:08.061617Z","level":"info","event":"26/05/20 22:11:08 INFO TaskSetManager: Starting task 0.1 in stage 5.0 (TID 9) (172.20.0.21, executor 1, partition 0, PROCESS_LOCAL, 8317 bytes)","logger":"airflow.task.operators.airflow.providers.docker.operators.docker.DockerOperator","filename":"docker.py","lineno":71}
{"timestamp":"2026-05-20T22:11:08.062868Z","level":"info","event":"26/05/20 22:11:08 INFO TaskSetManager: Starting task 0.1 in stage 2.0 (TID 10) (172.20.0.21, executor 1, partition 0, PROCESS_LOCAL, 8327 bytes)","logger":"airflow.task.operators.airflow.providers.docker.operators.docker.DockerOperator","filename":"docker.py","lineno":71}
{"timestamp":"2026-05-20T22:11:08.119796Z","level":"info","event":"26/05/20 22:11:08 WARN TaskSetManager: Lost task 0.0 in stage 4.0 (TID 4) (172.20.0.21 executor 1): java.lang.RuntimeException: java.lang.ClassNotFoundException: Class org.apache.hadoop.fs.s3a.S3AFileSystem not found","logger":"airflow.task.operators.airflow.providers.docker.operators.docker.DockerOperator","filename":"docker.py","lineno":71}
{"timestamp":"2026-05-20T22:11:08.120101Z","level":"info","event":"\tat org.apache.hadoop.conf.Configuration.getClass(Configuration.java:2688)","logger":"airflow.task.operators.airflow.providers.docker.operators.docker.DockerOperator","filename":"docker.py","lineno":71}
{"timestamp":"2026-05-20T22:11:08.120206Z","level":"info","event":"\tat org.apache.hadoop.fs.FileSystem.getFileSystemClass(FileSystem.java:3431)","logger":"airflow.task.operators.airflow.providers.docker.operators.docker.DockerOperator","filename":"docker.py","lineno":71}
{"timestamp":"2026-05-20T22:11:08.120265Z","level":"info","event":"\tat org.apache.hadoop.fs.FileSystem.createFileSystem(FileSystem.java:3466)","logger":"airflow.task.operators.airflow.providers.docker.operators.docker.DockerOperator","filename":"docker.py","lineno":71}
{"timestamp":"2026-05-20T22:11:08.120319Z","level":"info","event":"\tat org.apache.hadoop.fs.FileSystem.access$300(FileSystem.java:174)","logger":"airflow.task.operators.airflow.providers.docker.operators.docker.DockerOperator","filename":"docker.py","lineno":71}
{"timestamp":"2026-05-20T22:11:08.120418Z","level":"info","event":"\tat org.apache.hadoop.fs.FileSystem$Cache.getInternal(FileSystem.java:3574)","logger":"airflow.task.operators.airflow.providers.docker.operators.docker.DockerOperator","filename":"docker.py","lineno":71}
{"timestamp":"2026-05-20T22:11:08.120472Z","level":"info","event":"\tat org.apache.hadoop.fs.FileSystem$Cache.get(FileSystem.java:3521)","logger":"airflow.task.operators.airflow.providers.docker.operators.docker.DockerOperator","filename":"docker.py","lineno":71}
{"timestamp":"2026-05-20T22:11:08.120521Z","level":"info","event":"\tat org.apache.hadoop.fs.FileSystem.get(FileSystem.java:540)","logger":"airflow.task.operators.airflow.providers.docker.operators.docker.DockerOperator","filename":"docker.py","lineno":71}
{"timestamp":"2026-05-20T22:11:08.120570Z","level":"info","event":"\tat org.apache.hadoop.fs.Path.getFileSystem(Path.java:365)","logger":"airflow.task.operators.airflow.providers.docker.operators.docker.DockerOperator","filename":"docker.py","lineno":71}
{"timestamp":"2026-05-20T22:11:08.120621Z","level":"info","event":"\tat org.apache.hadoop.mapreduce.lib.input.LineRecordReader.initialize(LineRecordReader.java:88)","logger":"airflow.task.operators.airflow.providers.docker.operators.docker.DockerOperator","filename":"docker.py","lineno":71}
{"timestamp":"2026-05-20T22:11:08.120669Z","level":"info","event":"\tat org.apache.spark.sql.execution.datasources.HadoopFileLinesReader.<init>(HadoopFileLinesReader.scala:63)","logger":"airflow.task.operators.airflow.providers.docker.operators.docker.DockerOperator","filename":"docker.py","lineno":71}
{"timestamp":"2026-05-20T22:11:08.120718Z","level":"info","event":"\tat org.apache.spark.sql.execution.datasources.json.TextInputJsonDataSource$.readFile(JsonDataSource.scala:132)","logger":"airflow.task.operators.airflow.providers.docker.operators.docker.DockerOperator","filename":"docker.py","lineno":71}
{"timestamp":"2026-05-20T22:11:08.120768Z","level":"info","event":"\tat org.apache.spark.sql.execution.datasources.json.JsonFileFormat.$anonfun$buildReader$2(JsonFileFormat.scala:126)","logger":"airflow.task.operators.airflow.providers.docker.operators.docker.DockerOperator","filename":"docker.py","lineno":71}
{"timestamp":"2026-05-20T22:11:08.120816Z","level":"info","event":"\tat org.apache.spark.sql.execution.datasources.FileFormat$$anon$1.apply(FileFormat.scala:160)","logger":"airflow.task.operators.airflow.providers.docker.operators.docker.DockerOperator","filename":"docker.py","lineno":71}
{"timestamp":"2026-05-20T22:11:08.120967Z","level":"info","event":"\tat org.apache.spark.sql.execution.datasources.FileFormat$$anon$1.apply(FileFormat.scala:140)","logger":"airflow.task.operators.airflow.providers.docker.operators.docker.DockerOperator","filename":"docker.py","lineno":71}
{"timestamp":"2026-05-20T22:11:08.121018Z","level":"info","event":"\tat org.apache.spark.sql.execution.datasources.FileScanRDD$$anon$1.org$apache$spark$sql$execution$datasources$FileScanRDD$$anon$$readCurrentFile(FileScanRDD.scala:217)","logger":"airflow.task.operators.airflow.providers.docker.operators.docker.DockerOperator","filename":"docker.py","lineno":71}
{"timestamp":"2026-05-20T22:11:08.121066Z","level":"info","event":"\tat org.apache.spark.sql.execution.datasources.FileScanRDD$$anon$1.nextIterator(FileScanRDD.scala:279)","logger":"airflow.task.operators.airflow.providers.docker.operators.docker.DockerOperator","filename":"docker.py","lineno":71}
{"timestamp":"2026-05-20T22:11:08.121114Z","level":"info","event":"\tat org.apache.spark.sql.execution.datasources.FileScanRDD$$anon$1.hasNext(FileScanRDD.scala:129)","logger":"airflow.task.operators.airflow.providers.docker.operators.docker.DockerOperator","filename":"docker.py","lineno":71}
{"timestamp":"2026-05-20T22:11:08.121161Z","level":"info","event":"\tat scala.collection.Iterator$$anon$10.hasNext(Iterator.scala:460)","logger":"airflow.task.operators.airflow.providers.docker.operators.docker.DockerOperator","filename":"docker.py","lineno":71}
{"timestamp":"2026-05-20T22:11:08.121208Z","level":"info","event":"\tat org.apache.spark.sql.catalyst.expressions.GeneratedClass$GeneratedIteratorForCodegenStage1.processNext(Unknown Source)","logger":"airflow.task.operators.airflow.providers.docker.operators.docker.DockerOperator","filename":"docker.py","lineno":71}
{"timestamp":"2026-05-20T22:11:08.121461Z","level":"info","event":"\tat org.apache.spark.sql.execution.BufferedRowIterator.hasNext(BufferedRowIterator.java:43)","logger":"airflow.task.operators.airflow.providers.docker.operators.docker.DockerOperator","filename":"docker.py","lineno":71}
{"timestamp":"2026-05-20T22:11:08.121753Z","level":"info","event":"\tat org.apache.spark.sql.execution.WholeStageCodegenEvaluatorFactory$WholeStageCodegenPartitionEvaluator$$anon$1.hasNext(WholeStageCodegenEvaluatorFactory.scala:43)","logger":"airflow.task.operators.airflow.providers.docker.operators.docker.DockerOperator","filename":"docker.py","lineno":71}
{"timestamp":"2026-05-20T22:11:08.121864Z","level":"info","event":"\tat org.apache.spark.sql.execution.SparkPlan.$anonfun$getByteArrayRdd$1(SparkPlan.scala:388)","logger":"airflow.task.operators.airflow.providers.docker.operators.docker.DockerOperator","filename":"docker.py","lineno":71}
{"timestamp":"2026-05-20T22:11:08.121923Z","level":"info","event":"\tat org.apache.spark.rdd.RDD.$anonfun$mapPartitionsInternal$2(RDD.scala:890)","logger":"airflow.task.operators.airflow.providers.docker.operators.docker.DockerOperator","filename":"docker.py","lineno":71}
{"timestamp":"2026-05-20T22:11:08.121970Z","level":"info","event":"\tat org.apache.spark.rdd.RDD.$anonfun$mapPartitionsInternal$2$adapted(RDD.scala:890)","logger":"airflow.task.operators.airflow.providers.docker.operators.docker.DockerOperator","filename":"docker.py","lineno":71}
{"timestamp":"2026-05-20T22:11:08.122015Z","level":"info","event":"\tat org.apache.spark.rdd.MapPartitionsRDD.compute(MapPartitionsRDD.scala:52)","logger":"airflow.task.operators.airflow.providers.docker.operators.docker.DockerOperator","filename":"docker.py","lineno":71}
{"timestamp":"2026-05-20T22:11:08.122061Z","level":"info","event":"\tat org.apache.spark.rdd.RDD.computeOrReadCheckpoint(RDD.scala:364)","logger":"airflow.task.operators.airflow.providers.docker.operators.docker.DockerOperator","filename":"docker.py","lineno":71}
{"timestamp":"2026-05-20T22:11:08.122107Z","level":"info","event":"\tat org.apache.spark.rdd.RDD.iterator(RDD.scala:328)","logger":"airflow.task.operators.airflow.providers.docker.operators.docker.DockerOperator","filename":"docker.py","lineno":71}
{"timestamp":"2026-05-20T22:11:08.122154Z","level":"info","event":"\tat org.apache.spark.scheduler.ResultTask.runTask(ResultTask.scala:93)","logger":"airflow.task.operators.airflow.providers.docker.operators.docker.DockerOperator","filename":"docker.py","lineno":71}
{"timestamp":"2026-05-20T22:11:08.122202Z","level":"info","event":"\tat org.apache.spark.TaskContext.runTaskWithListeners(TaskContext.scala:161)","logger":"airflow.task.operators.airflow.providers.docker.operators.docker.DockerOperator","filename":"docker.py","lineno":71}
{"timestamp":"2026-05-20T22:11:08.122247Z","level":"info","event":"\tat org.apache.spark.scheduler.Task.run(Task.scala:141)","logger":"airflow.task.operators.airflow.providers.docker.operators.docker.DockerOperator","filename":"docker.py","lineno":71}
{"timestamp":"2026-05-20T22:11:08.122301Z","level":"info","event":"\tat org.apache.spark.executor.Executor$TaskRunner.$anonfun$run$4(Executor.scala:620)","logger":"airflow.task.operators.airflow.providers.docker.operators.docker.DockerOperator","filename":"docker.py","lineno":71}
{"timestamp":"2026-05-20T22:11:08.122359Z","level":"info","event":"\tat org.apache.spark.util.SparkErrorUtils.tryWithSafeFinally(SparkErrorUtils.scala:64)","logger":"airflow.task.operators.airflow.providers.docker.operators.docker.DockerOperator","filename":"docker.py","lineno":71}
{"timestamp":"2026-05-20T22:11:08.122410Z","level":"info","event":"\tat org.apache.spark.util.SparkErrorUtils.tryWithSafeFinally$(SparkErrorUtils.scala:61)","logger":"airflow.task.operators.airflow.providers.docker.operators.docker.DockerOperator","filename":"docker.py","lineno":71}
{"timestamp":"2026-05-20T22:11:08.122454Z","level":"info","event":"\tat org.apache.spark.util.Utils$.tryWithSafeFinally(Utils.scala:94)","logger":"airflow.task.operators.airflow.providers.docker.operators.docker.DockerOperator","filename":"docker.py","lineno":71}
{"timestamp":"2026-05-20T22:11:08.122500Z","level":"info","event":"\tat org.apache.spark.executor.Executor$TaskRunner.run(Executor.scala:623)","logger":"airflow.task.operators.airflow.providers.docker.operators.docker.DockerOperator","filename":"docker.py","lineno":71}
{"timestamp":"2026-05-20T22:11:08.122545Z","level":"info","event":"\tat java.base/java.util.concurrent.ThreadPoolExecutor.runWorker(Unknown Source)","logger":"airflow.task.operators.airflow.providers.docker.operators.docker.DockerOperator","filename":"docker.py","lineno":71}
{"timestamp":"2026-05-20T22:11:08.122590Z","level":"info","event":"\tat java.base/java.util.concurrent.ThreadPoolExecutor$Worker.run(Unknown Source)","logger":"airflow.task.operators.airflow.providers.docker.operators.docker.DockerOperator","filename":"docker.py","lineno":71}
{"timestamp":"2026-05-20T22:11:08.122717Z","level":"info","event":"\tat java.base/java.lang.Thread.run(Unknown Source)","logger":"airflow.task.operators.airflow.providers.docker.operators.docker.DockerOperator","filename":"docker.py","lineno":71}
{"timestamp":"2026-05-20T22:11:08.123805Z","level":"info","event":"Caused by: java.lang.ClassNotFoundException: Class org.apache.hadoop.fs.s3a.S3AFileSystem not found","logger":"airflow.task.operators.airflow.providers.docker.operators.docker.DockerOperator","filename":"docker.py","lineno":71}
{"timestamp":"2026-05-20T22:11:08.124037Z","level":"info","event":"\tat org.apache.hadoop.conf.Configuration.getClassByName(Configuration.java:2592)","logger":"airflow.task.operators.airflow.providers.docker.operators.docker.DockerOperator","filename":"docker.py","lineno":71}
{"timestamp":"2026-05-20T22:11:08.124109Z","level":"info","event":"\tat org.apache.hadoop.conf.Configuration.getClass(Configuration.java:2686)","logger":"airflow.task.operators.airflow.providers.docker.operators.docker.DockerOperator","filename":"docker.py","lineno":71}
{"timestamp":"2026-05-20T22:11:08.124165Z","level":"info","event":"\t... 37 more","logger":"airflow.task.operators.airflow.providers.docker.operators.docker.DockerOperator","filename":"docker.py","lineno":71}
{"timestamp":"2026-05-20T22:11:08.124255Z","level":"info","event":"","logger":"airflow.task.operators.airflow.providers.docker.operators.docker.DockerOperator","filename":"docker.py","lineno":71}
{"timestamp":"2026-05-20T22:11:08.124459Z","level":"info","event":"26/05/20 22:11:08 INFO TaskSetManager: Starting task 0.1 in stage 4.0 (TID 11) (172.20.0.21, executor 1, partition 0, PROCESS_LOCAL, 8319 bytes)","logger":"airflow.task.operators.airflow.providers.docker.operators.docker.DockerOperator","filename":"docker.py","lineno":71}
{"timestamp":"2026-05-20T22:11:08.128578Z","level":"info","event":"26/05/20 22:11:08 WARN TaskSetManager: Lost task 0.0 in stage 0.0 (TID 0) (172.20.0.21 executor 1): java.lang.RuntimeException: java.lang.ClassNotFoundException: Class org.apache.hadoop.fs.s3a.S3AFileSystem not found","logger":"airflow.task.operators.airflow.providers.docker.operators.docker.DockerOperator","filename":"docker.py","lineno":71}
{"timestamp":"2026-05-20T22:11:08.128807Z","level":"info","event":"\tat org.apache.hadoop.conf.Configuration.getClass(Configuration.java:2688)","logger":"airflow.task.operators.airflow.providers.docker.operators.docker.DockerOperator","filename":"docker.py","lineno":71}
{"timestamp":"2026-05-20T22:11:08.128944Z","level":"info","event":"\tat org.apache.hadoop.fs.FileSystem.getFileSystemClass(FileSystem.java:3431)","logger":"airflow.task.operators.airflow.providers.docker.operators.docker.DockerOperator","filename":"docker.py","lineno":71}
{"timestamp":"2026-05-20T22:11:08.129016Z","level":"info","event":"\tat org.apache.hadoop.fs.FileSystem.createFileSystem(FileSystem.java:3466)","logger":"airflow.task.operators.airflow.providers.docker.operators.docker.DockerOperator","filename":"docker.py","lineno":71}
{"timestamp":"2026-05-20T22:11:08.129078Z","level":"info","event":"\tat org.apache.hadoop.fs.FileSystem.access$300(FileSystem.java:174)","logger":"airflow.task.operators.airflow.providers.docker.operators.docker.DockerOperator","filename":"docker.py","lineno":71}
{"timestamp":"2026-05-20T22:11:08.129134Z","level":"info","event":"\tat org.apache.hadoop.fs.FileSystem$Cache.getInternal(FileSystem.java:3574)","logger":"airflow.task.operators.airflow.providers.docker.operators.docker.DockerOperator","filename":"docker.py","lineno":71}
{"timestamp":"2026-05-20T22:11:08.129186Z","level":"info","event":"\tat org.apache.hadoop.fs.FileSystem$Cache.get(FileSystem.java:3521)","logger":"airflow.task.operators.airflow.providers.docker.operators.docker.DockerOperator","filename":"docker.py","lineno":71}
{"timestamp":"2026-05-20T22:11:08.129236Z","level":"info","event":"\tat org.apache.hadoop.fs.FileSystem.get(FileSystem.java:540)","logger":"airflow.task.operators.airflow.providers.docker.operators.docker.DockerOperator","filename":"docker.py","lineno":71}
{"timestamp":"2026-05-20T22:11:08.129285Z","level":"info","event":"\tat org.apache.hadoop.fs.Path.getFileSystem(Path.java:365)","logger":"airflow.task.operators.airflow.providers.docker.operators.docker.DockerOperator","filename":"docker.py","lineno":71}
{"timestamp":"2026-05-20T22:11:08.129346Z","level":"info","event":"\tat org.apache.hadoop.mapreduce.lib.input.LineRecordReader.initialize(LineRecordReader.java:88)","logger":"airflow.task.operators.airflow.providers.docker.operators.docker.DockerOperator","filename":"docker.py","lineno":71}
{"timestamp":"2026-05-20T22:11:08.129402Z","level":"info","event":"\tat org.apache.spark.sql.execution.datasources.HadoopFileLinesReader.<init>(HadoopFileLinesReader.scala:63)","logger":"airflow.task.operators.airflow.providers.docker.operators.docker.DockerOperator","filename":"docker.py","lineno":71}
{"timestamp":"2026-05-20T22:11:08.129458Z","level":"info","event":"\tat org.apache.spark.sql.execution.datasources.json.TextInputJsonDataSource$.readFile(JsonDataSource.scala:132)","logger":"airflow.task.operators.airflow.providers.docker.operators.docker.DockerOperator","filename":"docker.py","lineno":71}
{"timestamp":"2026-05-20T22:11:08.129577Z","level":"info","event":"\tat org.apache.spark.sql.execution.datasources.json.JsonFileFormat.$anonfun$buildReader$2(JsonFileFormat.scala:126)","logger":"airflow.task.operators.airflow.providers.docker.operators.docker.DockerOperator","filename":"docker.py","lineno":71}
{"timestamp":"2026-05-20T22:11:08.129646Z","level":"info","event":"\tat org.apache.spark.sql.execution.datasources.FileFormat$$anon$1.apply(FileFormat.scala:160)","logger":"airflow.task.operators.airflow.providers.docker.operators.docker.DockerOperator","filename":"docker.py","lineno":71}
{"timestamp":"2026-05-20T22:11:08.129741Z","level":"info","event":"\tat org.apache.spark.sql.execution.datasources.FileFormat$$anon$1.apply(FileFormat.scala:140)","logger":"airflow.task.operators.airflow.providers.docker.operators.docker.DockerOperator","filename":"docker.py","lineno":71}
{"timestamp":"2026-05-20T22:11:08.129803Z","level":"info","event":"\tat org.apache.spark.sql.execution.datasources.FileScanRDD$$anon$1.org$apache$spark$sql$execution$datasources$FileScanRDD$$anon$$readCurrentFile(FileScanRDD.scala:217)","logger":"airflow.task.operators.airflow.providers.docker.operators.docker.DockerOperator","filename":"docker.py","lineno":71}
{"timestamp":"2026-05-20T22:11:08.129890Z","level":"info","event":"\tat org.apache.spark.sql.execution.datasources.FileScanRDD$$anon$1.nextIterator(FileScanRDD.scala:279)","logger":"airflow.task.operators.airflow.providers.docker.operators.docker.DockerOperator","filename":"docker.py","lineno":71}
{"timestamp":"2026-05-20T22:11:08.129943Z","level":"info","event":"\tat org.apache.spark.sql.execution.datasources.FileScanRDD$$anon$1.hasNext(FileScanRDD.scala:129)","logger":"airflow.task.operators.airflow.providers.docker.operators.docker.DockerOperator","filename":"docker.py","lineno":71}
{"timestamp":"2026-05-20T22:11:08.129991Z","level":"info","event":"\tat scala.collection.Iterator$$anon$10.hasNext(Iterator.scala:460)","logger":"airflow.task.operators.airflow.providers.docker.operators.docker.DockerOperator","filename":"docker.py","lineno":71}
{"timestamp":"2026-05-20T22:11:08.130039Z","level":"info","event":"\tat org.apache.spark.sql.catalyst.expressions.GeneratedClass$GeneratedIteratorForCodegenStage1.processNext(Unknown Source)","logger":"airflow.task.operators.airflow.providers.docker.operators.docker.DockerOperator","filename":"docker.py","lineno":71}
{"timestamp":"2026-05-20T22:11:08.130091Z","level":"info","event":"\tat org.apache.spark.sql.execution.BufferedRowIterator.hasNext(BufferedRowIterator.java:43)","logger":"airflow.task.operators.airflow.providers.docker.operators.docker.DockerOperator","filename":"docker.py","lineno":71}
{"timestamp":"2026-05-20T22:11:08.130138Z","level":"info","event":"\tat org.apache.spark.sql.execution.WholeStageCodegenEvaluatorFactory$WholeStageCodegenPartitionEvaluator$$anon$1.hasNext(WholeStageCodegenEvaluatorFactory.scala:43)","logger":"airflow.task.operators.airflow.providers.docker.operators.docker.DockerOperator","filename":"docker.py","lineno":71}
{"timestamp":"2026-05-20T22:11:08.130187Z","level":"info","event":"\tat org.apache.spark.sql.execution.SparkPlan.$anonfun$getByteArrayRdd$1(SparkPlan.scala:388)","logger":"airflow.task.operators.airflow.providers.docker.operators.docker.DockerOperator","filename":"docker.py","lineno":71}
{"timestamp":"2026-05-20T22:11:08.130276Z","level":"info","event":"\tat org.apache.spark.rdd.RDD.$anonfun$mapPartitionsInternal$2(RDD.scala:890)","logger":"airflow.task.operators.airflow.providers.docker.operators.docker.DockerOperator","filename":"docker.py","lineno":71}
{"timestamp":"2026-05-20T22:11:08.130402Z","level":"info","event":"\tat org.apache.spark.rdd.RDD.$anonfun$mapPartitionsInternal$2$adapted(RDD.scala:890)","logger":"airflow.task.operators.airflow.providers.docker.operators.docker.DockerOperator","filename":"docker.py","lineno":71}
{"timestamp":"2026-05-20T22:11:08.130475Z","level":"info","event":"\tat org.apache.spark.rdd.MapPartitionsRDD.compute(MapPartitionsRDD.scala:52)","logger":"airflow.task.operators.airflow.providers.docker.operators.docker.DockerOperator","filename":"docker.py","lineno":71}
{"timestamp":"2026-05-20T22:11:08.130523Z","level":"info","event":"\tat org.apache.spark.rdd.RDD.computeOrReadCheckpoint(RDD.scala:364)","logger":"airflow.task.operators.airflow.providers.docker.operators.docker.DockerOperator","filename":"docker.py","lineno":71}
{"timestamp":"2026-05-20T22:11:08.130567Z","level":"info","event":"\tat org.apache.spark.rdd.RDD.iterator(RDD.scala:328)","logger":"airflow.task.operators.airflow.providers.docker.operators.docker.DockerOperator","filename":"docker.py","lineno":71}
{"timestamp":"2026-05-20T22:11:08.130611Z","level":"info","event":"\tat org.apache.spark.scheduler.ResultTask.runTask(ResultTask.scala:93)","logger":"airflow.task.operators.airflow.providers.docker.operators.docker.DockerOperator","filename":"docker.py","lineno":71}
{"timestamp":"2026-05-20T22:11:08.130654Z","level":"info","event":"\tat org.apache.spark.TaskContext.runTaskWithListeners(TaskContext.scala:161)","logger":"airflow.task.operators.airflow.providers.docker.operators.docker.DockerOperator","filename":"docker.py","lineno":71}
{"timestamp":"2026-05-20T22:11:08.130697Z","level":"info","event":"\tat org.apache.spark.scheduler.Task.run(Task.scala:141)","logger":"airflow.task.operators.airflow.providers.docker.operators.docker.DockerOperator","filename":"docker.py","lineno":71}
{"timestamp":"2026-05-20T22:11:08.130740Z","level":"info","event":"\tat org.apache.spark.executor.Executor$TaskRunner.$anonfun$run$4(Executor.scala:620)","logger":"airflow.task.operators.airflow.providers.docker.operators.docker.DockerOperator","filename":"docker.py","lineno":71}
{"timestamp":"2026-05-20T22:11:08.130781Z","level":"info","event":"\tat org.apache.spark.util.SparkErrorUtils.tryWithSafeFinally(SparkErrorUtils.scala:64)","logger":"airflow.task.operators.airflow.providers.docker.operators.docker.DockerOperator","filename":"docker.py","lineno":71}
{"timestamp":"2026-05-20T22:11:08.130844Z","level":"info","event":"\tat org.apache.spark.util.SparkErrorUtils.tryWithSafeFinally$(SparkErrorUtils.scala:61)","logger":"airflow.task.operators.airflow.providers.docker.operators.docker.DockerOperator","filename":"docker.py","lineno":71}
{"timestamp":"2026-05-20T22:11:08.131151Z","level":"info","event":"\tat org.apache.spark.util.Utils$.tryWithSafeFinally(Utils.scala:94)","logger":"airflow.task.operators.airflow.providers.docker.operators.docker.DockerOperator","filename":"docker.py","lineno":71}
{"timestamp":"2026-05-20T22:11:08.131311Z","level":"info","event":"\tat org.apache.spark.executor.Executor$TaskRunner.run(Executor.scala:623)","logger":"airflow.task.operators.airflow.providers.docker.operators.docker.DockerOperator","filename":"docker.py","lineno":71}
{"timestamp":"2026-05-20T22:11:08.131479Z","level":"info","event":"\tat java.base/java.util.concurrent.ThreadPoolExecutor.runWorker(Unknown Source)","logger":"airflow.task.operators.airflow.providers.docker.operators.docker.DockerOperator","filename":"docker.py","lineno":71}
{"timestamp":"2026-05-20T22:11:08.131605Z","level":"info","event":"\tat java.base/java.util.concurrent.ThreadPoolExecutor$Worker.run(Unknown Source)","logger":"airflow.task.operators.airflow.providers.docker.operators.docker.DockerOperator","filename":"docker.py","lineno":71}
{"timestamp":"2026-05-20T22:11:08.131967Z","level":"info","event":"\tat java.base/java.lang.Thread.run(Unknown Source)","logger":"airflow.task.operators.airflow.providers.docker.operators.docker.DockerOperator","filename":"docker.py","lineno":71}
{"timestamp":"2026-05-20T22:11:08.132053Z","level":"info","event":"Caused by: java.lang.ClassNotFoundException: Class org.apache.hadoop.fs.s3a.S3AFileSystem not found","logger":"airflow.task.operators.airflow.providers.docker.operators.docker.DockerOperator","filename":"docker.py","lineno":71}
{"timestamp":"2026-05-20T22:11:08.132116Z","level":"info","event":"\tat org.apache.hadoop.conf.Configuration.getClassByName(Configuration.java:2592)","logger":"airflow.task.operators.airflow.providers.docker.operators.docker.DockerOperator","filename":"docker.py","lineno":71}
{"timestamp":"2026-05-20T22:11:08.132170Z","level":"info","event":"\tat org.apache.hadoop.conf.Configuration.getClass(Configuration.java:2686)","logger":"airflow.task.operators.airflow.providers.docker.operators.docker.DockerOperator","filename":"docker.py","lineno":71}
{"timestamp":"2026-05-20T22:11:08.132218Z","level":"info","event":"\t... 37 more","logger":"airflow.task.operators.airflow.providers.docker.operators.docker.DockerOperator","filename":"docker.py","lineno":71}
{"timestamp":"2026-05-20T22:11:08.132268Z","level":"info","event":"","logger":"airflow.task.operators.airflow.providers.docker.operators.docker.DockerOperator","filename":"docker.py","lineno":71}
{"timestamp":"2026-05-20T22:11:08.134984Z","level":"info","event":"26/05/20 22:11:08 WARN TaskSetManager: Lost task 0.0 in stage 3.0 (TID 3) (172.20.0.21 executor 1): java.lang.RuntimeException: java.lang.ClassNotFoundException: Class org.apache.hadoop.fs.s3a.S3AFileSystem not found","logger":"airflow.task.operators.airflow.providers.docker.operators.docker.DockerOperator","filename":"docker.py","lineno":71}
{"timestamp":"2026-05-20T22:11:08.135132Z","level":"info","event":"\tat org.apache.hadoop.conf.Configuration.getClass(Configuration.java:2688)","logger":"airflow.task.operators.airflow.providers.docker.operators.docker.DockerOperator","filename":"docker.py","lineno":71}
{"timestamp":"2026-05-20T22:11:08.135274Z","level":"info","event":"\tat org.apache.hadoop.fs.FileSystem.getFileSystemClass(FileSystem.java:3431)","logger":"airflow.task.operators.airflow.providers.docker.operators.docker.DockerOperator","filename":"docker.py","lineno":71}
{"timestamp":"2026-05-20T22:11:08.135413Z","level":"info","event":"\tat org.apache.hadoop.fs.FileSystem.createFileSystem(FileSystem.java:3466)","logger":"airflow.task.operators.airflow.providers.docker.operators.docker.DockerOperator","filename":"docker.py","lineno":71}
{"timestamp":"2026-05-20T22:11:08.135494Z","level":"info","event":"\tat org.apache.hadoop.fs.FileSystem.access$300(FileSystem.java:174)","logger":"airflow.task.operators.airflow.providers.docker.operators.docker.DockerOperator","filename":"docker.py","lineno":71}
{"timestamp":"2026-05-20T22:11:08.135551Z","level":"info","event":"\tat org.apache.hadoop.fs.FileSystem$Cache.getInternal(FileSystem.java:3574)","logger":"airflow.task.operators.airflow.providers.docker.operators.docker.DockerOperator","filename":"docker.py","lineno":71}
{"timestamp":"2026-05-20T22:11:08.135598Z","level":"info","event":"\tat org.apache.hadoop.fs.FileSystem$Cache.get(FileSystem.java:3521)","logger":"airflow.task.operators.airflow.providers.docker.operators.docker.DockerOperator","filename":"docker.py","lineno":71}
{"timestamp":"2026-05-20T22:11:08.135692Z","level":"info","event":"\tat org.apache.hadoop.fs.FileSystem.get(FileSystem.java:540)","logger":"airflow.task.operators.airflow.providers.docker.operators.docker.DockerOperator","filename":"docker.py","lineno":71}
{"timestamp":"2026-05-20T22:11:08.135768Z","level":"info","event":"\tat org.apache.hadoop.fs.Path.getFileSystem(Path.java:365)","logger":"airflow.task.operators.airflow.providers.docker.operators.docker.DockerOperator","filename":"docker.py","lineno":71}
{"timestamp":"2026-05-20T22:11:08.135840Z","level":"info","event":"\tat org.apache.hadoop.mapreduce.lib.input.LineRecordReader.initialize(LineRecordReader.java:88)","logger":"airflow.task.operators.airflow.providers.docker.operators.docker.DockerOperator","filename":"docker.py","lineno":71}
{"timestamp":"2026-05-20T22:11:08.135909Z","level":"info","event":"\tat org.apache.spark.sql.execution.datasources.HadoopFileLinesReader.<init>(HadoopFileLinesReader.scala:63)","logger":"airflow.task.operators.airflow.providers.docker.operators.docker.DockerOperator","filename":"docker.py","lineno":71}
{"timestamp":"2026-05-20T22:11:08.135969Z","level":"info","event":"\tat org.apache.spark.sql.execution.datasources.json.TextInputJsonDataSource$.readFile(JsonDataSource.scala:132)","logger":"airflow.task.operators.airflow.providers.docker.operators.docker.DockerOperator","filename":"docker.py","lineno":71}
{"timestamp":"2026-05-20T22:11:08.136024Z","level":"info","event":"\tat org.apache.spark.sql.execution.datasources.json.JsonFileFormat.$anonfun$buildReader$2(JsonFileFormat.scala:126)","logger":"airflow.task.operators.airflow.providers.docker.operators.docker.DockerOperator","filename":"docker.py","lineno":71}
{"timestamp":"2026-05-20T22:11:08.136072Z","level":"info","event":"\tat org.apache.spark.sql.execution.datasources.FileFormat$$anon$1.apply(FileFormat.scala:160)","logger":"airflow.task.operators.airflow.providers.docker.operators.docker.DockerOperator","filename":"docker.py","lineno":71}
{"timestamp":"2026-05-20T22:11:08.136117Z","level":"info","event":"\tat org.apache.spark.sql.execution.datasources.FileFormat$$anon$1.apply(FileFormat.scala:140)","logger":"airflow.task.operators.airflow.providers.docker.operators.docker.DockerOperator","filename":"docker.py","lineno":71}
{"timestamp":"2026-05-20T22:11:08.136210Z","level":"info","event":"\tat org.apache.spark.sql.execution.datasources.FileScanRDD$$anon$1.org$apache$spark$sql$execution$datasources$FileScanRDD$$anon$$readCurrentFile(FileScanRDD.scala:217)","logger":"airflow.task.operators.airflow.providers.docker.operators.docker.DockerOperator","filename":"docker.py","lineno":71}
{"timestamp":"2026-05-20T22:11:08.136302Z","level":"info","event":"\tat org.apache.spark.sql.execution.datasources.FileScanRDD$$anon$1.nextIterator(FileScanRDD.scala:279)","logger":"airflow.task.operators.airflow.providers.docker.operators.docker.DockerOperator","filename":"docker.py","lineno":71}
{"timestamp":"2026-05-20T22:11:08.136368Z","level":"info","event":"\tat org.apache.spark.sql.execution.datasources.FileScanRDD$$anon$1.hasNext(FileScanRDD.scala:129)","logger":"airflow.task.operators.airflow.providers.docker.operators.docker.DockerOperator","filename":"docker.py","lineno":71}
{"timestamp":"2026-05-20T22:11:08.136451Z","level":"info","event":"\tat scala.collection.Iterator$$anon$10.hasNext(Iterator.scala:460)","logger":"airflow.task.operators.airflow.providers.docker.operators.docker.DockerOperator","filename":"docker.py","lineno":71}
{"timestamp":"2026-05-20T22:11:08.136511Z","level":"info","event":"\tat org.apache.spark.sql.catalyst.expressions.GeneratedClass$GeneratedIteratorForCodegenStage1.processNext(Unknown Source)","logger":"airflow.task.operators.airflow.providers.docker.operators.docker.DockerOperator","filename":"docker.py","lineno":71}
{"timestamp":"2026-05-20T22:11:08.136604Z","level":"info","event":"\tat org.apache.spark.sql.execution.BufferedRowIterator.hasNext(BufferedRowIterator.java:43)","logger":"airflow.task.operators.airflow.providers.docker.operators.docker.DockerOperator","filename":"docker.py","lineno":71}
{"timestamp":"2026-05-20T22:11:08.136676Z","level":"info","event":"\tat org.apache.spark.sql.execution.WholeStageCodegenEvaluatorFactory$WholeStageCodegenPartitionEvaluator$$anon$1.hasNext(WholeStageCodegenEvaluatorFactory.scala:43)","logger":"airflow.task.operators.airflow.providers.docker.operators.docker.DockerOperator","filename":"docker.py","lineno":71}
{"timestamp":"2026-05-20T22:11:08.136779Z","level":"info","event":"\tat org.apache.spark.sql.execution.SparkPlan.$anonfun$getByteArrayRdd$1(SparkPlan.scala:388)","logger":"airflow.task.operators.airflow.providers.docker.operators.docker.DockerOperator","filename":"docker.py","lineno":71}
{"timestamp":"2026-05-20T22:11:08.136879Z","level":"info","event":"\tat org.apache.spark.rdd.RDD.$anonfun$mapPartitionsInternal$2(RDD.scala:890)","logger":"airflow.task.operators.airflow.providers.docker.operators.docker.DockerOperator","filename":"docker.py","lineno":71}
{"timestamp":"2026-05-20T22:11:08.136977Z","level":"info","event":"\tat org.apache.spark.rdd.RDD.$anonfun$mapPartitionsInternal$2$adapted(RDD.scala:890)","logger":"airflow.task.operators.airflow.providers.docker.operators.docker.DockerOperator","filename":"docker.py","lineno":71}
{"timestamp":"2026-05-20T22:11:08.137087Z","level":"info","event":"\tat org.apache.spark.rdd.MapPartitionsRDD.compute(MapPartitionsRDD.scala:52)","logger":"airflow.task.operators.airflow.providers.docker.operators.docker.DockerOperator","filename":"docker.py","lineno":71}
{"timestamp":"2026-05-20T22:11:08.137159Z","level":"info","event":"\tat org.apache.spark.rdd.RDD.computeOrReadCheckpoint(RDD.scala:364)","logger":"airflow.task.operators.airflow.providers.docker.operators.docker.DockerOperator","filename":"docker.py","lineno":71}
{"timestamp":"2026-05-20T22:11:08.137255Z","level":"info","event":"\tat org.apache.spark.rdd.RDD.iterator(RDD.scala:328)","logger":"airflow.task.operators.airflow.providers.docker.operators.docker.DockerOperator","filename":"docker.py","lineno":71}
{"timestamp":"2026-05-20T22:11:08.137388Z","level":"info","event":"\tat org.apache.spark.scheduler.ResultTask.runTask(ResultTask.scala:93)","logger":"airflow.task.operators.airflow.providers.docker.operators.docker.DockerOperator","filename":"docker.py","lineno":71}
{"timestamp":"2026-05-20T22:11:08.137471Z","level":"info","event":"\tat org.apache.spark.TaskContext.runTaskWithListeners(TaskContext.scala:161)","logger":"airflow.task.operators.airflow.providers.docker.operators.docker.DockerOperator","filename":"docker.py","lineno":71}
{"timestamp":"2026-05-20T22:11:08.137535Z","level":"info","event":"\tat org.apache.spark.scheduler.Task.run(Task.scala:141)","logger":"airflow.task.operators.airflow.providers.docker.operators.docker.DockerOperator","filename":"docker.py","lineno":71}
{"timestamp":"2026-05-20T22:11:08.137594Z","level":"info","event":"\tat org.apache.spark.executor.Executor$TaskRunner.$anonfun$run$4(Executor.scala:620)","logger":"airflow.task.operators.airflow.providers.docker.operators.docker.DockerOperator","filename":"docker.py","lineno":71}
{"timestamp":"2026-05-20T22:11:08.137651Z","level":"info","event":"\tat org.apache.spark.util.SparkErrorUtils.tryWithSafeFinally(SparkErrorUtils.scala:64)","logger":"airflow.task.operators.airflow.providers.docker.operators.docker.DockerOperator","filename":"docker.py","lineno":71}
{"timestamp":"2026-05-20T22:11:08.137716Z","level":"info","event":"\tat org.apache.spark.util.SparkErrorUtils.tryWithSafeFinally$(SparkErrorUtils.scala:61)","logger":"airflow.task.operators.airflow.providers.docker.operators.docker.DockerOperator","filename":"docker.py","lineno":71}
{"timestamp":"2026-05-20T22:11:08.137777Z","level":"info","event":"\tat org.apache.spark.util.Utils$.tryWithSafeFinally(Utils.scala:94)","logger":"airflow.task.operators.airflow.providers.docker.operators.docker.DockerOperator","filename":"docker.py","lineno":71}
{"timestamp":"2026-05-20T22:11:08.139804Z","level":"info","event":"\tat org.apache.spark.executor.Executor$TaskRunner.run(Executor.scala:623)","logger":"airflow.task.operators.airflow.providers.docker.operators.docker.DockerOperator","filename":"docker.py","lineno":71}
{"timestamp":"2026-05-20T22:11:08.139959Z","level":"info","event":"\tat java.base/java.util.concurrent.ThreadPoolExecutor.runWorker(Unknown Source)","logger":"airflow.task.operators.airflow.providers.docker.operators.docker.DockerOperator","filename":"docker.py","lineno":71}
{"timestamp":"2026-05-20T22:11:08.140023Z","level":"info","event":"\tat java.base/java.util.concurrent.ThreadPoolExecutor$Worker.run(Unknown Source)","logger":"airflow.task.operators.airflow.providers.docker.operators.docker.DockerOperator","filename":"docker.py","lineno":71}
{"timestamp":"2026-05-20T22:11:08.140080Z","level":"info","event":"\tat java.base/java.lang.Thread.run(Unknown Source)","logger":"airflow.task.operators.airflow.providers.docker.operators.docker.DockerOperator","filename":"docker.py","lineno":71}
{"timestamp":"2026-05-20T22:11:08.140135Z","level":"info","event":"Caused by: java.lang.ClassNotFoundException: Class org.apache.hadoop.fs.s3a.S3AFileSystem not found","logger":"airflow.task.operators.airflow.providers.docker.operators.docker.DockerOperator","filename":"docker.py","lineno":71}
{"timestamp":"2026-05-20T22:11:08.140188Z","level":"info","event":"\tat org.apache.hadoop.conf.Configuration.getClassByName(Configuration.java:2592)","logger":"airflow.task.operators.airflow.providers.docker.operators.docker.DockerOperator","filename":"docker.py","lineno":71}
{"timestamp":"2026-05-20T22:11:08.140244Z","level":"info","event":"\tat org.apache.hadoop.conf.Configuration.getClass(Configuration.java:2686)","logger":"airflow.task.operators.airflow.providers.docker.operators.docker.DockerOperator","filename":"docker.py","lineno":71}
{"timestamp":"2026-05-20T22:11:08.140300Z","level":"info","event":"\t... 37 more","logger":"airflow.task.operators.airflow.providers.docker.operators.docker.DockerOperator","filename":"docker.py","lineno":71}
{"timestamp":"2026-05-20T22:11:08.140359Z","level":"info","event":"","logger":"airflow.task.operators.airflow.providers.docker.operators.docker.DockerOperator","filename":"docker.py","lineno":71}
{"timestamp":"2026-05-20T22:11:08.144117Z","level":"info","event":"26/05/20 22:11:08 INFO TaskSetManager: Starting task 0.1 in stage 0.0 (TID 12) (172.20.0.21, executor 1, partition 0, PROCESS_LOCAL, 8323 bytes)","logger":"airflow.task.operators.airflow.providers.docker.operators.docker.DockerOperator","filename":"docker.py","lineno":71}
{"timestamp":"2026-05-20T22:11:08.147304Z","level":"info","event":"26/05/20 22:11:08 INFO TaskSetManager: Starting task 0.1 in stage 3.0 (TID 13) (172.20.0.21, executor 1, partition 0, PROCESS_LOCAL, 8331 bytes)","logger":"airflow.task.operators.airflow.providers.docker.operators.docker.DockerOperator","filename":"docker.py","lineno":71}
{"timestamp":"2026-05-20T22:11:08.187854Z","level":"info","event":"26/05/20 22:11:08 INFO BlockManagerInfo: Added broadcast_9_piece0 in memory on 172.20.0.21:40681 (size: 13.7 KiB, free: 434.2 MiB)","logger":"airflow.task.operators.airflow.providers.docker.operators.docker.DockerOperator","filename":"docker.py","lineno":71}
{"timestamp":"2026-05-20T22:11:08.200004Z","level":"info","event":"26/05/20 22:11:08 INFO BlockManagerInfo: Added broadcast_12_piece0 in memory on 172.20.0.21:40681 (size: 13.7 KiB, free: 434.2 MiB)","logger":"airflow.task.operators.airflow.providers.docker.operators.docker.DockerOperator","filename":"docker.py","lineno":71}
{"timestamp":"2026-05-20T22:11:08.232635Z","level":"info","event":"26/05/20 22:11:08 INFO BlockManagerInfo: Added broadcast_8_piece0 in memory on 172.20.0.21:40681 (size: 13.7 KiB, free: 434.2 MiB)","logger":"airflow.task.operators.airflow.providers.docker.operators.docker.DockerOperator","filename":"docker.py","lineno":71}
{"timestamp":"2026-05-20T22:11:08.237148Z","level":"info","event":"26/05/20 22:11:08 INFO BlockManagerInfo: Added broadcast_13_piece0 in memory on 172.20.0.21:40681 (size: 13.7 KiB, free: 434.2 MiB)","logger":"airflow.task.operators.airflow.providers.docker.operators.docker.DockerOperator","filename":"docker.py","lineno":71}
{"timestamp":"2026-05-20T22:11:08.266361Z","level":"info","event":"26/05/20 22:11:08 INFO TaskSetManager: Lost task 0.1 in stage 4.0 (TID 11) on 172.20.0.21, executor 1: java.lang.RuntimeException (java.lang.ClassNotFoundException: Class org.apache.hadoop.fs.s3a.S3AFileSystem not found) [duplicate 1]","logger":"airflow.task.operators.airflow.providers.docker.operators.docker.DockerOperator","filename":"docker.py","lineno":71}
{"timestamp":"2026-05-20T22:11:08.273727Z","level":"info","event":"26/05/20 22:11:08 INFO TaskSetManager: Starting task 0.2 in stage 4.0 (TID 14) (172.20.0.21, executor 1, partition 0, PROCESS_LOCAL, 8319 bytes)","logger":"airflow.task.operators.airflow.providers.docker.operators.docker.DockerOperator","filename":"docker.py","lineno":71}
{"timestamp":"2026-05-20T22:11:08.290037Z","level":"info","event":"26/05/20 22:11:08 INFO TaskSetManager: Lost task 0.1 in stage 0.0 (TID 12) on 172.20.0.21, executor 1: java.lang.RuntimeException (java.lang.ClassNotFoundException: Class org.apache.hadoop.fs.s3a.S3AFileSystem not found) [duplicate 1]","logger":"airflow.task.operators.airflow.providers.docker.operators.docker.DockerOperator","filename":"docker.py","lineno":71}
{"timestamp":"2026-05-20T22:11:08.291638Z","level":"info","event":"26/05/20 22:11:08 INFO TaskSetManager: Starting task 0.2 in stage 0.0 (TID 15) (172.20.0.21, executor 1, partition 0, PROCESS_LOCAL, 8323 bytes)","logger":"airflow.task.operators.airflow.providers.docker.operators.docker.DockerOperator","filename":"docker.py","lineno":71}
{"timestamp":"2026-05-20T22:11:08.299725Z","level":"info","event":"26/05/20 22:11:08 INFO BlockManagerInfo: Added broadcast_0_piece0 in memory on 172.20.0.21:40681 (size: 34.9 KiB, free: 434.2 MiB)","logger":"airflow.task.operators.airflow.providers.docker.operators.docker.DockerOperator","filename":"docker.py","lineno":71}
{"timestamp":"2026-05-20T22:11:08.301012Z","level":"info","event":"26/05/20 22:11:08 INFO BlockManagerInfo: Added broadcast_2_piece0 in memory on 172.20.0.21:40681 (size: 34.9 KiB, free: 434.1 MiB)","logger":"airflow.task.operators.airflow.providers.docker.operators.docker.DockerOperator","filename":"docker.py","lineno":71}
{"timestamp":"2026-05-20T22:11:08.301246Z","level":"info","event":"26/05/20 22:11:08 INFO TaskSetManager: Lost task 0.1 in stage 3.0 (TID 13) on 172.20.0.21, executor 1: java.lang.RuntimeException (java.lang.ClassNotFoundException: Class org.apache.hadoop.fs.s3a.S3AFileSystem not found) [duplicate 1]","logger":"airflow.task.operators.airflow.providers.docker.operators.docker.DockerOperator","filename":"docker.py","lineno":71}
{"timestamp":"2026-05-20T22:11:08.303923Z","level":"info","event":"26/05/20 22:11:08 INFO TaskSetManager: Starting task 0.2 in stage 3.0 (TID 16) (172.20.0.20, executor 0, partition 0, PROCESS_LOCAL, 8331 bytes)","logger":"airflow.task.operators.airflow.providers.docker.operators.docker.DockerOperator","filename":"docker.py","lineno":71}
{"timestamp":"2026-05-20T22:11:08.336408Z","level":"info","event":"26/05/20 22:11:08 INFO BlockManagerInfo: Added broadcast_4_piece0 in memory on 172.20.0.21:40681 (size: 34.9 KiB, free: 434.1 MiB)","logger":"airflow.task.operators.airflow.providers.docker.operators.docker.DockerOperator","filename":"docker.py","lineno":71}
{"timestamp":"2026-05-20T22:11:08.343074Z","level":"info","event":"26/05/20 22:11:08 INFO BlockManagerInfo: Added broadcast_3_piece0 in memory on 172.20.0.21:40681 (size: 34.9 KiB, free: 434.1 MiB)","logger":"airflow.task.operators.airflow.providers.docker.operators.docker.DockerOperator","filename":"docker.py","lineno":71}
{"timestamp":"2026-05-20T22:11:08.352615Z","level":"info","event":"26/05/20 22:11:08 INFO TaskSetManager: Lost task 0.2 in stage 4.0 (TID 14) on 172.20.0.21, executor 1: java.lang.RuntimeException (java.lang.ClassNotFoundException: Class org.apache.hadoop.fs.s3a.S3AFileSystem not found) [duplicate 2]","logger":"airflow.task.operators.airflow.providers.docker.operators.docker.DockerOperator","filename":"docker.py","lineno":71}
{"timestamp":"2026-05-20T22:11:08.381510Z","level":"info","event":"26/05/20 22:11:08 INFO TaskSetManager: Starting task 0.3 in stage 4.0 (TID 17) (172.20.0.20, executor 0, partition 0, PROCESS_LOCAL, 8319 bytes)","logger":"airflow.task.operators.airflow.providers.docker.operators.docker.DockerOperator","filename":"docker.py","lineno":71}
{"timestamp":"2026-05-20T22:11:08.382556Z","level":"info","event":"26/05/20 22:11:08 INFO BlockManagerInfo: Added broadcast_10_piece0 in memory on 172.20.0.20:38043 (size: 13.7 KiB, free: 434.2 MiB)","logger":"airflow.task.operators.airflow.providers.docker.operators.docker.DockerOperator","filename":"docker.py","lineno":71}
{"timestamp":"2026-05-20T22:11:08.391450Z","level":"info","event":"26/05/20 22:11:08 INFO TaskSetManager: Lost task 0.1 in stage 5.0 (TID 9) on 172.20.0.21, executor 1: java.lang.RuntimeException (java.lang.ClassNotFoundException: Class org.apache.hadoop.fs.s3a.S3AFileSystem not found) [duplicate 1]","logger":"airflow.task.operators.airflow.providers.docker.operators.docker.DockerOperator","filename":"docker.py","lineno":71}
{"timestamp":"2026-05-20T22:11:08.393166Z","level":"info","event":"26/05/20 22:11:08 INFO TaskSetManager: Starting task 0.2 in stage 5.0 (TID 18) (172.20.0.20, executor 0, partition 0, PROCESS_LOCAL, 8317 bytes)","logger":"airflow.task.operators.airflow.providers.docker.operators.docker.DockerOperator","filename":"docker.py","lineno":71}
{"timestamp":"2026-05-20T22:11:08.405424Z","level":"info","event":"26/05/20 22:11:08 INFO TaskSetManager: Lost task 0.1 in stage 2.0 (TID 10) on 172.20.0.21, executor 1: java.lang.RuntimeException (java.lang.ClassNotFoundException: Class org.apache.hadoop.fs.s3a.S3AFileSystem not found) [duplicate 1]","logger":"airflow.task.operators.airflow.providers.docker.operators.docker.DockerOperator","filename":"docker.py","lineno":71}
{"timestamp":"2026-05-20T22:11:08.411161Z","level":"info","event":"26/05/20 22:11:08 INFO TaskSetManager: Starting task 0.2 in stage 2.0 (TID 19) (172.20.0.21, executor 1, partition 0, PROCESS_LOCAL, 8327 bytes)","logger":"airflow.task.operators.airflow.providers.docker.operators.docker.DockerOperator","filename":"docker.py","lineno":71}
{"timestamp":"2026-05-20T22:11:08.437454Z","level":"info","event":"26/05/20 22:11:08 INFO TaskSetManager: Lost task 0.1 in stage 1.0 (TID 8) on 172.20.0.21, executor 1: java.lang.RuntimeException (java.lang.ClassNotFoundException: Class org.apache.hadoop.fs.s3a.S3AFileSystem not found) [duplicate 1]","logger":"airflow.task.operators.airflow.providers.docker.operators.docker.DockerOperator","filename":"docker.py","lineno":71}
{"timestamp":"2026-05-20T22:11:08.447422Z","level":"info","event":"26/05/20 22:11:08 INFO TaskSetManager: Starting task 0.2 in stage 1.0 (TID 20) (172.20.0.20, executor 0, partition 0, PROCESS_LOCAL, 8320 bytes)","logger":"airflow.task.operators.airflow.providers.docker.operators.docker.DockerOperator","filename":"docker.py","lineno":71}
{"timestamp":"2026-05-20T22:11:08.447725Z","level":"info","event":"26/05/20 22:11:08 INFO TaskSetManager: Lost task 0.1 in stage 6.0 (TID 7) on 172.20.0.21, executor 1: java.lang.RuntimeException (java.lang.ClassNotFoundException: Class org.apache.hadoop.fs.s3a.S3AFileSystem not found) [duplicate 1]","logger":"airflow.task.operators.airflow.providers.docker.operators.docker.DockerOperator","filename":"docker.py","lineno":71}
{"timestamp":"2026-05-20T22:11:08.448959Z","level":"info","event":"26/05/20 22:11:08 INFO TaskSetManager: Starting task 0.2 in stage 6.0 (TID 21) (172.20.0.21, executor 1, partition 0, PROCESS_LOCAL, 8319 bytes)","logger":"airflow.task.operators.airflow.providers.docker.operators.docker.DockerOperator","filename":"docker.py","lineno":71}
{"timestamp":"2026-05-20T22:11:08.455221Z","level":"info","event":"26/05/20 22:11:08 INFO TaskSetManager: Lost task 0.2 in stage 0.0 (TID 15) on 172.20.0.21, executor 1: java.lang.RuntimeException (java.lang.ClassNotFoundException: Class org.apache.hadoop.fs.s3a.S3AFileSystem not found) [duplicate 2]","logger":"airflow.task.operators.airflow.providers.docker.operators.docker.DockerOperator","filename":"docker.py","lineno":71}
{"timestamp":"2026-05-20T22:11:08.458287Z","level":"info","event":"26/05/20 22:11:08 INFO TaskSetManager: Starting task 0.3 in stage 0.0 (TID 22) (172.20.0.21, executor 1, partition 0, PROCESS_LOCAL, 8323 bytes)","logger":"airflow.task.operators.airflow.providers.docker.operators.docker.DockerOperator","filename":"docker.py","lineno":71}
{"timestamp":"2026-05-20T22:11:08.515111Z","level":"info","event":"26/05/20 22:11:08 INFO TaskSetManager: Lost task 0.2 in stage 5.0 (TID 18) on 172.20.0.20, executor 0: java.lang.RuntimeException (java.lang.ClassNotFoundException: Class org.apache.hadoop.fs.s3a.S3AFileSystem not found) [duplicate 2]","logger":"airflow.task.operators.airflow.providers.docker.operators.docker.DockerOperator","filename":"docker.py","lineno":71}
{"timestamp":"2026-05-20T22:11:08.524303Z","level":"info","event":"26/05/20 22:11:08 INFO TaskSetManager: Starting task 0.3 in stage 5.0 (TID 23) (172.20.0.21, executor 1, partition 0, PROCESS_LOCAL, 8317 bytes)","logger":"airflow.task.operators.airflow.providers.docker.operators.docker.DockerOperator","filename":"docker.py","lineno":71}
{"timestamp":"2026-05-20T22:11:08.531329Z","level":"info","event":"26/05/20 22:11:08 INFO TaskSetManager: Lost task 0.2 in stage 6.0 (TID 21) on 172.20.0.21, executor 1: java.lang.RuntimeException (java.lang.ClassNotFoundException: Class org.apache.hadoop.fs.s3a.S3AFileSystem not found) [duplicate 2]","logger":"airflow.task.operators.airflow.providers.docker.operators.docker.DockerOperator","filename":"docker.py","lineno":71}
{"timestamp":"2026-05-20T22:11:08.537068Z","level":"info","event":"26/05/20 22:11:08 INFO TaskSetManager: Starting task 0.3 in stage 6.0 (TID 24) (172.20.0.20, executor 0, partition 0, PROCESS_LOCAL, 8319 bytes)","logger":"airflow.task.operators.airflow.providers.docker.operators.docker.DockerOperator","filename":"docker.py","lineno":71}
{"timestamp":"2026-05-20T22:11:08.554371Z","level":"info","event":"26/05/20 22:11:08 INFO TaskSetManager: Lost task 0.2 in stage 2.0 (TID 19) on 172.20.0.21, executor 1: java.lang.RuntimeException (java.lang.ClassNotFoundException: Class org.apache.hadoop.fs.s3a.S3AFileSystem not found) [duplicate 2]","logger":"airflow.task.operators.airflow.providers.docker.operators.docker.DockerOperator","filename":"docker.py","lineno":71}
{"timestamp":"2026-05-20T22:11:08.565304Z","level":"info","event":"26/05/20 22:11:08 INFO TaskSetManager: Starting task 0.3 in stage 2.0 (TID 25) (172.20.0.20, executor 0, partition 0, PROCESS_LOCAL, 8327 bytes)","logger":"airflow.task.operators.airflow.providers.docker.operators.docker.DockerOperator","filename":"docker.py","lineno":71}
{"timestamp":"2026-05-20T22:11:08.569306Z","level":"info","event":"26/05/20 22:11:08 INFO TaskSetManager: Lost task 0.2 in stage 1.0 (TID 20) on 172.20.0.20, executor 0: java.lang.RuntimeException (java.lang.ClassNotFoundException: Class org.apache.hadoop.fs.s3a.S3AFileSystem not found) [duplicate 2]","logger":"airflow.task.operators.airflow.providers.docker.operators.docker.DockerOperator","filename":"docker.py","lineno":71}
{"timestamp":"2026-05-20T22:11:08.575569Z","level":"info","event":"26/05/20 22:11:08 INFO TaskSetManager: Starting task 0.3 in stage 1.0 (TID 26) (172.20.0.21, executor 1, partition 0, PROCESS_LOCAL, 8320 bytes)","logger":"airflow.task.operators.airflow.providers.docker.operators.docker.DockerOperator","filename":"docker.py","lineno":71}
{"timestamp":"2026-05-20T22:11:08.583803Z","level":"info","event":"26/05/20 22:11:08 INFO TaskSetManager: Lost task 0.3 in stage 0.0 (TID 22) on 172.20.0.21, executor 1: java.lang.RuntimeException (java.lang.ClassNotFoundException: Class org.apache.hadoop.fs.s3a.S3AFileSystem not found) [duplicate 3]","logger":"airflow.task.operators.airflow.providers.docker.operators.docker.DockerOperator","filename":"docker.py","lineno":71}
{"timestamp":"2026-05-20T22:11:08.594271Z","level":"info","event":"26/05/20 22:11:08 ERROR TaskSetManager: Task 0 in stage 0.0 failed 4 times; aborting job","logger":"airflow.task.operators.airflow.providers.docker.operators.docker.DockerOperator","filename":"docker.py","lineno":71}
{"timestamp":"2026-05-20T22:11:08.603024Z","level":"info","event":"26/05/20 22:11:08 INFO TaskSchedulerImpl: Removed TaskSet 0.0, whose tasks have all completed, from pool","logger":"airflow.task.operators.airflow.providers.docker.operators.docker.DockerOperator","filename":"docker.py","lineno":71}
{"timestamp":"2026-05-20T22:11:08.610499Z","level":"info","event":"26/05/20 22:11:08 INFO TaskSetManager: Lost task 0.3 in stage 5.0 (TID 23) on 172.20.0.21, executor 1: java.lang.RuntimeException (java.lang.ClassNotFoundException: Class org.apache.hadoop.fs.s3a.S3AFileSystem not found) [duplicate 3]","logger":"airflow.task.operators.airflow.providers.docker.operators.docker.DockerOperator","filename":"docker.py","lineno":71}
{"timestamp":"2026-05-20T22:11:08.611141Z","level":"info","event":"26/05/20 22:11:08 ERROR TaskSetManager: Task 0 in stage 5.0 failed 4 times; aborting job","logger":"airflow.task.operators.airflow.providers.docker.operators.docker.DockerOperator","filename":"docker.py","lineno":71}
{"timestamp":"2026-05-20T22:11:08.612363Z","level":"info","event":"26/05/20 22:11:08 INFO TaskSchedulerImpl: Removed TaskSet 5.0, whose tasks have all completed, from pool","logger":"airflow.task.operators.airflow.providers.docker.operators.docker.DockerOperator","filename":"docker.py","lineno":71}
{"timestamp":"2026-05-20T22:11:08.613947Z","level":"info","event":"26/05/20 22:11:08 INFO TaskSchedulerImpl: Cancelling stage 0","logger":"airflow.task.operators.airflow.providers.docker.operators.docker.DockerOperator","filename":"docker.py","lineno":71}
{"timestamp":"2026-05-20T22:11:08.614851Z","level":"info","event":"26/05/20 22:11:08 INFO TaskSchedulerImpl: Killing all running tasks in stage 0: Stage cancelled: Job aborted due to stage failure: Task 0 in stage 0.0 failed 4 times, most recent failure: Lost task 0.3 in stage 0.0 (TID 22) (172.20.0.21 executor 1): java.lang.RuntimeException: java.lang.ClassNotFoundException: Class org.apache.hadoop.fs.s3a.S3AFileSystem not found","logger":"airflow.task.operators.airflow.providers.docker.operators.docker.DockerOperator","filename":"docker.py","lineno":71}
{"timestamp":"2026-05-20T22:11:08.614988Z","level":"info","event":"\tat org.apache.hadoop.conf.Configuration.getClass(Configuration.java:2688)","logger":"airflow.task.operators.airflow.providers.docker.operators.docker.DockerOperator","filename":"docker.py","lineno":71}
{"timestamp":"2026-05-20T22:11:08.615065Z","level":"info","event":"\tat org.apache.hadoop.fs.FileSystem.getFileSystemClass(FileSystem.java:3431)","logger":"airflow.task.operators.airflow.providers.docker.operators.docker.DockerOperator","filename":"docker.py","lineno":71}
{"timestamp":"2026-05-20T22:11:08.615123Z","level":"info","event":"\tat org.apache.hadoop.fs.FileSystem.createFileSystem(FileSystem.java:3466)","logger":"airflow.task.operators.airflow.providers.docker.operators.docker.DockerOperator","filename":"docker.py","lineno":71}
{"timestamp":"2026-05-20T22:11:08.615167Z","level":"info","event":"\tat org.apache.hadoop.fs.FileSystem.access$300(FileSystem.java:174)","logger":"airflow.task.operators.airflow.providers.docker.operators.docker.DockerOperator","filename":"docker.py","lineno":71}
{"timestamp":"2026-05-20T22:11:08.615207Z","level":"info","event":"\tat org.apache.hadoop.fs.FileSystem$Cache.getInternal(FileSystem.java:3574)","logger":"airflow.task.operators.airflow.providers.docker.operators.docker.DockerOperator","filename":"docker.py","lineno":71}
{"timestamp":"2026-05-20T22:11:08.615245Z","level":"info","event":"\tat org.apache.hadoop.fs.FileSystem$Cache.get(FileSystem.java:3521)","logger":"airflow.task.operators.airflow.providers.docker.operators.docker.DockerOperator","filename":"docker.py","lineno":71}
{"timestamp":"2026-05-20T22:11:08.615284Z","level":"info","event":"\tat org.apache.hadoop.fs.FileSystem.get(FileSystem.java:540)","logger":"airflow.task.operators.airflow.providers.docker.operators.docker.DockerOperator","filename":"docker.py","lineno":71}
{"timestamp":"2026-05-20T22:11:08.615332Z","level":"info","event":"\tat org.apache.hadoop.fs.Path.getFileSystem(Path.java:365)","logger":"airflow.task.operators.airflow.providers.docker.operators.docker.DockerOperator","filename":"docker.py","lineno":71}
{"timestamp":"2026-05-20T22:11:08.615380Z","level":"info","event":"\tat org.apache.hadoop.mapreduce.lib.input.LineRecordReader.initialize(LineRecordReader.java:88)","logger":"airflow.task.operators.airflow.providers.docker.operators.docker.DockerOperator","filename":"docker.py","lineno":71}
{"timestamp":"2026-05-20T22:11:08.615489Z","level":"info","event":"\tat org.apache.spark.sql.execution.datasources.HadoopFileLinesReader.<init>(HadoopFileLinesReader.scala:63)","logger":"airflow.task.operators.airflow.providers.docker.operators.docker.DockerOperator","filename":"docker.py","lineno":71}
{"timestamp":"2026-05-20T22:11:08.615570Z","level":"info","event":"\tat org.apache.spark.sql.execution.datasources.json.TextInputJsonDataSource$.readFile(JsonDataSource.scala:132)","logger":"airflow.task.operators.airflow.providers.docker.operators.docker.DockerOperator","filename":"docker.py","lineno":71}
{"timestamp":"2026-05-20T22:11:08.615647Z","level":"info","event":"\tat org.apache.spark.sql.execution.datasources.json.JsonFileFormat.$anonfun$buildReader$2(JsonFileFormat.scala:126)","logger":"airflow.task.operators.airflow.providers.docker.operators.docker.DockerOperator","filename":"docker.py","lineno":71}
{"timestamp":"2026-05-20T22:11:08.615701Z","level":"info","event":"\tat org.apache.spark.sql.execution.datasources.FileFormat$$anon$1.apply(FileFormat.scala:160)","logger":"airflow.task.operators.airflow.providers.docker.operators.docker.DockerOperator","filename":"docker.py","lineno":71}
{"timestamp":"2026-05-20T22:11:08.615743Z","level":"info","event":"\tat org.apache.spark.sql.execution.datasources.FileFormat$$anon$1.apply(FileFormat.scala:140)","logger":"airflow.task.operators.airflow.providers.docker.operators.docker.DockerOperator","filename":"docker.py","lineno":71}
{"timestamp":"2026-05-20T22:11:08.615782Z","level":"info","event":"\tat org.apache.spark.sql.execution.datasources.FileScanRDD$$anon$1.org$apache$spark$sql$execution$datasources$FileScanRDD$$anon$$readCurrentFile(FileScanRDD.scala:217)","logger":"airflow.task.operators.airflow.providers.docker.operators.docker.DockerOperator","filename":"docker.py","lineno":71}
{"timestamp":"2026-05-20T22:11:08.615841Z","level":"info","event":"\tat org.apache.spark.sql.execution.datasources.FileScanRDD$$anon$1.nextIterator(FileScanRDD.scala:279)","logger":"airflow.task.operators.airflow.providers.docker.operators.docker.DockerOperator","filename":"docker.py","lineno":71}
{"timestamp":"2026-05-20T22:11:08.615889Z","level":"info","event":"\tat org.apache.spark.sql.execution.datasources.FileScanRDD$$anon$1.hasNext(FileScanRDD.scala:129)","logger":"airflow.task.operators.airflow.providers.docker.operators.docker.DockerOperator","filename":"docker.py","lineno":71}
{"timestamp":"2026-05-20T22:11:08.615928Z","level":"info","event":"\tat scala.collection.Iterator$$anon$10.hasNext(Iterator.scala:460)","logger":"airflow.task.operators.airflow.providers.docker.operators.docker.DockerOperator","filename":"docker.py","lineno":71}
{"timestamp":"2026-05-20T22:11:08.615966Z","level":"info","event":"\tat org.apache.spark.sql.catalyst.expressions.GeneratedClass$GeneratedIteratorForCodegenStage1.processNext(Unknown Source)","logger":"airflow.task.operators.airflow.providers.docker.operators.docker.DockerOperator","filename":"docker.py","lineno":71}
{"timestamp":"2026-05-20T22:11:08.616012Z","level":"info","event":"\tat org.apache.spark.sql.execution.BufferedRowIterator.hasNext(BufferedRowIterator.java:43)","logger":"airflow.task.operators.airflow.providers.docker.operators.docker.DockerOperator","filename":"docker.py","lineno":71}
{"timestamp":"2026-05-20T22:11:08.616111Z","level":"info","event":"\tat org.apache.spark.sql.execution.WholeStageCodegenEvaluatorFactory$WholeStageCodegenPartitionEvaluator$$anon$1.hasNext(WholeStageCodegenEvaluatorFactory.scala:43)","logger":"airflow.task.operators.airflow.providers.docker.operators.docker.DockerOperator","filename":"docker.py","lineno":71}
{"timestamp":"2026-05-20T22:11:08.616207Z","level":"info","event":"\tat org.apache.spark.sql.execution.SparkPlan.$anonfun$getByteArrayRdd$1(SparkPlan.scala:388)","logger":"airflow.task.operators.airflow.providers.docker.operators.docker.DockerOperator","filename":"docker.py","lineno":71}
{"timestamp":"2026-05-20T22:11:08.616270Z","level":"info","event":"\tat org.apache.spark.rdd.RDD.$anonfun$mapPartitionsInternal$2(RDD.scala:890)","logger":"airflow.task.operators.airflow.providers.docker.operators.docker.DockerOperator","filename":"docker.py","lineno":71}
{"timestamp":"2026-05-20T22:11:08.616367Z","level":"info","event":"\tat org.apache.spark.rdd.RDD.$anonfun$mapPartitionsInternal$2$adapted(RDD.scala:890)","logger":"airflow.task.operators.airflow.providers.docker.operators.docker.DockerOperator","filename":"docker.py","lineno":71}
{"timestamp":"2026-05-20T22:11:08.616423Z","level":"info","event":"\tat org.apache.spark.rdd.MapPartitionsRDD.compute(MapPartitionsRDD.scala:52)","logger":"airflow.task.operators.airflow.providers.docker.operators.docker.DockerOperator","filename":"docker.py","lineno":71}
{"timestamp":"2026-05-20T22:11:08.616465Z","level":"info","event":"\tat org.apache.spark.rdd.RDD.computeOrReadCheckpoint(RDD.scala:364)","logger":"airflow.task.operators.airflow.providers.docker.operators.docker.DockerOperator","filename":"docker.py","lineno":71}
{"timestamp":"2026-05-20T22:11:08.616540Z","level":"info","event":"\tat org.apache.spark.rdd.RDD.iterator(RDD.scala:328)","logger":"airflow.task.operators.airflow.providers.docker.operators.docker.DockerOperator","filename":"docker.py","lineno":71}
{"timestamp":"2026-05-20T22:11:08.616624Z","level":"info","event":"\tat org.apache.spark.scheduler.ResultTask.runTask(ResultTask.scala:93)","logger":"airflow.task.operators.airflow.providers.docker.operators.docker.DockerOperator","filename":"docker.py","lineno":71}
{"timestamp":"2026-05-20T22:11:08.616702Z","level":"info","event":"\tat org.apache.spark.TaskContext.runTaskWithListeners(TaskContext.scala:161)","logger":"airflow.task.operators.airflow.providers.docker.operators.docker.DockerOperator","filename":"docker.py","lineno":71}
{"timestamp":"2026-05-20T22:11:08.616778Z","level":"info","event":"\tat org.apache.spark.scheduler.Task.run(Task.scala:141)","logger":"airflow.task.operators.airflow.providers.docker.operators.docker.DockerOperator","filename":"docker.py","lineno":71}
{"timestamp":"2026-05-20T22:11:08.616880Z","level":"info","event":"\tat org.apache.spark.executor.Executor$TaskRunner.$anonfun$run$4(Executor.scala:620)","logger":"airflow.task.operators.airflow.providers.docker.operators.docker.DockerOperator","filename":"docker.py","lineno":71}
{"timestamp":"2026-05-20T22:11:08.616970Z","level":"info","event":"\tat org.apache.spark.util.SparkErrorUtils.tryWithSafeFinally(SparkErrorUtils.scala:64)","logger":"airflow.task.operators.airflow.providers.docker.operators.docker.DockerOperator","filename":"docker.py","lineno":71}
{"timestamp":"2026-05-20T22:11:08.617028Z","level":"info","event":"\tat org.apache.spark.util.SparkErrorUtils.tryWithSafeFinally$(SparkErrorUtils.scala:61)","logger":"airflow.task.operators.airflow.providers.docker.operators.docker.DockerOperator","filename":"docker.py","lineno":71}
{"timestamp":"2026-05-20T22:11:08.617083Z","level":"info","event":"\tat org.apache.spark.util.Utils$.tryWithSafeFinally(Utils.scala:94)","logger":"airflow.task.operators.airflow.providers.docker.operators.docker.DockerOperator","filename":"docker.py","lineno":71}
{"timestamp":"2026-05-20T22:11:08.617137Z","level":"info","event":"\tat org.apache.spark.executor.Executor$TaskRunner.run(Executor.scala:623)","logger":"airflow.task.operators.airflow.providers.docker.operators.docker.DockerOperator","filename":"docker.py","lineno":71}
{"timestamp":"2026-05-20T22:11:08.617185Z","level":"info","event":"\tat java.base/java.util.concurrent.ThreadPoolExecutor.runWorker(Unknown Source)","logger":"airflow.task.operators.airflow.providers.docker.operators.docker.DockerOperator","filename":"docker.py","lineno":71}
{"timestamp":"2026-05-20T22:11:08.617227Z","level":"info","event":"\tat java.base/java.util.concurrent.ThreadPoolExecutor$Worker.run(Unknown Source)","logger":"airflow.task.operators.airflow.providers.docker.operators.docker.DockerOperator","filename":"docker.py","lineno":71}
{"timestamp":"2026-05-20T22:11:08.617267Z","level":"info","event":"\tat java.base/java.lang.Thread.run(Unknown Source)","logger":"airflow.task.operators.airflow.providers.docker.operators.docker.DockerOperator","filename":"docker.py","lineno":71}
{"timestamp":"2026-05-20T22:11:08.617306Z","level":"info","event":"Caused by: java.lang.ClassNotFoundException: Class org.apache.hadoop.fs.s3a.S3AFileSystem not found","logger":"airflow.task.operators.airflow.providers.docker.operators.docker.DockerOperator","filename":"docker.py","lineno":71}
{"timestamp":"2026-05-20T22:11:08.617360Z","level":"info","event":"\tat org.apache.hadoop.conf.Configuration.getClassByName(Configuration.java:2592)","logger":"airflow.task.operators.airflow.providers.docker.operators.docker.DockerOperator","filename":"docker.py","lineno":71}
{"timestamp":"2026-05-20T22:11:08.617401Z","level":"info","event":"\tat org.apache.hadoop.conf.Configuration.getClass(Configuration.java:2686)","logger":"airflow.task.operators.airflow.providers.docker.operators.docker.DockerOperator","filename":"docker.py","lineno":71}
{"timestamp":"2026-05-20T22:11:08.617449Z","level":"info","event":"\t... 37 more","logger":"airflow.task.operators.airflow.providers.docker.operators.docker.DockerOperator","filename":"docker.py","lineno":71}
{"timestamp":"2026-05-20T22:11:08.617498Z","level":"info","event":"","logger":"airflow.task.operators.airflow.providers.docker.operators.docker.DockerOperator","filename":"docker.py","lineno":71}
{"timestamp":"2026-05-20T22:11:08.617547Z","level":"info","event":"Driver stacktrace:","logger":"airflow.task.operators.airflow.providers.docker.operators.docker.DockerOperator","filename":"docker.py","lineno":71}
{"timestamp":"2026-05-20T22:11:08.620601Z","level":"info","event":"26/05/20 22:11:08 INFO DAGScheduler: ResultStage 0 (toString at <unknown>:0) failed in 3.497 s due to Job aborted due to stage failure: Task 0 in stage 0.0 failed 4 times, most recent failure: Lost task 0.3 in stage 0.0 (TID 22) (172.20.0.21 executor 1): java.lang.RuntimeException: java.lang.ClassNotFoundException: Class org.apache.hadoop.fs.s3a.S3AFileSystem not found","logger":"airflow.task.operators.airflow.providers.docker.operators.docker.DockerOperator","filename":"docker.py","lineno":71}
{"timestamp":"2026-05-20T22:11:08.620781Z","level":"info","event":"\tat org.apache.hadoop.conf.Configuration.getClass(Configuration.java:2688)","logger":"airflow.task.operators.airflow.providers.docker.operators.docker.DockerOperator","filename":"docker.py","lineno":71}
{"timestamp":"2026-05-20T22:11:08.620953Z","level":"info","event":"\tat org.apache.hadoop.fs.FileSystem.getFileSystemClass(FileSystem.java:3431)","logger":"airflow.task.operators.airflow.providers.docker.operators.docker.DockerOperator","filename":"docker.py","lineno":71}
{"timestamp":"2026-05-20T22:11:08.621028Z","level":"info","event":"\tat org.apache.hadoop.fs.FileSystem.createFileSystem(FileSystem.java:3466)","logger":"airflow.task.operators.airflow.providers.docker.operators.docker.DockerOperator","filename":"docker.py","lineno":71}
{"timestamp":"2026-05-20T22:11:08.621094Z","level":"info","event":"\tat org.apache.hadoop.fs.FileSystem.access$300(FileSystem.java:174)","logger":"airflow.task.operators.airflow.providers.docker.operators.docker.DockerOperator","filename":"docker.py","lineno":71}
{"timestamp":"2026-05-20T22:11:08.621154Z","level":"info","event":"\tat org.apache.hadoop.fs.FileSystem$Cache.getInternal(FileSystem.java:3574)","logger":"airflow.task.operators.airflow.providers.docker.operators.docker.DockerOperator","filename":"docker.py","lineno":71}
{"timestamp":"2026-05-20T22:11:08.621219Z","level":"info","event":"\tat org.apache.hadoop.fs.FileSystem$Cache.get(FileSystem.java:3521)","logger":"airflow.task.operators.airflow.providers.docker.operators.docker.DockerOperator","filename":"docker.py","lineno":71}
{"timestamp":"2026-05-20T22:11:08.621286Z","level":"info","event":"\tat org.apache.hadoop.fs.FileSystem.get(FileSystem.java:540)","logger":"airflow.task.operators.airflow.providers.docker.operators.docker.DockerOperator","filename":"docker.py","lineno":71}
{"timestamp":"2026-05-20T22:11:08.621372Z","level":"info","event":"\tat org.apache.hadoop.fs.Path.getFileSystem(Path.java:365)","logger":"airflow.task.operators.airflow.providers.docker.operators.docker.DockerOperator","filename":"docker.py","lineno":71}
{"timestamp":"2026-05-20T22:11:08.621452Z","level":"info","event":"\tat org.apache.hadoop.mapreduce.lib.input.LineRecordReader.initialize(LineRecordReader.java:88)","logger":"airflow.task.operators.airflow.providers.docker.operators.docker.DockerOperator","filename":"docker.py","lineno":71}
{"timestamp":"2026-05-20T22:11:08.621525Z","level":"info","event":"\tat org.apache.spark.sql.execution.datasources.HadoopFileLinesReader.<init>(HadoopFileLinesReader.scala:63)","logger":"airflow.task.operators.airflow.providers.docker.operators.docker.DockerOperator","filename":"docker.py","lineno":71}
{"timestamp":"2026-05-20T22:11:08.621577Z","level":"info","event":"\tat org.apache.spark.sql.execution.datasources.json.TextInputJsonDataSource$.readFile(JsonDataSource.scala:132)","logger":"airflow.task.operators.airflow.providers.docker.operators.docker.DockerOperator","filename":"docker.py","lineno":71}
{"timestamp":"2026-05-20T22:11:08.621634Z","level":"info","event":"\tat org.apache.spark.sql.execution.datasources.json.JsonFileFormat.$anonfun$buildReader$2(JsonFileFormat.scala:126)","logger":"airflow.task.operators.airflow.providers.docker.operators.docker.DockerOperator","filename":"docker.py","lineno":71}
{"timestamp":"2026-05-20T22:11:08.621696Z","level":"info","event":"\tat org.apache.spark.sql.execution.datasources.FileFormat$$anon$1.apply(FileFormat.scala:160)","logger":"airflow.task.operators.airflow.providers.docker.operators.docker.DockerOperator","filename":"docker.py","lineno":71}
{"timestamp":"2026-05-20T22:11:08.621753Z","level":"info","event":"\tat org.apache.spark.sql.execution.datasources.FileFormat$$anon$1.apply(FileFormat.scala:140)","logger":"airflow.task.operators.airflow.providers.docker.operators.docker.DockerOperator","filename":"docker.py","lineno":71}
{"timestamp":"2026-05-20T22:11:08.621816Z","level":"info","event":"\tat org.apache.spark.sql.execution.datasources.FileScanRDD$$anon$1.org$apache$spark$sql$execution$datasources$FileScanRDD$$anon$$readCurrentFile(FileScanRDD.scala:217)","logger":"airflow.task.operators.airflow.providers.docker.operators.docker.DockerOperator","filename":"docker.py","lineno":71}
{"timestamp":"2026-05-20T22:11:08.621910Z","level":"info","event":"\tat org.apache.spark.sql.execution.datasources.FileScanRDD$$anon$1.nextIterator(FileScanRDD.scala:279)","logger":"airflow.task.operators.airflow.providers.docker.operators.docker.DockerOperator","filename":"docker.py","lineno":71}
{"timestamp":"2026-05-20T22:11:08.621975Z","level":"info","event":"\tat org.apache.spark.sql.execution.datasources.FileScanRDD$$anon$1.hasNext(FileScanRDD.scala:129)","logger":"airflow.task.operators.airflow.providers.docker.operators.docker.DockerOperator","filename":"docker.py","lineno":71}
{"timestamp":"2026-05-20T22:11:08.622040Z","level":"info","event":"\tat scala.collection.Iterator$$anon$10.hasNext(Iterator.scala:460)","logger":"airflow.task.operators.airflow.providers.docker.operators.docker.DockerOperator","filename":"docker.py","lineno":71}
{"timestamp":"2026-05-20T22:11:08.622108Z","level":"info","event":"\tat org.apache.spark.sql.catalyst.expressions.GeneratedClass$GeneratedIteratorForCodegenStage1.processNext(Unknown Source)","logger":"airflow.task.operators.airflow.providers.docker.operators.docker.DockerOperator","filename":"docker.py","lineno":71}
{"timestamp":"2026-05-20T22:11:08.622170Z","level":"info","event":"\tat org.apache.spark.sql.execution.BufferedRowIterator.hasNext(BufferedRowIterator.java:43)","logger":"airflow.task.operators.airflow.providers.docker.operators.docker.DockerOperator","filename":"docker.py","lineno":71}
{"timestamp":"2026-05-20T22:11:08.622245Z","level":"info","event":"\tat org.apache.spark.sql.execution.WholeStageCodegenEvaluatorFactory$WholeStageCodegenPartitionEvaluator$$anon$1.hasNext(WholeStageCodegenEvaluatorFactory.scala:43)","logger":"airflow.task.operators.airflow.providers.docker.operators.docker.DockerOperator","filename":"docker.py","lineno":71}
{"timestamp":"2026-05-20T22:11:08.622322Z","level":"info","event":"\tat org.apache.spark.sql.execution.SparkPlan.$anonfun$getByteArrayRdd$1(SparkPlan.scala:388)","logger":"airflow.task.operators.airflow.providers.docker.operators.docker.DockerOperator","filename":"docker.py","lineno":71}
{"timestamp":"2026-05-20T22:11:08.622391Z","level":"info","event":"\tat org.apache.spark.rdd.RDD.$anonfun$mapPartitionsInternal$2(RDD.scala:890)","logger":"airflow.task.operators.airflow.providers.docker.operators.docker.DockerOperator","filename":"docker.py","lineno":71}
{"timestamp":"2026-05-20T22:11:08.622461Z","level":"info","event":"\tat org.apache.spark.rdd.RDD.$anonfun$mapPartitionsInternal$2$adapted(RDD.scala:890)","logger":"airflow.task.operators.airflow.providers.docker.operators.docker.DockerOperator","filename":"docker.py","lineno":71}
{"timestamp":"2026-05-20T22:11:08.622530Z","level":"info","event":"\tat org.apache.spark.rdd.MapPartitionsRDD.compute(MapPartitionsRDD.scala:52)","logger":"airflow.task.operators.airflow.providers.docker.operators.docker.DockerOperator","filename":"docker.py","lineno":71}
{"timestamp":"2026-05-20T22:11:08.622578Z","level":"info","event":"\tat org.apache.spark.rdd.RDD.computeOrReadCheckpoint(RDD.scala:364)","logger":"airflow.task.operators.airflow.providers.docker.operators.docker.DockerOperator","filename":"docker.py","lineno":71}
{"timestamp":"2026-05-20T22:11:08.622633Z","level":"info","event":"\tat org.apache.spark.rdd.RDD.iterator(RDD.scala:328)","logger":"airflow.task.operators.airflow.providers.docker.operators.docker.DockerOperator","filename":"docker.py","lineno":71}
{"timestamp":"2026-05-20T22:11:08.622771Z","level":"info","event":"\tat org.apache.spark.scheduler.ResultTask.runTask(ResultTask.scala:93)","logger":"airflow.task.operators.airflow.providers.docker.operators.docker.DockerOperator","filename":"docker.py","lineno":71}
{"timestamp":"2026-05-20T22:11:08.622908Z","level":"info","event":"\tat org.apache.spark.TaskContext.runTaskWithListeners(TaskContext.scala:161)","logger":"airflow.task.operators.airflow.providers.docker.operators.docker.DockerOperator","filename":"docker.py","lineno":71}
{"timestamp":"2026-05-20T22:11:08.622990Z","level":"info","event":"\tat org.apache.spark.scheduler.Task.run(Task.scala:141)","logger":"airflow.task.operators.airflow.providers.docker.operators.docker.DockerOperator","filename":"docker.py","lineno":71}
{"timestamp":"2026-05-20T22:11:08.623160Z","level":"info","event":"\tat org.apache.spark.executor.Executor$TaskRunner.$anonfun$run$4(Executor.scala:620)","logger":"airflow.task.operators.airflow.providers.docker.operators.docker.DockerOperator","filename":"docker.py","lineno":71}
{"timestamp":"2026-05-20T22:11:08.623233Z","level":"info","event":"\tat org.apache.spark.util.SparkErrorUtils.tryWithSafeFinally(SparkErrorUtils.scala:64)","logger":"airflow.task.operators.airflow.providers.docker.operators.docker.DockerOperator","filename":"docker.py","lineno":71}
{"timestamp":"2026-05-20T22:11:08.623294Z","level":"info","event":"\tat org.apache.spark.util.SparkErrorUtils.tryWithSafeFinally$(SparkErrorUtils.scala:61)","logger":"airflow.task.operators.airflow.providers.docker.operators.docker.DockerOperator","filename":"docker.py","lineno":71}
{"timestamp":"2026-05-20T22:11:08.623471Z","level":"info","event":"\tat org.apache.spark.util.Utils$.tryWithSafeFinally(Utils.scala:94)","logger":"airflow.task.operators.airflow.providers.docker.operators.docker.DockerOperator","filename":"docker.py","lineno":71}
{"timestamp":"2026-05-20T22:11:08.623564Z","level":"info","event":"\tat org.apache.spark.executor.Executor$TaskRunner.run(Executor.scala:623)","logger":"airflow.task.operators.airflow.providers.docker.operators.docker.DockerOperator","filename":"docker.py","lineno":71}
{"timestamp":"2026-05-20T22:11:08.623627Z","level":"info","event":"\tat java.base/java.util.concurrent.ThreadPoolExecutor.runWorker(Unknown Source)","logger":"airflow.task.operators.airflow.providers.docker.operators.docker.DockerOperator","filename":"docker.py","lineno":71}
{"timestamp":"2026-05-20T22:11:08.623685Z","level":"info","event":"\tat java.base/java.util.concurrent.ThreadPoolExecutor$Worker.run(Unknown Source)","logger":"airflow.task.operators.airflow.providers.docker.operators.docker.DockerOperator","filename":"docker.py","lineno":71}
{"timestamp":"2026-05-20T22:11:08.623741Z","level":"info","event":"\tat java.base/java.lang.Thread.run(Unknown Source)","logger":"airflow.task.operators.airflow.providers.docker.operators.docker.DockerOperator","filename":"docker.py","lineno":71}
{"timestamp":"2026-05-20T22:11:08.623800Z","level":"info","event":"Caused by: java.lang.ClassNotFoundException: Class org.apache.hadoop.fs.s3a.S3AFileSystem not found","logger":"airflow.task.operators.airflow.providers.docker.operators.docker.DockerOperator","filename":"docker.py","lineno":71}
{"timestamp":"2026-05-20T22:11:08.623900Z","level":"info","event":"\tat org.apache.hadoop.conf.Configuration.getClassByName(Configuration.java:2592)","logger":"airflow.task.operators.airflow.providers.docker.operators.docker.DockerOperator","filename":"docker.py","lineno":71}
{"timestamp":"2026-05-20T22:11:08.623957Z","level":"info","event":"\tat org.apache.hadoop.conf.Configuration.getClass(Configuration.java:2686)","logger":"airflow.task.operators.airflow.providers.docker.operators.docker.DockerOperator","filename":"docker.py","lineno":71}
{"timestamp":"2026-05-20T22:11:08.624008Z","level":"info","event":"\t... 37 more","logger":"airflow.task.operators.airflow.providers.docker.operators.docker.DockerOperator","filename":"docker.py","lineno":71}
{"timestamp":"2026-05-20T22:11:08.624058Z","level":"info","event":"","logger":"airflow.task.operators.airflow.providers.docker.operators.docker.DockerOperator","filename":"docker.py","lineno":71}
{"timestamp":"2026-05-20T22:11:08.624111Z","level":"info","event":"Driver stacktrace:","logger":"airflow.task.operators.airflow.providers.docker.operators.docker.DockerOperator","filename":"docker.py","lineno":71}
{"timestamp":"2026-05-20T22:11:08.639553Z","level":"info","event":"26/05/20 22:11:08 INFO DAGScheduler: Job 0 failed: toString at <unknown>:0, took 3.575159 s","logger":"airflow.task.operators.airflow.providers.docker.operators.docker.DockerOperator","filename":"docker.py","lineno":71}
{"timestamp":"2026-05-20T22:11:08.649704Z","level":"info","event":"26/05/20 22:11:08 INFO TaskSchedulerImpl: Cancelling stage 5","logger":"airflow.task.operators.airflow.providers.docker.operators.docker.DockerOperator","filename":"docker.py","lineno":71}
{"timestamp":"2026-05-20T22:11:08.650018Z","level":"info","event":"26/05/20 22:11:08 INFO TaskSchedulerImpl: Killing all running tasks in stage 5: Stage cancelled: Job aborted due to stage failure: Task 0 in stage 5.0 failed 4 times, most recent failure: Lost task 0.3 in stage 5.0 (TID 23) (172.20.0.21 executor 1): java.lang.RuntimeException: java.lang.ClassNotFoundException: Class org.apache.hadoop.fs.s3a.S3AFileSystem not found","logger":"airflow.task.operators.airflow.providers.docker.operators.docker.DockerOperator","filename":"docker.py","lineno":71}
{"timestamp":"2026-05-20T22:11:08.650133Z","level":"info","event":"\tat org.apache.hadoop.conf.Configuration.getClass(Configuration.java:2688)","logger":"airflow.task.operators.airflow.providers.docker.operators.docker.DockerOperator","filename":"docker.py","lineno":71}
{"timestamp":"2026-05-20T22:11:08.650221Z","level":"info","event":"\tat org.apache.hadoop.fs.FileSystem.getFileSystemClass(FileSystem.java:3431)","logger":"airflow.task.operators.airflow.providers.docker.operators.docker.DockerOperator","filename":"docker.py","lineno":71}
{"timestamp":"2026-05-20T22:11:08.650296Z","level":"info","event":"\tat org.apache.hadoop.fs.FileSystem.createFileSystem(FileSystem.java:3466)","logger":"airflow.task.operators.airflow.providers.docker.operators.docker.DockerOperator","filename":"docker.py","lineno":71}
{"timestamp":"2026-05-20T22:11:08.650365Z","level":"info","event":"\tat org.apache.hadoop.fs.FileSystem.access$300(FileSystem.java:174)","logger":"airflow.task.operators.airflow.providers.docker.operators.docker.DockerOperator","filename":"docker.py","lineno":71}
{"timestamp":"2026-05-20T22:11:08.650437Z","level":"info","event":"\tat org.apache.hadoop.fs.FileSystem$Cache.getInternal(FileSystem.java:3574)","logger":"airflow.task.operators.airflow.providers.docker.operators.docker.DockerOperator","filename":"docker.py","lineno":71}
{"timestamp":"2026-05-20T22:11:08.650500Z","level":"info","event":"\tat org.apache.hadoop.fs.FileSystem$Cache.get(FileSystem.java:3521)","logger":"airflow.task.operators.airflow.providers.docker.operators.docker.DockerOperator","filename":"docker.py","lineno":71}
{"timestamp":"2026-05-20T22:11:08.650562Z","level":"info","event":"\tat org.apache.hadoop.fs.FileSystem.get(FileSystem.java:540)","logger":"airflow.task.operators.airflow.providers.docker.operators.docker.DockerOperator","filename":"docker.py","lineno":71}
{"timestamp":"2026-05-20T22:11:08.650623Z","level":"info","event":"\tat org.apache.hadoop.fs.Path.getFileSystem(Path.java:365)","logger":"airflow.task.operators.airflow.providers.docker.operators.docker.DockerOperator","filename":"docker.py","lineno":71}
{"timestamp":"2026-05-20T22:11:08.650677Z","level":"info","event":"\tat org.apache.hadoop.mapreduce.lib.input.LineRecordReader.initialize(LineRecordReader.java:88)","logger":"airflow.task.operators.airflow.providers.docker.operators.docker.DockerOperator","filename":"docker.py","lineno":71}
{"timestamp":"2026-05-20T22:11:08.650727Z","level":"info","event":"\tat org.apache.spark.sql.execution.datasources.HadoopFileLinesReader.<init>(HadoopFileLinesReader.scala:63)","logger":"airflow.task.operators.airflow.providers.docker.operators.docker.DockerOperator","filename":"docker.py","lineno":71}
{"timestamp":"2026-05-20T22:11:08.650779Z","level":"info","event":"\tat org.apache.spark.sql.execution.datasources.json.TextInputJsonDataSource$.readFile(JsonDataSource.scala:132)","logger":"airflow.task.operators.airflow.providers.docker.operators.docker.DockerOperator","filename":"docker.py","lineno":71}
{"timestamp":"2026-05-20T22:11:08.650850Z","level":"info","event":"\tat org.apache.spark.sql.execution.datasources.json.JsonFileFormat.$anonfun$buildReader$2(JsonFileFormat.scala:126)","logger":"airflow.task.operators.airflow.providers.docker.operators.docker.DockerOperator","filename":"docker.py","lineno":71}
{"timestamp":"2026-05-20T22:11:08.650907Z","level":"info","event":"\tat org.apache.spark.sql.execution.datasources.FileFormat$$anon$1.apply(FileFormat.scala:160)","logger":"airflow.task.operators.airflow.providers.docker.operators.docker.DockerOperator","filename":"docker.py","lineno":71}
{"timestamp":"2026-05-20T22:11:08.650961Z","level":"info","event":"\tat org.apache.spark.sql.execution.datasources.FileFormat$$anon$1.apply(FileFormat.scala:140)","logger":"airflow.task.operators.airflow.providers.docker.operators.docker.DockerOperator","filename":"docker.py","lineno":71}
{"timestamp":"2026-05-20T22:11:08.651011Z","level":"info","event":"\tat org.apache.spark.sql.execution.datasources.FileScanRDD$$anon$1.org$apache$spark$sql$execution$datasources$FileScanRDD$$anon$$readCurrentFile(FileScanRDD.scala:217)","logger":"airflow.task.operators.airflow.providers.docker.operators.docker.DockerOperator","filename":"docker.py","lineno":71}
{"timestamp":"2026-05-20T22:11:08.651062Z","level":"info","event":"\tat org.apache.spark.sql.execution.datasources.FileScanRDD$$anon$1.nextIterator(FileScanRDD.scala:279)","logger":"airflow.task.operators.airflow.providers.docker.operators.docker.DockerOperator","filename":"docker.py","lineno":71}
{"timestamp":"2026-05-20T22:11:08.651109Z","level":"info","event":"\tat org.apache.spark.sql.execution.datasources.FileScanRDD$$anon$1.hasNext(FileScanRDD.scala:129)","logger":"airflow.task.operators.airflow.providers.docker.operators.docker.DockerOperator","filename":"docker.py","lineno":71}
{"timestamp":"2026-05-20T22:11:08.651157Z","level":"info","event":"\tat scala.collection.Iterator$$anon$10.hasNext(Iterator.scala:460)","logger":"airflow.task.operators.airflow.providers.docker.operators.docker.DockerOperator","filename":"docker.py","lineno":71}
{"timestamp":"2026-05-20T22:11:08.651206Z","level":"info","event":"\tat org.apache.spark.sql.catalyst.expressions.GeneratedClass$GeneratedIteratorForCodegenStage1.processNext(Unknown Source)","logger":"airflow.task.operators.airflow.providers.docker.operators.docker.DockerOperator","filename":"docker.py","lineno":71}
{"timestamp":"2026-05-20T22:11:08.651332Z","level":"info","event":"\tat org.apache.spark.sql.execution.BufferedRowIterator.hasNext(BufferedRowIterator.java:43)","logger":"airflow.task.operators.airflow.providers.docker.operators.docker.DockerOperator","filename":"docker.py","lineno":71}
{"timestamp":"2026-05-20T22:11:08.651415Z","level":"info","event":"\tat org.apache.spark.sql.execution.WholeStageCodegenEvaluatorFactory$WholeStageCodegenPartitionEvaluator$$anon$1.hasNext(WholeStageCodegenEvaluatorFactory.scala:43)","logger":"airflow.task.operators.airflow.providers.docker.operators.docker.DockerOperator","filename":"docker.py","lineno":71}
{"timestamp":"2026-05-20T22:11:08.651514Z","level":"info","event":"\tat org.apache.spark.sql.execution.SparkPlan.$anonfun$getByteArrayRdd$1(SparkPlan.scala:388)","logger":"airflow.task.operators.airflow.providers.docker.operators.docker.DockerOperator","filename":"docker.py","lineno":71}
{"timestamp":"2026-05-20T22:11:08.651612Z","level":"info","event":"\tat org.apache.spark.rdd.RDD.$anonfun$mapPartitionsInternal$2(RDD.scala:890)","logger":"airflow.task.operators.airflow.providers.docker.operators.docker.DockerOperator","filename":"docker.py","lineno":71}
{"timestamp":"2026-05-20T22:11:08.651712Z","level":"info","event":"\tat org.apache.spark.rdd.RDD.$anonfun$mapPartitionsInternal$2$adapted(RDD.scala:890)","logger":"airflow.task.operators.airflow.providers.docker.operators.docker.DockerOperator","filename":"docker.py","lineno":71}
{"timestamp":"2026-05-20T22:11:08.651804Z","level":"info","event":"\tat org.apache.spark.rdd.MapPartitionsRDD.compute(MapPartitionsRDD.scala:52)","logger":"airflow.task.operators.airflow.providers.docker.operators.docker.DockerOperator","filename":"docker.py","lineno":71}
{"timestamp":"2026-05-20T22:11:08.652021Z","level":"info","event":"\tat org.apache.spark.rdd.RDD.computeOrReadCheckpoint(RDD.scala:364)","logger":"airflow.task.operators.airflow.providers.docker.operators.docker.DockerOperator","filename":"docker.py","lineno":71}
{"timestamp":"2026-05-20T22:11:08.652417Z","level":"info","event":"\tat org.apache.spark.rdd.RDD.iterator(RDD.scala:328)","logger":"airflow.task.operators.airflow.providers.docker.operators.docker.DockerOperator","filename":"docker.py","lineno":71}
{"timestamp":"2026-05-20T22:11:08.653211Z","level":"info","event":"\tat org.apache.spark.scheduler.ResultTask.runTask(ResultTask.scala:93)","logger":"airflow.task.operators.airflow.providers.docker.operators.docker.DockerOperator","filename":"docker.py","lineno":71}
{"timestamp":"2026-05-20T22:11:08.657105Z","level":"info","event":"\tat org.apache.spark.TaskContext.runTaskWithListeners(TaskContext.scala:161)","logger":"airflow.task.operators.airflow.providers.docker.operators.docker.DockerOperator","filename":"docker.py","lineno":71}
{"timestamp":"2026-05-20T22:11:08.657546Z","level":"info","event":"\tat org.apache.spark.scheduler.Task.run(Task.scala:141)","logger":"airflow.task.operators.airflow.providers.docker.operators.docker.DockerOperator","filename":"docker.py","lineno":71}
{"timestamp":"2026-05-20T22:11:08.657707Z","level":"info","event":"\tat org.apache.spark.executor.Executor$TaskRunner.$anonfun$run$4(Executor.scala:620)","logger":"airflow.task.operators.airflow.providers.docker.operators.docker.DockerOperator","filename":"docker.py","lineno":71}
{"timestamp":"2026-05-20T22:11:08.657804Z","level":"info","event":"\tat org.apache.spark.util.SparkErrorUtils.tryWithSafeFinally(SparkErrorUtils.scala:64)","logger":"airflow.task.operators.airflow.providers.docker.operators.docker.DockerOperator","filename":"docker.py","lineno":71}
{"timestamp":"2026-05-20T22:11:08.657938Z","level":"info","event":"\tat org.apache.spark.util.SparkErrorUtils.tryWithSafeFinally$(SparkErrorUtils.scala:61)","logger":"airflow.task.operators.airflow.providers.docker.operators.docker.DockerOperator","filename":"docker.py","lineno":71}
{"timestamp":"2026-05-20T22:11:08.658022Z","level":"info","event":"\tat org.apache.spark.util.Utils$.tryWithSafeFinally(Utils.scala:94)","logger":"airflow.task.operators.airflow.providers.docker.operators.docker.DockerOperator","filename":"docker.py","lineno":71}
{"timestamp":"2026-05-20T22:11:08.658087Z","level":"info","event":"\tat org.apache.spark.executor.Executor$TaskRunner.run(Executor.scala:623)","logger":"airflow.task.operators.airflow.providers.docker.operators.docker.DockerOperator","filename":"docker.py","lineno":71}
{"timestamp":"2026-05-20T22:11:08.658146Z","level":"info","event":"\tat java.base/java.util.concurrent.ThreadPoolExecutor.runWorker(Unknown Source)","logger":"airflow.task.operators.airflow.providers.docker.operators.docker.DockerOperator","filename":"docker.py","lineno":71}
{"timestamp":"2026-05-20T22:11:08.658207Z","level":"info","event":"\tat java.base/java.util.concurrent.ThreadPoolExecutor$Worker.run(Unknown Source)","logger":"airflow.task.operators.airflow.providers.docker.operators.docker.DockerOperator","filename":"docker.py","lineno":71}
{"timestamp":"2026-05-20T22:11:08.658265Z","level":"info","event":"\tat java.base/java.lang.Thread.run(Unknown Source)","logger":"airflow.task.operators.airflow.providers.docker.operators.docker.DockerOperator","filename":"docker.py","lineno":71}
{"timestamp":"2026-05-20T22:11:08.658324Z","level":"info","event":"Caused by: java.lang.ClassNotFoundException: Class org.apache.hadoop.fs.s3a.S3AFileSystem not found","logger":"airflow.task.operators.airflow.providers.docker.operators.docker.DockerOperator","filename":"docker.py","lineno":71}
{"timestamp":"2026-05-20T22:11:08.658389Z","level":"info","event":"\tat org.apache.hadoop.conf.Configuration.getClassByName(Configuration.java:2592)","logger":"airflow.task.operators.airflow.providers.docker.operators.docker.DockerOperator","filename":"docker.py","lineno":71}
{"timestamp":"2026-05-20T22:11:08.658455Z","level":"info","event":"\tat org.apache.hadoop.conf.Configuration.getClass(Configuration.java:2686)","logger":"airflow.task.operators.airflow.providers.docker.operators.docker.DockerOperator","filename":"docker.py","lineno":71}
{"timestamp":"2026-05-20T22:11:08.658523Z","level":"info","event":"\t... 37 more","logger":"airflow.task.operators.airflow.providers.docker.operators.docker.DockerOperator","filename":"docker.py","lineno":71}
{"timestamp":"2026-05-20T22:11:08.658592Z","level":"info","event":"","logger":"airflow.task.operators.airflow.providers.docker.operators.docker.DockerOperator","filename":"docker.py","lineno":71}
{"timestamp":"2026-05-20T22:11:08.658655Z","level":"info","event":"Driver stacktrace:","logger":"airflow.task.operators.airflow.providers.docker.operators.docker.DockerOperator","filename":"docker.py","lineno":71}
{"timestamp":"2026-05-20T22:11:08.658714Z","level":"info","event":"26/05/20 22:11:08 INFO DAGScheduler: ResultStage 5 (toString at <unknown>:0) failed in 3.324 s due to Job aborted due to stage failure: Task 0 in stage 5.0 failed 4 times, most recent failure: Lost task 0.3 in stage 5.0 (TID 23) (172.20.0.21 executor 1): java.lang.RuntimeException: java.lang.ClassNotFoundException: Class org.apache.hadoop.fs.s3a.S3AFileSystem not found","logger":"airflow.task.operators.airflow.providers.docker.operators.docker.DockerOperator","filename":"docker.py","lineno":71}
{"timestamp":"2026-05-20T22:11:08.658778Z","level":"info","event":"\tat org.apache.hadoop.conf.Configuration.getClass(Configuration.java:2688)","logger":"airflow.task.operators.airflow.providers.docker.operators.docker.DockerOperator","filename":"docker.py","lineno":71}
{"timestamp":"2026-05-20T22:11:08.658879Z","level":"info","event":"\tat org.apache.hadoop.fs.FileSystem.getFileSystemClass(FileSystem.java:3431)","logger":"airflow.task.operators.airflow.providers.docker.operators.docker.DockerOperator","filename":"docker.py","lineno":71}
{"timestamp":"2026-05-20T22:11:08.658961Z","level":"info","event":"\tat org.apache.hadoop.fs.FileSystem.createFileSystem(FileSystem.java:3466)","logger":"airflow.task.operators.airflow.providers.docker.operators.docker.DockerOperator","filename":"docker.py","lineno":71}
{"timestamp":"2026-05-20T22:11:08.659034Z","level":"info","event":"\tat org.apache.hadoop.fs.FileSystem.access$300(FileSystem.java:174)","logger":"airflow.task.operators.airflow.providers.docker.operators.docker.DockerOperator","filename":"docker.py","lineno":71}
{"timestamp":"2026-05-20T22:11:08.659103Z","level":"info","event":"\tat org.apache.hadoop.fs.FileSystem$Cache.getInternal(FileSystem.java:3574)","logger":"airflow.task.operators.airflow.providers.docker.operators.docker.DockerOperator","filename":"docker.py","lineno":71}
{"timestamp":"2026-05-20T22:11:08.659168Z","level":"info","event":"\tat org.apache.hadoop.fs.FileSystem$Cache.get(FileSystem.java:3521)","logger":"airflow.task.operators.airflow.providers.docker.operators.docker.DockerOperator","filename":"docker.py","lineno":71}
{"timestamp":"2026-05-20T22:11:08.659225Z","level":"info","event":"\tat org.apache.hadoop.fs.FileSystem.get(FileSystem.java:540)","logger":"airflow.task.operators.airflow.providers.docker.operators.docker.DockerOperator","filename":"docker.py","lineno":71}
{"timestamp":"2026-05-20T22:11:08.659278Z","level":"info","event":"\tat org.apache.hadoop.fs.Path.getFileSystem(Path.java:365)","logger":"airflow.task.operators.airflow.providers.docker.operators.docker.DockerOperator","filename":"docker.py","lineno":71}
{"timestamp":"2026-05-20T22:11:08.659328Z","level":"info","event":"\tat org.apache.hadoop.mapreduce.lib.input.LineRecordReader.initialize(LineRecordReader.java:88)","logger":"airflow.task.operators.airflow.providers.docker.operators.docker.DockerOperator","filename":"docker.py","lineno":71}
{"timestamp":"2026-05-20T22:11:08.659382Z","level":"info","event":"\tat org.apache.spark.sql.execution.datasources.HadoopFileLinesReader.<init>(HadoopFileLinesReader.scala:63)","logger":"airflow.task.operators.airflow.providers.docker.operators.docker.DockerOperator","filename":"docker.py","lineno":71}
{"timestamp":"2026-05-20T22:11:08.659441Z","level":"info","event":"\tat org.apache.spark.sql.execution.datasources.json.TextInputJsonDataSource$.readFile(JsonDataSource.scala:132)","logger":"airflow.task.operators.airflow.providers.docker.operators.docker.DockerOperator","filename":"docker.py","lineno":71}
{"timestamp":"2026-05-20T22:11:08.659508Z","level":"info","event":"\tat org.apache.spark.sql.execution.datasources.json.JsonFileFormat.$anonfun$buildReader$2(JsonFileFormat.scala:126)","logger":"airflow.task.operators.airflow.providers.docker.operators.docker.DockerOperator","filename":"docker.py","lineno":71}
{"timestamp":"2026-05-20T22:11:08.659575Z","level":"info","event":"\tat org.apache.spark.sql.execution.datasources.FileFormat$$anon$1.apply(FileFormat.scala:160)","logger":"airflow.task.operators.airflow.providers.docker.operators.docker.DockerOperator","filename":"docker.py","lineno":71}
{"timestamp":"2026-05-20T22:11:08.659639Z","level":"info","event":"\tat org.apache.spark.sql.execution.datasources.FileFormat$$anon$1.apply(FileFormat.scala:140)","logger":"airflow.task.operators.airflow.providers.docker.operators.docker.DockerOperator","filename":"docker.py","lineno":71}
{"timestamp":"2026-05-20T22:11:08.659698Z","level":"info","event":"\tat org.apache.spark.sql.execution.datasources.FileScanRDD$$anon$1.org$apache$spark$sql$execution$datasources$FileScanRDD$$anon$$readCurrentFile(FileScanRDD.scala:217)","logger":"airflow.task.operators.airflow.providers.docker.operators.docker.DockerOperator","filename":"docker.py","lineno":71}
{"timestamp":"2026-05-20T22:11:08.659759Z","level":"info","event":"\tat org.apache.spark.sql.execution.datasources.FileScanRDD$$anon$1.nextIterator(FileScanRDD.scala:279)","logger":"airflow.task.operators.airflow.providers.docker.operators.docker.DockerOperator","filename":"docker.py","lineno":71}
{"timestamp":"2026-05-20T22:11:08.659900Z","level":"info","event":"\tat org.apache.spark.sql.execution.datasources.FileScanRDD$$anon$1.hasNext(FileScanRDD.scala:129)","logger":"airflow.task.operators.airflow.providers.docker.operators.docker.DockerOperator","filename":"docker.py","lineno":71}
{"timestamp":"2026-05-20T22:11:08.660032Z","level":"info","event":"\tat scala.collection.Iterator$$anon$10.hasNext(Iterator.scala:460)","logger":"airflow.task.operators.airflow.providers.docker.operators.docker.DockerOperator","filename":"docker.py","lineno":71}
{"timestamp":"2026-05-20T22:11:08.660098Z","level":"info","event":"\tat org.apache.spark.sql.catalyst.expressions.GeneratedClass$GeneratedIteratorForCodegenStage1.processNext(Unknown Source)","logger":"airflow.task.operators.airflow.providers.docker.operators.docker.DockerOperator","filename":"docker.py","lineno":71}
{"timestamp":"2026-05-20T22:11:08.660157Z","level":"info","event":"\tat org.apache.spark.sql.execution.BufferedRowIterator.hasNext(BufferedRowIterator.java:43)","logger":"airflow.task.operators.airflow.providers.docker.operators.docker.DockerOperator","filename":"docker.py","lineno":71}
{"timestamp":"2026-05-20T22:11:08.660215Z","level":"info","event":"\tat org.apache.spark.sql.execution.WholeStageCodegenEvaluatorFactory$WholeStageCodegenPartitionEvaluator$$anon$1.hasNext(WholeStageCodegenEvaluatorFactory.scala:43)","logger":"airflow.task.operators.airflow.providers.docker.operators.docker.DockerOperator","filename":"docker.py","lineno":71}
{"timestamp":"2026-05-20T22:11:08.660273Z","level":"info","event":"\tat org.apache.spark.sql.execution.SparkPlan.$anonfun$getByteArrayRdd$1(SparkPlan.scala:388)","logger":"airflow.task.operators.airflow.providers.docker.operators.docker.DockerOperator","filename":"docker.py","lineno":71}
{"timestamp":"2026-05-20T22:11:08.660334Z","level":"info","event":"\tat org.apache.spark.rdd.RDD.$anonfun$mapPartitionsInternal$2(RDD.scala:890)","logger":"airflow.task.operators.airflow.providers.docker.operators.docker.DockerOperator","filename":"docker.py","lineno":71}
{"timestamp":"2026-05-20T22:11:08.660394Z","level":"info","event":"\tat org.apache.spark.rdd.RDD.$anonfun$mapPartitionsInternal$2$adapted(RDD.scala:890)","logger":"airflow.task.operators.airflow.providers.docker.operators.docker.DockerOperator","filename":"docker.py","lineno":71}
{"timestamp":"2026-05-20T22:11:08.660452Z","level":"info","event":"\tat org.apache.spark.rdd.MapPartitionsRDD.compute(MapPartitionsRDD.scala:52)","logger":"airflow.task.operators.airflow.providers.docker.operators.docker.DockerOperator","filename":"docker.py","lineno":71}
{"timestamp":"2026-05-20T22:11:08.660510Z","level":"info","event":"\tat org.apache.spark.rdd.RDD.computeOrReadCheckpoint(RDD.scala:364)","logger":"airflow.task.operators.airflow.providers.docker.operators.docker.DockerOperator","filename":"docker.py","lineno":71}
{"timestamp":"2026-05-20T22:11:08.660565Z","level":"info","event":"\tat org.apache.spark.rdd.RDD.iterator(RDD.scala:328)","logger":"airflow.task.operators.airflow.providers.docker.operators.docker.DockerOperator","filename":"docker.py","lineno":71}
{"timestamp":"2026-05-20T22:11:08.660621Z","level":"info","event":"\tat org.apache.spark.scheduler.ResultTask.runTask(ResultTask.scala:93)","logger":"airflow.task.operators.airflow.providers.docker.operators.docker.DockerOperator","filename":"docker.py","lineno":71}
{"timestamp":"2026-05-20T22:11:08.660676Z","level":"info","event":"\tat org.apache.spark.TaskContext.runTaskWithListeners(TaskContext.scala:161)","logger":"airflow.task.operators.airflow.providers.docker.operators.docker.DockerOperator","filename":"docker.py","lineno":71}
{"timestamp":"2026-05-20T22:11:08.660729Z","level":"info","event":"\tat org.apache.spark.scheduler.Task.run(Task.scala:141)","logger":"airflow.task.operators.airflow.providers.docker.operators.docker.DockerOperator","filename":"docker.py","lineno":71}
{"timestamp":"2026-05-20T22:11:08.660786Z","level":"info","event":"\tat org.apache.spark.executor.Executor$TaskRunner.$anonfun$run$4(Executor.scala:620)","logger":"airflow.task.operators.airflow.providers.docker.operators.docker.DockerOperator","filename":"docker.py","lineno":71}
{"timestamp":"2026-05-20T22:11:08.660874Z","level":"info","event":"\tat org.apache.spark.util.SparkErrorUtils.tryWithSafeFinally(SparkErrorUtils.scala:64)","logger":"airflow.task.operators.airflow.providers.docker.operators.docker.DockerOperator","filename":"docker.py","lineno":71}
{"timestamp":"2026-05-20T22:11:08.660949Z","level":"info","event":"\tat org.apache.spark.util.SparkErrorUtils.tryWithSafeFinally$(SparkErrorUtils.scala:61)","logger":"airflow.task.operators.airflow.providers.docker.operators.docker.DockerOperator","filename":"docker.py","lineno":71}
{"timestamp":"2026-05-20T22:11:08.661010Z","level":"info","event":"\tat org.apache.spark.util.Utils$.tryWithSafeFinally(Utils.scala:94)","logger":"airflow.task.operators.airflow.providers.docker.operators.docker.DockerOperator","filename":"docker.py","lineno":71}
{"timestamp":"2026-05-20T22:11:08.661067Z","level":"info","event":"\tat org.apache.spark.executor.Executor$TaskRunner.run(Executor.scala:623)","logger":"airflow.task.operators.airflow.providers.docker.operators.docker.DockerOperator","filename":"docker.py","lineno":71}
{"timestamp":"2026-05-20T22:11:08.661124Z","level":"info","event":"\tat java.base/java.util.concurrent.ThreadPoolExecutor.runWorker(Unknown Source)","logger":"airflow.task.operators.airflow.providers.docker.operators.docker.DockerOperator","filename":"docker.py","lineno":71}
{"timestamp":"2026-05-20T22:11:08.661180Z","level":"info","event":"\tat java.base/java.util.concurrent.ThreadPoolExecutor$Worker.run(Unknown Source)","logger":"airflow.task.operators.airflow.providers.docker.operators.docker.DockerOperator","filename":"docker.py","lineno":71}
{"timestamp":"2026-05-20T22:11:08.661234Z","level":"info","event":"\tat java.base/java.lang.Thread.run(Unknown Source)","logger":"airflow.task.operators.airflow.providers.docker.operators.docker.DockerOperator","filename":"docker.py","lineno":71}
{"timestamp":"2026-05-20T22:11:08.661292Z","level":"info","event":"Caused by: java.lang.ClassNotFoundException: Class org.apache.hadoop.fs.s3a.S3AFileSystem not found","logger":"airflow.task.operators.airflow.providers.docker.operators.docker.DockerOperator","filename":"docker.py","lineno":71}
{"timestamp":"2026-05-20T22:11:08.661350Z","level":"info","event":"\tat org.apache.hadoop.conf.Configuration.getClassByName(Configuration.java:2592)","logger":"airflow.task.operators.airflow.providers.docker.operators.docker.DockerOperator","filename":"docker.py","lineno":71}
{"timestamp":"2026-05-20T22:11:08.661407Z","level":"info","event":"\tat org.apache.hadoop.conf.Configuration.getClass(Configuration.java:2686)","logger":"airflow.task.operators.airflow.providers.docker.operators.docker.DockerOperator","filename":"docker.py","lineno":71}
{"timestamp":"2026-05-20T22:11:08.661466Z","level":"info","event":"\t... 37 more","logger":"airflow.task.operators.airflow.providers.docker.operators.docker.DockerOperator","filename":"docker.py","lineno":71}
{"timestamp":"2026-05-20T22:11:08.661523Z","level":"info","event":"","logger":"airflow.task.operators.airflow.providers.docker.operators.docker.DockerOperator","filename":"docker.py","lineno":71}
{"timestamp":"2026-05-20T22:11:08.661582Z","level":"info","event":"Driver stacktrace:","logger":"airflow.task.operators.airflow.providers.docker.operators.docker.DockerOperator","filename":"docker.py","lineno":71}
{"timestamp":"2026-05-20T22:11:08.661819Z","level":"info","event":"26/05/20 22:11:08 INFO DAGScheduler: Job 2 failed: toString at <unknown>:0, took 3.596922 s","logger":"airflow.task.operators.airflow.providers.docker.operators.docker.DockerOperator","filename":"docker.py","lineno":71}
{"timestamp":"2026-05-20T22:11:08.682204Z","level":"info","event":"26/05/20 22:11:08 INFO TaskSetManager: Lost task 0.3 in stage 1.0 (TID 26) on 172.20.0.21, executor 1: java.lang.RuntimeException (java.lang.ClassNotFoundException: Class org.apache.hadoop.fs.s3a.S3AFileSystem not found) [duplicate 3]","logger":"airflow.task.operators.airflow.providers.docker.operators.docker.DockerOperator","filename":"docker.py","lineno":71}
{"timestamp":"2026-05-20T22:11:08.682724Z","level":"info","event":"26/05/20 22:11:08 ERROR TaskSetManager: Task 0 in stage 1.0 failed 4 times; aborting job","logger":"airflow.task.operators.airflow.providers.docker.operators.docker.DockerOperator","filename":"docker.py","lineno":71}
{"timestamp":"2026-05-20T22:11:08.682929Z","level":"info","event":"26/05/20 22:11:08 INFO TaskSchedulerImpl: Removed TaskSet 1.0, whose tasks have all completed, from pool","logger":"airflow.task.operators.airflow.providers.docker.operators.docker.DockerOperator","filename":"docker.py","lineno":71}
{"timestamp":"2026-05-20T22:11:08.683048Z","level":"info","event":"26/05/20 22:11:08 INFO TaskSchedulerImpl: Cancelling stage 1","logger":"airflow.task.operators.airflow.providers.docker.operators.docker.DockerOperator","filename":"docker.py","lineno":71}
{"timestamp":"2026-05-20T22:11:08.683137Z","level":"info","event":"26/05/20 22:11:08 INFO TaskSchedulerImpl: Killing all running tasks in stage 1: Stage cancelled: Job aborted due to stage failure: Task 0 in stage 1.0 failed 4 times, most recent failure: Lost task 0.3 in stage 1.0 (TID 26) (172.20.0.21 executor 1): java.lang.RuntimeException: java.lang.ClassNotFoundException: Class org.apache.hadoop.fs.s3a.S3AFileSystem not found","logger":"airflow.task.operators.airflow.providers.docker.operators.docker.DockerOperator","filename":"docker.py","lineno":71}
{"timestamp":"2026-05-20T22:11:08.683225Z","level":"info","event":"\tat org.apache.hadoop.conf.Configuration.getClass(Configuration.java:2688)","logger":"airflow.task.operators.airflow.providers.docker.operators.docker.DockerOperator","filename":"docker.py","lineno":71}
{"timestamp":"2026-05-20T22:11:08.683314Z","level":"info","event":"\tat org.apache.hadoop.fs.FileSystem.getFileSystemClass(FileSystem.java:3431)","logger":"airflow.task.operators.airflow.providers.docker.operators.docker.DockerOperator","filename":"docker.py","lineno":71}
{"timestamp":"2026-05-20T22:11:08.683397Z","level":"info","event":"\tat org.apache.hadoop.fs.FileSystem.createFileSystem(FileSystem.java:3466)","logger":"airflow.task.operators.airflow.providers.docker.operators.docker.DockerOperator","filename":"docker.py","lineno":71}
{"timestamp":"2026-05-20T22:11:08.683475Z","level":"info","event":"\tat org.apache.hadoop.fs.FileSystem.access$300(FileSystem.java:174)","logger":"airflow.task.operators.airflow.providers.docker.operators.docker.DockerOperator","filename":"docker.py","lineno":71}
{"timestamp":"2026-05-20T22:11:08.683576Z","level":"info","event":"\tat org.apache.hadoop.fs.FileSystem$Cache.getInternal(FileSystem.java:3574)","logger":"airflow.task.operators.airflow.providers.docker.operators.docker.DockerOperator","filename":"docker.py","lineno":71}
{"timestamp":"2026-05-20T22:11:08.683653Z","level":"info","event":"\tat org.apache.hadoop.fs.FileSystem$Cache.get(FileSystem.java:3521)","logger":"airflow.task.operators.airflow.providers.docker.operators.docker.DockerOperator","filename":"docker.py","lineno":71}
{"timestamp":"2026-05-20T22:11:08.683730Z","level":"info","event":"\tat org.apache.hadoop.fs.FileSystem.get(FileSystem.java:540)","logger":"airflow.task.operators.airflow.providers.docker.operators.docker.DockerOperator","filename":"docker.py","lineno":71}
{"timestamp":"2026-05-20T22:11:08.683800Z","level":"info","event":"\tat org.apache.hadoop.fs.Path.getFileSystem(Path.java:365)","logger":"airflow.task.operators.airflow.providers.docker.operators.docker.DockerOperator","filename":"docker.py","lineno":71}
{"timestamp":"2026-05-20T22:11:08.683933Z","level":"info","event":"\tat org.apache.hadoop.mapreduce.lib.input.LineRecordReader.initialize(LineRecordReader.java:88)","logger":"airflow.task.operators.airflow.providers.docker.operators.docker.DockerOperator","filename":"docker.py","lineno":71}
{"timestamp":"2026-05-20T22:11:08.684014Z","level":"info","event":"\tat org.apache.spark.sql.execution.datasources.HadoopFileLinesReader.<init>(HadoopFileLinesReader.scala:63)","logger":"airflow.task.operators.airflow.providers.docker.operators.docker.DockerOperator","filename":"docker.py","lineno":71}
{"timestamp":"2026-05-20T22:11:08.684078Z","level":"info","event":"\tat org.apache.spark.sql.execution.datasources.json.TextInputJsonDataSource$.readFile(JsonDataSource.scala:132)","logger":"airflow.task.operators.airflow.providers.docker.operators.docker.DockerOperator","filename":"docker.py","lineno":71}
{"timestamp":"2026-05-20T22:11:08.684139Z","level":"info","event":"\tat org.apache.spark.sql.execution.datasources.json.JsonFileFormat.$anonfun$buildReader$2(JsonFileFormat.scala:126)","logger":"airflow.task.operators.airflow.providers.docker.operators.docker.DockerOperator","filename":"docker.py","lineno":71}
{"timestamp":"2026-05-20T22:11:08.684211Z","level":"info","event":"\tat org.apache.spark.sql.execution.datasources.FileFormat$$anon$1.apply(FileFormat.scala:160)","logger":"airflow.task.operators.airflow.providers.docker.operators.docker.DockerOperator","filename":"docker.py","lineno":71}
{"timestamp":"2026-05-20T22:11:08.684280Z","level":"info","event":"\tat org.apache.spark.sql.execution.datasources.FileFormat$$anon$1.apply(FileFormat.scala:140)","logger":"airflow.task.operators.airflow.providers.docker.operators.docker.DockerOperator","filename":"docker.py","lineno":71}
{"timestamp":"2026-05-20T22:11:08.684364Z","level":"info","event":"\tat org.apache.spark.sql.execution.datasources.FileScanRDD$$anon$1.org$apache$spark$sql$execution$datasources$FileScanRDD$$anon$$readCurrentFile(FileScanRDD.scala:217)","logger":"airflow.task.operators.airflow.providers.docker.operators.docker.DockerOperator","filename":"docker.py","lineno":71}
{"timestamp":"2026-05-20T22:11:08.684428Z","level":"info","event":"\tat org.apache.spark.sql.execution.datasources.FileScanRDD$$anon$1.nextIterator(FileScanRDD.scala:279)","logger":"airflow.task.operators.airflow.providers.docker.operators.docker.DockerOperator","filename":"docker.py","lineno":71}
{"timestamp":"2026-05-20T22:11:08.684494Z","level":"info","event":"\tat org.apache.spark.sql.execution.datasources.FileScanRDD$$anon$1.hasNext(FileScanRDD.scala:129)","logger":"airflow.task.operators.airflow.providers.docker.operators.docker.DockerOperator","filename":"docker.py","lineno":71}
{"timestamp":"2026-05-20T22:11:08.684558Z","level":"info","event":"\tat scala.collection.Iterator$$anon$10.hasNext(Iterator.scala:460)","logger":"airflow.task.operators.airflow.providers.docker.operators.docker.DockerOperator","filename":"docker.py","lineno":71}
{"timestamp":"2026-05-20T22:11:08.684631Z","level":"info","event":"\tat org.apache.spark.sql.catalyst.expressions.GeneratedClass$GeneratedIteratorForCodegenStage1.processNext(Unknown Source)","logger":"airflow.task.operators.airflow.providers.docker.operators.docker.DockerOperator","filename":"docker.py","lineno":71}
{"timestamp":"2026-05-20T22:11:08.684692Z","level":"info","event":"\tat org.apache.spark.sql.execution.BufferedRowIterator.hasNext(BufferedRowIterator.java:43)","logger":"airflow.task.operators.airflow.providers.docker.operators.docker.DockerOperator","filename":"docker.py","lineno":71}
{"timestamp":"2026-05-20T22:11:08.684748Z","level":"info","event":"\tat org.apache.spark.sql.execution.WholeStageCodegenEvaluatorFactory$WholeStageCodegenPartitionEvaluator$$anon$1.hasNext(WholeStageCodegenEvaluatorFactory.scala:43)","logger":"airflow.task.operators.airflow.providers.docker.operators.docker.DockerOperator","filename":"docker.py","lineno":71}
{"timestamp":"2026-05-20T22:11:08.684804Z","level":"info","event":"\tat org.apache.spark.sql.execution.SparkPlan.$anonfun$getByteArrayRdd$1(SparkPlan.scala:388)","logger":"airflow.task.operators.airflow.providers.docker.operators.docker.DockerOperator","filename":"docker.py","lineno":71}
{"timestamp":"2026-05-20T22:11:08.684883Z","level":"info","event":"\tat org.apache.spark.rdd.RDD.$anonfun$mapPartitionsInternal$2(RDD.scala:890)","logger":"airflow.task.operators.airflow.providers.docker.operators.docker.DockerOperator","filename":"docker.py","lineno":71}
{"timestamp":"2026-05-20T22:11:08.684932Z","level":"info","event":"\tat org.apache.spark.rdd.RDD.$anonfun$mapPartitionsInternal$2$adapted(RDD.scala:890)","logger":"airflow.task.operators.airflow.providers.docker.operators.docker.DockerOperator","filename":"docker.py","lineno":71}
{"timestamp":"2026-05-20T22:11:08.684975Z","level":"info","event":"\tat org.apache.spark.rdd.MapPartitionsRDD.compute(MapPartitionsRDD.scala:52)","logger":"airflow.task.operators.airflow.providers.docker.operators.docker.DockerOperator","filename":"docker.py","lineno":71}
{"timestamp":"2026-05-20T22:11:08.685016Z","level":"info","event":"\tat org.apache.spark.rdd.RDD.computeOrReadCheckpoint(RDD.scala:364)","logger":"airflow.task.operators.airflow.providers.docker.operators.docker.DockerOperator","filename":"docker.py","lineno":71}
{"timestamp":"2026-05-20T22:11:08.685059Z","level":"info","event":"\tat org.apache.spark.rdd.RDD.iterator(RDD.scala:328)","logger":"airflow.task.operators.airflow.providers.docker.operators.docker.DockerOperator","filename":"docker.py","lineno":71}
{"timestamp":"2026-05-20T22:11:08.685120Z","level":"info","event":"\tat org.apache.spark.scheduler.ResultTask.runTask(ResultTask.scala:93)","logger":"airflow.task.operators.airflow.providers.docker.operators.docker.DockerOperator","filename":"docker.py","lineno":71}
{"timestamp":"2026-05-20T22:11:08.685171Z","level":"info","event":"\tat org.apache.spark.TaskContext.runTaskWithListeners(TaskContext.scala:161)","logger":"airflow.task.operators.airflow.providers.docker.operators.docker.DockerOperator","filename":"docker.py","lineno":71}
{"timestamp":"2026-05-20T22:11:08.685213Z","level":"info","event":"\tat org.apache.spark.scheduler.Task.run(Task.scala:141)","logger":"airflow.task.operators.airflow.providers.docker.operators.docker.DockerOperator","filename":"docker.py","lineno":71}
{"timestamp":"2026-05-20T22:11:08.685253Z","level":"info","event":"\tat org.apache.spark.executor.Executor$TaskRunner.$anonfun$run$4(Executor.scala:620)","logger":"airflow.task.operators.airflow.providers.docker.operators.docker.DockerOperator","filename":"docker.py","lineno":71}
{"timestamp":"2026-05-20T22:11:08.685302Z","level":"info","event":"\tat org.apache.spark.util.SparkErrorUtils.tryWithSafeFinally(SparkErrorUtils.scala:64)","logger":"airflow.task.operators.airflow.providers.docker.operators.docker.DockerOperator","filename":"docker.py","lineno":71}
{"timestamp":"2026-05-20T22:11:08.685345Z","level":"info","event":"\tat org.apache.spark.util.SparkErrorUtils.tryWithSafeFinally$(SparkErrorUtils.scala:61)","logger":"airflow.task.operators.airflow.providers.docker.operators.docker.DockerOperator","filename":"docker.py","lineno":71}
{"timestamp":"2026-05-20T22:11:08.685385Z","level":"info","event":"\tat org.apache.spark.util.Utils$.tryWithSafeFinally(Utils.scala:94)","logger":"airflow.task.operators.airflow.providers.docker.operators.docker.DockerOperator","filename":"docker.py","lineno":71}
{"timestamp":"2026-05-20T22:11:08.685425Z","level":"info","event":"\tat org.apache.spark.executor.Executor$TaskRunner.run(Executor.scala:623)","logger":"airflow.task.operators.airflow.providers.docker.operators.docker.DockerOperator","filename":"docker.py","lineno":71}
{"timestamp":"2026-05-20T22:11:08.685465Z","level":"info","event":"\tat java.base/java.util.concurrent.ThreadPoolExecutor.runWorker(Unknown Source)","logger":"airflow.task.operators.airflow.providers.docker.operators.docker.DockerOperator","filename":"docker.py","lineno":71}
{"timestamp":"2026-05-20T22:11:08.685504Z","level":"info","event":"\tat java.base/java.util.concurrent.ThreadPoolExecutor$Worker.run(Unknown Source)","logger":"airflow.task.operators.airflow.providers.docker.operators.docker.DockerOperator","filename":"docker.py","lineno":71}
{"timestamp":"2026-05-20T22:11:08.685544Z","level":"info","event":"\tat java.base/java.lang.Thread.run(Unknown Source)","logger":"airflow.task.operators.airflow.providers.docker.operators.docker.DockerOperator","filename":"docker.py","lineno":71}
{"timestamp":"2026-05-20T22:11:08.685584Z","level":"info","event":"Caused by: java.lang.ClassNotFoundException: Class org.apache.hadoop.fs.s3a.S3AFileSystem not found","logger":"airflow.task.operators.airflow.providers.docker.operators.docker.DockerOperator","filename":"docker.py","lineno":71}
{"timestamp":"2026-05-20T22:11:08.685625Z","level":"info","event":"\tat org.apache.hadoop.conf.Configuration.getClassByName(Configuration.java:2592)","logger":"airflow.task.operators.airflow.providers.docker.operators.docker.DockerOperator","filename":"docker.py","lineno":71}
{"timestamp":"2026-05-20T22:11:08.685667Z","level":"info","event":"\tat org.apache.hadoop.conf.Configuration.getClass(Configuration.java:2686)","logger":"airflow.task.operators.airflow.providers.docker.operators.docker.DockerOperator","filename":"docker.py","lineno":71}
{"timestamp":"2026-05-20T22:11:08.685708Z","level":"info","event":"\t... 37 more","logger":"airflow.task.operators.airflow.providers.docker.operators.docker.DockerOperator","filename":"docker.py","lineno":71}
{"timestamp":"2026-05-20T22:11:08.685749Z","level":"info","event":"","logger":"airflow.task.operators.airflow.providers.docker.operators.docker.DockerOperator","filename":"docker.py","lineno":71}
{"timestamp":"2026-05-20T22:11:08.685791Z","level":"info","event":"Driver stacktrace:","logger":"airflow.task.operators.airflow.providers.docker.operators.docker.DockerOperator","filename":"docker.py","lineno":71}
{"timestamp":"2026-05-20T22:11:08.686056Z","level":"info","event":"26/05/20 22:11:08 INFO DAGScheduler: ResultStage 1 (toString at <unknown>:0) failed in 3.488 s due to Job aborted due to stage failure: Task 0 in stage 1.0 failed 4 times, most recent failure: Lost task 0.3 in stage 1.0 (TID 26) (172.20.0.21 executor 1): java.lang.RuntimeException: java.lang.ClassNotFoundException: Class org.apache.hadoop.fs.s3a.S3AFileSystem not found","logger":"airflow.task.operators.airflow.providers.docker.operators.docker.DockerOperator","filename":"docker.py","lineno":71}
{"timestamp":"2026-05-20T22:11:08.686164Z","level":"info","event":"\tat org.apache.hadoop.conf.Configuration.getClass(Configuration.java:2688)","logger":"airflow.task.operators.airflow.providers.docker.operators.docker.DockerOperator","filename":"docker.py","lineno":71}
{"timestamp":"2026-05-20T22:11:08.686223Z","level":"info","event":"\tat org.apache.hadoop.fs.FileSystem.getFileSystemClass(FileSystem.java:3431)","logger":"airflow.task.operators.airflow.providers.docker.operators.docker.DockerOperator","filename":"docker.py","lineno":71}
{"timestamp":"2026-05-20T22:11:08.686267Z","level":"info","event":"\tat org.apache.hadoop.fs.FileSystem.createFileSystem(FileSystem.java:3466)","logger":"airflow.task.operators.airflow.providers.docker.operators.docker.DockerOperator","filename":"docker.py","lineno":71}
{"timestamp":"2026-05-20T22:11:08.686318Z","level":"info","event":"\tat org.apache.hadoop.fs.FileSystem.access$300(FileSystem.java:174)","logger":"airflow.task.operators.airflow.providers.docker.operators.docker.DockerOperator","filename":"docker.py","lineno":71}
{"timestamp":"2026-05-20T22:11:08.686363Z","level":"info","event":"\tat org.apache.hadoop.fs.FileSystem$Cache.getInternal(FileSystem.java:3574)","logger":"airflow.task.operators.airflow.providers.docker.operators.docker.DockerOperator","filename":"docker.py","lineno":71}
{"timestamp":"2026-05-20T22:11:08.686404Z","level":"info","event":"\tat org.apache.hadoop.fs.FileSystem$Cache.get(FileSystem.java:3521)","logger":"airflow.task.operators.airflow.providers.docker.operators.docker.DockerOperator","filename":"docker.py","lineno":71}
{"timestamp":"2026-05-20T22:11:08.686443Z","level":"info","event":"\tat org.apache.hadoop.fs.FileSystem.get(FileSystem.java:540)","logger":"airflow.task.operators.airflow.providers.docker.operators.docker.DockerOperator","filename":"docker.py","lineno":71}
{"timestamp":"2026-05-20T22:11:08.686484Z","level":"info","event":"\tat org.apache.hadoop.fs.Path.getFileSystem(Path.java:365)","logger":"airflow.task.operators.airflow.providers.docker.operators.docker.DockerOperator","filename":"docker.py","lineno":71}
{"timestamp":"2026-05-20T22:11:08.686528Z","level":"info","event":"\tat org.apache.hadoop.mapreduce.lib.input.LineRecordReader.initialize(LineRecordReader.java:88)","logger":"airflow.task.operators.airflow.providers.docker.operators.docker.DockerOperator","filename":"docker.py","lineno":71}
{"timestamp":"2026-05-20T22:11:08.686577Z","level":"info","event":"\tat org.apache.spark.sql.execution.datasources.HadoopFileLinesReader.<init>(HadoopFileLinesReader.scala:63)","logger":"airflow.task.operators.airflow.providers.docker.operators.docker.DockerOperator","filename":"docker.py","lineno":71}
{"timestamp":"2026-05-20T22:11:08.686634Z","level":"info","event":"\tat org.apache.spark.sql.execution.datasources.json.TextInputJsonDataSource$.readFile(JsonDataSource.scala:132)","logger":"airflow.task.operators.airflow.providers.docker.operators.docker.DockerOperator","filename":"docker.py","lineno":71}
{"timestamp":"2026-05-20T22:11:08.686692Z","level":"info","event":"\tat org.apache.spark.sql.execution.datasources.json.JsonFileFormat.$anonfun$buildReader$2(JsonFileFormat.scala:126)","logger":"airflow.task.operators.airflow.providers.docker.operators.docker.DockerOperator","filename":"docker.py","lineno":71}
{"timestamp":"2026-05-20T22:11:08.686748Z","level":"info","event":"\tat org.apache.spark.sql.execution.datasources.FileFormat$$anon$1.apply(FileFormat.scala:160)","logger":"airflow.task.operators.airflow.providers.docker.operators.docker.DockerOperator","filename":"docker.py","lineno":71}
{"timestamp":"2026-05-20T22:11:08.686804Z","level":"info","event":"\tat org.apache.spark.sql.execution.datasources.FileFormat$$anon$1.apply(FileFormat.scala:140)","logger":"airflow.task.operators.airflow.providers.docker.operators.docker.DockerOperator","filename":"docker.py","lineno":71}
{"timestamp":"2026-05-20T22:11:08.686881Z","level":"info","event":"\tat org.apache.spark.sql.execution.datasources.FileScanRDD$$anon$1.org$apache$spark$sql$execution$datasources$FileScanRDD$$anon$$readCurrentFile(FileScanRDD.scala:217)","logger":"airflow.task.operators.airflow.providers.docker.operators.docker.DockerOperator","filename":"docker.py","lineno":71}
{"timestamp":"2026-05-20T22:11:08.686963Z","level":"info","event":"\tat org.apache.spark.sql.execution.datasources.FileScanRDD$$anon$1.nextIterator(FileScanRDD.scala:279)","logger":"airflow.task.operators.airflow.providers.docker.operators.docker.DockerOperator","filename":"docker.py","lineno":71}
{"timestamp":"2026-05-20T22:11:08.687025Z","level":"info","event":"\tat org.apache.spark.sql.execution.datasources.FileScanRDD$$anon$1.hasNext(FileScanRDD.scala:129)","logger":"airflow.task.operators.airflow.providers.docker.operators.docker.DockerOperator","filename":"docker.py","lineno":71}
{"timestamp":"2026-05-20T22:11:08.687082Z","level":"info","event":"\tat scala.collection.Iterator$$anon$10.hasNext(Iterator.scala:460)","logger":"airflow.task.operators.airflow.providers.docker.operators.docker.DockerOperator","filename":"docker.py","lineno":71}
{"timestamp":"2026-05-20T22:11:08.687133Z","level":"info","event":"\tat org.apache.spark.sql.catalyst.expressions.GeneratedClass$GeneratedIteratorForCodegenStage1.processNext(Unknown Source)","logger":"airflow.task.operators.airflow.providers.docker.operators.docker.DockerOperator","filename":"docker.py","lineno":71}
{"timestamp":"2026-05-20T22:11:08.687183Z","level":"info","event":"\tat org.apache.spark.sql.execution.BufferedRowIterator.hasNext(BufferedRowIterator.java:43)","logger":"airflow.task.operators.airflow.providers.docker.operators.docker.DockerOperator","filename":"docker.py","lineno":71}
{"timestamp":"2026-05-20T22:11:08.687231Z","level":"info","event":"\tat org.apache.spark.sql.execution.WholeStageCodegenEvaluatorFactory$WholeStageCodegenPartitionEvaluator$$anon$1.hasNext(WholeStageCodegenEvaluatorFactory.scala:43)","logger":"airflow.task.operators.airflow.providers.docker.operators.docker.DockerOperator","filename":"docker.py","lineno":71}
{"timestamp":"2026-05-20T22:11:08.687278Z","level":"info","event":"\tat org.apache.spark.sql.execution.SparkPlan.$anonfun$getByteArrayRdd$1(SparkPlan.scala:388)","logger":"airflow.task.operators.airflow.providers.docker.operators.docker.DockerOperator","filename":"docker.py","lineno":71}
{"timestamp":"2026-05-20T22:11:08.687339Z","level":"info","event":"\tat org.apache.spark.rdd.RDD.$anonfun$mapPartitionsInternal$2(RDD.scala:890)","logger":"airflow.task.operators.airflow.providers.docker.operators.docker.DockerOperator","filename":"docker.py","lineno":71}
{"timestamp":"2026-05-20T22:11:08.687390Z","level":"info","event":"\tat org.apache.spark.rdd.RDD.$anonfun$mapPartitionsInternal$2$adapted(RDD.scala:890)","logger":"airflow.task.operators.airflow.providers.docker.operators.docker.DockerOperator","filename":"docker.py","lineno":71}
{"timestamp":"2026-05-20T22:11:08.687440Z","level":"info","event":"\tat org.apache.spark.rdd.MapPartitionsRDD.compute(MapPartitionsRDD.scala:52)","logger":"airflow.task.operators.airflow.providers.docker.operators.docker.DockerOperator","filename":"docker.py","lineno":71}
{"timestamp":"2026-05-20T22:11:08.687487Z","level":"info","event":"\tat org.apache.spark.rdd.RDD.computeOrReadCheckpoint(RDD.scala:364)","logger":"airflow.task.operators.airflow.providers.docker.operators.docker.DockerOperator","filename":"docker.py","lineno":71}
{"timestamp":"2026-05-20T22:11:08.687532Z","level":"info","event":"\tat org.apache.spark.rdd.RDD.iterator(RDD.scala:328)","logger":"airflow.task.operators.airflow.providers.docker.operators.docker.DockerOperator","filename":"docker.py","lineno":71}
{"timestamp":"2026-05-20T22:11:08.687583Z","level":"info","event":"\tat org.apache.spark.scheduler.ResultTask.runTask(ResultTask.scala:93)","logger":"airflow.task.operators.airflow.providers.docker.operators.docker.DockerOperator","filename":"docker.py","lineno":71}
{"timestamp":"2026-05-20T22:11:08.687632Z","level":"info","event":"\tat org.apache.spark.TaskContext.runTaskWithListeners(TaskContext.scala:161)","logger":"airflow.task.operators.airflow.providers.docker.operators.docker.DockerOperator","filename":"docker.py","lineno":71}
{"timestamp":"2026-05-20T22:11:08.687684Z","level":"info","event":"\tat org.apache.spark.scheduler.Task.run(Task.scala:141)","logger":"airflow.task.operators.airflow.providers.docker.operators.docker.DockerOperator","filename":"docker.py","lineno":71}
{"timestamp":"2026-05-20T22:11:08.687734Z","level":"info","event":"\tat org.apache.spark.executor.Executor$TaskRunner.$anonfun$run$4(Executor.scala:620)","logger":"airflow.task.operators.airflow.providers.docker.operators.docker.DockerOperator","filename":"docker.py","lineno":71}
{"timestamp":"2026-05-20T22:11:08.687786Z","level":"info","event":"\tat org.apache.spark.util.SparkErrorUtils.tryWithSafeFinally(SparkErrorUtils.scala:64)","logger":"airflow.task.operators.airflow.providers.docker.operators.docker.DockerOperator","filename":"docker.py","lineno":71}
{"timestamp":"2026-05-20T22:11:08.688005Z","level":"info","event":"\tat org.apache.spark.util.SparkErrorUtils.tryWithSafeFinally$(SparkErrorUtils.scala:61)","logger":"airflow.task.operators.airflow.providers.docker.operators.docker.DockerOperator","filename":"docker.py","lineno":71}
{"timestamp":"2026-05-20T22:11:08.688083Z","level":"info","event":"\tat org.apache.spark.util.Utils$.tryWithSafeFinally(Utils.scala:94)","logger":"airflow.task.operators.airflow.providers.docker.operators.docker.DockerOperator","filename":"docker.py","lineno":71}
{"timestamp":"2026-05-20T22:11:08.688133Z","level":"info","event":"\tat org.apache.spark.executor.Executor$TaskRunner.run(Executor.scala:623)","logger":"airflow.task.operators.airflow.providers.docker.operators.docker.DockerOperator","filename":"docker.py","lineno":71}
{"timestamp":"2026-05-20T22:11:08.688180Z","level":"info","event":"\tat java.base/java.util.concurrent.ThreadPoolExecutor.runWorker(Unknown Source)","logger":"airflow.task.operators.airflow.providers.docker.operators.docker.DockerOperator","filename":"docker.py","lineno":71}
{"timestamp":"2026-05-20T22:11:08.688225Z","level":"info","event":"\tat java.base/java.util.concurrent.ThreadPoolExecutor$Worker.run(Unknown Source)","logger":"airflow.task.operators.airflow.providers.docker.operators.docker.DockerOperator","filename":"docker.py","lineno":71}
{"timestamp":"2026-05-20T22:11:08.688270Z","level":"info","event":"\tat java.base/java.lang.Thread.run(Unknown Source)","logger":"airflow.task.operators.airflow.providers.docker.operators.docker.DockerOperator","filename":"docker.py","lineno":71}
{"timestamp":"2026-05-20T22:11:08.688328Z","level":"info","event":"Caused by: java.lang.ClassNotFoundException: Class org.apache.hadoop.fs.s3a.S3AFileSystem not found","logger":"airflow.task.operators.airflow.providers.docker.operators.docker.DockerOperator","filename":"docker.py","lineno":71}
{"timestamp":"2026-05-20T22:11:08.688376Z","level":"info","event":"\tat org.apache.hadoop.conf.Configuration.getClassByName(Configuration.java:2592)","logger":"airflow.task.operators.airflow.providers.docker.operators.docker.DockerOperator","filename":"docker.py","lineno":71}
{"timestamp":"2026-05-20T22:11:08.688418Z","level":"info","event":"\tat org.apache.hadoop.conf.Configuration.getClass(Configuration.java:2686)","logger":"airflow.task.operators.airflow.providers.docker.operators.docker.DockerOperator","filename":"docker.py","lineno":71}
{"timestamp":"2026-05-20T22:11:08.688459Z","level":"info","event":"\t... 37 more","logger":"airflow.task.operators.airflow.providers.docker.operators.docker.DockerOperator","filename":"docker.py","lineno":71}
{"timestamp":"2026-05-20T22:11:08.688503Z","level":"info","event":"","logger":"airflow.task.operators.airflow.providers.docker.operators.docker.DockerOperator","filename":"docker.py","lineno":71}
{"timestamp":"2026-05-20T22:11:08.688547Z","level":"info","event":"Driver stacktrace:","logger":"airflow.task.operators.airflow.providers.docker.operators.docker.DockerOperator","filename":"docker.py","lineno":71}
{"timestamp":"2026-05-20T22:11:08.688689Z","level":"info","event":"26/05/20 22:11:08 INFO BlockManagerInfo: Added broadcast_11_piece0 in memory on 172.20.0.20:38043 (size: 13.7 KiB, free: 434.2 MiB)","logger":"airflow.task.operators.airflow.providers.docker.operators.docker.DockerOperator","filename":"docker.py","lineno":71}
{"timestamp":"2026-05-20T22:11:08.688865Z","level":"info","event":"26/05/20 22:11:08 INFO DAGScheduler: Job 1 failed: toString at <unknown>:0, took 3.623070 s","logger":"airflow.task.operators.airflow.providers.docker.operators.docker.DockerOperator","filename":"docker.py","lineno":71}
{"timestamp":"2026-05-20T22:11:08.705282Z","level":"info","event":"26/05/20 22:11:08 INFO TaskSetManager: Lost task 0.3 in stage 6.0 (TID 24) on 172.20.0.20, executor 0: java.lang.RuntimeException (java.lang.ClassNotFoundException: Class org.apache.hadoop.fs.s3a.S3AFileSystem not found) [duplicate 3]","logger":"airflow.task.operators.airflow.providers.docker.operators.docker.DockerOperator","filename":"docker.py","lineno":71}
{"timestamp":"2026-05-20T22:11:08.705622Z","level":"info","event":"26/05/20 22:11:08 ERROR TaskSetManager: Task 0 in stage 6.0 failed 4 times; aborting job","logger":"airflow.task.operators.airflow.providers.docker.operators.docker.DockerOperator","filename":"docker.py","lineno":71}
{"timestamp":"2026-05-20T22:11:08.706583Z","level":"info","event":"26/05/20 22:11:08 INFO TaskSchedulerImpl: Removed TaskSet 6.0, whose tasks have all completed, from pool","logger":"airflow.task.operators.airflow.providers.docker.operators.docker.DockerOperator","filename":"docker.py","lineno":71}
{"timestamp":"2026-05-20T22:11:08.708998Z","level":"info","event":"26/05/20 22:11:08 INFO TaskSchedulerImpl: Cancelling stage 6","logger":"airflow.task.operators.airflow.providers.docker.operators.docker.DockerOperator","filename":"docker.py","lineno":71}
{"timestamp":"2026-05-20T22:11:08.709336Z","level":"info","event":"26/05/20 22:11:08 INFO TaskSchedulerImpl: Killing all running tasks in stage 6: Stage cancelled: Job aborted due to stage failure: Task 0 in stage 6.0 failed 4 times, most recent failure: Lost task 0.3 in stage 6.0 (TID 24) (172.20.0.20 executor 0): java.lang.RuntimeException: java.lang.ClassNotFoundException: Class org.apache.hadoop.fs.s3a.S3AFileSystem not found","logger":"airflow.task.operators.airflow.providers.docker.operators.docker.DockerOperator","filename":"docker.py","lineno":71}
{"timestamp":"2026-05-20T22:11:08.709436Z","level":"info","event":"\tat org.apache.hadoop.conf.Configuration.getClass(Configuration.java:2688)","logger":"airflow.task.operators.airflow.providers.docker.operators.docker.DockerOperator","filename":"docker.py","lineno":71}
{"timestamp":"2026-05-20T22:11:08.709506Z","level":"info","event":"\tat org.apache.hadoop.fs.FileSystem.getFileSystemClass(FileSystem.java:3431)","logger":"airflow.task.operators.airflow.providers.docker.operators.docker.DockerOperator","filename":"docker.py","lineno":71}
{"timestamp":"2026-05-20T22:11:08.709583Z","level":"info","event":"\tat org.apache.hadoop.fs.FileSystem.createFileSystem(FileSystem.java:3466)","logger":"airflow.task.operators.airflow.providers.docker.operators.docker.DockerOperator","filename":"docker.py","lineno":71}
{"timestamp":"2026-05-20T22:11:08.709658Z","level":"info","event":"\tat org.apache.hadoop.fs.FileSystem.access$300(FileSystem.java:174)","logger":"airflow.task.operators.airflow.providers.docker.operators.docker.DockerOperator","filename":"docker.py","lineno":71}
{"timestamp":"2026-05-20T22:11:08.709732Z","level":"info","event":"\tat org.apache.hadoop.fs.FileSystem$Cache.getInternal(FileSystem.java:3574)","logger":"airflow.task.operators.airflow.providers.docker.operators.docker.DockerOperator","filename":"docker.py","lineno":71}
{"timestamp":"2026-05-20T22:11:08.709850Z","level":"info","event":"\tat org.apache.hadoop.fs.FileSystem$Cache.get(FileSystem.java:3521)","logger":"airflow.task.operators.airflow.providers.docker.operators.docker.DockerOperator","filename":"docker.py","lineno":71}
{"timestamp":"2026-05-20T22:11:08.709922Z","level":"info","event":"\tat org.apache.hadoop.fs.FileSystem.get(FileSystem.java:540)","logger":"airflow.task.operators.airflow.providers.docker.operators.docker.DockerOperator","filename":"docker.py","lineno":71}
{"timestamp":"2026-05-20T22:11:08.709981Z","level":"info","event":"\tat org.apache.hadoop.fs.Path.getFileSystem(Path.java:365)","logger":"airflow.task.operators.airflow.providers.docker.operators.docker.DockerOperator","filename":"docker.py","lineno":71}
{"timestamp":"2026-05-20T22:11:08.710037Z","level":"info","event":"\tat org.apache.hadoop.mapreduce.lib.input.LineRecordReader.initialize(LineRecordReader.java:88)","logger":"airflow.task.operators.airflow.providers.docker.operators.docker.DockerOperator","filename":"docker.py","lineno":71}
{"timestamp":"2026-05-20T22:11:08.710093Z","level":"info","event":"\tat org.apache.spark.sql.execution.datasources.HadoopFileLinesReader.<init>(HadoopFileLinesReader.scala:63)","logger":"airflow.task.operators.airflow.providers.docker.operators.docker.DockerOperator","filename":"docker.py","lineno":71}
{"timestamp":"2026-05-20T22:11:08.710163Z","level":"info","event":"\tat org.apache.spark.sql.execution.datasources.json.TextInputJsonDataSource$.readFile(JsonDataSource.scala:132)","logger":"airflow.task.operators.airflow.providers.docker.operators.docker.DockerOperator","filename":"docker.py","lineno":71}
{"timestamp":"2026-05-20T22:11:08.710236Z","level":"info","event":"\tat org.apache.spark.sql.execution.datasources.json.JsonFileFormat.$anonfun$buildReader$2(JsonFileFormat.scala:126)","logger":"airflow.task.operators.airflow.providers.docker.operators.docker.DockerOperator","filename":"docker.py","lineno":71}
{"timestamp":"2026-05-20T22:11:08.710292Z","level":"info","event":"\tat org.apache.spark.sql.execution.datasources.FileFormat$$anon$1.apply(FileFormat.scala:160)","logger":"airflow.task.operators.airflow.providers.docker.operators.docker.DockerOperator","filename":"docker.py","lineno":71}
{"timestamp":"2026-05-20T22:11:08.710364Z","level":"info","event":"\tat org.apache.spark.sql.execution.datasources.FileFormat$$anon$1.apply(FileFormat.scala:140)","logger":"airflow.task.operators.airflow.providers.docker.operators.docker.DockerOperator","filename":"docker.py","lineno":71}
{"timestamp":"2026-05-20T22:11:08.710418Z","level":"info","event":"\tat org.apache.spark.sql.execution.datasources.FileScanRDD$$anon$1.org$apache$spark$sql$execution$datasources$FileScanRDD$$anon$$readCurrentFile(FileScanRDD.scala:217)","logger":"airflow.task.operators.airflow.providers.docker.operators.docker.DockerOperator","filename":"docker.py","lineno":71}
{"timestamp":"2026-05-20T22:11:08.710472Z","level":"info","event":"\tat org.apache.spark.sql.execution.datasources.FileScanRDD$$anon$1.nextIterator(FileScanRDD.scala:279)","logger":"airflow.task.operators.airflow.providers.docker.operators.docker.DockerOperator","filename":"docker.py","lineno":71}
{"timestamp":"2026-05-20T22:11:08.710523Z","level":"info","event":"\tat org.apache.spark.sql.execution.datasources.FileScanRDD$$anon$1.hasNext(FileScanRDD.scala:129)","logger":"airflow.task.operators.airflow.providers.docker.operators.docker.DockerOperator","filename":"docker.py","lineno":71}
{"timestamp":"2026-05-20T22:11:08.710581Z","level":"info","event":"\tat scala.collection.Iterator$$anon$10.hasNext(Iterator.scala:460)","logger":"airflow.task.operators.airflow.providers.docker.operators.docker.DockerOperator","filename":"docker.py","lineno":71}
{"timestamp":"2026-05-20T22:11:08.710646Z","level":"info","event":"\tat org.apache.spark.sql.catalyst.expressions.GeneratedClass$GeneratedIteratorForCodegenStage1.processNext(Unknown Source)","logger":"airflow.task.operators.airflow.providers.docker.operators.docker.DockerOperator","filename":"docker.py","lineno":71}
{"timestamp":"2026-05-20T22:11:08.710710Z","level":"info","event":"\tat org.apache.spark.sql.execution.BufferedRowIterator.hasNext(BufferedRowIterator.java:43)","logger":"airflow.task.operators.airflow.providers.docker.operators.docker.DockerOperator","filename":"docker.py","lineno":71}
{"timestamp":"2026-05-20T22:11:08.710771Z","level":"info","event":"\tat org.apache.spark.sql.execution.WholeStageCodegenEvaluatorFactory$WholeStageCodegenPartitionEvaluator$$anon$1.hasNext(WholeStageCodegenEvaluatorFactory.scala:43)","logger":"airflow.task.operators.airflow.providers.docker.operators.docker.DockerOperator","filename":"docker.py","lineno":71}
{"timestamp":"2026-05-20T22:11:08.710858Z","level":"info","event":"\tat org.apache.spark.sql.execution.SparkPlan.$anonfun$getByteArrayRdd$1(SparkPlan.scala:388)","logger":"airflow.task.operators.airflow.providers.docker.operators.docker.DockerOperator","filename":"docker.py","lineno":71}
{"timestamp":"2026-05-20T22:11:08.710919Z","level":"info","event":"\tat org.apache.spark.rdd.RDD.$anonfun$mapPartitionsInternal$2(RDD.scala:890)","logger":"airflow.task.operators.airflow.providers.docker.operators.docker.DockerOperator","filename":"docker.py","lineno":71}
{"timestamp":"2026-05-20T22:11:08.710970Z","level":"info","event":"\tat org.apache.spark.rdd.RDD.$anonfun$mapPartitionsInternal$2$adapted(RDD.scala:890)","logger":"airflow.task.operators.airflow.providers.docker.operators.docker.DockerOperator","filename":"docker.py","lineno":71}
{"timestamp":"2026-05-20T22:11:08.711017Z","level":"info","event":"\tat org.apache.spark.rdd.MapPartitionsRDD.compute(MapPartitionsRDD.scala:52)","logger":"airflow.task.operators.airflow.providers.docker.operators.docker.DockerOperator","filename":"docker.py","lineno":71}
{"timestamp":"2026-05-20T22:11:08.711066Z","level":"info","event":"\tat org.apache.spark.rdd.RDD.computeOrReadCheckpoint(RDD.scala:364)","logger":"airflow.task.operators.airflow.providers.docker.operators.docker.DockerOperator","filename":"docker.py","lineno":71}
{"timestamp":"2026-05-20T22:11:08.711121Z","level":"info","event":"\tat org.apache.spark.rdd.RDD.iterator(RDD.scala:328)","logger":"airflow.task.operators.airflow.providers.docker.operators.docker.DockerOperator","filename":"docker.py","lineno":71}
{"timestamp":"2026-05-20T22:11:08.711179Z","level":"info","event":"\tat org.apache.spark.scheduler.ResultTask.runTask(ResultTask.scala:93)","logger":"airflow.task.operators.airflow.providers.docker.operators.docker.DockerOperator","filename":"docker.py","lineno":71}
{"timestamp":"2026-05-20T22:11:08.711240Z","level":"info","event":"\tat org.apache.spark.TaskContext.runTaskWithListeners(TaskContext.scala:161)","logger":"airflow.task.operators.airflow.providers.docker.operators.docker.DockerOperator","filename":"docker.py","lineno":71}
{"timestamp":"2026-05-20T22:11:08.711312Z","level":"info","event":"\tat org.apache.spark.scheduler.Task.run(Task.scala:141)","logger":"airflow.task.operators.airflow.providers.docker.operators.docker.DockerOperator","filename":"docker.py","lineno":71}
{"timestamp":"2026-05-20T22:11:08.711382Z","level":"info","event":"\tat org.apache.spark.executor.Executor$TaskRunner.$anonfun$run$4(Executor.scala:620)","logger":"airflow.task.operators.airflow.providers.docker.operators.docker.DockerOperator","filename":"docker.py","lineno":71}
{"timestamp":"2026-05-20T22:11:08.711455Z","level":"info","event":"\tat org.apache.spark.util.SparkErrorUtils.tryWithSafeFinally(SparkErrorUtils.scala:64)","logger":"airflow.task.operators.airflow.providers.docker.operators.docker.DockerOperator","filename":"docker.py","lineno":71}
{"timestamp":"2026-05-20T22:11:08.711526Z","level":"info","event":"\tat org.apache.spark.util.SparkErrorUtils.tryWithSafeFinally$(SparkErrorUtils.scala:61)","logger":"airflow.task.operators.airflow.providers.docker.operators.docker.DockerOperator","filename":"docker.py","lineno":71}
{"timestamp":"2026-05-20T22:11:08.711598Z","level":"info","event":"\tat org.apache.spark.util.Utils$.tryWithSafeFinally(Utils.scala:94)","logger":"airflow.task.operators.airflow.providers.docker.operators.docker.DockerOperator","filename":"docker.py","lineno":71}
{"timestamp":"2026-05-20T22:11:08.711665Z","level":"info","event":"\tat org.apache.spark.executor.Executor$TaskRunner.run(Executor.scala:623)","logger":"airflow.task.operators.airflow.providers.docker.operators.docker.DockerOperator","filename":"docker.py","lineno":71}
{"timestamp":"2026-05-20T22:11:08.711728Z","level":"info","event":"\tat java.base/java.util.concurrent.ThreadPoolExecutor.runWorker(Unknown Source)","logger":"airflow.task.operators.airflow.providers.docker.operators.docker.DockerOperator","filename":"docker.py","lineno":71}
{"timestamp":"2026-05-20T22:11:08.711788Z","level":"info","event":"\tat java.base/java.util.concurrent.ThreadPoolExecutor$Worker.run(Unknown Source)","logger":"airflow.task.operators.airflow.providers.docker.operators.docker.DockerOperator","filename":"docker.py","lineno":71}
{"timestamp":"2026-05-20T22:11:08.711875Z","level":"info","event":"\tat java.base/java.lang.Thread.run(Unknown Source)","logger":"airflow.task.operators.airflow.providers.docker.operators.docker.DockerOperator","filename":"docker.py","lineno":71}
{"timestamp":"2026-05-20T22:11:08.711939Z","level":"info","event":"Caused by: java.lang.ClassNotFoundException: Class org.apache.hadoop.fs.s3a.S3AFileSystem not found","logger":"airflow.task.operators.airflow.providers.docker.operators.docker.DockerOperator","filename":"docker.py","lineno":71}
{"timestamp":"2026-05-20T22:11:08.711993Z","level":"info","event":"\tat org.apache.hadoop.conf.Configuration.getClassByName(Configuration.java:2592)","logger":"airflow.task.operators.airflow.providers.docker.operators.docker.DockerOperator","filename":"docker.py","lineno":71}
{"timestamp":"2026-05-20T22:11:08.712047Z","level":"info","event":"\tat org.apache.hadoop.conf.Configuration.getClass(Configuration.java:2686)","logger":"airflow.task.operators.airflow.providers.docker.operators.docker.DockerOperator","filename":"docker.py","lineno":71}
{"timestamp":"2026-05-20T22:11:08.712101Z","level":"info","event":"\t... 37 more","logger":"airflow.task.operators.airflow.providers.docker.operators.docker.DockerOperator","filename":"docker.py","lineno":71}
{"timestamp":"2026-05-20T22:11:08.712160Z","level":"info","event":"","logger":"airflow.task.operators.airflow.providers.docker.operators.docker.DockerOperator","filename":"docker.py","lineno":71}
{"timestamp":"2026-05-20T22:11:08.712217Z","level":"info","event":"Driver stacktrace:","logger":"airflow.task.operators.airflow.providers.docker.operators.docker.DockerOperator","filename":"docker.py","lineno":71}
{"timestamp":"2026-05-20T22:11:08.712275Z","level":"info","event":"26/05/20 22:11:08 INFO DAGScheduler: ResultStage 6 (toString at <unknown>:0) failed in 3.350 s due to Job aborted due to stage failure: Task 0 in stage 6.0 failed 4 times, most recent failure: Lost task 0.3 in stage 6.0 (TID 24) (172.20.0.20 executor 0): java.lang.RuntimeException: java.lang.ClassNotFoundException: Class org.apache.hadoop.fs.s3a.S3AFileSystem not found","logger":"airflow.task.operators.airflow.providers.docker.operators.docker.DockerOperator","filename":"docker.py","lineno":71}
{"timestamp":"2026-05-20T22:11:08.712350Z","level":"info","event":"\tat org.apache.hadoop.conf.Configuration.getClass(Configuration.java:2688)","logger":"airflow.task.operators.airflow.providers.docker.operators.docker.DockerOperator","filename":"docker.py","lineno":71}
{"timestamp":"2026-05-20T22:11:08.712407Z","level":"info","event":"\tat org.apache.hadoop.fs.FileSystem.getFileSystemClass(FileSystem.java:3431)","logger":"airflow.task.operators.airflow.providers.docker.operators.docker.DockerOperator","filename":"docker.py","lineno":71}
{"timestamp":"2026-05-20T22:11:08.712467Z","level":"info","event":"\tat org.apache.hadoop.fs.FileSystem.createFileSystem(FileSystem.java:3466)","logger":"airflow.task.operators.airflow.providers.docker.operators.docker.DockerOperator","filename":"docker.py","lineno":71}
{"timestamp":"2026-05-20T22:11:08.712526Z","level":"info","event":"\tat org.apache.hadoop.fs.FileSystem.access$300(FileSystem.java:174)","logger":"airflow.task.operators.airflow.providers.docker.operators.docker.DockerOperator","filename":"docker.py","lineno":71}
{"timestamp":"2026-05-20T22:11:08.712582Z","level":"info","event":"\tat org.apache.hadoop.fs.FileSystem$Cache.getInternal(FileSystem.java:3574)","logger":"airflow.task.operators.airflow.providers.docker.operators.docker.DockerOperator","filename":"docker.py","lineno":71}
{"timestamp":"2026-05-20T22:11:08.712635Z","level":"info","event":"\tat org.apache.hadoop.fs.FileSystem$Cache.get(FileSystem.java:3521)","logger":"airflow.task.operators.airflow.providers.docker.operators.docker.DockerOperator","filename":"docker.py","lineno":71}
{"timestamp":"2026-05-20T22:11:08.712691Z","level":"info","event":"\tat org.apache.hadoop.fs.FileSystem.get(FileSystem.java:540)","logger":"airflow.task.operators.airflow.providers.docker.operators.docker.DockerOperator","filename":"docker.py","lineno":71}
{"timestamp":"2026-05-20T22:11:08.712744Z","level":"info","event":"\tat org.apache.hadoop.fs.Path.getFileSystem(Path.java:365)","logger":"airflow.task.operators.airflow.providers.docker.operators.docker.DockerOperator","filename":"docker.py","lineno":71}
{"timestamp":"2026-05-20T22:11:08.712794Z","level":"info","event":"\tat org.apache.hadoop.mapreduce.lib.input.LineRecordReader.initialize(LineRecordReader.java:88)","logger":"airflow.task.operators.airflow.providers.docker.operators.docker.DockerOperator","filename":"docker.py","lineno":71}
{"timestamp":"2026-05-20T22:11:08.712877Z","level":"info","event":"\tat org.apache.spark.sql.execution.datasources.HadoopFileLinesReader.<init>(HadoopFileLinesReader.scala:63)","logger":"airflow.task.operators.airflow.providers.docker.operators.docker.DockerOperator","filename":"docker.py","lineno":71}
{"timestamp":"2026-05-20T22:11:08.712936Z","level":"info","event":"\tat org.apache.spark.sql.execution.datasources.json.TextInputJsonDataSource$.readFile(JsonDataSource.scala:132)","logger":"airflow.task.operators.airflow.providers.docker.operators.docker.DockerOperator","filename":"docker.py","lineno":71}
{"timestamp":"2026-05-20T22:11:08.712988Z","level":"info","event":"\tat org.apache.spark.sql.execution.datasources.json.JsonFileFormat.$anonfun$buildReader$2(JsonFileFormat.scala:126)","logger":"airflow.task.operators.airflow.providers.docker.operators.docker.DockerOperator","filename":"docker.py","lineno":71}
{"timestamp":"2026-05-20T22:11:08.713041Z","level":"info","event":"\tat org.apache.spark.sql.execution.datasources.FileFormat$$anon$1.apply(FileFormat.scala:160)","logger":"airflow.task.operators.airflow.providers.docker.operators.docker.DockerOperator","filename":"docker.py","lineno":71}
{"timestamp":"2026-05-20T22:11:08.713090Z","level":"info","event":"\tat org.apache.spark.sql.execution.datasources.FileFormat$$anon$1.apply(FileFormat.scala:140)","logger":"airflow.task.operators.airflow.providers.docker.operators.docker.DockerOperator","filename":"docker.py","lineno":71}
{"timestamp":"2026-05-20T22:11:08.713140Z","level":"info","event":"\tat org.apache.spark.sql.execution.datasources.FileScanRDD$$anon$1.org$apache$spark$sql$execution$datasources$FileScanRDD$$anon$$readCurrentFile(FileScanRDD.scala:217)","logger":"airflow.task.operators.airflow.providers.docker.operators.docker.DockerOperator","filename":"docker.py","lineno":71}
{"timestamp":"2026-05-20T22:11:08.713198Z","level":"info","event":"\tat org.apache.spark.sql.execution.datasources.FileScanRDD$$anon$1.nextIterator(FileScanRDD.scala:279)","logger":"airflow.task.operators.airflow.providers.docker.operators.docker.DockerOperator","filename":"docker.py","lineno":71}
{"timestamp":"2026-05-20T22:11:08.713251Z","level":"info","event":"\tat org.apache.spark.sql.execution.datasources.FileScanRDD$$anon$1.hasNext(FileScanRDD.scala:129)","logger":"airflow.task.operators.airflow.providers.docker.operators.docker.DockerOperator","filename":"docker.py","lineno":71}
{"timestamp":"2026-05-20T22:11:08.713313Z","level":"info","event":"\tat scala.collection.Iterator$$anon$10.hasNext(Iterator.scala:460)","logger":"airflow.task.operators.airflow.providers.docker.operators.docker.DockerOperator","filename":"docker.py","lineno":71}
{"timestamp":"2026-05-20T22:11:08.713366Z","level":"info","event":"\tat org.apache.spark.sql.catalyst.expressions.GeneratedClass$GeneratedIteratorForCodegenStage1.processNext(Unknown Source)","logger":"airflow.task.operators.airflow.providers.docker.operators.docker.DockerOperator","filename":"docker.py","lineno":71}
{"timestamp":"2026-05-20T22:11:08.713420Z","level":"info","event":"\tat org.apache.spark.sql.execution.BufferedRowIterator.hasNext(BufferedRowIterator.java:43)","logger":"airflow.task.operators.airflow.providers.docker.operators.docker.DockerOperator","filename":"docker.py","lineno":71}
{"timestamp":"2026-05-20T22:11:08.713469Z","level":"info","event":"\tat org.apache.spark.sql.execution.WholeStageCodegenEvaluatorFactory$WholeStageCodegenPartitionEvaluator$$anon$1.hasNext(WholeStageCodegenEvaluatorFactory.scala:43)","logger":"airflow.task.operators.airflow.providers.docker.operators.docker.DockerOperator","filename":"docker.py","lineno":71}
{"timestamp":"2026-05-20T22:11:08.713517Z","level":"info","event":"\tat org.apache.spark.sql.execution.SparkPlan.$anonfun$getByteArrayRdd$1(SparkPlan.scala:388)","logger":"airflow.task.operators.airflow.providers.docker.operators.docker.DockerOperator","filename":"docker.py","lineno":71}
{"timestamp":"2026-05-20T22:11:08.713561Z","level":"info","event":"\tat org.apache.spark.rdd.RDD.$anonfun$mapPartitionsInternal$2(RDD.scala:890)","logger":"airflow.task.operators.airflow.providers.docker.operators.docker.DockerOperator","filename":"docker.py","lineno":71}
{"timestamp":"2026-05-20T22:11:08.713604Z","level":"info","event":"\tat org.apache.spark.rdd.RDD.$anonfun$mapPartitionsInternal$2$adapted(RDD.scala:890)","logger":"airflow.task.operators.airflow.providers.docker.operators.docker.DockerOperator","filename":"docker.py","lineno":71}
{"timestamp":"2026-05-20T22:11:08.713652Z","level":"info","event":"\tat org.apache.spark.rdd.MapPartitionsRDD.compute(MapPartitionsRDD.scala:52)","logger":"airflow.task.operators.airflow.providers.docker.operators.docker.DockerOperator","filename":"docker.py","lineno":71}
{"timestamp":"2026-05-20T22:11:08.713705Z","level":"info","event":"\tat org.apache.spark.rdd.RDD.computeOrReadCheckpoint(RDD.scala:364)","logger":"airflow.task.operators.airflow.providers.docker.operators.docker.DockerOperator","filename":"docker.py","lineno":71}
{"timestamp":"2026-05-20T22:11:08.713759Z","level":"info","event":"\tat org.apache.spark.rdd.RDD.iterator(RDD.scala:328)","logger":"airflow.task.operators.airflow.providers.docker.operators.docker.DockerOperator","filename":"docker.py","lineno":71}
{"timestamp":"2026-05-20T22:11:08.713843Z","level":"info","event":"\tat org.apache.spark.scheduler.ResultTask.runTask(ResultTask.scala:93)","logger":"airflow.task.operators.airflow.providers.docker.operators.docker.DockerOperator","filename":"docker.py","lineno":71}
{"timestamp":"2026-05-20T22:11:08.713935Z","level":"info","event":"\tat org.apache.spark.TaskContext.runTaskWithListeners(TaskContext.scala:161)","logger":"airflow.task.operators.airflow.providers.docker.operators.docker.DockerOperator","filename":"docker.py","lineno":71}
{"timestamp":"2026-05-20T22:11:08.713993Z","level":"info","event":"\tat org.apache.spark.scheduler.Task.run(Task.scala:141)","logger":"airflow.task.operators.airflow.providers.docker.operators.docker.DockerOperator","filename":"docker.py","lineno":71}
{"timestamp":"2026-05-20T22:11:08.714050Z","level":"info","event":"\tat org.apache.spark.executor.Executor$TaskRunner.$anonfun$run$4(Executor.scala:620)","logger":"airflow.task.operators.airflow.providers.docker.operators.docker.DockerOperator","filename":"docker.py","lineno":71}
{"timestamp":"2026-05-20T22:11:08.714095Z","level":"info","event":"\tat org.apache.spark.util.SparkErrorUtils.tryWithSafeFinally(SparkErrorUtils.scala:64)","logger":"airflow.task.operators.airflow.providers.docker.operators.docker.DockerOperator","filename":"docker.py","lineno":71}
{"timestamp":"2026-05-20T22:11:08.714146Z","level":"info","event":"\tat org.apache.spark.util.SparkErrorUtils.tryWithSafeFinally$(SparkErrorUtils.scala:61)","logger":"airflow.task.operators.airflow.providers.docker.operators.docker.DockerOperator","filename":"docker.py","lineno":71}
{"timestamp":"2026-05-20T22:11:08.714200Z","level":"info","event":"\tat org.apache.spark.util.Utils$.tryWithSafeFinally(Utils.scala:94)","logger":"airflow.task.operators.airflow.providers.docker.operators.docker.DockerOperator","filename":"docker.py","lineno":71}
{"timestamp":"2026-05-20T22:11:08.714260Z","level":"info","event":"\tat org.apache.spark.executor.Executor$TaskRunner.run(Executor.scala:623)","logger":"airflow.task.operators.airflow.providers.docker.operators.docker.DockerOperator","filename":"docker.py","lineno":71}
{"timestamp":"2026-05-20T22:11:08.714336Z","level":"info","event":"\tat java.base/java.util.concurrent.ThreadPoolExecutor.runWorker(Unknown Source)","logger":"airflow.task.operators.airflow.providers.docker.operators.docker.DockerOperator","filename":"docker.py","lineno":71}
{"timestamp":"2026-05-20T22:11:08.714408Z","level":"info","event":"\tat java.base/java.util.concurrent.ThreadPoolExecutor$Worker.run(Unknown Source)","logger":"airflow.task.operators.airflow.providers.docker.operators.docker.DockerOperator","filename":"docker.py","lineno":71}
{"timestamp":"2026-05-20T22:11:08.714476Z","level":"info","event":"\tat java.base/java.lang.Thread.run(Unknown Source)","logger":"airflow.task.operators.airflow.providers.docker.operators.docker.DockerOperator","filename":"docker.py","lineno":71}
{"timestamp":"2026-05-20T22:11:08.714541Z","level":"info","event":"Caused by: java.lang.ClassNotFoundException: Class org.apache.hadoop.fs.s3a.S3AFileSystem not found","logger":"airflow.task.operators.airflow.providers.docker.operators.docker.DockerOperator","filename":"docker.py","lineno":71}
{"timestamp":"2026-05-20T22:11:08.714603Z","level":"info","event":"\tat org.apache.hadoop.conf.Configuration.getClassByName(Configuration.java:2592)","logger":"airflow.task.operators.airflow.providers.docker.operators.docker.DockerOperator","filename":"docker.py","lineno":71}
{"timestamp":"2026-05-20T22:11:08.714659Z","level":"info","event":"\tat org.apache.hadoop.conf.Configuration.getClass(Configuration.java:2686)","logger":"airflow.task.operators.airflow.providers.docker.operators.docker.DockerOperator","filename":"docker.py","lineno":71}
{"timestamp":"2026-05-20T22:11:08.714714Z","level":"info","event":"\t... 37 more","logger":"airflow.task.operators.airflow.providers.docker.operators.docker.DockerOperator","filename":"docker.py","lineno":71}
{"timestamp":"2026-05-20T22:11:08.714817Z","level":"info","event":"","logger":"airflow.task.operators.airflow.providers.docker.operators.docker.DockerOperator","filename":"docker.py","lineno":71}
{"timestamp":"2026-05-20T22:11:08.718087Z","level":"info","event":"Driver stacktrace:","logger":"airflow.task.operators.airflow.providers.docker.operators.docker.DockerOperator","filename":"docker.py","lineno":71}
{"timestamp":"2026-05-20T22:11:08.718370Z","level":"info","event":"26/05/20 22:11:08 INFO DAGScheduler: Job 4 failed: toString at <unknown>:0, took 3.647520 s","logger":"airflow.task.operators.airflow.providers.docker.operators.docker.DockerOperator","filename":"docker.py","lineno":71}
{"timestamp":"2026-05-20T22:11:08.718520Z","level":"info","event":"26/05/20 22:11:08 INFO BlockManagerInfo: Added broadcast_5_piece0 in memory on 172.20.0.20:38043 (size: 34.9 KiB, free: 434.1 MiB)","logger":"airflow.task.operators.airflow.providers.docker.operators.docker.DockerOperator","filename":"docker.py","lineno":71}
{"timestamp":"2026-05-20T22:11:08.750570Z","level":"info","event":"26/05/20 22:11:08 INFO TaskSetManager: Lost task 0.3 in stage 2.0 (TID 25) on 172.20.0.20, executor 0: java.lang.RuntimeException (java.lang.ClassNotFoundException: Class org.apache.hadoop.fs.s3a.S3AFileSystem not found) [duplicate 3]","logger":"airflow.task.operators.airflow.providers.docker.operators.docker.DockerOperator","filename":"docker.py","lineno":71}
{"timestamp":"2026-05-20T22:11:08.766301Z","level":"info","event":"26/05/20 22:11:08 ERROR TaskSetManager: Task 0 in stage 2.0 failed 4 times; aborting job","logger":"airflow.task.operators.airflow.providers.docker.operators.docker.DockerOperator","filename":"docker.py","lineno":71}
{"timestamp":"2026-05-20T22:11:08.766986Z","level":"info","event":"26/05/20 22:11:08 INFO TaskSchedulerImpl: Removed TaskSet 2.0, whose tasks have all completed, from pool","logger":"airflow.task.operators.airflow.providers.docker.operators.docker.DockerOperator","filename":"docker.py","lineno":71}
{"timestamp":"2026-05-20T22:11:08.770700Z","level":"info","event":"26/05/20 22:11:08 INFO TaskSchedulerImpl: Cancelling stage 2","logger":"airflow.task.operators.airflow.providers.docker.operators.docker.DockerOperator","filename":"docker.py","lineno":71}
{"timestamp":"2026-05-20T22:11:08.771197Z","level":"info","event":"26/05/20 22:11:08 INFO TaskSchedulerImpl: Killing all running tasks in stage 2: Stage cancelled: Job aborted due to stage failure: Task 0 in stage 2.0 failed 4 times, most recent failure: Lost task 0.3 in stage 2.0 (TID 25) (172.20.0.20 executor 0): java.lang.RuntimeException: java.lang.ClassNotFoundException: Class org.apache.hadoop.fs.s3a.S3AFileSystem not found","logger":"airflow.task.operators.airflow.providers.docker.operators.docker.DockerOperator","filename":"docker.py","lineno":71}
{"timestamp":"2026-05-20T22:11:08.771346Z","level":"info","event":"\tat org.apache.hadoop.conf.Configuration.getClass(Configuration.java:2688)","logger":"airflow.task.operators.airflow.providers.docker.operators.docker.DockerOperator","filename":"docker.py","lineno":71}
{"timestamp":"2026-05-20T22:11:08.771409Z","level":"info","event":"\tat org.apache.hadoop.fs.FileSystem.getFileSystemClass(FileSystem.java:3431)","logger":"airflow.task.operators.airflow.providers.docker.operators.docker.DockerOperator","filename":"docker.py","lineno":71}
{"timestamp":"2026-05-20T22:11:08.771526Z","level":"info","event":"\tat org.apache.hadoop.fs.FileSystem.createFileSystem(FileSystem.java:3466)","logger":"airflow.task.operators.airflow.providers.docker.operators.docker.DockerOperator","filename":"docker.py","lineno":71}
{"timestamp":"2026-05-20T22:11:08.771583Z","level":"info","event":"\tat org.apache.hadoop.fs.FileSystem.access$300(FileSystem.java:174)","logger":"airflow.task.operators.airflow.providers.docker.operators.docker.DockerOperator","filename":"docker.py","lineno":71}
{"timestamp":"2026-05-20T22:11:08.771628Z","level":"info","event":"\tat org.apache.hadoop.fs.FileSystem$Cache.getInternal(FileSystem.java:3574)","logger":"airflow.task.operators.airflow.providers.docker.operators.docker.DockerOperator","filename":"docker.py","lineno":71}
{"timestamp":"2026-05-20T22:11:08.771672Z","level":"info","event":"\tat org.apache.hadoop.fs.FileSystem$Cache.get(FileSystem.java:3521)","logger":"airflow.task.operators.airflow.providers.docker.operators.docker.DockerOperator","filename":"docker.py","lineno":71}
{"timestamp":"2026-05-20T22:11:08.771715Z","level":"info","event":"\tat org.apache.hadoop.fs.FileSystem.get(FileSystem.java:540)","logger":"airflow.task.operators.airflow.providers.docker.operators.docker.DockerOperator","filename":"docker.py","lineno":71}
{"timestamp":"2026-05-20T22:11:08.771765Z","level":"info","event":"\tat org.apache.hadoop.fs.Path.getFileSystem(Path.java:365)","logger":"airflow.task.operators.airflow.providers.docker.operators.docker.DockerOperator","filename":"docker.py","lineno":71}
{"timestamp":"2026-05-20T22:11:08.771818Z","level":"info","event":"\tat org.apache.hadoop.mapreduce.lib.input.LineRecordReader.initialize(LineRecordReader.java:88)","logger":"airflow.task.operators.airflow.providers.docker.operators.docker.DockerOperator","filename":"docker.py","lineno":71}
{"timestamp":"2026-05-20T22:11:08.771906Z","level":"info","event":"\tat org.apache.spark.sql.execution.datasources.HadoopFileLinesReader.<init>(HadoopFileLinesReader.scala:63)","logger":"airflow.task.operators.airflow.providers.docker.operators.docker.DockerOperator","filename":"docker.py","lineno":71}
{"timestamp":"2026-05-20T22:11:08.771964Z","level":"info","event":"\tat org.apache.spark.sql.execution.datasources.json.TextInputJsonDataSource$.readFile(JsonDataSource.scala:132)","logger":"airflow.task.operators.airflow.providers.docker.operators.docker.DockerOperator","filename":"docker.py","lineno":71}
{"timestamp":"2026-05-20T22:11:08.772016Z","level":"info","event":"\tat org.apache.spark.sql.execution.datasources.json.JsonFileFormat.$anonfun$buildReader$2(JsonFileFormat.scala:126)","logger":"airflow.task.operators.airflow.providers.docker.operators.docker.DockerOperator","filename":"docker.py","lineno":71}
{"timestamp":"2026-05-20T22:11:08.772067Z","level":"info","event":"\tat org.apache.spark.sql.execution.datasources.FileFormat$$anon$1.apply(FileFormat.scala:160)","logger":"airflow.task.operators.airflow.providers.docker.operators.docker.DockerOperator","filename":"docker.py","lineno":71}
{"timestamp":"2026-05-20T22:11:08.772123Z","level":"info","event":"\tat org.apache.spark.sql.execution.datasources.FileFormat$$anon$1.apply(FileFormat.scala:140)","logger":"airflow.task.operators.airflow.providers.docker.operators.docker.DockerOperator","filename":"docker.py","lineno":71}
{"timestamp":"2026-05-20T22:11:08.772185Z","level":"info","event":"\tat org.apache.spark.sql.execution.datasources.FileScanRDD$$anon$1.org$apache$spark$sql$execution$datasources$FileScanRDD$$anon$$readCurrentFile(FileScanRDD.scala:217)","logger":"airflow.task.operators.airflow.providers.docker.operators.docker.DockerOperator","filename":"docker.py","lineno":71}
{"timestamp":"2026-05-20T22:11:08.772247Z","level":"info","event":"\tat org.apache.spark.sql.execution.datasources.FileScanRDD$$anon$1.nextIterator(FileScanRDD.scala:279)","logger":"airflow.task.operators.airflow.providers.docker.operators.docker.DockerOperator","filename":"docker.py","lineno":71}
{"timestamp":"2026-05-20T22:11:08.772305Z","level":"info","event":"\tat org.apache.spark.sql.execution.datasources.FileScanRDD$$anon$1.hasNext(FileScanRDD.scala:129)","logger":"airflow.task.operators.airflow.providers.docker.operators.docker.DockerOperator","filename":"docker.py","lineno":71}
{"timestamp":"2026-05-20T22:11:08.772359Z","level":"info","event":"\tat scala.collection.Iterator$$anon$10.hasNext(Iterator.scala:460)","logger":"airflow.task.operators.airflow.providers.docker.operators.docker.DockerOperator","filename":"docker.py","lineno":71}
{"timestamp":"2026-05-20T22:11:08.772411Z","level":"info","event":"\tat org.apache.spark.sql.catalyst.expressions.GeneratedClass$GeneratedIteratorForCodegenStage1.processNext(Unknown Source)","logger":"airflow.task.operators.airflow.providers.docker.operators.docker.DockerOperator","filename":"docker.py","lineno":71}
{"timestamp":"2026-05-20T22:11:08.772488Z","level":"info","event":"\tat org.apache.spark.sql.execution.BufferedRowIterator.hasNext(BufferedRowIterator.java:43)","logger":"airflow.task.operators.airflow.providers.docker.operators.docker.DockerOperator","filename":"docker.py","lineno":71}
{"timestamp":"2026-05-20T22:11:08.772549Z","level":"info","event":"\tat org.apache.spark.sql.execution.WholeStageCodegenEvaluatorFactory$WholeStageCodegenPartitionEvaluator$$anon$1.hasNext(WholeStageCodegenEvaluatorFactory.scala:43)","logger":"airflow.task.operators.airflow.providers.docker.operators.docker.DockerOperator","filename":"docker.py","lineno":71}
{"timestamp":"2026-05-20T22:11:08.772609Z","level":"info","event":"\tat org.apache.spark.sql.execution.SparkPlan.$anonfun$getByteArrayRdd$1(SparkPlan.scala:388)","logger":"airflow.task.operators.airflow.providers.docker.operators.docker.DockerOperator","filename":"docker.py","lineno":71}
{"timestamp":"2026-05-20T22:11:08.772669Z","level":"info","event":"\tat org.apache.spark.rdd.RDD.$anonfun$mapPartitionsInternal$2(RDD.scala:890)","logger":"airflow.task.operators.airflow.providers.docker.operators.docker.DockerOperator","filename":"docker.py","lineno":71}
{"timestamp":"2026-05-20T22:11:08.772733Z","level":"info","event":"\tat org.apache.spark.rdd.RDD.$anonfun$mapPartitionsInternal$2$adapted(RDD.scala:890)","logger":"airflow.task.operators.airflow.providers.docker.operators.docker.DockerOperator","filename":"docker.py","lineno":71}
{"timestamp":"2026-05-20T22:11:08.772795Z","level":"info","event":"\tat org.apache.spark.rdd.MapPartitionsRDD.compute(MapPartitionsRDD.scala:52)","logger":"airflow.task.operators.airflow.providers.docker.operators.docker.DockerOperator","filename":"docker.py","lineno":71}
{"timestamp":"2026-05-20T22:11:08.772894Z","level":"info","event":"\tat org.apache.spark.rdd.RDD.computeOrReadCheckpoint(RDD.scala:364)","logger":"airflow.task.operators.airflow.providers.docker.operators.docker.DockerOperator","filename":"docker.py","lineno":71}
{"timestamp":"2026-05-20T22:11:08.772969Z","level":"info","event":"\tat org.apache.spark.rdd.RDD.iterator(RDD.scala:328)","logger":"airflow.task.operators.airflow.providers.docker.operators.docker.DockerOperator","filename":"docker.py","lineno":71}
{"timestamp":"2026-05-20T22:11:08.773038Z","level":"info","event":"\tat org.apache.spark.scheduler.ResultTask.runTask(ResultTask.scala:93)","logger":"airflow.task.operators.airflow.providers.docker.operators.docker.DockerOperator","filename":"docker.py","lineno":71}
{"timestamp":"2026-05-20T22:11:08.773103Z","level":"info","event":"\tat org.apache.spark.TaskContext.runTaskWithListeners(TaskContext.scala:161)","logger":"airflow.task.operators.airflow.providers.docker.operators.docker.DockerOperator","filename":"docker.py","lineno":71}
{"timestamp":"2026-05-20T22:11:08.773162Z","level":"info","event":"\tat org.apache.spark.scheduler.Task.run(Task.scala:141)","logger":"airflow.task.operators.airflow.providers.docker.operators.docker.DockerOperator","filename":"docker.py","lineno":71}
{"timestamp":"2026-05-20T22:11:08.773217Z","level":"info","event":"\tat org.apache.spark.executor.Executor$TaskRunner.$anonfun$run$4(Executor.scala:620)","logger":"airflow.task.operators.airflow.providers.docker.operators.docker.DockerOperator","filename":"docker.py","lineno":71}
{"timestamp":"2026-05-20T22:11:08.773271Z","level":"info","event":"\tat org.apache.spark.util.SparkErrorUtils.tryWithSafeFinally(SparkErrorUtils.scala:64)","logger":"airflow.task.operators.airflow.providers.docker.operators.docker.DockerOperator","filename":"docker.py","lineno":71}
{"timestamp":"2026-05-20T22:11:08.773325Z","level":"info","event":"\tat org.apache.spark.util.SparkErrorUtils.tryWithSafeFinally$(SparkErrorUtils.scala:61)","logger":"airflow.task.operators.airflow.providers.docker.operators.docker.DockerOperator","filename":"docker.py","lineno":71}
{"timestamp":"2026-05-20T22:11:08.773382Z","level":"info","event":"\tat org.apache.spark.util.Utils$.tryWithSafeFinally(Utils.scala:94)","logger":"airflow.task.operators.airflow.providers.docker.operators.docker.DockerOperator","filename":"docker.py","lineno":71}
{"timestamp":"2026-05-20T22:11:08.773435Z","level":"info","event":"\tat org.apache.spark.executor.Executor$TaskRunner.run(Executor.scala:623)","logger":"airflow.task.operators.airflow.providers.docker.operators.docker.DockerOperator","filename":"docker.py","lineno":71}
{"timestamp":"2026-05-20T22:11:08.773504Z","level":"info","event":"\tat java.base/java.util.concurrent.ThreadPoolExecutor.runWorker(Unknown Source)","logger":"airflow.task.operators.airflow.providers.docker.operators.docker.DockerOperator","filename":"docker.py","lineno":71}
{"timestamp":"2026-05-20T22:11:08.773564Z","level":"info","event":"\tat java.base/java.util.concurrent.ThreadPoolExecutor$Worker.run(Unknown Source)","logger":"airflow.task.operators.airflow.providers.docker.operators.docker.DockerOperator","filename":"docker.py","lineno":71}
{"timestamp":"2026-05-20T22:11:08.773620Z","level":"info","event":"\tat java.base/java.lang.Thread.run(Unknown Source)","logger":"airflow.task.operators.airflow.providers.docker.operators.docker.DockerOperator","filename":"docker.py","lineno":71}
{"timestamp":"2026-05-20T22:11:08.773673Z","level":"info","event":"Caused by: java.lang.ClassNotFoundException: Class org.apache.hadoop.fs.s3a.S3AFileSystem not found","logger":"airflow.task.operators.airflow.providers.docker.operators.docker.DockerOperator","filename":"docker.py","lineno":71}
{"timestamp":"2026-05-20T22:11:08.773728Z","level":"info","event":"\tat org.apache.hadoop.conf.Configuration.getClassByName(Configuration.java:2592)","logger":"airflow.task.operators.airflow.providers.docker.operators.docker.DockerOperator","filename":"docker.py","lineno":71}
{"timestamp":"2026-05-20T22:11:08.773783Z","level":"info","event":"\tat org.apache.hadoop.conf.Configuration.getClass(Configuration.java:2686)","logger":"airflow.task.operators.airflow.providers.docker.operators.docker.DockerOperator","filename":"docker.py","lineno":71}
{"timestamp":"2026-05-20T22:11:08.773869Z","level":"info","event":"\t... 37 more","logger":"airflow.task.operators.airflow.providers.docker.operators.docker.DockerOperator","filename":"docker.py","lineno":71}
{"timestamp":"2026-05-20T22:11:08.773938Z","level":"info","event":"","logger":"airflow.task.operators.airflow.providers.docker.operators.docker.DockerOperator","filename":"docker.py","lineno":71}
{"timestamp":"2026-05-20T22:11:08.774009Z","level":"info","event":"Driver stacktrace:","logger":"airflow.task.operators.airflow.providers.docker.operators.docker.DockerOperator","filename":"docker.py","lineno":71}
{"timestamp":"2026-05-20T22:11:08.774182Z","level":"info","event":"26/05/20 22:11:08 INFO DAGScheduler: ResultStage 2 (toString at <unknown>:0) failed in 3.541 s due to Job aborted due to stage failure: Task 0 in stage 2.0 failed 4 times, most recent failure: Lost task 0.3 in stage 2.0 (TID 25) (172.20.0.20 executor 0): java.lang.RuntimeException: java.lang.ClassNotFoundException: Class org.apache.hadoop.fs.s3a.S3AFileSystem not found","logger":"airflow.task.operators.airflow.providers.docker.operators.docker.DockerOperator","filename":"docker.py","lineno":71}
{"timestamp":"2026-05-20T22:11:08.774272Z","level":"info","event":"\tat org.apache.hadoop.conf.Configuration.getClass(Configuration.java:2688)","logger":"airflow.task.operators.airflow.providers.docker.operators.docker.DockerOperator","filename":"docker.py","lineno":71}
{"timestamp":"2026-05-20T22:11:08.774348Z","level":"info","event":"\tat org.apache.hadoop.fs.FileSystem.getFileSystemClass(FileSystem.java:3431)","logger":"airflow.task.operators.airflow.providers.docker.operators.docker.DockerOperator","filename":"docker.py","lineno":71}
{"timestamp":"2026-05-20T22:11:08.774420Z","level":"info","event":"\tat org.apache.hadoop.fs.FileSystem.createFileSystem(FileSystem.java:3466)","logger":"airflow.task.operators.airflow.providers.docker.operators.docker.DockerOperator","filename":"docker.py","lineno":71}
{"timestamp":"2026-05-20T22:11:08.774509Z","level":"info","event":"\tat org.apache.hadoop.fs.FileSystem.access$300(FileSystem.java:174)","logger":"airflow.task.operators.airflow.providers.docker.operators.docker.DockerOperator","filename":"docker.py","lineno":71}
{"timestamp":"2026-05-20T22:11:08.774581Z","level":"info","event":"\tat org.apache.hadoop.fs.FileSystem$Cache.getInternal(FileSystem.java:3574)","logger":"airflow.task.operators.airflow.providers.docker.operators.docker.DockerOperator","filename":"docker.py","lineno":71}
{"timestamp":"2026-05-20T22:11:08.774651Z","level":"info","event":"\tat org.apache.hadoop.fs.FileSystem$Cache.get(FileSystem.java:3521)","logger":"airflow.task.operators.airflow.providers.docker.operators.docker.DockerOperator","filename":"docker.py","lineno":71}
{"timestamp":"2026-05-20T22:11:08.774717Z","level":"info","event":"\tat org.apache.hadoop.fs.FileSystem.get(FileSystem.java:540)","logger":"airflow.task.operators.airflow.providers.docker.operators.docker.DockerOperator","filename":"docker.py","lineno":71}
{"timestamp":"2026-05-20T22:11:08.774786Z","level":"info","event":"\tat org.apache.hadoop.fs.Path.getFileSystem(Path.java:365)","logger":"airflow.task.operators.airflow.providers.docker.operators.docker.DockerOperator","filename":"docker.py","lineno":71}
{"timestamp":"2026-05-20T22:11:08.774878Z","level":"info","event":"\tat org.apache.hadoop.mapreduce.lib.input.LineRecordReader.initialize(LineRecordReader.java:88)","logger":"airflow.task.operators.airflow.providers.docker.operators.docker.DockerOperator","filename":"docker.py","lineno":71}
{"timestamp":"2026-05-20T22:11:08.774936Z","level":"info","event":"\tat org.apache.spark.sql.execution.datasources.HadoopFileLinesReader.<init>(HadoopFileLinesReader.scala:63)","logger":"airflow.task.operators.airflow.providers.docker.operators.docker.DockerOperator","filename":"docker.py","lineno":71}
{"timestamp":"2026-05-20T22:11:08.775001Z","level":"info","event":"\tat org.apache.spark.sql.execution.datasources.json.TextInputJsonDataSource$.readFile(JsonDataSource.scala:132)","logger":"airflow.task.operators.airflow.providers.docker.operators.docker.DockerOperator","filename":"docker.py","lineno":71}
{"timestamp":"2026-05-20T22:11:08.775051Z","level":"info","event":"\tat org.apache.spark.sql.execution.datasources.json.JsonFileFormat.$anonfun$buildReader$2(JsonFileFormat.scala:126)","logger":"airflow.task.operators.airflow.providers.docker.operators.docker.DockerOperator","filename":"docker.py","lineno":71}
{"timestamp":"2026-05-20T22:11:08.775101Z","level":"info","event":"\tat org.apache.spark.sql.execution.datasources.FileFormat$$anon$1.apply(FileFormat.scala:160)","logger":"airflow.task.operators.airflow.providers.docker.operators.docker.DockerOperator","filename":"docker.py","lineno":71}
{"timestamp":"2026-05-20T22:11:08.775148Z","level":"info","event":"\tat org.apache.spark.sql.execution.datasources.FileFormat$$anon$1.apply(FileFormat.scala:140)","logger":"airflow.task.operators.airflow.providers.docker.operators.docker.DockerOperator","filename":"docker.py","lineno":71}
{"timestamp":"2026-05-20T22:11:08.775194Z","level":"info","event":"\tat org.apache.spark.sql.execution.datasources.FileScanRDD$$anon$1.org$apache$spark$sql$execution$datasources$FileScanRDD$$anon$$readCurrentFile(FileScanRDD.scala:217)","logger":"airflow.task.operators.airflow.providers.docker.operators.docker.DockerOperator","filename":"docker.py","lineno":71}
{"timestamp":"2026-05-20T22:11:08.775248Z","level":"info","event":"\tat org.apache.spark.sql.execution.datasources.FileScanRDD$$anon$1.nextIterator(FileScanRDD.scala:279)","logger":"airflow.task.operators.airflow.providers.docker.operators.docker.DockerOperator","filename":"docker.py","lineno":71}
{"timestamp":"2026-05-20T22:11:08.775298Z","level":"info","event":"\tat org.apache.spark.sql.execution.datasources.FileScanRDD$$anon$1.hasNext(FileScanRDD.scala:129)","logger":"airflow.task.operators.airflow.providers.docker.operators.docker.DockerOperator","filename":"docker.py","lineno":71}
{"timestamp":"2026-05-20T22:11:08.775350Z","level":"info","event":"\tat scala.collection.Iterator$$anon$10.hasNext(Iterator.scala:460)","logger":"airflow.task.operators.airflow.providers.docker.operators.docker.DockerOperator","filename":"docker.py","lineno":71}
{"timestamp":"2026-05-20T22:11:08.775398Z","level":"info","event":"\tat org.apache.spark.sql.catalyst.expressions.GeneratedClass$GeneratedIteratorForCodegenStage1.processNext(Unknown Source)","logger":"airflow.task.operators.airflow.providers.docker.operators.docker.DockerOperator","filename":"docker.py","lineno":71}
{"timestamp":"2026-05-20T22:11:08.775463Z","level":"info","event":"\tat org.apache.spark.sql.execution.BufferedRowIterator.hasNext(BufferedRowIterator.java:43)","logger":"airflow.task.operators.airflow.providers.docker.operators.docker.DockerOperator","filename":"docker.py","lineno":71}
{"timestamp":"2026-05-20T22:11:08.775520Z","level":"info","event":"\tat org.apache.spark.sql.execution.WholeStageCodegenEvaluatorFactory$WholeStageCodegenPartitionEvaluator$$anon$1.hasNext(WholeStageCodegenEvaluatorFactory.scala:43)","logger":"airflow.task.operators.airflow.providers.docker.operators.docker.DockerOperator","filename":"docker.py","lineno":71}
{"timestamp":"2026-05-20T22:11:08.775576Z","level":"info","event":"\tat org.apache.spark.sql.execution.SparkPlan.$anonfun$getByteArrayRdd$1(SparkPlan.scala:388)","logger":"airflow.task.operators.airflow.providers.docker.operators.docker.DockerOperator","filename":"docker.py","lineno":71}
{"timestamp":"2026-05-20T22:11:08.775631Z","level":"info","event":"\tat org.apache.spark.rdd.RDD.$anonfun$mapPartitionsInternal$2(RDD.scala:890)","logger":"airflow.task.operators.airflow.providers.docker.operators.docker.DockerOperator","filename":"docker.py","lineno":71}
{"timestamp":"2026-05-20T22:11:08.775682Z","level":"info","event":"\tat org.apache.spark.rdd.RDD.$anonfun$mapPartitionsInternal$2$adapted(RDD.scala:890)","logger":"airflow.task.operators.airflow.providers.docker.operators.docker.DockerOperator","filename":"docker.py","lineno":71}
{"timestamp":"2026-05-20T22:11:08.775737Z","level":"info","event":"\tat org.apache.spark.rdd.MapPartitionsRDD.compute(MapPartitionsRDD.scala:52)","logger":"airflow.task.operators.airflow.providers.docker.operators.docker.DockerOperator","filename":"docker.py","lineno":71}
{"timestamp":"2026-05-20T22:11:08.775788Z","level":"info","event":"\tat org.apache.spark.rdd.RDD.computeOrReadCheckpoint(RDD.scala:364)","logger":"airflow.task.operators.airflow.providers.docker.operators.docker.DockerOperator","filename":"docker.py","lineno":71}
{"timestamp":"2026-05-20T22:11:08.775869Z","level":"info","event":"\tat org.apache.spark.rdd.RDD.iterator(RDD.scala:328)","logger":"airflow.task.operators.airflow.providers.docker.operators.docker.DockerOperator","filename":"docker.py","lineno":71}
{"timestamp":"2026-05-20T22:11:08.775939Z","level":"info","event":"\tat org.apache.spark.scheduler.ResultTask.runTask(ResultTask.scala:93)","logger":"airflow.task.operators.airflow.providers.docker.operators.docker.DockerOperator","filename":"docker.py","lineno":71}
{"timestamp":"2026-05-20T22:11:08.776006Z","level":"info","event":"\tat org.apache.spark.TaskContext.runTaskWithListeners(TaskContext.scala:161)","logger":"airflow.task.operators.airflow.providers.docker.operators.docker.DockerOperator","filename":"docker.py","lineno":71}
{"timestamp":"2026-05-20T22:11:08.776074Z","level":"info","event":"\tat org.apache.spark.scheduler.Task.run(Task.scala:141)","logger":"airflow.task.operators.airflow.providers.docker.operators.docker.DockerOperator","filename":"docker.py","lineno":71}
{"timestamp":"2026-05-20T22:11:08.776144Z","level":"info","event":"\tat org.apache.spark.executor.Executor$TaskRunner.$anonfun$run$4(Executor.scala:620)","logger":"airflow.task.operators.airflow.providers.docker.operators.docker.DockerOperator","filename":"docker.py","lineno":71}
{"timestamp":"2026-05-20T22:11:08.776204Z","level":"info","event":"\tat org.apache.spark.util.SparkErrorUtils.tryWithSafeFinally(SparkErrorUtils.scala:64)","logger":"airflow.task.operators.airflow.providers.docker.operators.docker.DockerOperator","filename":"docker.py","lineno":71}
{"timestamp":"2026-05-20T22:11:08.776273Z","level":"info","event":"\tat org.apache.spark.util.SparkErrorUtils.tryWithSafeFinally$(SparkErrorUtils.scala:61)","logger":"airflow.task.operators.airflow.providers.docker.operators.docker.DockerOperator","filename":"docker.py","lineno":71}
{"timestamp":"2026-05-20T22:11:08.776343Z","level":"info","event":"\tat org.apache.spark.util.Utils$.tryWithSafeFinally(Utils.scala:94)","logger":"airflow.task.operators.airflow.providers.docker.operators.docker.DockerOperator","filename":"docker.py","lineno":71}
{"timestamp":"2026-05-20T22:11:08.776410Z","level":"info","event":"\tat org.apache.spark.executor.Executor$TaskRunner.run(Executor.scala:623)","logger":"airflow.task.operators.airflow.providers.docker.operators.docker.DockerOperator","filename":"docker.py","lineno":71}
{"timestamp":"2026-05-20T22:11:08.776494Z","level":"info","event":"\tat java.base/java.util.concurrent.ThreadPoolExecutor.runWorker(Unknown Source)","logger":"airflow.task.operators.airflow.providers.docker.operators.docker.DockerOperator","filename":"docker.py","lineno":71}
{"timestamp":"2026-05-20T22:11:08.776560Z","level":"info","event":"\tat java.base/java.util.concurrent.ThreadPoolExecutor$Worker.run(Unknown Source)","logger":"airflow.task.operators.airflow.providers.docker.operators.docker.DockerOperator","filename":"docker.py","lineno":71}
{"timestamp":"2026-05-20T22:11:08.776630Z","level":"info","event":"\tat java.base/java.lang.Thread.run(Unknown Source)","logger":"airflow.task.operators.airflow.providers.docker.operators.docker.DockerOperator","filename":"docker.py","lineno":71}
{"timestamp":"2026-05-20T22:11:08.776704Z","level":"info","event":"Caused by: java.lang.ClassNotFoundException: Class org.apache.hadoop.fs.s3a.S3AFileSystem not found","logger":"airflow.task.operators.airflow.providers.docker.operators.docker.DockerOperator","filename":"docker.py","lineno":71}
{"timestamp":"2026-05-20T22:11:08.776776Z","level":"info","event":"\tat org.apache.hadoop.conf.Configuration.getClassByName(Configuration.java:2592)","logger":"airflow.task.operators.airflow.providers.docker.operators.docker.DockerOperator","filename":"docker.py","lineno":71}
{"timestamp":"2026-05-20T22:11:08.776870Z","level":"info","event":"\tat org.apache.hadoop.conf.Configuration.getClass(Configuration.java:2686)","logger":"airflow.task.operators.airflow.providers.docker.operators.docker.DockerOperator","filename":"docker.py","lineno":71}
{"timestamp":"2026-05-20T22:11:08.776946Z","level":"info","event":"\t... 37 more","logger":"airflow.task.operators.airflow.providers.docker.operators.docker.DockerOperator","filename":"docker.py","lineno":71}
{"timestamp":"2026-05-20T22:11:08.777021Z","level":"info","event":"","logger":"airflow.task.operators.airflow.providers.docker.operators.docker.DockerOperator","filename":"docker.py","lineno":71}
{"timestamp":"2026-05-20T22:11:08.777080Z","level":"info","event":"Driver stacktrace:","logger":"airflow.task.operators.airflow.providers.docker.operators.docker.DockerOperator","filename":"docker.py","lineno":71}
{"timestamp":"2026-05-20T22:11:08.781270Z","level":"info","event":"26/05/20 22:11:08 INFO DAGScheduler: Job 6 failed: toString at <unknown>:0, took 3.713754 s","logger":"airflow.task.operators.airflow.providers.docker.operators.docker.DockerOperator","filename":"docker.py","lineno":71}
{"timestamp":"2026-05-20T22:11:08.823783Z","level":"info","event":"26/05/20 22:11:08 INFO BlockManagerInfo: Added broadcast_1_piece0 in memory on 172.20.0.20:38043 (size: 34.9 KiB, free: 434.1 MiB)","logger":"airflow.task.operators.airflow.providers.docker.operators.docker.DockerOperator","filename":"docker.py","lineno":71}
{"timestamp":"2026-05-20T22:11:08.824225Z","level":"info","event":"26/05/20 22:11:08 INFO TaskSetManager: Lost task 0.2 in stage 3.0 (TID 16) on 172.20.0.20, executor 0: java.lang.RuntimeException (java.lang.ClassNotFoundException: Class org.apache.hadoop.fs.s3a.S3AFileSystem not found) [duplicate 2]","logger":"airflow.task.operators.airflow.providers.docker.operators.docker.DockerOperator","filename":"docker.py","lineno":71}
{"timestamp":"2026-05-20T22:11:08.834094Z","level":"info","event":"26/05/20 22:11:08 INFO TaskSetManager: Starting task 0.3 in stage 3.0 (TID 27) (172.20.0.21, executor 1, partition 0, PROCESS_LOCAL, 8331 bytes)","logger":"airflow.task.operators.airflow.providers.docker.operators.docker.DockerOperator","filename":"docker.py","lineno":71}
{"timestamp":"2026-05-20T22:11:08.922175Z","level":"info","event":"26/05/20 22:11:08 INFO TaskSetManager: Lost task 0.3 in stage 3.0 (TID 27) on 172.20.0.21, executor 1: java.lang.RuntimeException (java.lang.ClassNotFoundException: Class org.apache.hadoop.fs.s3a.S3AFileSystem not found) [duplicate 3]","logger":"airflow.task.operators.airflow.providers.docker.operators.docker.DockerOperator","filename":"docker.py","lineno":71}
{"timestamp":"2026-05-20T22:11:08.934257Z","level":"info","event":"26/05/20 22:11:08 ERROR TaskSetManager: Task 0 in stage 3.0 failed 4 times; aborting job","logger":"airflow.task.operators.airflow.providers.docker.operators.docker.DockerOperator","filename":"docker.py","lineno":71}
{"timestamp":"2026-05-20T22:11:08.934636Z","level":"info","event":"26/05/20 22:11:08 INFO TaskSchedulerImpl: Removed TaskSet 3.0, whose tasks have all completed, from pool","logger":"airflow.task.operators.airflow.providers.docker.operators.docker.DockerOperator","filename":"docker.py","lineno":71}
{"timestamp":"2026-05-20T22:11:08.934802Z","level":"info","event":"26/05/20 22:11:08 INFO TaskSchedulerImpl: Cancelling stage 3","logger":"airflow.task.operators.airflow.providers.docker.operators.docker.DockerOperator","filename":"docker.py","lineno":71}
{"timestamp":"2026-05-20T22:11:08.937674Z","level":"info","event":"26/05/20 22:11:08 INFO TaskSchedulerImpl: Killing all running tasks in stage 3: Stage cancelled: Job aborted due to stage failure: Task 0 in stage 3.0 failed 4 times, most recent failure: Lost task 0.3 in stage 3.0 (TID 27) (172.20.0.21 executor 1): java.lang.RuntimeException: java.lang.ClassNotFoundException: Class org.apache.hadoop.fs.s3a.S3AFileSystem not found","logger":"airflow.task.operators.airflow.providers.docker.operators.docker.DockerOperator","filename":"docker.py","lineno":71}
{"timestamp":"2026-05-20T22:11:08.937898Z","level":"info","event":"\tat org.apache.hadoop.conf.Configuration.getClass(Configuration.java:2688)","logger":"airflow.task.operators.airflow.providers.docker.operators.docker.DockerOperator","filename":"docker.py","lineno":71}
{"timestamp":"2026-05-20T22:11:08.937991Z","level":"info","event":"\tat org.apache.hadoop.fs.FileSystem.getFileSystemClass(FileSystem.java:3431)","logger":"airflow.task.operators.airflow.providers.docker.operators.docker.DockerOperator","filename":"docker.py","lineno":71}
{"timestamp":"2026-05-20T22:11:08.938056Z","level":"info","event":"\tat org.apache.hadoop.fs.FileSystem.createFileSystem(FileSystem.java:3466)","logger":"airflow.task.operators.airflow.providers.docker.operators.docker.DockerOperator","filename":"docker.py","lineno":71}
{"timestamp":"2026-05-20T22:11:08.938120Z","level":"info","event":"\tat org.apache.hadoop.fs.FileSystem.access$300(FileSystem.java:174)","logger":"airflow.task.operators.airflow.providers.docker.operators.docker.DockerOperator","filename":"docker.py","lineno":71}
{"timestamp":"2026-05-20T22:11:08.938182Z","level":"info","event":"\tat org.apache.hadoop.fs.FileSystem$Cache.getInternal(FileSystem.java:3574)","logger":"airflow.task.operators.airflow.providers.docker.operators.docker.DockerOperator","filename":"docker.py","lineno":71}
{"timestamp":"2026-05-20T22:11:08.938243Z","level":"info","event":"\tat org.apache.hadoop.fs.FileSystem$Cache.get(FileSystem.java:3521)","logger":"airflow.task.operators.airflow.providers.docker.operators.docker.DockerOperator","filename":"docker.py","lineno":71}
{"timestamp":"2026-05-20T22:11:08.938306Z","level":"info","event":"\tat org.apache.hadoop.fs.FileSystem.get(FileSystem.java:540)","logger":"airflow.task.operators.airflow.providers.docker.operators.docker.DockerOperator","filename":"docker.py","lineno":71}
{"timestamp":"2026-05-20T22:11:08.938361Z","level":"info","event":"\tat org.apache.hadoop.fs.Path.getFileSystem(Path.java:365)","logger":"airflow.task.operators.airflow.providers.docker.operators.docker.DockerOperator","filename":"docker.py","lineno":71}
{"timestamp":"2026-05-20T22:11:08.938419Z","level":"info","event":"\tat org.apache.hadoop.mapreduce.lib.input.LineRecordReader.initialize(LineRecordReader.java:88)","logger":"airflow.task.operators.airflow.providers.docker.operators.docker.DockerOperator","filename":"docker.py","lineno":71}
{"timestamp":"2026-05-20T22:11:08.938479Z","level":"info","event":"\tat org.apache.spark.sql.execution.datasources.HadoopFileLinesReader.<init>(HadoopFileLinesReader.scala:63)","logger":"airflow.task.operators.airflow.providers.docker.operators.docker.DockerOperator","filename":"docker.py","lineno":71}
{"timestamp":"2026-05-20T22:11:08.938540Z","level":"info","event":"\tat org.apache.spark.sql.execution.datasources.json.TextInputJsonDataSource$.readFile(JsonDataSource.scala:132)","logger":"airflow.task.operators.airflow.providers.docker.operators.docker.DockerOperator","filename":"docker.py","lineno":71}
{"timestamp":"2026-05-20T22:11:08.938730Z","level":"info","event":"\tat org.apache.spark.sql.execution.datasources.json.JsonFileFormat.$anonfun$buildReader$2(JsonFileFormat.scala:126)","logger":"airflow.task.operators.airflow.providers.docker.operators.docker.DockerOperator","filename":"docker.py","lineno":71}
{"timestamp":"2026-05-20T22:11:08.938856Z","level":"info","event":"\tat org.apache.spark.sql.execution.datasources.FileFormat$$anon$1.apply(FileFormat.scala:160)","logger":"airflow.task.operators.airflow.providers.docker.operators.docker.DockerOperator","filename":"docker.py","lineno":71}
{"timestamp":"2026-05-20T22:11:08.938931Z","level":"info","event":"\tat org.apache.spark.sql.execution.datasources.FileFormat$$anon$1.apply(FileFormat.scala:140)","logger":"airflow.task.operators.airflow.providers.docker.operators.docker.DockerOperator","filename":"docker.py","lineno":71}
{"timestamp":"2026-05-20T22:11:08.938990Z","level":"info","event":"\tat org.apache.spark.sql.execution.datasources.FileScanRDD$$anon$1.org$apache$spark$sql$execution$datasources$FileScanRDD$$anon$$readCurrentFile(FileScanRDD.scala:217)","logger":"airflow.task.operators.airflow.providers.docker.operators.docker.DockerOperator","filename":"docker.py","lineno":71}
{"timestamp":"2026-05-20T22:11:08.939042Z","level":"info","event":"\tat org.apache.spark.sql.execution.datasources.FileScanRDD$$anon$1.nextIterator(FileScanRDD.scala:279)","logger":"airflow.task.operators.airflow.providers.docker.operators.docker.DockerOperator","filename":"docker.py","lineno":71}
{"timestamp":"2026-05-20T22:11:08.939099Z","level":"info","event":"\tat org.apache.spark.sql.execution.datasources.FileScanRDD$$anon$1.hasNext(FileScanRDD.scala:129)","logger":"airflow.task.operators.airflow.providers.docker.operators.docker.DockerOperator","filename":"docker.py","lineno":71}
{"timestamp":"2026-05-20T22:11:08.939150Z","level":"info","event":"\tat scala.collection.Iterator$$anon$10.hasNext(Iterator.scala:460)","logger":"airflow.task.operators.airflow.providers.docker.operators.docker.DockerOperator","filename":"docker.py","lineno":71}
{"timestamp":"2026-05-20T22:11:08.939201Z","level":"info","event":"\tat org.apache.spark.sql.catalyst.expressions.GeneratedClass$GeneratedIteratorForCodegenStage1.processNext(Unknown Source)","logger":"airflow.task.operators.airflow.providers.docker.operators.docker.DockerOperator","filename":"docker.py","lineno":71}
{"timestamp":"2026-05-20T22:11:08.939251Z","level":"info","event":"\tat org.apache.spark.sql.execution.BufferedRowIterator.hasNext(BufferedRowIterator.java:43)","logger":"airflow.task.operators.airflow.providers.docker.operators.docker.DockerOperator","filename":"docker.py","lineno":71}
{"timestamp":"2026-05-20T22:11:08.939299Z","level":"info","event":"\tat org.apache.spark.sql.execution.WholeStageCodegenEvaluatorFactory$WholeStageCodegenPartitionEvaluator$$anon$1.hasNext(WholeStageCodegenEvaluatorFactory.scala:43)","logger":"airflow.task.operators.airflow.providers.docker.operators.docker.DockerOperator","filename":"docker.py","lineno":71}
{"timestamp":"2026-05-20T22:11:08.939348Z","level":"info","event":"\tat org.apache.spark.sql.execution.SparkPlan.$anonfun$getByteArrayRdd$1(SparkPlan.scala:388)","logger":"airflow.task.operators.airflow.providers.docker.operators.docker.DockerOperator","filename":"docker.py","lineno":71}
{"timestamp":"2026-05-20T22:11:08.939420Z","level":"info","event":"\tat org.apache.spark.rdd.RDD.$anonfun$mapPartitionsInternal$2(RDD.scala:890)","logger":"airflow.task.operators.airflow.providers.docker.operators.docker.DockerOperator","filename":"docker.py","lineno":71}
{"timestamp":"2026-05-20T22:11:08.939481Z","level":"info","event":"\tat org.apache.spark.rdd.RDD.$anonfun$mapPartitionsInternal$2$adapted(RDD.scala:890)","logger":"airflow.task.operators.airflow.providers.docker.operators.docker.DockerOperator","filename":"docker.py","lineno":71}
{"timestamp":"2026-05-20T22:11:08.939535Z","level":"info","event":"\tat org.apache.spark.rdd.MapPartitionsRDD.compute(MapPartitionsRDD.scala:52)","logger":"airflow.task.operators.airflow.providers.docker.operators.docker.DockerOperator","filename":"docker.py","lineno":71}
{"timestamp":"2026-05-20T22:11:08.939587Z","level":"info","event":"\tat org.apache.spark.rdd.RDD.computeOrReadCheckpoint(RDD.scala:364)","logger":"airflow.task.operators.airflow.providers.docker.operators.docker.DockerOperator","filename":"docker.py","lineno":71}
{"timestamp":"2026-05-20T22:11:08.939637Z","level":"info","event":"\tat org.apache.spark.rdd.RDD.iterator(RDD.scala:328)","logger":"airflow.task.operators.airflow.providers.docker.operators.docker.DockerOperator","filename":"docker.py","lineno":71}
{"timestamp":"2026-05-20T22:11:08.939686Z","level":"info","event":"\tat org.apache.spark.scheduler.ResultTask.runTask(ResultTask.scala:93)","logger":"airflow.task.operators.airflow.providers.docker.operators.docker.DockerOperator","filename":"docker.py","lineno":71}
{"timestamp":"2026-05-20T22:11:08.939735Z","level":"info","event":"\tat org.apache.spark.TaskContext.runTaskWithListeners(TaskContext.scala:161)","logger":"airflow.task.operators.airflow.providers.docker.operators.docker.DockerOperator","filename":"docker.py","lineno":71}
{"timestamp":"2026-05-20T22:11:08.939788Z","level":"info","event":"\tat org.apache.spark.scheduler.Task.run(Task.scala:141)","logger":"airflow.task.operators.airflow.providers.docker.operators.docker.DockerOperator","filename":"docker.py","lineno":71}
{"timestamp":"2026-05-20T22:11:08.939867Z","level":"info","event":"\tat org.apache.spark.executor.Executor$TaskRunner.$anonfun$run$4(Executor.scala:620)","logger":"airflow.task.operators.airflow.providers.docker.operators.docker.DockerOperator","filename":"docker.py","lineno":71}
{"timestamp":"2026-05-20T22:11:08.939930Z","level":"info","event":"\tat org.apache.spark.util.SparkErrorUtils.tryWithSafeFinally(SparkErrorUtils.scala:64)","logger":"airflow.task.operators.airflow.providers.docker.operators.docker.DockerOperator","filename":"docker.py","lineno":71}
{"timestamp":"2026-05-20T22:11:08.939988Z","level":"info","event":"\tat org.apache.spark.util.SparkErrorUtils.tryWithSafeFinally$(SparkErrorUtils.scala:61)","logger":"airflow.task.operators.airflow.providers.docker.operators.docker.DockerOperator","filename":"docker.py","lineno":71}
{"timestamp":"2026-05-20T22:11:08.940042Z","level":"info","event":"\tat org.apache.spark.util.Utils$.tryWithSafeFinally(Utils.scala:94)","logger":"airflow.task.operators.airflow.providers.docker.operators.docker.DockerOperator","filename":"docker.py","lineno":71}
{"timestamp":"2026-05-20T22:11:08.940094Z","level":"info","event":"\tat org.apache.spark.executor.Executor$TaskRunner.run(Executor.scala:623)","logger":"airflow.task.operators.airflow.providers.docker.operators.docker.DockerOperator","filename":"docker.py","lineno":71}
{"timestamp":"2026-05-20T22:11:08.940148Z","level":"info","event":"\tat java.base/java.util.concurrent.ThreadPoolExecutor.runWorker(Unknown Source)","logger":"airflow.task.operators.airflow.providers.docker.operators.docker.DockerOperator","filename":"docker.py","lineno":71}
{"timestamp":"2026-05-20T22:11:08.940205Z","level":"info","event":"\tat java.base/java.util.concurrent.ThreadPoolExecutor$Worker.run(Unknown Source)","logger":"airflow.task.operators.airflow.providers.docker.operators.docker.DockerOperator","filename":"docker.py","lineno":71}
{"timestamp":"2026-05-20T22:11:08.940268Z","level":"info","event":"\tat java.base/java.lang.Thread.run(Unknown Source)","logger":"airflow.task.operators.airflow.providers.docker.operators.docker.DockerOperator","filename":"docker.py","lineno":71}
{"timestamp":"2026-05-20T22:11:08.940329Z","level":"info","event":"Caused by: java.lang.ClassNotFoundException: Class org.apache.hadoop.fs.s3a.S3AFileSystem not found","logger":"airflow.task.operators.airflow.providers.docker.operators.docker.DockerOperator","filename":"docker.py","lineno":71}
{"timestamp":"2026-05-20T22:11:08.940391Z","level":"info","event":"\tat org.apache.hadoop.conf.Configuration.getClassByName(Configuration.java:2592)","logger":"airflow.task.operators.airflow.providers.docker.operators.docker.DockerOperator","filename":"docker.py","lineno":71}
{"timestamp":"2026-05-20T22:11:08.940465Z","level":"info","event":"\tat org.apache.hadoop.conf.Configuration.getClass(Configuration.java:2686)","logger":"airflow.task.operators.airflow.providers.docker.operators.docker.DockerOperator","filename":"docker.py","lineno":71}
{"timestamp":"2026-05-20T22:11:08.940518Z","level":"info","event":"\t... 37 more","logger":"airflow.task.operators.airflow.providers.docker.operators.docker.DockerOperator","filename":"docker.py","lineno":71}
{"timestamp":"2026-05-20T22:11:08.940571Z","level":"info","event":"","logger":"airflow.task.operators.airflow.providers.docker.operators.docker.DockerOperator","filename":"docker.py","lineno":71}
{"timestamp":"2026-05-20T22:11:08.940624Z","level":"info","event":"Driver stacktrace:","logger":"airflow.task.operators.airflow.providers.docker.operators.docker.DockerOperator","filename":"docker.py","lineno":71}
{"timestamp":"2026-05-20T22:11:08.940679Z","level":"info","event":"26/05/20 22:11:08 INFO DAGScheduler: ResultStage 3 (toString at <unknown>:0) failed in 3.685 s due to Job aborted due to stage failure: Task 0 in stage 3.0 failed 4 times, most recent failure: Lost task 0.3 in stage 3.0 (TID 27) (172.20.0.21 executor 1): java.lang.RuntimeException: java.lang.ClassNotFoundException: Class org.apache.hadoop.fs.s3a.S3AFileSystem not found","logger":"airflow.task.operators.airflow.providers.docker.operators.docker.DockerOperator","filename":"docker.py","lineno":71}
{"timestamp":"2026-05-20T22:11:08.940735Z","level":"info","event":"\tat org.apache.hadoop.conf.Configuration.getClass(Configuration.java:2688)","logger":"airflow.task.operators.airflow.providers.docker.operators.docker.DockerOperator","filename":"docker.py","lineno":71}
{"timestamp":"2026-05-20T22:11:08.940787Z","level":"info","event":"\tat org.apache.hadoop.fs.FileSystem.getFileSystemClass(FileSystem.java:3431)","logger":"airflow.task.operators.airflow.providers.docker.operators.docker.DockerOperator","filename":"docker.py","lineno":71}
{"timestamp":"2026-05-20T22:11:08.941943Z","level":"info","event":"\tat org.apache.hadoop.fs.FileSystem.createFileSystem(FileSystem.java:3466)","logger":"airflow.task.operators.airflow.providers.docker.operators.docker.DockerOperator","filename":"docker.py","lineno":71}
{"timestamp":"2026-05-20T22:11:08.942055Z","level":"info","event":"\tat org.apache.hadoop.fs.FileSystem.access$300(FileSystem.java:174)","logger":"airflow.task.operators.airflow.providers.docker.operators.docker.DockerOperator","filename":"docker.py","lineno":71}
{"timestamp":"2026-05-20T22:11:08.942120Z","level":"info","event":"\tat org.apache.hadoop.fs.FileSystem$Cache.getInternal(FileSystem.java:3574)","logger":"airflow.task.operators.airflow.providers.docker.operators.docker.DockerOperator","filename":"docker.py","lineno":71}
{"timestamp":"2026-05-20T22:11:08.942176Z","level":"info","event":"\tat org.apache.hadoop.fs.FileSystem$Cache.get(FileSystem.java:3521)","logger":"airflow.task.operators.airflow.providers.docker.operators.docker.DockerOperator","filename":"docker.py","lineno":71}
{"timestamp":"2026-05-20T22:11:08.942230Z","level":"info","event":"\tat org.apache.hadoop.fs.FileSystem.get(FileSystem.java:540)","logger":"airflow.task.operators.airflow.providers.docker.operators.docker.DockerOperator","filename":"docker.py","lineno":71}
{"timestamp":"2026-05-20T22:11:08.942284Z","level":"info","event":"\tat org.apache.hadoop.fs.Path.getFileSystem(Path.java:365)","logger":"airflow.task.operators.airflow.providers.docker.operators.docker.DockerOperator","filename":"docker.py","lineno":71}
{"timestamp":"2026-05-20T22:11:08.942337Z","level":"info","event":"\tat org.apache.hadoop.mapreduce.lib.input.LineRecordReader.initialize(LineRecordReader.java:88)","logger":"airflow.task.operators.airflow.providers.docker.operators.docker.DockerOperator","filename":"docker.py","lineno":71}
{"timestamp":"2026-05-20T22:11:08.942387Z","level":"info","event":"\tat org.apache.spark.sql.execution.datasources.HadoopFileLinesReader.<init>(HadoopFileLinesReader.scala:63)","logger":"airflow.task.operators.airflow.providers.docker.operators.docker.DockerOperator","filename":"docker.py","lineno":71}
{"timestamp":"2026-05-20T22:11:08.942472Z","level":"info","event":"\tat org.apache.spark.sql.execution.datasources.json.TextInputJsonDataSource$.readFile(JsonDataSource.scala:132)","logger":"airflow.task.operators.airflow.providers.docker.operators.docker.DockerOperator","filename":"docker.py","lineno":71}
{"timestamp":"2026-05-20T22:11:08.942523Z","level":"info","event":"\tat org.apache.spark.sql.execution.datasources.json.JsonFileFormat.$anonfun$buildReader$2(JsonFileFormat.scala:126)","logger":"airflow.task.operators.airflow.providers.docker.operators.docker.DockerOperator","filename":"docker.py","lineno":71}
{"timestamp":"2026-05-20T22:11:08.942572Z","level":"info","event":"\tat org.apache.spark.sql.execution.datasources.FileFormat$$anon$1.apply(FileFormat.scala:160)","logger":"airflow.task.operators.airflow.providers.docker.operators.docker.DockerOperator","filename":"docker.py","lineno":71}
{"timestamp":"2026-05-20T22:11:08.942620Z","level":"info","event":"\tat org.apache.spark.sql.execution.datasources.FileFormat$$anon$1.apply(FileFormat.scala:140)","logger":"airflow.task.operators.airflow.providers.docker.operators.docker.DockerOperator","filename":"docker.py","lineno":71}
{"timestamp":"2026-05-20T22:11:08.942667Z","level":"info","event":"\tat org.apache.spark.sql.execution.datasources.FileScanRDD$$anon$1.org$apache$spark$sql$execution$datasources$FileScanRDD$$anon$$readCurrentFile(FileScanRDD.scala:217)","logger":"airflow.task.operators.airflow.providers.docker.operators.docker.DockerOperator","filename":"docker.py","lineno":71}
{"timestamp":"2026-05-20T22:11:08.942716Z","level":"info","event":"\tat org.apache.spark.sql.execution.datasources.FileScanRDD$$anon$1.nextIterator(FileScanRDD.scala:279)","logger":"airflow.task.operators.airflow.providers.docker.operators.docker.DockerOperator","filename":"docker.py","lineno":71}
{"timestamp":"2026-05-20T22:11:08.942762Z","level":"info","event":"\tat org.apache.spark.sql.execution.datasources.FileScanRDD$$anon$1.hasNext(FileScanRDD.scala:129)","logger":"airflow.task.operators.airflow.providers.docker.operators.docker.DockerOperator","filename":"docker.py","lineno":71}
{"timestamp":"2026-05-20T22:11:08.942811Z","level":"info","event":"\tat scala.collection.Iterator$$anon$10.hasNext(Iterator.scala:460)","logger":"airflow.task.operators.airflow.providers.docker.operators.docker.DockerOperator","filename":"docker.py","lineno":71}
{"timestamp":"2026-05-20T22:11:08.942890Z","level":"info","event":"\tat org.apache.spark.sql.catalyst.expressions.GeneratedClass$GeneratedIteratorForCodegenStage1.processNext(Unknown Source)","logger":"airflow.task.operators.airflow.providers.docker.operators.docker.DockerOperator","filename":"docker.py","lineno":71}
{"timestamp":"2026-05-20T22:11:08.942952Z","level":"info","event":"\tat org.apache.spark.sql.execution.BufferedRowIterator.hasNext(BufferedRowIterator.java:43)","logger":"airflow.task.operators.airflow.providers.docker.operators.docker.DockerOperator","filename":"docker.py","lineno":71}
{"timestamp":"2026-05-20T22:11:08.943010Z","level":"info","event":"\tat org.apache.spark.sql.execution.WholeStageCodegenEvaluatorFactory$WholeStageCodegenPartitionEvaluator$$anon$1.hasNext(WholeStageCodegenEvaluatorFactory.scala:43)","logger":"airflow.task.operators.airflow.providers.docker.operators.docker.DockerOperator","filename":"docker.py","lineno":71}
{"timestamp":"2026-05-20T22:11:08.943068Z","level":"info","event":"\tat org.apache.spark.sql.execution.SparkPlan.$anonfun$getByteArrayRdd$1(SparkPlan.scala:388)","logger":"airflow.task.operators.airflow.providers.docker.operators.docker.DockerOperator","filename":"docker.py","lineno":71}
{"timestamp":"2026-05-20T22:11:08.943125Z","level":"info","event":"\tat org.apache.spark.rdd.RDD.$anonfun$mapPartitionsInternal$2(RDD.scala:890)","logger":"airflow.task.operators.airflow.providers.docker.operators.docker.DockerOperator","filename":"docker.py","lineno":71}
{"timestamp":"2026-05-20T22:11:08.943183Z","level":"info","event":"\tat org.apache.spark.rdd.RDD.$anonfun$mapPartitionsInternal$2$adapted(RDD.scala:890)","logger":"airflow.task.operators.airflow.providers.docker.operators.docker.DockerOperator","filename":"docker.py","lineno":71}
{"timestamp":"2026-05-20T22:11:08.943244Z","level":"info","event":"\tat org.apache.spark.rdd.MapPartitionsRDD.compute(MapPartitionsRDD.scala:52)","logger":"airflow.task.operators.airflow.providers.docker.operators.docker.DockerOperator","filename":"docker.py","lineno":71}
{"timestamp":"2026-05-20T22:11:08.943302Z","level":"info","event":"\tat org.apache.spark.rdd.RDD.computeOrReadCheckpoint(RDD.scala:364)","logger":"airflow.task.operators.airflow.providers.docker.operators.docker.DockerOperator","filename":"docker.py","lineno":71}
{"timestamp":"2026-05-20T22:11:08.943360Z","level":"info","event":"\tat org.apache.spark.rdd.RDD.iterator(RDD.scala:328)","logger":"airflow.task.operators.airflow.providers.docker.operators.docker.DockerOperator","filename":"docker.py","lineno":71}
{"timestamp":"2026-05-20T22:11:08.943430Z","level":"info","event":"\tat org.apache.spark.scheduler.ResultTask.runTask(ResultTask.scala:93)","logger":"airflow.task.operators.airflow.providers.docker.operators.docker.DockerOperator","filename":"docker.py","lineno":71}
{"timestamp":"2026-05-20T22:11:08.943490Z","level":"info","event":"\tat org.apache.spark.TaskContext.runTaskWithListeners(TaskContext.scala:161)","logger":"airflow.task.operators.airflow.providers.docker.operators.docker.DockerOperator","filename":"docker.py","lineno":71}
{"timestamp":"2026-05-20T22:11:08.943571Z","level":"info","event":"\tat org.apache.spark.scheduler.Task.run(Task.scala:141)","logger":"airflow.task.operators.airflow.providers.docker.operators.docker.DockerOperator","filename":"docker.py","lineno":71}
{"timestamp":"2026-05-20T22:11:08.943636Z","level":"info","event":"\tat org.apache.spark.executor.Executor$TaskRunner.$anonfun$run$4(Executor.scala:620)","logger":"airflow.task.operators.airflow.providers.docker.operators.docker.DockerOperator","filename":"docker.py","lineno":71}
{"timestamp":"2026-05-20T22:11:08.943699Z","level":"info","event":"\tat org.apache.spark.util.SparkErrorUtils.tryWithSafeFinally(SparkErrorUtils.scala:64)","logger":"airflow.task.operators.airflow.providers.docker.operators.docker.DockerOperator","filename":"docker.py","lineno":71}
{"timestamp":"2026-05-20T22:11:08.943759Z","level":"info","event":"\tat org.apache.spark.util.SparkErrorUtils.tryWithSafeFinally$(SparkErrorUtils.scala:61)","logger":"airflow.task.operators.airflow.providers.docker.operators.docker.DockerOperator","filename":"docker.py","lineno":71}
{"timestamp":"2026-05-20T22:11:08.943818Z","level":"info","event":"\tat org.apache.spark.util.Utils$.tryWithSafeFinally(Utils.scala:94)","logger":"airflow.task.operators.airflow.providers.docker.operators.docker.DockerOperator","filename":"docker.py","lineno":71}
{"timestamp":"2026-05-20T22:11:08.943908Z","level":"info","event":"\tat org.apache.spark.executor.Executor$TaskRunner.run(Executor.scala:623)","logger":"airflow.task.operators.airflow.providers.docker.operators.docker.DockerOperator","filename":"docker.py","lineno":71}
{"timestamp":"2026-05-20T22:11:08.943972Z","level":"info","event":"\tat java.base/java.util.concurrent.ThreadPoolExecutor.runWorker(Unknown Source)","logger":"airflow.task.operators.airflow.providers.docker.operators.docker.DockerOperator","filename":"docker.py","lineno":71}
{"timestamp":"2026-05-20T22:11:08.944032Z","level":"info","event":"\tat java.base/java.util.concurrent.ThreadPoolExecutor$Worker.run(Unknown Source)","logger":"airflow.task.operators.airflow.providers.docker.operators.docker.DockerOperator","filename":"docker.py","lineno":71}
{"timestamp":"2026-05-20T22:11:08.944092Z","level":"info","event":"\tat java.base/java.lang.Thread.run(Unknown Source)","logger":"airflow.task.operators.airflow.providers.docker.operators.docker.DockerOperator","filename":"docker.py","lineno":71}
{"timestamp":"2026-05-20T22:11:08.944153Z","level":"info","event":"Caused by: java.lang.ClassNotFoundException: Class org.apache.hadoop.fs.s3a.S3AFileSystem not found","logger":"airflow.task.operators.airflow.providers.docker.operators.docker.DockerOperator","filename":"docker.py","lineno":71}
{"timestamp":"2026-05-20T22:11:08.944212Z","level":"info","event":"\tat org.apache.hadoop.conf.Configuration.getClassByName(Configuration.java:2592)","logger":"airflow.task.operators.airflow.providers.docker.operators.docker.DockerOperator","filename":"docker.py","lineno":71}
{"timestamp":"2026-05-20T22:11:08.944269Z","level":"info","event":"\tat org.apache.hadoop.conf.Configuration.getClass(Configuration.java:2686)","logger":"airflow.task.operators.airflow.providers.docker.operators.docker.DockerOperator","filename":"docker.py","lineno":71}
{"timestamp":"2026-05-20T22:11:08.944329Z","level":"info","event":"\t... 37 more","logger":"airflow.task.operators.airflow.providers.docker.operators.docker.DockerOperator","filename":"docker.py","lineno":71}
{"timestamp":"2026-05-20T22:11:08.944389Z","level":"info","event":"","logger":"airflow.task.operators.airflow.providers.docker.operators.docker.DockerOperator","filename":"docker.py","lineno":71}
{"timestamp":"2026-05-20T22:11:08.944466Z","level":"info","event":"Driver stacktrace:","logger":"airflow.task.operators.airflow.providers.docker.operators.docker.DockerOperator","filename":"docker.py","lineno":71}
{"timestamp":"2026-05-20T22:11:08.944722Z","level":"info","event":"26/05/20 22:11:08 INFO DAGScheduler: Job 5 failed: toString at <unknown>:0, took 3.872799 s","logger":"airflow.task.operators.airflow.providers.docker.operators.docker.DockerOperator","filename":"docker.py","lineno":71}
{"timestamp":"2026-05-20T22:11:08.946472Z","level":"info","event":"26/05/20 22:11:08 INFO TaskSetManager: Lost task 0.3 in stage 4.0 (TID 17) on 172.20.0.20, executor 0: java.lang.RuntimeException (java.lang.ClassNotFoundException: Class org.apache.hadoop.fs.s3a.S3AFileSystem not found) [duplicate 3]","logger":"airflow.task.operators.airflow.providers.docker.operators.docker.DockerOperator","filename":"docker.py","lineno":71}
{"timestamp":"2026-05-20T22:11:08.946715Z","level":"info","event":"26/05/20 22:11:08 ERROR TaskSetManager: Task 0 in stage 4.0 failed 4 times; aborting job","logger":"airflow.task.operators.airflow.providers.docker.operators.docker.DockerOperator","filename":"docker.py","lineno":71}
{"timestamp":"2026-05-20T22:11:08.957182Z","level":"info","event":"26/05/20 22:11:08 INFO TaskSchedulerImpl: Removed TaskSet 4.0, whose tasks have all completed, from pool","logger":"airflow.task.operators.airflow.providers.docker.operators.docker.DockerOperator","filename":"docker.py","lineno":71}
{"timestamp":"2026-05-20T22:11:08.962183Z","level":"info","event":"26/05/20 22:11:08 INFO TaskSchedulerImpl: Cancelling stage 4","logger":"airflow.task.operators.airflow.providers.docker.operators.docker.DockerOperator","filename":"docker.py","lineno":71}
{"timestamp":"2026-05-20T22:11:08.962391Z","level":"info","event":"26/05/20 22:11:08 INFO TaskSchedulerImpl: Killing all running tasks in stage 4: Stage cancelled: Job aborted due to stage failure: Task 0 in stage 4.0 failed 4 times, most recent failure: Lost task 0.3 in stage 4.0 (TID 17) (172.20.0.20 executor 0): java.lang.RuntimeException: java.lang.ClassNotFoundException: Class org.apache.hadoop.fs.s3a.S3AFileSystem not found","logger":"airflow.task.operators.airflow.providers.docker.operators.docker.DockerOperator","filename":"docker.py","lineno":71}
{"timestamp":"2026-05-20T22:11:08.962469Z","level":"info","event":"\tat org.apache.hadoop.conf.Configuration.getClass(Configuration.java:2688)","logger":"airflow.task.operators.airflow.providers.docker.operators.docker.DockerOperator","filename":"docker.py","lineno":71}
{"timestamp":"2026-05-20T22:11:08.962526Z","level":"info","event":"\tat org.apache.hadoop.fs.FileSystem.getFileSystemClass(FileSystem.java:3431)","logger":"airflow.task.operators.airflow.providers.docker.operators.docker.DockerOperator","filename":"docker.py","lineno":71}
{"timestamp":"2026-05-20T22:11:08.962577Z","level":"info","event":"\tat org.apache.hadoop.fs.FileSystem.createFileSystem(FileSystem.java:3466)","logger":"airflow.task.operators.airflow.providers.docker.operators.docker.DockerOperator","filename":"docker.py","lineno":71}
{"timestamp":"2026-05-20T22:11:08.962625Z","level":"info","event":"\tat org.apache.hadoop.fs.FileSystem.access$300(FileSystem.java:174)","logger":"airflow.task.operators.airflow.providers.docker.operators.docker.DockerOperator","filename":"docker.py","lineno":71}
{"timestamp":"2026-05-20T22:11:08.962674Z","level":"info","event":"\tat org.apache.hadoop.fs.FileSystem$Cache.getInternal(FileSystem.java:3574)","logger":"airflow.task.operators.airflow.providers.docker.operators.docker.DockerOperator","filename":"docker.py","lineno":71}
{"timestamp":"2026-05-20T22:11:08.962721Z","level":"info","event":"\tat org.apache.hadoop.fs.FileSystem$Cache.get(FileSystem.java:3521)","logger":"airflow.task.operators.airflow.providers.docker.operators.docker.DockerOperator","filename":"docker.py","lineno":71}
{"timestamp":"2026-05-20T22:11:08.962767Z","level":"info","event":"\tat org.apache.hadoop.fs.FileSystem.get(FileSystem.java:540)","logger":"airflow.task.operators.airflow.providers.docker.operators.docker.DockerOperator","filename":"docker.py","lineno":71}
{"timestamp":"2026-05-20T22:11:08.962813Z","level":"info","event":"\tat org.apache.hadoop.fs.Path.getFileSystem(Path.java:365)","logger":"airflow.task.operators.airflow.providers.docker.operators.docker.DockerOperator","filename":"docker.py","lineno":71}
{"timestamp":"2026-05-20T22:11:08.962889Z","level":"info","event":"\tat org.apache.hadoop.mapreduce.lib.input.LineRecordReader.initialize(LineRecordReader.java:88)","logger":"airflow.task.operators.airflow.providers.docker.operators.docker.DockerOperator","filename":"docker.py","lineno":71}
{"timestamp":"2026-05-20T22:11:08.962956Z","level":"info","event":"\tat org.apache.spark.sql.execution.datasources.HadoopFileLinesReader.<init>(HadoopFileLinesReader.scala:63)","logger":"airflow.task.operators.airflow.providers.docker.operators.docker.DockerOperator","filename":"docker.py","lineno":71}
{"timestamp":"2026-05-20T22:11:08.963012Z","level":"info","event":"\tat org.apache.spark.sql.execution.datasources.json.TextInputJsonDataSource$.readFile(JsonDataSource.scala:132)","logger":"airflow.task.operators.airflow.providers.docker.operators.docker.DockerOperator","filename":"docker.py","lineno":71}
{"timestamp":"2026-05-20T22:11:08.963065Z","level":"info","event":"\tat org.apache.spark.sql.execution.datasources.json.JsonFileFormat.$anonfun$buildReader$2(JsonFileFormat.scala:126)","logger":"airflow.task.operators.airflow.providers.docker.operators.docker.DockerOperator","filename":"docker.py","lineno":71}
{"timestamp":"2026-05-20T22:11:08.963116Z","level":"info","event":"\tat org.apache.spark.sql.execution.datasources.FileFormat$$anon$1.apply(FileFormat.scala:160)","logger":"airflow.task.operators.airflow.providers.docker.operators.docker.DockerOperator","filename":"docker.py","lineno":71}
{"timestamp":"2026-05-20T22:11:08.963169Z","level":"info","event":"\tat org.apache.spark.sql.execution.datasources.FileFormat$$anon$1.apply(FileFormat.scala:140)","logger":"airflow.task.operators.airflow.providers.docker.operators.docker.DockerOperator","filename":"docker.py","lineno":71}
{"timestamp":"2026-05-20T22:11:08.963218Z","level":"info","event":"\tat org.apache.spark.sql.execution.datasources.FileScanRDD$$anon$1.org$apache$spark$sql$execution$datasources$FileScanRDD$$anon$$readCurrentFile(FileScanRDD.scala:217)","logger":"airflow.task.operators.airflow.providers.docker.operators.docker.DockerOperator","filename":"docker.py","lineno":71}
{"timestamp":"2026-05-20T22:11:08.963266Z","level":"info","event":"\tat org.apache.spark.sql.execution.datasources.FileScanRDD$$anon$1.nextIterator(FileScanRDD.scala:279)","logger":"airflow.task.operators.airflow.providers.docker.operators.docker.DockerOperator","filename":"docker.py","lineno":71}
{"timestamp":"2026-05-20T22:11:08.963314Z","level":"info","event":"\tat org.apache.spark.sql.execution.datasources.FileScanRDD$$anon$1.hasNext(FileScanRDD.scala:129)","logger":"airflow.task.operators.airflow.providers.docker.operators.docker.DockerOperator","filename":"docker.py","lineno":71}
{"timestamp":"2026-05-20T22:11:08.963361Z","level":"info","event":"\tat scala.collection.Iterator$$anon$10.hasNext(Iterator.scala:460)","logger":"airflow.task.operators.airflow.providers.docker.operators.docker.DockerOperator","filename":"docker.py","lineno":71}
{"timestamp":"2026-05-20T22:11:08.963415Z","level":"info","event":"\tat org.apache.spark.sql.catalyst.expressions.GeneratedClass$GeneratedIteratorForCodegenStage1.processNext(Unknown Source)","logger":"airflow.task.operators.airflow.providers.docker.operators.docker.DockerOperator","filename":"docker.py","lineno":71}
{"timestamp":"2026-05-20T22:11:08.963467Z","level":"info","event":"\tat org.apache.spark.sql.execution.BufferedRowIterator.hasNext(BufferedRowIterator.java:43)","logger":"airflow.task.operators.airflow.providers.docker.operators.docker.DockerOperator","filename":"docker.py","lineno":71}
{"timestamp":"2026-05-20T22:11:08.963515Z","level":"info","event":"\tat org.apache.spark.sql.execution.WholeStageCodegenEvaluatorFactory$WholeStageCodegenPartitionEvaluator$$anon$1.hasNext(WholeStageCodegenEvaluatorFactory.scala:43)","logger":"airflow.task.operators.airflow.providers.docker.operators.docker.DockerOperator","filename":"docker.py","lineno":71}
{"timestamp":"2026-05-20T22:11:08.963586Z","level":"info","event":"\tat org.apache.spark.sql.execution.SparkPlan.$anonfun$getByteArrayRdd$1(SparkPlan.scala:388)","logger":"airflow.task.operators.airflow.providers.docker.operators.docker.DockerOperator","filename":"docker.py","lineno":71}
{"timestamp":"2026-05-20T22:11:08.963635Z","level":"info","event":"\tat org.apache.spark.rdd.RDD.$anonfun$mapPartitionsInternal$2(RDD.scala:890)","logger":"airflow.task.operators.airflow.providers.docker.operators.docker.DockerOperator","filename":"docker.py","lineno":71}
{"timestamp":"2026-05-20T22:11:08.963682Z","level":"info","event":"\tat org.apache.spark.rdd.RDD.$anonfun$mapPartitionsInternal$2$adapted(RDD.scala:890)","logger":"airflow.task.operators.airflow.providers.docker.operators.docker.DockerOperator","filename":"docker.py","lineno":71}
{"timestamp":"2026-05-20T22:11:08.963727Z","level":"info","event":"\tat org.apache.spark.rdd.MapPartitionsRDD.compute(MapPartitionsRDD.scala:52)","logger":"airflow.task.operators.airflow.providers.docker.operators.docker.DockerOperator","filename":"docker.py","lineno":71}
{"timestamp":"2026-05-20T22:11:08.963773Z","level":"info","event":"\tat org.apache.spark.rdd.RDD.computeOrReadCheckpoint(RDD.scala:364)","logger":"airflow.task.operators.airflow.providers.docker.operators.docker.DockerOperator","filename":"docker.py","lineno":71}
{"timestamp":"2026-05-20T22:11:08.963818Z","level":"info","event":"\tat org.apache.spark.rdd.RDD.iterator(RDD.scala:328)","logger":"airflow.task.operators.airflow.providers.docker.operators.docker.DockerOperator","filename":"docker.py","lineno":71}
{"timestamp":"2026-05-20T22:11:08.963890Z","level":"info","event":"\tat org.apache.spark.scheduler.ResultTask.runTask(ResultTask.scala:93)","logger":"airflow.task.operators.airflow.providers.docker.operators.docker.DockerOperator","filename":"docker.py","lineno":71}
{"timestamp":"2026-05-20T22:11:08.963942Z","level":"info","event":"\tat org.apache.spark.TaskContext.runTaskWithListeners(TaskContext.scala:161)","logger":"airflow.task.operators.airflow.providers.docker.operators.docker.DockerOperator","filename":"docker.py","lineno":71}
{"timestamp":"2026-05-20T22:11:08.963990Z","level":"info","event":"\tat org.apache.spark.scheduler.Task.run(Task.scala:141)","logger":"airflow.task.operators.airflow.providers.docker.operators.docker.DockerOperator","filename":"docker.py","lineno":71}
{"timestamp":"2026-05-20T22:11:08.964038Z","level":"info","event":"\tat org.apache.spark.executor.Executor$TaskRunner.$anonfun$run$4(Executor.scala:620)","logger":"airflow.task.operators.airflow.providers.docker.operators.docker.DockerOperator","filename":"docker.py","lineno":71}
{"timestamp":"2026-05-20T22:11:08.964085Z","level":"info","event":"\tat org.apache.spark.util.SparkErrorUtils.tryWithSafeFinally(SparkErrorUtils.scala:64)","logger":"airflow.task.operators.airflow.providers.docker.operators.docker.DockerOperator","filename":"docker.py","lineno":71}
{"timestamp":"2026-05-20T22:11:08.964131Z","level":"info","event":"\tat org.apache.spark.util.SparkErrorUtils.tryWithSafeFinally$(SparkErrorUtils.scala:61)","logger":"airflow.task.operators.airflow.providers.docker.operators.docker.DockerOperator","filename":"docker.py","lineno":71}
{"timestamp":"2026-05-20T22:11:08.964177Z","level":"info","event":"\tat org.apache.spark.util.Utils$.tryWithSafeFinally(Utils.scala:94)","logger":"airflow.task.operators.airflow.providers.docker.operators.docker.DockerOperator","filename":"docker.py","lineno":71}
{"timestamp":"2026-05-20T22:11:08.964224Z","level":"info","event":"\tat org.apache.spark.executor.Executor$TaskRunner.run(Executor.scala:623)","logger":"airflow.task.operators.airflow.providers.docker.operators.docker.DockerOperator","filename":"docker.py","lineno":71}
{"timestamp":"2026-05-20T22:11:08.964270Z","level":"info","event":"\tat java.base/java.util.concurrent.ThreadPoolExecutor.runWorker(Unknown Source)","logger":"airflow.task.operators.airflow.providers.docker.operators.docker.DockerOperator","filename":"docker.py","lineno":71}
{"timestamp":"2026-05-20T22:11:08.964316Z","level":"info","event":"\tat java.base/java.util.concurrent.ThreadPoolExecutor$Worker.run(Unknown Source)","logger":"airflow.task.operators.airflow.providers.docker.operators.docker.DockerOperator","filename":"docker.py","lineno":71}
{"timestamp":"2026-05-20T22:11:08.964360Z","level":"info","event":"\tat java.base/java.lang.Thread.run(Unknown Source)","logger":"airflow.task.operators.airflow.providers.docker.operators.docker.DockerOperator","filename":"docker.py","lineno":71}
{"timestamp":"2026-05-20T22:11:08.964411Z","level":"info","event":"Caused by: java.lang.ClassNotFoundException: Class org.apache.hadoop.fs.s3a.S3AFileSystem not found","logger":"airflow.task.operators.airflow.providers.docker.operators.docker.DockerOperator","filename":"docker.py","lineno":71}
{"timestamp":"2026-05-20T22:11:08.964459Z","level":"info","event":"\tat org.apache.hadoop.conf.Configuration.getClassByName(Configuration.java:2592)","logger":"airflow.task.operators.airflow.providers.docker.operators.docker.DockerOperator","filename":"docker.py","lineno":71}
{"timestamp":"2026-05-20T22:11:08.964505Z","level":"info","event":"\tat org.apache.hadoop.conf.Configuration.getClass(Configuration.java:2686)","logger":"airflow.task.operators.airflow.providers.docker.operators.docker.DockerOperator","filename":"docker.py","lineno":71}
{"timestamp":"2026-05-20T22:11:08.964551Z","level":"info","event":"\t... 37 more","logger":"airflow.task.operators.airflow.providers.docker.operators.docker.DockerOperator","filename":"docker.py","lineno":71}
{"timestamp":"2026-05-20T22:11:08.964597Z","level":"info","event":"","logger":"airflow.task.operators.airflow.providers.docker.operators.docker.DockerOperator","filename":"docker.py","lineno":71}
{"timestamp":"2026-05-20T22:11:08.964643Z","level":"info","event":"Driver stacktrace:","logger":"airflow.task.operators.airflow.providers.docker.operators.docker.DockerOperator","filename":"docker.py","lineno":71}
{"timestamp":"2026-05-20T22:11:08.964687Z","level":"info","event":"26/05/20 22:11:08 INFO DAGScheduler: ResultStage 4 (toString at <unknown>:0) failed in 3.671 s due to Job aborted due to stage failure: Task 0 in stage 4.0 failed 4 times, most recent failure: Lost task 0.3 in stage 4.0 (TID 17) (172.20.0.20 executor 0): java.lang.RuntimeException: java.lang.ClassNotFoundException: Class org.apache.hadoop.fs.s3a.S3AFileSystem not found","logger":"airflow.task.operators.airflow.providers.docker.operators.docker.DockerOperator","filename":"docker.py","lineno":71}
{"timestamp":"2026-05-20T22:11:08.964732Z","level":"info","event":"\tat org.apache.hadoop.conf.Configuration.getClass(Configuration.java:2688)","logger":"airflow.task.operators.airflow.providers.docker.operators.docker.DockerOperator","filename":"docker.py","lineno":71}
{"timestamp":"2026-05-20T22:11:08.964780Z","level":"info","event":"\tat org.apache.hadoop.fs.FileSystem.getFileSystemClass(FileSystem.java:3431)","logger":"airflow.task.operators.airflow.providers.docker.operators.docker.DockerOperator","filename":"docker.py","lineno":71}
{"timestamp":"2026-05-20T22:11:08.965917Z","level":"info","event":"\tat org.apache.hadoop.fs.FileSystem.createFileSystem(FileSystem.java:3466)","logger":"airflow.task.operators.airflow.providers.docker.operators.docker.DockerOperator","filename":"docker.py","lineno":71}
{"timestamp":"2026-05-20T22:11:08.966047Z","level":"info","event":"\tat org.apache.hadoop.fs.FileSystem.access$300(FileSystem.java:174)","logger":"airflow.task.operators.airflow.providers.docker.operators.docker.DockerOperator","filename":"docker.py","lineno":71}
{"timestamp":"2026-05-20T22:11:08.966107Z","level":"info","event":"\tat org.apache.hadoop.fs.FileSystem$Cache.getInternal(FileSystem.java:3574)","logger":"airflow.task.operators.airflow.providers.docker.operators.docker.DockerOperator","filename":"docker.py","lineno":71}
{"timestamp":"2026-05-20T22:11:08.966158Z","level":"info","event":"\tat org.apache.hadoop.fs.FileSystem$Cache.get(FileSystem.java:3521)","logger":"airflow.task.operators.airflow.providers.docker.operators.docker.DockerOperator","filename":"docker.py","lineno":71}
{"timestamp":"2026-05-20T22:11:08.966207Z","level":"info","event":"\tat org.apache.hadoop.fs.FileSystem.get(FileSystem.java:540)","logger":"airflow.task.operators.airflow.providers.docker.operators.docker.DockerOperator","filename":"docker.py","lineno":71}
{"timestamp":"2026-05-20T22:11:08.966255Z","level":"info","event":"\tat org.apache.hadoop.fs.Path.getFileSystem(Path.java:365)","logger":"airflow.task.operators.airflow.providers.docker.operators.docker.DockerOperator","filename":"docker.py","lineno":71}
{"timestamp":"2026-05-20T22:11:08.966303Z","level":"info","event":"\tat org.apache.hadoop.mapreduce.lib.input.LineRecordReader.initialize(LineRecordReader.java:88)","logger":"airflow.task.operators.airflow.providers.docker.operators.docker.DockerOperator","filename":"docker.py","lineno":71}
{"timestamp":"2026-05-20T22:11:08.966351Z","level":"info","event":"\tat org.apache.spark.sql.execution.datasources.HadoopFileLinesReader.<init>(HadoopFileLinesReader.scala:63)","logger":"airflow.task.operators.airflow.providers.docker.operators.docker.DockerOperator","filename":"docker.py","lineno":71}
{"timestamp":"2026-05-20T22:11:08.966401Z","level":"info","event":"\tat org.apache.spark.sql.execution.datasources.json.TextInputJsonDataSource$.readFile(JsonDataSource.scala:132)","logger":"airflow.task.operators.airflow.providers.docker.operators.docker.DockerOperator","filename":"docker.py","lineno":71}
{"timestamp":"2026-05-20T22:11:08.966462Z","level":"info","event":"\tat org.apache.spark.sql.execution.datasources.json.JsonFileFormat.$anonfun$buildReader$2(JsonFileFormat.scala:126)","logger":"airflow.task.operators.airflow.providers.docker.operators.docker.DockerOperator","filename":"docker.py","lineno":71}
{"timestamp":"2026-05-20T22:11:08.966512Z","level":"info","event":"\tat org.apache.spark.sql.execution.datasources.FileFormat$$anon$1.apply(FileFormat.scala:160)","logger":"airflow.task.operators.airflow.providers.docker.operators.docker.DockerOperator","filename":"docker.py","lineno":71}
{"timestamp":"2026-05-20T22:11:08.966561Z","level":"info","event":"\tat org.apache.spark.sql.execution.datasources.FileFormat$$anon$1.apply(FileFormat.scala:140)","logger":"airflow.task.operators.airflow.providers.docker.operators.docker.DockerOperator","filename":"docker.py","lineno":71}
{"timestamp":"2026-05-20T22:11:08.966610Z","level":"info","event":"\tat org.apache.spark.sql.execution.datasources.FileScanRDD$$anon$1.org$apache$spark$sql$execution$datasources$FileScanRDD$$anon$$readCurrentFile(FileScanRDD.scala:217)","logger":"airflow.task.operators.airflow.providers.docker.operators.docker.DockerOperator","filename":"docker.py","lineno":71}
{"timestamp":"2026-05-20T22:11:08.966659Z","level":"info","event":"\tat org.apache.spark.sql.execution.datasources.FileScanRDD$$anon$1.nextIterator(FileScanRDD.scala:279)","logger":"airflow.task.operators.airflow.providers.docker.operators.docker.DockerOperator","filename":"docker.py","lineno":71}
{"timestamp":"2026-05-20T22:11:08.966707Z","level":"info","event":"\tat org.apache.spark.sql.execution.datasources.FileScanRDD$$anon$1.hasNext(FileScanRDD.scala:129)","logger":"airflow.task.operators.airflow.providers.docker.operators.docker.DockerOperator","filename":"docker.py","lineno":71}
{"timestamp":"2026-05-20T22:11:08.966754Z","level":"info","event":"\tat scala.collection.Iterator$$anon$10.hasNext(Iterator.scala:460)","logger":"airflow.task.operators.airflow.providers.docker.operators.docker.DockerOperator","filename":"docker.py","lineno":71}
{"timestamp":"2026-05-20T22:11:08.966801Z","level":"info","event":"\tat org.apache.spark.sql.catalyst.expressions.GeneratedClass$GeneratedIteratorForCodegenStage1.processNext(Unknown Source)","logger":"airflow.task.operators.airflow.providers.docker.operators.docker.DockerOperator","filename":"docker.py","lineno":71}
{"timestamp":"2026-05-20T22:11:08.966883Z","level":"info","event":"\tat org.apache.spark.sql.execution.BufferedRowIterator.hasNext(BufferedRowIterator.java:43)","logger":"airflow.task.operators.airflow.providers.docker.operators.docker.DockerOperator","filename":"docker.py","lineno":71}
{"timestamp":"2026-05-20T22:11:08.966944Z","level":"info","event":"\tat org.apache.spark.sql.execution.WholeStageCodegenEvaluatorFactory$WholeStageCodegenPartitionEvaluator$$anon$1.hasNext(WholeStageCodegenEvaluatorFactory.scala:43)","logger":"airflow.task.operators.airflow.providers.docker.operators.docker.DockerOperator","filename":"docker.py","lineno":71}
{"timestamp":"2026-05-20T22:11:08.967080Z","level":"info","event":"\tat org.apache.spark.sql.execution.SparkPlan.$anonfun$getByteArrayRdd$1(SparkPlan.scala:388)","logger":"airflow.task.operators.airflow.providers.docker.operators.docker.DockerOperator","filename":"docker.py","lineno":71}
{"timestamp":"2026-05-20T22:11:08.967147Z","level":"info","event":"\tat org.apache.spark.rdd.RDD.$anonfun$mapPartitionsInternal$2(RDD.scala:890)","logger":"airflow.task.operators.airflow.providers.docker.operators.docker.DockerOperator","filename":"docker.py","lineno":71}
{"timestamp":"2026-05-20T22:11:08.967199Z","level":"info","event":"\tat org.apache.spark.rdd.RDD.$anonfun$mapPartitionsInternal$2$adapted(RDD.scala:890)","logger":"airflow.task.operators.airflow.providers.docker.operators.docker.DockerOperator","filename":"docker.py","lineno":71}
{"timestamp":"2026-05-20T22:11:08.967288Z","level":"info","event":"\tat org.apache.spark.rdd.MapPartitionsRDD.compute(MapPartitionsRDD.scala:52)","logger":"airflow.task.operators.airflow.providers.docker.operators.docker.DockerOperator","filename":"docker.py","lineno":71}
{"timestamp":"2026-05-20T22:11:08.967365Z","level":"info","event":"\tat org.apache.spark.rdd.RDD.computeOrReadCheckpoint(RDD.scala:364)","logger":"airflow.task.operators.airflow.providers.docker.operators.docker.DockerOperator","filename":"docker.py","lineno":71}
{"timestamp":"2026-05-20T22:11:08.967471Z","level":"info","event":"\tat org.apache.spark.rdd.RDD.iterator(RDD.scala:328)","logger":"airflow.task.operators.airflow.providers.docker.operators.docker.DockerOperator","filename":"docker.py","lineno":71}
{"timestamp":"2026-05-20T22:11:08.967535Z","level":"info","event":"\tat org.apache.spark.scheduler.ResultTask.runTask(ResultTask.scala:93)","logger":"airflow.task.operators.airflow.providers.docker.operators.docker.DockerOperator","filename":"docker.py","lineno":71}
{"timestamp":"2026-05-20T22:11:08.967589Z","level":"info","event":"\tat org.apache.spark.TaskContext.runTaskWithListeners(TaskContext.scala:161)","logger":"airflow.task.operators.airflow.providers.docker.operators.docker.DockerOperator","filename":"docker.py","lineno":71}
{"timestamp":"2026-05-20T22:11:08.967637Z","level":"info","event":"\tat org.apache.spark.scheduler.Task.run(Task.scala:141)","logger":"airflow.task.operators.airflow.providers.docker.operators.docker.DockerOperator","filename":"docker.py","lineno":71}
{"timestamp":"2026-05-20T22:11:08.967683Z","level":"info","event":"\tat org.apache.spark.executor.Executor$TaskRunner.$anonfun$run$4(Executor.scala:620)","logger":"airflow.task.operators.airflow.providers.docker.operators.docker.DockerOperator","filename":"docker.py","lineno":71}
{"timestamp":"2026-05-20T22:11:08.967731Z","level":"info","event":"\tat org.apache.spark.util.SparkErrorUtils.tryWithSafeFinally(SparkErrorUtils.scala:64)","logger":"airflow.task.operators.airflow.providers.docker.operators.docker.DockerOperator","filename":"docker.py","lineno":71}
{"timestamp":"2026-05-20T22:11:08.967811Z","level":"info","event":"\tat org.apache.spark.util.SparkErrorUtils.tryWithSafeFinally$(SparkErrorUtils.scala:61)","logger":"airflow.task.operators.airflow.providers.docker.operators.docker.DockerOperator","filename":"docker.py","lineno":71}
{"timestamp":"2026-05-20T22:11:08.967901Z","level":"info","event":"\tat org.apache.spark.util.Utils$.tryWithSafeFinally(Utils.scala:94)","logger":"airflow.task.operators.airflow.providers.docker.operators.docker.DockerOperator","filename":"docker.py","lineno":71}
{"timestamp":"2026-05-20T22:11:08.967969Z","level":"info","event":"\tat org.apache.spark.executor.Executor$TaskRunner.run(Executor.scala:623)","logger":"airflow.task.operators.airflow.providers.docker.operators.docker.DockerOperator","filename":"docker.py","lineno":71}
{"timestamp":"2026-05-20T22:11:08.968020Z","level":"info","event":"\tat java.base/java.util.concurrent.ThreadPoolExecutor.runWorker(Unknown Source)","logger":"airflow.task.operators.airflow.providers.docker.operators.docker.DockerOperator","filename":"docker.py","lineno":71}
{"timestamp":"2026-05-20T22:11:08.968069Z","level":"info","event":"\tat java.base/java.util.concurrent.ThreadPoolExecutor$Worker.run(Unknown Source)","logger":"airflow.task.operators.airflow.providers.docker.operators.docker.DockerOperator","filename":"docker.py","lineno":71}
{"timestamp":"2026-05-20T22:11:08.968115Z","level":"info","event":"\tat java.base/java.lang.Thread.run(Unknown Source)","logger":"airflow.task.operators.airflow.providers.docker.operators.docker.DockerOperator","filename":"docker.py","lineno":71}
{"timestamp":"2026-05-20T22:11:08.968161Z","level":"info","event":"Caused by: java.lang.ClassNotFoundException: Class org.apache.hadoop.fs.s3a.S3AFileSystem not found","logger":"airflow.task.operators.airflow.providers.docker.operators.docker.DockerOperator","filename":"docker.py","lineno":71}
{"timestamp":"2026-05-20T22:11:08.968208Z","level":"info","event":"\tat org.apache.hadoop.conf.Configuration.getClassByName(Configuration.java:2592)","logger":"airflow.task.operators.airflow.providers.docker.operators.docker.DockerOperator","filename":"docker.py","lineno":71}
{"timestamp":"2026-05-20T22:11:08.968253Z","level":"info","event":"\tat org.apache.hadoop.conf.Configuration.getClass(Configuration.java:2686)","logger":"airflow.task.operators.airflow.providers.docker.operators.docker.DockerOperator","filename":"docker.py","lineno":71}
{"timestamp":"2026-05-20T22:11:08.968297Z","level":"info","event":"\t... 37 more","logger":"airflow.task.operators.airflow.providers.docker.operators.docker.DockerOperator","filename":"docker.py","lineno":71}
{"timestamp":"2026-05-20T22:11:08.968343Z","level":"info","event":"","logger":"airflow.task.operators.airflow.providers.docker.operators.docker.DockerOperator","filename":"docker.py","lineno":71}
{"timestamp":"2026-05-20T22:11:08.968389Z","level":"info","event":"Driver stacktrace:","logger":"airflow.task.operators.airflow.providers.docker.operators.docker.DockerOperator","filename":"docker.py","lineno":71}
{"timestamp":"2026-05-20T22:11:08.968608Z","level":"info","event":"26/05/20 22:11:08 INFO DAGScheduler: Job 3 failed: toString at <unknown>:0, took 3.902067 s","logger":"airflow.task.operators.airflow.providers.docker.operators.docker.DockerOperator","filename":"docker.py","lineno":71}
{"timestamp":"2026-05-20T22:11:09.470617Z","level":"info","event":"26/05/20 22:11:09 INFO BlockManagerInfo: Removed broadcast_5_piece0 on 1aeb232ee7d1:40527 in memory (size: 34.9 KiB, free: 434.1 MiB)","logger":"airflow.task.operators.airflow.providers.docker.operators.docker.DockerOperator","filename":"docker.py","lineno":71}
{"timestamp":"2026-05-20T22:11:09.475434Z","level":"info","event":"26/05/20 22:11:09 INFO BlockManagerInfo: Removed broadcast_5_piece0 on 172.20.0.20:38043 in memory (size: 34.9 KiB, free: 434.1 MiB)","logger":"airflow.task.operators.airflow.providers.docker.operators.docker.DockerOperator","filename":"docker.py","lineno":71}
{"timestamp":"2026-05-20T22:11:09.488079Z","level":"info","event":"26/05/20 22:11:09 INFO BlockManagerInfo: Removed broadcast_5_piece0 on 172.20.0.21:40681 in memory (size: 34.9 KiB, free: 434.1 MiB)","logger":"airflow.task.operators.airflow.providers.docker.operators.docker.DockerOperator","filename":"docker.py","lineno":71}
{"timestamp":"2026-05-20T22:11:09.506934Z","level":"info","event":"26/05/20 22:11:09 INFO BlockManagerInfo: Removed broadcast_6_piece0 on 1aeb232ee7d1:40527 in memory (size: 34.9 KiB, free: 434.1 MiB)","logger":"airflow.task.operators.airflow.providers.docker.operators.docker.DockerOperator","filename":"docker.py","lineno":71}
{"timestamp":"2026-05-20T22:11:09.509211Z","level":"info","event":"2026-05-20 22:11:09,507 - ERROR - Error processing table sales_per_card_type: An error occurred while calling o51.load.","logger":"airflow.task.operators.airflow.providers.docker.operators.docker.DockerOperator","filename":"docker.py","lineno":71}
{"timestamp":"2026-05-20T22:11:09.509523Z","level":"info","event":": org.apache.spark.SparkException: Job aborted due to stage failure: Task 0 in stage 1.0 failed 4 times, most recent failure: Lost task 0.3 in stage 1.0 (TID 26) (172.20.0.21 executor 1): java.lang.RuntimeException: java.lang.ClassNotFoundException: Class org.apache.hadoop.fs.s3a.S3AFileSystem not found","logger":"airflow.task.operators.airflow.providers.docker.operators.docker.DockerOperator","filename":"docker.py","lineno":71}
{"timestamp":"2026-05-20T22:11:09.509619Z","level":"info","event":"\tat org.apache.hadoop.conf.Configuration.getClass(Configuration.java:2688)","logger":"airflow.task.operators.airflow.providers.docker.operators.docker.DockerOperator","filename":"docker.py","lineno":71}
{"timestamp":"2026-05-20T22:11:09.509683Z","level":"info","event":"\tat org.apache.hadoop.fs.FileSystem.getFileSystemClass(FileSystem.java:3431)","logger":"airflow.task.operators.airflow.providers.docker.operators.docker.DockerOperator","filename":"docker.py","lineno":71}
{"timestamp":"2026-05-20T22:11:09.509738Z","level":"info","event":"\tat org.apache.hadoop.fs.FileSystem.createFileSystem(FileSystem.java:3466)","logger":"airflow.task.operators.airflow.providers.docker.operators.docker.DockerOperator","filename":"docker.py","lineno":71}
{"timestamp":"2026-05-20T22:11:09.509795Z","level":"info","event":"\tat org.apache.hadoop.fs.FileSystem.access$300(FileSystem.java:174)","logger":"airflow.task.operators.airflow.providers.docker.operators.docker.DockerOperator","filename":"docker.py","lineno":71}
{"timestamp":"2026-05-20T22:11:09.510854Z","level":"info","event":"\tat org.apache.hadoop.fs.FileSystem$Cache.getInternal(FileSystem.java:3574)","logger":"airflow.task.operators.airflow.providers.docker.operators.docker.DockerOperator","filename":"docker.py","lineno":71}
{"timestamp":"2026-05-20T22:11:09.510947Z","level":"info","event":"\tat org.apache.hadoop.fs.FileSystem$Cache.get(FileSystem.java:3521)","logger":"airflow.task.operators.airflow.providers.docker.operators.docker.DockerOperator","filename":"docker.py","lineno":71}
{"timestamp":"2026-05-20T22:11:09.511024Z","level":"info","event":"\tat org.apache.hadoop.fs.FileSystem.get(FileSystem.java:540)","logger":"airflow.task.operators.airflow.providers.docker.operators.docker.DockerOperator","filename":"docker.py","lineno":71}
{"timestamp":"2026-05-20T22:11:09.511090Z","level":"info","event":"\tat org.apache.hadoop.fs.Path.getFileSystem(Path.java:365)","logger":"airflow.task.operators.airflow.providers.docker.operators.docker.DockerOperator","filename":"docker.py","lineno":71}
{"timestamp":"2026-05-20T22:11:09.511147Z","level":"info","event":"\tat org.apache.hadoop.mapreduce.lib.input.LineRecordReader.initialize(LineRecordReader.java:88)","logger":"airflow.task.operators.airflow.providers.docker.operators.docker.DockerOperator","filename":"docker.py","lineno":71}
{"timestamp":"2026-05-20T22:11:09.511206Z","level":"info","event":"\tat org.apache.spark.sql.execution.datasources.HadoopFileLinesReader.<init>(HadoopFileLinesReader.scala:63)","logger":"airflow.task.operators.airflow.providers.docker.operators.docker.DockerOperator","filename":"docker.py","lineno":71}
{"timestamp":"2026-05-20T22:11:09.511265Z","level":"info","event":"\tat org.apache.spark.sql.execution.datasources.json.TextInputJsonDataSource$.readFile(JsonDataSource.scala:132)","logger":"airflow.task.operators.airflow.providers.docker.operators.docker.DockerOperator","filename":"docker.py","lineno":71}
{"timestamp":"2026-05-20T22:11:09.511330Z","level":"info","event":"\tat org.apache.spark.sql.execution.datasources.json.JsonFileFormat.$anonfun$buildReader$2(JsonFileFormat.scala:126)","logger":"airflow.task.operators.airflow.providers.docker.operators.docker.DockerOperator","filename":"docker.py","lineno":71}
{"timestamp":"2026-05-20T22:11:09.511390Z","level":"info","event":"\tat org.apache.spark.sql.execution.datasources.FileFormat$$anon$1.apply(FileFormat.scala:160)","logger":"airflow.task.operators.airflow.providers.docker.operators.docker.DockerOperator","filename":"docker.py","lineno":71}
{"timestamp":"2026-05-20T22:11:09.511447Z","level":"info","event":"\tat org.apache.spark.sql.execution.datasources.FileFormat$$anon$1.apply(FileFormat.scala:140)","logger":"airflow.task.operators.airflow.providers.docker.operators.docker.DockerOperator","filename":"docker.py","lineno":71}
{"timestamp":"2026-05-20T22:11:09.511506Z","level":"info","event":"\tat org.apache.spark.sql.execution.datasources.FileScanRDD$$anon$1.org$apache$spark$sql$execution$datasources$FileScanRDD$$anon$$readCurrentFile(FileScanRDD.scala:217)","logger":"airflow.task.operators.airflow.providers.docker.operators.docker.DockerOperator","filename":"docker.py","lineno":71}
{"timestamp":"2026-05-20T22:11:09.511563Z","level":"info","event":"\tat org.apache.spark.sql.execution.datasources.FileScanRDD$$anon$1.nextIterator(FileScanRDD.scala:279)","logger":"airflow.task.operators.airflow.providers.docker.operators.docker.DockerOperator","filename":"docker.py","lineno":71}
{"timestamp":"2026-05-20T22:11:09.511623Z","level":"info","event":"\tat org.apache.spark.sql.execution.datasources.FileScanRDD$$anon$1.hasNext(FileScanRDD.scala:129)","logger":"airflow.task.operators.airflow.providers.docker.operators.docker.DockerOperator","filename":"docker.py","lineno":71}
{"timestamp":"2026-05-20T22:11:09.511681Z","level":"info","event":"\tat scala.collection.Iterator$$anon$10.hasNext(Iterator.scala:460)","logger":"airflow.task.operators.airflow.providers.docker.operators.docker.DockerOperator","filename":"docker.py","lineno":71}
{"timestamp":"2026-05-20T22:11:09.511739Z","level":"info","event":"\tat org.apache.spark.sql.catalyst.expressions.GeneratedClass$GeneratedIteratorForCodegenStage1.processNext(Unknown Source)","logger":"airflow.task.operators.airflow.providers.docker.operators.docker.DockerOperator","filename":"docker.py","lineno":71}
{"timestamp":"2026-05-20T22:11:09.511793Z","level":"info","event":"\tat org.apache.spark.sql.execution.BufferedRowIterator.hasNext(BufferedRowIterator.java:43)","logger":"airflow.task.operators.airflow.providers.docker.operators.docker.DockerOperator","filename":"docker.py","lineno":71}
{"timestamp":"2026-05-20T22:11:09.511871Z","level":"info","event":"\tat org.apache.spark.sql.execution.WholeStageCodegenEvaluatorFactory$WholeStageCodegenPartitionEvaluator$$anon$1.hasNext(WholeStageCodegenEvaluatorFactory.scala:43)","logger":"airflow.task.operators.airflow.providers.docker.operators.docker.DockerOperator","filename":"docker.py","lineno":71}
{"timestamp":"2026-05-20T22:11:09.511929Z","level":"info","event":"\tat org.apache.spark.sql.execution.SparkPlan.$anonfun$getByteArrayRdd$1(SparkPlan.scala:388)","logger":"airflow.task.operators.airflow.providers.docker.operators.docker.DockerOperator","filename":"docker.py","lineno":71}
{"timestamp":"2026-05-20T22:11:09.511982Z","level":"info","event":"\tat org.apache.spark.rdd.RDD.$anonfun$mapPartitionsInternal$2(RDD.scala:890)","logger":"airflow.task.operators.airflow.providers.docker.operators.docker.DockerOperator","filename":"docker.py","lineno":71}
{"timestamp":"2026-05-20T22:11:09.512054Z","level":"info","event":"\tat org.apache.spark.rdd.RDD.$anonfun$mapPartitionsInternal$2$adapted(RDD.scala:890)","logger":"airflow.task.operators.airflow.providers.docker.operators.docker.DockerOperator","filename":"docker.py","lineno":71}
{"timestamp":"2026-05-20T22:11:09.512109Z","level":"info","event":"\tat org.apache.spark.rdd.MapPartitionsRDD.compute(MapPartitionsRDD.scala:52)","logger":"airflow.task.operators.airflow.providers.docker.operators.docker.DockerOperator","filename":"docker.py","lineno":71}
{"timestamp":"2026-05-20T22:11:09.512166Z","level":"info","event":"\tat org.apache.spark.rdd.RDD.computeOrReadCheckpoint(RDD.scala:364)","logger":"airflow.task.operators.airflow.providers.docker.operators.docker.DockerOperator","filename":"docker.py","lineno":71}
{"timestamp":"2026-05-20T22:11:09.512218Z","level":"info","event":"\tat org.apache.spark.rdd.RDD.iterator(RDD.scala:328)","logger":"airflow.task.operators.airflow.providers.docker.operators.docker.DockerOperator","filename":"docker.py","lineno":71}
{"timestamp":"2026-05-20T22:11:09.512268Z","level":"info","event":"\tat org.apache.spark.scheduler.ResultTask.runTask(ResultTask.scala:93)","logger":"airflow.task.operators.airflow.providers.docker.operators.docker.DockerOperator","filename":"docker.py","lineno":71}
{"timestamp":"2026-05-20T22:11:09.512316Z","level":"info","event":"\tat org.apache.spark.TaskContext.runTaskWithListeners(TaskContext.scala:161)","logger":"airflow.task.operators.airflow.providers.docker.operators.docker.DockerOperator","filename":"docker.py","lineno":71}
{"timestamp":"2026-05-20T22:11:09.512369Z","level":"info","event":"\tat org.apache.spark.scheduler.Task.run(Task.scala:141)","logger":"airflow.task.operators.airflow.providers.docker.operators.docker.DockerOperator","filename":"docker.py","lineno":71}
{"timestamp":"2026-05-20T22:11:09.512421Z","level":"info","event":"\tat org.apache.spark.executor.Executor$TaskRunner.$anonfun$run$4(Executor.scala:620)","logger":"airflow.task.operators.airflow.providers.docker.operators.docker.DockerOperator","filename":"docker.py","lineno":71}
{"timestamp":"2026-05-20T22:11:09.512472Z","level":"info","event":"\tat org.apache.spark.util.SparkErrorUtils.tryWithSafeFinally(SparkErrorUtils.scala:64)","logger":"airflow.task.operators.airflow.providers.docker.operators.docker.DockerOperator","filename":"docker.py","lineno":71}
{"timestamp":"2026-05-20T22:11:09.512524Z","level":"info","event":"\tat org.apache.spark.util.SparkErrorUtils.tryWithSafeFinally$(SparkErrorUtils.scala:61)","logger":"airflow.task.operators.airflow.providers.docker.operators.docker.DockerOperator","filename":"docker.py","lineno":71}
{"timestamp":"2026-05-20T22:11:09.512572Z","level":"info","event":"\tat org.apache.spark.util.Utils$.tryWithSafeFinally(Utils.scala:94)","logger":"airflow.task.operators.airflow.providers.docker.operators.docker.DockerOperator","filename":"docker.py","lineno":71}
{"timestamp":"2026-05-20T22:11:09.512624Z","level":"info","event":"\tat org.apache.spark.executor.Executor$TaskRunner.run(Executor.scala:623)","logger":"airflow.task.operators.airflow.providers.docker.operators.docker.DockerOperator","filename":"docker.py","lineno":71}
{"timestamp":"2026-05-20T22:11:09.512675Z","level":"info","event":"\tat java.base/java.util.concurrent.ThreadPoolExecutor.runWorker(Unknown Source)","logger":"airflow.task.operators.airflow.providers.docker.operators.docker.DockerOperator","filename":"docker.py","lineno":71}
{"timestamp":"2026-05-20T22:11:09.512725Z","level":"info","event":"\tat java.base/java.util.concurrent.ThreadPoolExecutor$Worker.run(Unknown Source)","logger":"airflow.task.operators.airflow.providers.docker.operators.docker.DockerOperator","filename":"docker.py","lineno":71}
{"timestamp":"2026-05-20T22:11:09.512773Z","level":"info","event":"\tat java.base/java.lang.Thread.run(Unknown Source)","logger":"airflow.task.operators.airflow.providers.docker.operators.docker.DockerOperator","filename":"docker.py","lineno":71}
{"timestamp":"2026-05-20T22:11:09.512820Z","level":"info","event":"Caused by: java.lang.ClassNotFoundException: Class org.apache.hadoop.fs.s3a.S3AFileSystem not found","logger":"airflow.task.operators.airflow.providers.docker.operators.docker.DockerOperator","filename":"docker.py","lineno":71}
{"timestamp":"2026-05-20T22:11:09.513715Z","level":"info","event":"\tat org.apache.hadoop.conf.Configuration.getClassByName(Configuration.java:2592)","logger":"airflow.task.operators.airflow.providers.docker.operators.docker.DockerOperator","filename":"docker.py","lineno":71}
{"timestamp":"2026-05-20T22:11:09.513793Z","level":"info","event":"\tat org.apache.hadoop.conf.Configuration.getClass(Configuration.java:2686)","logger":"airflow.task.operators.airflow.providers.docker.operators.docker.DockerOperator","filename":"docker.py","lineno":71}
{"timestamp":"2026-05-20T22:11:09.513868Z","level":"info","event":"\t... 37 more","logger":"airflow.task.operators.airflow.providers.docker.operators.docker.DockerOperator","filename":"docker.py","lineno":71}
{"timestamp":"2026-05-20T22:11:09.513920Z","level":"info","event":"","logger":"airflow.task.operators.airflow.providers.docker.operators.docker.DockerOperator","filename":"docker.py","lineno":71}
{"timestamp":"2026-05-20T22:11:09.513956Z","level":"info","event":"Driver stacktrace:","logger":"airflow.task.operators.airflow.providers.docker.operators.docker.DockerOperator","filename":"docker.py","lineno":71}
{"timestamp":"2026-05-20T22:11:09.513989Z","level":"info","event":"\tat org.apache.spark.scheduler.DAGScheduler.failJobAndIndependentStages(DAGScheduler.scala:2844)","logger":"airflow.task.operators.airflow.providers.docker.operators.docker.DockerOperator","filename":"docker.py","lineno":71}
{"timestamp":"2026-05-20T22:11:09.514021Z","level":"info","event":"\tat org.apache.spark.scheduler.DAGScheduler.$anonfun$abortStage$2(DAGScheduler.scala:2780)","logger":"airflow.task.operators.airflow.providers.docker.operators.docker.DockerOperator","filename":"docker.py","lineno":71}
{"timestamp":"2026-05-20T22:11:09.514053Z","level":"info","event":"\tat org.apache.spark.scheduler.DAGScheduler.$anonfun$abortStage$2$adapted(DAGScheduler.scala:2779)","logger":"airflow.task.operators.airflow.providers.docker.operators.docker.DockerOperator","filename":"docker.py","lineno":71}
{"timestamp":"2026-05-20T22:11:09.514083Z","level":"info","event":"\tat scala.collection.mutable.ResizableArray.foreach(ResizableArray.scala:62)","logger":"airflow.task.operators.airflow.providers.docker.operators.docker.DockerOperator","filename":"docker.py","lineno":71}
{"timestamp":"2026-05-20T22:11:09.514112Z","level":"info","event":"\tat scala.collection.mutable.ResizableArray.foreach$(ResizableArray.scala:55)","logger":"airflow.task.operators.airflow.providers.docker.operators.docker.DockerOperator","filename":"docker.py","lineno":71}
{"timestamp":"2026-05-20T22:11:09.514141Z","level":"info","event":"\tat scala.collection.mutable.ArrayBuffer.foreach(ArrayBuffer.scala:49)","logger":"airflow.task.operators.airflow.providers.docker.operators.docker.DockerOperator","filename":"docker.py","lineno":71}
{"timestamp":"2026-05-20T22:11:09.514169Z","level":"info","event":"\tat org.apache.spark.scheduler.DAGScheduler.abortStage(DAGScheduler.scala:2779)","logger":"airflow.task.operators.airflow.providers.docker.operators.docker.DockerOperator","filename":"docker.py","lineno":71}
{"timestamp":"2026-05-20T22:11:09.514257Z","level":"info","event":"\tat org.apache.spark.scheduler.DAGScheduler.$anonfun$handleTaskSetFailed$1(DAGScheduler.scala:1242)","logger":"airflow.task.operators.airflow.providers.docker.operators.docker.DockerOperator","filename":"docker.py","lineno":71}
{"timestamp":"2026-05-20T22:11:09.514318Z","level":"info","event":"\tat org.apache.spark.scheduler.DAGScheduler.$anonfun$handleTaskSetFailed$1$adapted(DAGScheduler.scala:1242)","logger":"airflow.task.operators.airflow.providers.docker.operators.docker.DockerOperator","filename":"docker.py","lineno":71}
{"timestamp":"2026-05-20T22:11:09.514354Z","level":"info","event":"\tat scala.Option.foreach(Option.scala:407)","logger":"airflow.task.operators.airflow.providers.docker.operators.docker.DockerOperator","filename":"docker.py","lineno":71}
{"timestamp":"2026-05-20T22:11:09.514424Z","level":"info","event":"\tat org.apache.spark.scheduler.DAGScheduler.handleTaskSetFailed(DAGScheduler.scala:1242)","logger":"airflow.task.operators.airflow.providers.docker.operators.docker.DockerOperator","filename":"docker.py","lineno":71}
{"timestamp":"2026-05-20T22:11:09.514470Z","level":"info","event":"\tat org.apache.spark.scheduler.DAGSchedulerEventProcessLoop.doOnReceive(DAGScheduler.scala:3048)","logger":"airflow.task.operators.airflow.providers.docker.operators.docker.DockerOperator","filename":"docker.py","lineno":71}
{"timestamp":"2026-05-20T22:11:09.514504Z","level":"info","event":"\tat org.apache.spark.scheduler.DAGSchedulerEventProcessLoop.onReceive(DAGScheduler.scala:2982)","logger":"airflow.task.operators.airflow.providers.docker.operators.docker.DockerOperator","filename":"docker.py","lineno":71}
{"timestamp":"2026-05-20T22:11:09.514535Z","level":"info","event":"\tat org.apache.spark.scheduler.DAGSchedulerEventProcessLoop.onReceive(DAGScheduler.scala:2971)","logger":"airflow.task.operators.airflow.providers.docker.operators.docker.DockerOperator","filename":"docker.py","lineno":71}
{"timestamp":"2026-05-20T22:11:09.514564Z","level":"info","event":"\tat org.apache.spark.util.EventLoop$$anon$1.run(EventLoop.scala:49)","logger":"airflow.task.operators.airflow.providers.docker.operators.docker.DockerOperator","filename":"docker.py","lineno":71}
{"timestamp":"2026-05-20T22:11:09.514594Z","level":"info","event":"\tat org.apache.spark.scheduler.DAGScheduler.runJob(DAGScheduler.scala:984)","logger":"airflow.task.operators.airflow.providers.docker.operators.docker.DockerOperator","filename":"docker.py","lineno":71}
{"timestamp":"2026-05-20T22:11:09.514622Z","level":"info","event":"\tat org.apache.spark.SparkContext.runJob(SparkContext.scala:2398)","logger":"airflow.task.operators.airflow.providers.docker.operators.docker.DockerOperator","filename":"docker.py","lineno":71}
{"timestamp":"2026-05-20T22:11:09.514651Z","level":"info","event":"\tat org.apache.spark.SparkContext.runJob(SparkContext.scala:2419)","logger":"airflow.task.operators.airflow.providers.docker.operators.docker.DockerOperator","filename":"docker.py","lineno":71}
{"timestamp":"2026-05-20T22:11:09.514679Z","level":"info","event":"\tat org.apache.spark.SparkContext.runJob(SparkContext.scala:2438)","logger":"airflow.task.operators.airflow.providers.docker.operators.docker.DockerOperator","filename":"docker.py","lineno":71}
{"timestamp":"2026-05-20T22:11:09.514706Z","level":"info","event":"\tat org.apache.spark.SparkContext.runJob(SparkContext.scala:2463)","logger":"airflow.task.operators.airflow.providers.docker.operators.docker.DockerOperator","filename":"docker.py","lineno":71}
{"timestamp":"2026-05-20T22:11:09.514734Z","level":"info","event":"\tat org.apache.spark.rdd.RDD.$anonfun$collect$1(RDD.scala:1046)","logger":"airflow.task.operators.airflow.providers.docker.operators.docker.DockerOperator","filename":"docker.py","lineno":71}
{"timestamp":"2026-05-20T22:11:09.514763Z","level":"info","event":"\tat org.apache.spark.rdd.RDDOperationScope$.withScope(RDDOperationScope.scala:151)","logger":"airflow.task.operators.airflow.providers.docker.operators.docker.DockerOperator","filename":"docker.py","lineno":71}
{"timestamp":"2026-05-20T22:11:09.514791Z","level":"info","event":"\tat org.apache.spark.rdd.RDDOperationScope$.withScope(RDDOperationScope.scala:112)","logger":"airflow.task.operators.airflow.providers.docker.operators.docker.DockerOperator","filename":"docker.py","lineno":71}
{"timestamp":"2026-05-20T22:11:09.514819Z","level":"info","event":"\tat org.apache.spark.rdd.RDD.withScope(RDD.scala:407)","logger":"airflow.task.operators.airflow.providers.docker.operators.docker.DockerOperator","filename":"docker.py","lineno":71}
{"timestamp":"2026-05-20T22:11:09.514917Z","level":"info","event":"\tat org.apache.spark.rdd.RDD.collect(RDD.scala:1045)","logger":"airflow.task.operators.airflow.providers.docker.operators.docker.DockerOperator","filename":"docker.py","lineno":71}
{"timestamp":"2026-05-20T22:11:09.514965Z","level":"info","event":"\tat org.apache.spark.sql.execution.SparkPlan.executeCollect(SparkPlan.scala:448)","logger":"airflow.task.operators.airflow.providers.docker.operators.docker.DockerOperator","filename":"docker.py","lineno":71}
{"timestamp":"2026-05-20T22:11:09.515001Z","level":"info","event":"\tat org.apache.spark.sql.Dataset.collectFromPlan(Dataset.scala:4344)","logger":"airflow.task.operators.airflow.providers.docker.operators.docker.DockerOperator","filename":"docker.py","lineno":71}
{"timestamp":"2026-05-20T22:11:09.515031Z","level":"info","event":"\tat org.apache.spark.sql.Dataset.$anonfun$collect$1(Dataset.scala:3585)","logger":"airflow.task.operators.airflow.providers.docker.operators.docker.DockerOperator","filename":"docker.py","lineno":71}
{"timestamp":"2026-05-20T22:11:09.515060Z","level":"info","event":"\tat org.apache.spark.sql.Dataset.$anonfun$withAction$2(Dataset.scala:4334)","logger":"airflow.task.operators.airflow.providers.docker.operators.docker.DockerOperator","filename":"docker.py","lineno":71}
{"timestamp":"2026-05-20T22:11:09.515089Z","level":"info","event":"\tat org.apache.spark.sql.execution.QueryExecution$.withInternalError(QueryExecution.scala:546)","logger":"airflow.task.operators.airflow.providers.docker.operators.docker.DockerOperator","filename":"docker.py","lineno":71}
{"timestamp":"2026-05-20T22:11:09.515116Z","level":"info","event":"\tat org.apache.spark.sql.Dataset.$anonfun$withAction$1(Dataset.scala:4332)","logger":"airflow.task.operators.airflow.providers.docker.operators.docker.DockerOperator","filename":"docker.py","lineno":71}
{"timestamp":"2026-05-20T22:11:09.515144Z","level":"info","event":"\tat org.apache.spark.sql.execution.SQLExecution$.$anonfun$withNewExecutionId$6(SQLExecution.scala:125)","logger":"airflow.task.operators.airflow.providers.docker.operators.docker.DockerOperator","filename":"docker.py","lineno":71}
{"timestamp":"2026-05-20T22:11:09.515172Z","level":"info","event":"\tat org.apache.spark.sql.execution.SQLExecution$.withSQLConfPropagated(SQLExecution.scala:201)","logger":"airflow.task.operators.airflow.providers.docker.operators.docker.DockerOperator","filename":"docker.py","lineno":71}
{"timestamp":"2026-05-20T22:11:09.515200Z","level":"info","event":"\tat org.apache.spark.sql.execution.SQLExecution$.$anonfun$withNewExecutionId$1(SQLExecution.scala:108)","logger":"airflow.task.operators.airflow.providers.docker.operators.docker.DockerOperator","filename":"docker.py","lineno":71}
{"timestamp":"2026-05-20T22:11:09.515228Z","level":"info","event":"\tat org.apache.spark.sql.SparkSession.withActive(SparkSession.scala:900)","logger":"airflow.task.operators.airflow.providers.docker.operators.docker.DockerOperator","filename":"docker.py","lineno":71}
{"timestamp":"2026-05-20T22:11:09.515255Z","level":"info","event":"\tat org.apache.spark.sql.execution.SQLExecution$.withNewExecutionId(SQLExecution.scala:66)","logger":"airflow.task.operators.airflow.providers.docker.operators.docker.DockerOperator","filename":"docker.py","lineno":71}
{"timestamp":"2026-05-20T22:11:09.515283Z","level":"info","event":"\tat org.apache.spark.sql.Dataset.withAction(Dataset.scala:4332)","logger":"airflow.task.operators.airflow.providers.docker.operators.docker.DockerOperator","filename":"docker.py","lineno":71}
{"timestamp":"2026-05-20T22:11:09.515310Z","level":"info","event":"\tat org.apache.spark.sql.Dataset.collect(Dataset.scala:3585)","logger":"airflow.task.operators.airflow.providers.docker.operators.docker.DockerOperator","filename":"docker.py","lineno":71}
{"timestamp":"2026-05-20T22:11:09.515337Z","level":"info","event":"\tat org.apache.spark.sql.delta.Snapshot.protocolAndMetadataReconstruction(Snapshot.scala:229)","logger":"airflow.task.operators.airflow.providers.docker.operators.docker.DockerOperator","filename":"docker.py","lineno":71}
{"timestamp":"2026-05-20T22:11:09.515364Z","level":"info","event":"\tat org.apache.spark.sql.delta.Snapshot.x$1$lzycompute(Snapshot.scala:138)","logger":"airflow.task.operators.airflow.providers.docker.operators.docker.DockerOperator","filename":"docker.py","lineno":71}
{"timestamp":"2026-05-20T22:11:09.515395Z","level":"info","event":"\tat org.apache.spark.sql.delta.Snapshot.x$1(Snapshot.scala:133)","logger":"airflow.task.operators.airflow.providers.docker.operators.docker.DockerOperator","filename":"docker.py","lineno":71}
{"timestamp":"2026-05-20T22:11:09.515425Z","level":"info","event":"\tat org.apache.spark.sql.delta.Snapshot._metadata$lzycompute(Snapshot.scala:133)","logger":"airflow.task.operators.airflow.providers.docker.operators.docker.DockerOperator","filename":"docker.py","lineno":71}
{"timestamp":"2026-05-20T22:11:09.515453Z","level":"info","event":"\tat org.apache.spark.sql.delta.Snapshot._metadata(Snapshot.scala:133)","logger":"airflow.task.operators.airflow.providers.docker.operators.docker.DockerOperator","filename":"docker.py","lineno":71}
{"timestamp":"2026-05-20T22:11:09.515481Z","level":"info","event":"\tat org.apache.spark.sql.delta.Snapshot.metadata(Snapshot.scala:202)","logger":"airflow.task.operators.airflow.providers.docker.operators.docker.DockerOperator","filename":"docker.py","lineno":71}
{"timestamp":"2026-05-20T22:11:09.515507Z","level":"info","event":"\tat org.apache.spark.sql.delta.Snapshot.toString(Snapshot.scala:416)","logger":"airflow.task.operators.airflow.providers.docker.operators.docker.DockerOperator","filename":"docker.py","lineno":71}
{"timestamp":"2026-05-20T22:11:09.515534Z","level":"info","event":"\tat java.base/java.lang.String.valueOf(Unknown Source)","logger":"airflow.task.operators.airflow.providers.docker.operators.docker.DockerOperator","filename":"docker.py","lineno":71}
{"timestamp":"2026-05-20T22:11:09.515562Z","level":"info","event":"\tat java.base/java.lang.StringBuilder.append(Unknown Source)","logger":"airflow.task.operators.airflow.providers.docker.operators.docker.DockerOperator","filename":"docker.py","lineno":71}
{"timestamp":"2026-05-20T22:11:09.515590Z","level":"info","event":"\tat org.apache.spark.sql.delta.Snapshot.$anonfun$new$1(Snapshot.scala:419)","logger":"airflow.task.operators.airflow.providers.docker.operators.docker.DockerOperator","filename":"docker.py","lineno":71}
{"timestamp":"2026-05-20T22:11:09.515617Z","level":"info","event":"\tat org.apache.spark.sql.delta.Snapshot.$anonfun$logInfo$1(Snapshot.scala:396)","logger":"airflow.task.operators.airflow.providers.docker.operators.docker.DockerOperator","filename":"docker.py","lineno":71}
{"timestamp":"2026-05-20T22:11:09.515645Z","level":"info","event":"\tat org.apache.spark.internal.Logging.logInfo(Logging.scala:60)","logger":"airflow.task.operators.airflow.providers.docker.operators.docker.DockerOperator","filename":"docker.py","lineno":71}
{"timestamp":"2026-05-20T22:11:09.515673Z","level":"info","event":"\tat org.apache.spark.internal.Logging.logInfo$(Logging.scala:59)","logger":"airflow.task.operators.airflow.providers.docker.operators.docker.DockerOperator","filename":"docker.py","lineno":71}
{"timestamp":"2026-05-20T22:11:09.515700Z","level":"info","event":"\tat org.apache.spark.sql.delta.Snapshot.logInfo(Snapshot.scala:396)","logger":"airflow.task.operators.airflow.providers.docker.operators.docker.DockerOperator","filename":"docker.py","lineno":71}
{"timestamp":"2026-05-20T22:11:09.515727Z","level":"info","event":"\tat org.apache.spark.sql.delta.Snapshot.<init>(Snapshot.scala:419)","logger":"airflow.task.operators.airflow.providers.docker.operators.docker.DockerOperator","filename":"docker.py","lineno":71}
{"timestamp":"2026-05-20T22:11:09.515755Z","level":"info","event":"\tat org.apache.spark.sql.delta.SnapshotManagement.$anonfun$createSnapshot$2(SnapshotManagement.scala:503)","logger":"airflow.task.operators.airflow.providers.docker.operators.docker.DockerOperator","filename":"docker.py","lineno":71}
{"timestamp":"2026-05-20T22:11:09.515782Z","level":"info","event":"\tat org.apache.spark.sql.delta.SnapshotManagement.createSnapshotFromGivenOrEquivalentLogSegment(SnapshotManagement.scala:628)","logger":"airflow.task.operators.airflow.providers.docker.operators.docker.DockerOperator","filename":"docker.py","lineno":71}
{"timestamp":"2026-05-20T22:11:09.515811Z","level":"info","event":"\tat org.apache.spark.sql.delta.SnapshotManagement.createSnapshotFromGivenOrEquivalentLogSegment$(SnapshotManagement.scala:616)","logger":"airflow.task.operators.airflow.providers.docker.operators.docker.DockerOperator","filename":"docker.py","lineno":71}
{"timestamp":"2026-05-20T22:11:09.515870Z","level":"info","event":"\tat org.apache.spark.sql.delta.DeltaLog.createSnapshotFromGivenOrEquivalentLogSegment(DeltaLog.scala:72)","logger":"airflow.task.operators.airflow.providers.docker.operators.docker.DockerOperator","filename":"docker.py","lineno":71}
{"timestamp":"2026-05-20T22:11:09.515910Z","level":"info","event":"\tat org.apache.spark.sql.delta.SnapshotManagement.createSnapshot(SnapshotManagement.scala:496)","logger":"airflow.task.operators.airflow.providers.docker.operators.docker.DockerOperator","filename":"docker.py","lineno":71}
{"timestamp":"2026-05-20T22:11:09.515939Z","level":"info","event":"\tat org.apache.spark.sql.delta.SnapshotManagement.createSnapshot$(SnapshotManagement.scala:489)","logger":"airflow.task.operators.airflow.providers.docker.operators.docker.DockerOperator","filename":"docker.py","lineno":71}
{"timestamp":"2026-05-20T22:11:09.515968Z","level":"info","event":"\tat org.apache.spark.sql.delta.DeltaLog.createSnapshot(DeltaLog.scala:72)","logger":"airflow.task.operators.airflow.providers.docker.operators.docker.DockerOperator","filename":"docker.py","lineno":71}
{"timestamp":"2026-05-20T22:11:09.515995Z","level":"info","event":"\tat org.apache.spark.sql.delta.SnapshotManagement.$anonfun$createSnapshotAtInitInternal$1(SnapshotManagement.scala:450)","logger":"airflow.task.operators.airflow.providers.docker.operators.docker.DockerOperator","filename":"docker.py","lineno":71}
{"timestamp":"2026-05-20T22:11:09.516022Z","level":"info","event":"\tat scala.Option.map(Option.scala:230)","logger":"airflow.task.operators.airflow.providers.docker.operators.docker.DockerOperator","filename":"docker.py","lineno":71}
{"timestamp":"2026-05-20T22:11:09.516050Z","level":"info","event":"\tat org.apache.spark.sql.delta.SnapshotManagement.createSnapshotAtInitInternal(SnapshotManagement.scala:447)","logger":"airflow.task.operators.airflow.providers.docker.operators.docker.DockerOperator","filename":"docker.py","lineno":71}
{"timestamp":"2026-05-20T22:11:09.516078Z","level":"info","event":"\tat org.apache.spark.sql.delta.SnapshotManagement.createSnapshotAtInitInternal$(SnapshotManagement.scala:444)","logger":"airflow.task.operators.airflow.providers.docker.operators.docker.DockerOperator","filename":"docker.py","lineno":71}
{"timestamp":"2026-05-20T22:11:09.516106Z","level":"info","event":"\tat org.apache.spark.sql.delta.DeltaLog.createSnapshotAtInitInternal(DeltaLog.scala:72)","logger":"airflow.task.operators.airflow.providers.docker.operators.docker.DockerOperator","filename":"docker.py","lineno":71}
{"timestamp":"2026-05-20T22:11:09.516133Z","level":"info","event":"\tat org.apache.spark.sql.delta.SnapshotManagement.$anonfun$getSnapshotAtInit$1(SnapshotManagement.scala:439)","logger":"airflow.task.operators.airflow.providers.docker.operators.docker.DockerOperator","filename":"docker.py","lineno":71}
{"timestamp":"2026-05-20T22:11:09.516163Z","level":"info","event":"\tat org.apache.spark.sql.delta.metering.DeltaLogging.recordFrameProfile(DeltaLogging.scala:140)","logger":"airflow.task.operators.airflow.providers.docker.operators.docker.DockerOperator","filename":"docker.py","lineno":71}
{"timestamp":"2026-05-20T22:11:09.516190Z","level":"info","event":"\tat org.apache.spark.sql.delta.metering.DeltaLogging.recordFrameProfile$(DeltaLogging.scala:138)","logger":"airflow.task.operators.airflow.providers.docker.operators.docker.DockerOperator","filename":"docker.py","lineno":71}
{"timestamp":"2026-05-20T22:11:09.516218Z","level":"info","event":"\tat org.apache.spark.sql.delta.DeltaLog.recordFrameProfile(DeltaLog.scala:72)","logger":"airflow.task.operators.airflow.providers.docker.operators.docker.DockerOperator","filename":"docker.py","lineno":71}
{"timestamp":"2026-05-20T22:11:09.516246Z","level":"info","event":"\tat org.apache.spark.sql.delta.SnapshotManagement.getSnapshotAtInit(SnapshotManagement.scala:434)","logger":"airflow.task.operators.airflow.providers.docker.operators.docker.DockerOperator","filename":"docker.py","lineno":71}
{"timestamp":"2026-05-20T22:11:09.516273Z","level":"info","event":"\tat org.apache.spark.sql.delta.SnapshotManagement.getSnapshotAtInit$(SnapshotManagement.scala:433)","logger":"airflow.task.operators.airflow.providers.docker.operators.docker.DockerOperator","filename":"docker.py","lineno":71}
{"timestamp":"2026-05-20T22:11:09.516301Z","level":"info","event":"\tat org.apache.spark.sql.delta.DeltaLog.getSnapshotAtInit(DeltaLog.scala:72)","logger":"airflow.task.operators.airflow.providers.docker.operators.docker.DockerOperator","filename":"docker.py","lineno":71}
{"timestamp":"2026-05-20T22:11:09.516327Z","level":"info","event":"\tat org.apache.spark.sql.delta.SnapshotManagement.$init$(SnapshotManagement.scala:60)","logger":"airflow.task.operators.airflow.providers.docker.operators.docker.DockerOperator","filename":"docker.py","lineno":71}
{"timestamp":"2026-05-20T22:11:09.516354Z","level":"info","event":"\tat org.apache.spark.sql.delta.DeltaLog.<init>(DeltaLog.scala:78)","logger":"airflow.task.operators.airflow.providers.docker.operators.docker.DockerOperator","filename":"docker.py","lineno":71}
{"timestamp":"2026-05-20T22:11:09.516380Z","level":"info","event":"\tat org.apache.spark.sql.delta.DeltaLog$.$anonfun$apply$4(DeltaLog.scala:779)","logger":"airflow.task.operators.airflow.providers.docker.operators.docker.DockerOperator","filename":"docker.py","lineno":71}
{"timestamp":"2026-05-20T22:11:09.516412Z","level":"info","event":"\tat org.apache.spark.sql.catalyst.plans.logical.AnalysisHelper$.allowInvokingTransformsInAnalyzer(AnalysisHelper.scala:323)","logger":"airflow.task.operators.airflow.providers.docker.operators.docker.DockerOperator","filename":"docker.py","lineno":71}
{"timestamp":"2026-05-20T22:11:09.516440Z","level":"info","event":"\tat org.apache.spark.sql.delta.DeltaLog$.$anonfun$apply$3(DeltaLog.scala:774)","logger":"airflow.task.operators.airflow.providers.docker.operators.docker.DockerOperator","filename":"docker.py","lineno":71}
{"timestamp":"2026-05-20T22:11:09.516467Z","level":"info","event":"\tat org.apache.spark.sql.delta.metering.DeltaLogging.recordFrameProfile(DeltaLogging.scala:140)","logger":"airflow.task.operators.airflow.providers.docker.operators.docker.DockerOperator","filename":"docker.py","lineno":71}
{"timestamp":"2026-05-20T22:11:09.516494Z","level":"info","event":"\tat org.apache.spark.sql.delta.metering.DeltaLogging.recordFrameProfile$(DeltaLogging.scala:138)","logger":"airflow.task.operators.airflow.providers.docker.operators.docker.DockerOperator","filename":"docker.py","lineno":71}
{"timestamp":"2026-05-20T22:11:09.516520Z","level":"info","event":"\tat org.apache.spark.sql.delta.DeltaLog$.recordFrameProfile(DeltaLog.scala:598)","logger":"airflow.task.operators.airflow.providers.docker.operators.docker.DockerOperator","filename":"docker.py","lineno":71}
{"timestamp":"2026-05-20T22:11:09.516547Z","level":"info","event":"\tat org.apache.spark.sql.delta.metering.DeltaLogging.$anonfun$recordDeltaOperationInternal$1(DeltaLogging.scala:133)","logger":"airflow.task.operators.airflow.providers.docker.operators.docker.DockerOperator","filename":"docker.py","lineno":71}
{"timestamp":"2026-05-20T22:11:09.516600Z","level":"info","event":"\tat com.databricks.spark.util.DatabricksLogging.recordOperation(DatabricksLogging.scala:128)","logger":"airflow.task.operators.airflow.providers.docker.operators.docker.DockerOperator","filename":"docker.py","lineno":71}
{"timestamp":"2026-05-20T22:11:09.516657Z","level":"info","event":"\tat com.databricks.spark.util.DatabricksLogging.recordOperation$(DatabricksLogging.scala:117)","logger":"airflow.task.operators.airflow.providers.docker.operators.docker.DockerOperator","filename":"docker.py","lineno":71}
{"timestamp":"2026-05-20T22:11:09.516713Z","level":"info","event":"\tat org.apache.spark.sql.delta.DeltaLog$.recordOperation(DeltaLog.scala:598)","logger":"airflow.task.operators.airflow.providers.docker.operators.docker.DockerOperator","filename":"docker.py","lineno":71}
{"timestamp":"2026-05-20T22:11:09.516769Z","level":"info","event":"\tat org.apache.spark.sql.delta.metering.DeltaLogging.recordDeltaOperationInternal(DeltaLogging.scala:132)","logger":"airflow.task.operators.airflow.providers.docker.operators.docker.DockerOperator","filename":"docker.py","lineno":71}
{"timestamp":"2026-05-20T22:11:09.518374Z","level":"info","event":"\tat org.apache.spark.sql.delta.metering.DeltaLogging.recordDeltaOperation(DeltaLogging.scala:122)","logger":"airflow.task.operators.airflow.providers.docker.operators.docker.DockerOperator","filename":"docker.py","lineno":71}
{"timestamp":"2026-05-20T22:11:09.518522Z","level":"info","event":"\tat org.apache.spark.sql.delta.metering.DeltaLogging.recordDeltaOperation$(DeltaLogging.scala:112)","logger":"airflow.task.operators.airflow.providers.docker.operators.docker.DockerOperator","filename":"docker.py","lineno":71}
{"timestamp":"2026-05-20T22:11:09.518590Z","level":"info","event":"\tat org.apache.spark.sql.delta.DeltaLog$.recordDeltaOperation(DeltaLog.scala:598)","logger":"airflow.task.operators.airflow.providers.docker.operators.docker.DockerOperator","filename":"docker.py","lineno":71}
{"timestamp":"2026-05-20T22:11:09.518628Z","level":"info","event":"\tat org.apache.spark.sql.delta.DeltaLog$.createDeltaLog$1(DeltaLog.scala:773)","logger":"airflow.task.operators.airflow.providers.docker.operators.docker.DockerOperator","filename":"docker.py","lineno":71}
{"timestamp":"2026-05-20T22:11:09.518662Z","level":"info","event":"\tat org.apache.spark.sql.delta.DeltaLog$.$anonfun$apply$5(DeltaLog.scala:791)","logger":"airflow.task.operators.airflow.providers.docker.operators.docker.DockerOperator","filename":"docker.py","lineno":71}
{"timestamp":"2026-05-20T22:11:09.518693Z","level":"info","event":"\tat com.google.common.cache.LocalCache$LocalManualCache$1.load(LocalCache.java:4792)","logger":"airflow.task.operators.airflow.providers.docker.operators.docker.DockerOperator","filename":"docker.py","lineno":71}
{"timestamp":"2026-05-20T22:11:09.518728Z","level":"info","event":"\tat com.google.common.cache.LocalCache$LoadingValueReference.loadFuture(LocalCache.java:3599)","logger":"airflow.task.operators.airflow.providers.docker.operators.docker.DockerOperator","filename":"docker.py","lineno":71}
{"timestamp":"2026-05-20T22:11:09.518757Z","level":"info","event":"\tat com.google.common.cache.LocalCache$Segment.loadSync(LocalCache.java:2379)","logger":"airflow.task.operators.airflow.providers.docker.operators.docker.DockerOperator","filename":"docker.py","lineno":71}
{"timestamp":"2026-05-20T22:11:09.518785Z","level":"info","event":"\tat com.google.common.cache.LocalCache$Segment.lockedGetOrLoad(LocalCache.java:2342)","logger":"airflow.task.operators.airflow.providers.docker.operators.docker.DockerOperator","filename":"docker.py","lineno":71}
{"timestamp":"2026-05-20T22:11:09.518813Z","level":"info","event":"\tat com.google.common.cache.LocalCache$Segment.get(LocalCache.java:2257)","logger":"airflow.task.operators.airflow.providers.docker.operators.docker.DockerOperator","filename":"docker.py","lineno":71}
{"timestamp":"2026-05-20T22:11:09.518906Z","level":"info","event":"\tat com.google.common.cache.LocalCache.get(LocalCache.java:4000)","logger":"airflow.task.operators.airflow.providers.docker.operators.docker.DockerOperator","filename":"docker.py","lineno":71}
{"timestamp":"2026-05-20T22:11:09.518966Z","level":"info","event":"\tat com.google.common.cache.LocalCache$LocalManualCache.get(LocalCache.java:4789)","logger":"airflow.task.operators.airflow.providers.docker.operators.docker.DockerOperator","filename":"docker.py","lineno":71}
{"timestamp":"2026-05-20T22:11:09.519017Z","level":"info","event":"\tat org.apache.spark.sql.delta.DeltaLog$.getDeltaLogFromCache$1(DeltaLog.scala:790)","logger":"airflow.task.operators.airflow.providers.docker.operators.docker.DockerOperator","filename":"docker.py","lineno":71}
{"timestamp":"2026-05-20T22:11:09.519069Z","level":"info","event":"\tat org.apache.spark.sql.delta.DeltaLog$.apply(DeltaLog.scala:800)","logger":"airflow.task.operators.airflow.providers.docker.operators.docker.DockerOperator","filename":"docker.py","lineno":71}
{"timestamp":"2026-05-20T22:11:09.519121Z","level":"info","event":"\tat org.apache.spark.sql.delta.DeltaLog$.forTable(DeltaLog.scala:677)","logger":"airflow.task.operators.airflow.providers.docker.operators.docker.DockerOperator","filename":"docker.py","lineno":71}
{"timestamp":"2026-05-20T22:11:09.519171Z","level":"info","event":"\tat org.apache.spark.sql.delta.catalog.DeltaTableV2.$anonfun$deltaLog$1(DeltaTableV2.scala:91)","logger":"airflow.task.operators.airflow.providers.docker.operators.docker.DockerOperator","filename":"docker.py","lineno":71}
{"timestamp":"2026-05-20T22:11:09.519233Z","level":"info","event":"\tat org.apache.spark.sql.delta.catalog.DeltaTableV2$.withEnrichedUnsupportedTableException(DeltaTableV2.scala:364)","logger":"airflow.task.operators.airflow.providers.docker.operators.docker.DockerOperator","filename":"docker.py","lineno":71}
{"timestamp":"2026-05-20T22:11:09.519295Z","level":"info","event":"\tat org.apache.spark.sql.delta.catalog.DeltaTableV2.deltaLog$lzycompute(DeltaTableV2.scala:91)","logger":"airflow.task.operators.airflow.providers.docker.operators.docker.DockerOperator","filename":"docker.py","lineno":71}
{"timestamp":"2026-05-20T22:11:09.519354Z","level":"info","event":"\tat org.apache.spark.sql.delta.catalog.DeltaTableV2.deltaLog(DeltaTableV2.scala:89)","logger":"airflow.task.operators.airflow.providers.docker.operators.docker.DockerOperator","filename":"docker.py","lineno":71}
{"timestamp":"2026-05-20T22:11:09.519419Z","level":"info","event":"\tat org.apache.spark.sql.delta.catalog.DeltaTableV2.$anonfun$initialSnapshot$4(DeltaTableV2.scala:144)","logger":"airflow.task.operators.airflow.providers.docker.operators.docker.DockerOperator","filename":"docker.py","lineno":71}
{"timestamp":"2026-05-20T22:11:09.519478Z","level":"info","event":"\tat scala.Option.getOrElse(Option.scala:189)","logger":"airflow.task.operators.airflow.providers.docker.operators.docker.DockerOperator","filename":"docker.py","lineno":71}
{"timestamp":"2026-05-20T22:11:09.519535Z","level":"info","event":"\tat org.apache.spark.sql.delta.catalog.DeltaTableV2.$anonfun$initialSnapshot$1(DeltaTableV2.scala:144)","logger":"airflow.task.operators.airflow.providers.docker.operators.docker.DockerOperator","filename":"docker.py","lineno":71}
{"timestamp":"2026-05-20T22:11:09.519593Z","level":"info","event":"\tat org.apache.spark.sql.delta.catalog.DeltaTableV2$.withEnrichedUnsupportedTableException(DeltaTableV2.scala:364)","logger":"airflow.task.operators.airflow.providers.docker.operators.docker.DockerOperator","filename":"docker.py","lineno":71}
{"timestamp":"2026-05-20T22:11:09.519651Z","level":"info","event":"\tat org.apache.spark.sql.delta.catalog.DeltaTableV2.initialSnapshot$lzycompute(DeltaTableV2.scala:143)","logger":"airflow.task.operators.airflow.providers.docker.operators.docker.DockerOperator","filename":"docker.py","lineno":71}
{"timestamp":"2026-05-20T22:11:09.519713Z","level":"info","event":"\tat org.apache.spark.sql.delta.catalog.DeltaTableV2.initialSnapshot(DeltaTableV2.scala:123)","logger":"airflow.task.operators.airflow.providers.docker.operators.docker.DockerOperator","filename":"docker.py","lineno":71}
{"timestamp":"2026-05-20T22:11:09.519768Z","level":"info","event":"\tat org.apache.spark.sql.delta.catalog.DeltaTableV2.toBaseRelation$lzycompute(DeltaTableV2.scala:235)","logger":"airflow.task.operators.airflow.providers.docker.operators.docker.DockerOperator","filename":"docker.py","lineno":71}
{"timestamp":"2026-05-20T22:11:09.519847Z","level":"info","event":"\tat org.apache.spark.sql.delta.catalog.DeltaTableV2.toBaseRelation(DeltaTableV2.scala:233)","logger":"airflow.task.operators.airflow.providers.docker.operators.docker.DockerOperator","filename":"docker.py","lineno":71}
{"timestamp":"2026-05-20T22:11:09.519928Z","level":"info","event":"\tat org.apache.spark.sql.delta.sources.DeltaDataSource.$anonfun$createRelation$5(DeltaDataSource.scala:250)","logger":"airflow.task.operators.airflow.providers.docker.operators.docker.DockerOperator","filename":"docker.py","lineno":71}
{"timestamp":"2026-05-20T22:11:09.519994Z","level":"info","event":"\tat org.apache.spark.sql.delta.metering.DeltaLogging.recordFrameProfile(DeltaLogging.scala:140)","logger":"airflow.task.operators.airflow.providers.docker.operators.docker.DockerOperator","filename":"docker.py","lineno":71}
{"timestamp":"2026-05-20T22:11:09.520055Z","level":"info","event":"\tat org.apache.spark.sql.delta.metering.DeltaLogging.recordFrameProfile$(DeltaLogging.scala:138)","logger":"airflow.task.operators.airflow.providers.docker.operators.docker.DockerOperator","filename":"docker.py","lineno":71}
{"timestamp":"2026-05-20T22:11:09.520114Z","level":"info","event":"\tat org.apache.spark.sql.delta.sources.DeltaDataSource.recordFrameProfile(DeltaDataSource.scala:49)","logger":"airflow.task.operators.airflow.providers.docker.operators.docker.DockerOperator","filename":"docker.py","lineno":71}
{"timestamp":"2026-05-20T22:11:09.520174Z","level":"info","event":"\tat org.apache.spark.sql.delta.sources.DeltaDataSource.createRelation(DeltaDataSource.scala:209)","logger":"airflow.task.operators.airflow.providers.docker.operators.docker.DockerOperator","filename":"docker.py","lineno":71}
{"timestamp":"2026-05-20T22:11:09.520232Z","level":"info","event":"\tat org.apache.spark.sql.execution.datasources.DataSource.resolveRelation(DataSource.scala:346)","logger":"airflow.task.operators.airflow.providers.docker.operators.docker.DockerOperator","filename":"docker.py","lineno":71}
{"timestamp":"2026-05-20T22:11:09.520292Z","level":"info","event":"\tat org.apache.spark.sql.DataFrameReader.loadV1Source(DataFrameReader.scala:229)","logger":"airflow.task.operators.airflow.providers.docker.operators.docker.DockerOperator","filename":"docker.py","lineno":71}
{"timestamp":"2026-05-20T22:11:09.520354Z","level":"info","event":"\tat org.apache.spark.sql.DataFrameReader.$anonfun$load$2(DataFrameReader.scala:211)","logger":"airflow.task.operators.airflow.providers.docker.operators.docker.DockerOperator","filename":"docker.py","lineno":71}
{"timestamp":"2026-05-20T22:11:09.520414Z","level":"info","event":"\tat scala.Option.getOrElse(Option.scala:189)","logger":"airflow.task.operators.airflow.providers.docker.operators.docker.DockerOperator","filename":"docker.py","lineno":71}
{"timestamp":"2026-05-20T22:11:09.520477Z","level":"info","event":"\tat org.apache.spark.sql.DataFrameReader.load(DataFrameReader.scala:211)","logger":"airflow.task.operators.airflow.providers.docker.operators.docker.DockerOperator","filename":"docker.py","lineno":71}
{"timestamp":"2026-05-20T22:11:09.520536Z","level":"info","event":"\tat org.apache.spark.sql.DataFrameReader.load(DataFrameReader.scala:186)","logger":"airflow.task.operators.airflow.providers.docker.operators.docker.DockerOperator","filename":"docker.py","lineno":71}
{"timestamp":"2026-05-20T22:11:09.520596Z","level":"info","event":"\tat java.base/jdk.internal.reflect.NativeMethodAccessorImpl.invoke0(Native Method)","logger":"airflow.task.operators.airflow.providers.docker.operators.docker.DockerOperator","filename":"docker.py","lineno":71}
{"timestamp":"2026-05-20T22:11:09.520656Z","level":"info","event":"\tat java.base/jdk.internal.reflect.NativeMethodAccessorImpl.invoke(Unknown Source)","logger":"airflow.task.operators.airflow.providers.docker.operators.docker.DockerOperator","filename":"docker.py","lineno":71}
{"timestamp":"2026-05-20T22:11:09.520717Z","level":"info","event":"\tat java.base/jdk.internal.reflect.DelegatingMethodAccessorImpl.invoke(Unknown Source)","logger":"airflow.task.operators.airflow.providers.docker.operators.docker.DockerOperator","filename":"docker.py","lineno":71}
{"timestamp":"2026-05-20T22:11:09.520781Z","level":"info","event":"\tat java.base/java.lang.reflect.Method.invoke(Unknown Source)","logger":"airflow.task.operators.airflow.providers.docker.operators.docker.DockerOperator","filename":"docker.py","lineno":71}
{"timestamp":"2026-05-20T22:11:09.520873Z","level":"info","event":"\tat py4j.reflection.MethodInvoker.invoke(MethodInvoker.java:244)","logger":"airflow.task.operators.airflow.providers.docker.operators.docker.DockerOperator","filename":"docker.py","lineno":71}
{"timestamp":"2026-05-20T22:11:09.520954Z","level":"info","event":"\tat py4j.reflection.ReflectionEngine.invoke(ReflectionEngine.java:374)","logger":"airflow.task.operators.airflow.providers.docker.operators.docker.DockerOperator","filename":"docker.py","lineno":71}
{"timestamp":"2026-05-20T22:11:09.521013Z","level":"info","event":"\tat py4j.Gateway.invoke(Gateway.java:282)","logger":"airflow.task.operators.airflow.providers.docker.operators.docker.DockerOperator","filename":"docker.py","lineno":71}
{"timestamp":"2026-05-20T22:11:09.521073Z","level":"info","event":"\tat py4j.commands.AbstractCommand.invokeMethod(AbstractCommand.java:132)","logger":"airflow.task.operators.airflow.providers.docker.operators.docker.DockerOperator","filename":"docker.py","lineno":71}
{"timestamp":"2026-05-20T22:11:09.521130Z","level":"info","event":"\tat py4j.commands.CallCommand.execute(CallCommand.java:79)","logger":"airflow.task.operators.airflow.providers.docker.operators.docker.DockerOperator","filename":"docker.py","lineno":71}
{"timestamp":"2026-05-20T22:11:09.521193Z","level":"info","event":"\tat py4j.ClientServerConnection.waitForCommands(ClientServerConnection.java:182)","logger":"airflow.task.operators.airflow.providers.docker.operators.docker.DockerOperator","filename":"docker.py","lineno":71}
{"timestamp":"2026-05-20T22:11:09.521255Z","level":"info","event":"\tat py4j.ClientServerConnection.run(ClientServerConnection.java:106)","logger":"airflow.task.operators.airflow.providers.docker.operators.docker.DockerOperator","filename":"docker.py","lineno":71}
{"timestamp":"2026-05-20T22:11:09.521319Z","level":"info","event":"\tat java.base/java.lang.Thread.run(Unknown Source)","logger":"airflow.task.operators.airflow.providers.docker.operators.docker.DockerOperator","filename":"docker.py","lineno":71}
{"timestamp":"2026-05-20T22:11:09.521384Z","level":"info","event":"Caused by: java.lang.RuntimeException: java.lang.ClassNotFoundException: Class org.apache.hadoop.fs.s3a.S3AFileSystem not found","logger":"airflow.task.operators.airflow.providers.docker.operators.docker.DockerOperator","filename":"docker.py","lineno":71}
{"timestamp":"2026-05-20T22:11:09.521450Z","level":"info","event":"\tat org.apache.hadoop.conf.Configuration.getClass(Configuration.java:2688)","logger":"airflow.task.operators.airflow.providers.docker.operators.docker.DockerOperator","filename":"docker.py","lineno":71}
{"timestamp":"2026-05-20T22:11:09.521507Z","level":"info","event":"\tat org.apache.hadoop.fs.FileSystem.getFileSystemClass(FileSystem.java:3431)","logger":"airflow.task.operators.airflow.providers.docker.operators.docker.DockerOperator","filename":"docker.py","lineno":71}
{"timestamp":"2026-05-20T22:11:09.521568Z","level":"info","event":"\tat org.apache.hadoop.fs.FileSystem.createFileSystem(FileSystem.java:3466)","logger":"airflow.task.operators.airflow.providers.docker.operators.docker.DockerOperator","filename":"docker.py","lineno":71}
{"timestamp":"2026-05-20T22:11:09.521634Z","level":"info","event":"\tat org.apache.hadoop.fs.FileSystem.access$300(FileSystem.java:174)","logger":"airflow.task.operators.airflow.providers.docker.operators.docker.DockerOperator","filename":"docker.py","lineno":71}
{"timestamp":"2026-05-20T22:11:09.521691Z","level":"info","event":"\tat org.apache.hadoop.fs.FileSystem$Cache.getInternal(FileSystem.java:3574)","logger":"airflow.task.operators.airflow.providers.docker.operators.docker.DockerOperator","filename":"docker.py","lineno":71}
{"timestamp":"2026-05-20T22:11:09.523117Z","level":"info","event":"\tat org.apache.hadoop.fs.FileSystem$Cache.get(FileSystem.java:3521)","logger":"airflow.task.operators.airflow.providers.docker.operators.docker.DockerOperator","filename":"docker.py","lineno":71}
{"timestamp":"2026-05-20T22:11:09.523210Z","level":"info","event":"\tat org.apache.hadoop.fs.FileSystem.get(FileSystem.java:540)","logger":"airflow.task.operators.airflow.providers.docker.operators.docker.DockerOperator","filename":"docker.py","lineno":71}
{"timestamp":"2026-05-20T22:11:09.523267Z","level":"info","event":"\tat org.apache.hadoop.fs.Path.getFileSystem(Path.java:365)","logger":"airflow.task.operators.airflow.providers.docker.operators.docker.DockerOperator","filename":"docker.py","lineno":71}
{"timestamp":"2026-05-20T22:11:09.523327Z","level":"info","event":"\tat org.apache.hadoop.mapreduce.lib.input.LineRecordReader.initialize(LineRecordReader.java:88)","logger":"airflow.task.operators.airflow.providers.docker.operators.docker.DockerOperator","filename":"docker.py","lineno":71}
{"timestamp":"2026-05-20T22:11:09.523384Z","level":"info","event":"\tat org.apache.spark.sql.execution.datasources.HadoopFileLinesReader.<init>(HadoopFileLinesReader.scala:63)","logger":"airflow.task.operators.airflow.providers.docker.operators.docker.DockerOperator","filename":"docker.py","lineno":71}
{"timestamp":"2026-05-20T22:11:09.523444Z","level":"info","event":"\tat org.apache.spark.sql.execution.datasources.json.TextInputJsonDataSource$.readFile(JsonDataSource.scala:132)","logger":"airflow.task.operators.airflow.providers.docker.operators.docker.DockerOperator","filename":"docker.py","lineno":71}
{"timestamp":"2026-05-20T22:11:09.523506Z","level":"info","event":"\tat org.apache.spark.sql.execution.datasources.json.JsonFileFormat.$anonfun$buildReader$2(JsonFileFormat.scala:126)","logger":"airflow.task.operators.airflow.providers.docker.operators.docker.DockerOperator","filename":"docker.py","lineno":71}
{"timestamp":"2026-05-20T22:11:09.523680Z","level":"info","event":"\tat org.apache.spark.sql.execution.datasources.FileFormat$$anon$1.apply(FileFormat.scala:160)","logger":"airflow.task.operators.airflow.providers.docker.operators.docker.DockerOperator","filename":"docker.py","lineno":71}
{"timestamp":"2026-05-20T22:11:09.523758Z","level":"info","event":"\tat org.apache.spark.sql.execution.datasources.FileFormat$$anon$1.apply(FileFormat.scala:140)","logger":"airflow.task.operators.airflow.providers.docker.operators.docker.DockerOperator","filename":"docker.py","lineno":71}
{"timestamp":"2026-05-20T22:11:09.523847Z","level":"info","event":"\tat org.apache.spark.sql.execution.datasources.FileScanRDD$$anon$1.org$apache$spark$sql$execution$datasources$FileScanRDD$$anon$$readCurrentFile(FileScanRDD.scala:217)","logger":"airflow.task.operators.airflow.providers.docker.operators.docker.DockerOperator","filename":"docker.py","lineno":71}
{"timestamp":"2026-05-20T22:11:09.523926Z","level":"info","event":"\tat org.apache.spark.sql.execution.datasources.FileScanRDD$$anon$1.nextIterator(FileScanRDD.scala:279)","logger":"airflow.task.operators.airflow.providers.docker.operators.docker.DockerOperator","filename":"docker.py","lineno":71}
{"timestamp":"2026-05-20T22:11:09.523988Z","level":"info","event":"\tat org.apache.spark.sql.execution.datasources.FileScanRDD$$anon$1.hasNext(FileScanRDD.scala:129)","logger":"airflow.task.operators.airflow.providers.docker.operators.docker.DockerOperator","filename":"docker.py","lineno":71}
{"timestamp":"2026-05-20T22:11:09.524050Z","level":"info","event":"\tat scala.collection.Iterator$$anon$10.hasNext(Iterator.scala:460)","logger":"airflow.task.operators.airflow.providers.docker.operators.docker.DockerOperator","filename":"docker.py","lineno":71}
{"timestamp":"2026-05-20T22:11:09.524113Z","level":"info","event":"\tat org.apache.spark.sql.catalyst.expressions.GeneratedClass$GeneratedIteratorForCodegenStage1.processNext(Unknown Source)","logger":"airflow.task.operators.airflow.providers.docker.operators.docker.DockerOperator","filename":"docker.py","lineno":71}
{"timestamp":"2026-05-20T22:11:09.524178Z","level":"info","event":"\tat org.apache.spark.sql.execution.BufferedRowIterator.hasNext(BufferedRowIterator.java:43)","logger":"airflow.task.operators.airflow.providers.docker.operators.docker.DockerOperator","filename":"docker.py","lineno":71}
{"timestamp":"2026-05-20T22:11:09.524241Z","level":"info","event":"\tat org.apache.spark.sql.execution.WholeStageCodegenEvaluatorFactory$WholeStageCodegenPartitionEvaluator$$anon$1.hasNext(WholeStageCodegenEvaluatorFactory.scala:43)","logger":"airflow.task.operators.airflow.providers.docker.operators.docker.DockerOperator","filename":"docker.py","lineno":71}
{"timestamp":"2026-05-20T22:11:09.524307Z","level":"info","event":"\tat org.apache.spark.sql.execution.SparkPlan.$anonfun$getByteArrayRdd$1(SparkPlan.scala:388)","logger":"airflow.task.operators.airflow.providers.docker.operators.docker.DockerOperator","filename":"docker.py","lineno":71}
{"timestamp":"2026-05-20T22:11:09.524367Z","level":"info","event":"\tat org.apache.spark.rdd.RDD.$anonfun$mapPartitionsInternal$2(RDD.scala:890)","logger":"airflow.task.operators.airflow.providers.docker.operators.docker.DockerOperator","filename":"docker.py","lineno":71}
{"timestamp":"2026-05-20T22:11:09.524431Z","level":"info","event":"\tat org.apache.spark.rdd.RDD.$anonfun$mapPartitionsInternal$2$adapted(RDD.scala:890)","logger":"airflow.task.operators.airflow.providers.docker.operators.docker.DockerOperator","filename":"docker.py","lineno":71}
{"timestamp":"2026-05-20T22:11:09.524493Z","level":"info","event":"\tat org.apache.spark.rdd.MapPartitionsRDD.compute(MapPartitionsRDD.scala:52)","logger":"airflow.task.operators.airflow.providers.docker.operators.docker.DockerOperator","filename":"docker.py","lineno":71}
{"timestamp":"2026-05-20T22:11:09.524554Z","level":"info","event":"\tat org.apache.spark.rdd.RDD.computeOrReadCheckpoint(RDD.scala:364)","logger":"airflow.task.operators.airflow.providers.docker.operators.docker.DockerOperator","filename":"docker.py","lineno":71}
{"timestamp":"2026-05-20T22:11:09.524614Z","level":"info","event":"\tat org.apache.spark.rdd.RDD.iterator(RDD.scala:328)","logger":"airflow.task.operators.airflow.providers.docker.operators.docker.DockerOperator","filename":"docker.py","lineno":71}
{"timestamp":"2026-05-20T22:11:09.524677Z","level":"info","event":"\tat org.apache.spark.scheduler.ResultTask.runTask(ResultTask.scala:93)","logger":"airflow.task.operators.airflow.providers.docker.operators.docker.DockerOperator","filename":"docker.py","lineno":71}
{"timestamp":"2026-05-20T22:11:09.524737Z","level":"info","event":"\tat org.apache.spark.TaskContext.runTaskWithListeners(TaskContext.scala:161)","logger":"airflow.task.operators.airflow.providers.docker.operators.docker.DockerOperator","filename":"docker.py","lineno":71}
{"timestamp":"2026-05-20T22:11:09.524800Z","level":"info","event":"\tat org.apache.spark.scheduler.Task.run(Task.scala:141)","logger":"airflow.task.operators.airflow.providers.docker.operators.docker.DockerOperator","filename":"docker.py","lineno":71}
{"timestamp":"2026-05-20T22:11:09.524910Z","level":"info","event":"\tat org.apache.spark.executor.Executor$TaskRunner.$anonfun$run$4(Executor.scala:620)","logger":"airflow.task.operators.airflow.providers.docker.operators.docker.DockerOperator","filename":"docker.py","lineno":71}
{"timestamp":"2026-05-20T22:11:09.524983Z","level":"info","event":"\tat org.apache.spark.util.SparkErrorUtils.tryWithSafeFinally(SparkErrorUtils.scala:64)","logger":"airflow.task.operators.airflow.providers.docker.operators.docker.DockerOperator","filename":"docker.py","lineno":71}
{"timestamp":"2026-05-20T22:11:09.525046Z","level":"info","event":"\tat org.apache.spark.util.SparkErrorUtils.tryWithSafeFinally$(SparkErrorUtils.scala:61)","logger":"airflow.task.operators.airflow.providers.docker.operators.docker.DockerOperator","filename":"docker.py","lineno":71}
{"timestamp":"2026-05-20T22:11:09.525110Z","level":"info","event":"\tat org.apache.spark.util.Utils$.tryWithSafeFinally(Utils.scala:94)","logger":"airflow.task.operators.airflow.providers.docker.operators.docker.DockerOperator","filename":"docker.py","lineno":71}
{"timestamp":"2026-05-20T22:11:09.525198Z","level":"info","event":"\tat org.apache.spark.executor.Executor$TaskRunner.run(Executor.scala:623)","logger":"airflow.task.operators.airflow.providers.docker.operators.docker.DockerOperator","filename":"docker.py","lineno":71}
{"timestamp":"2026-05-20T22:11:09.525264Z","level":"info","event":"\tat java.base/java.util.concurrent.ThreadPoolExecutor.runWorker(Unknown Source)","logger":"airflow.task.operators.airflow.providers.docker.operators.docker.DockerOperator","filename":"docker.py","lineno":71}
{"timestamp":"2026-05-20T22:11:09.525326Z","level":"info","event":"\tat java.base/java.util.concurrent.ThreadPoolExecutor$Worker.run(Unknown Source)","logger":"airflow.task.operators.airflow.providers.docker.operators.docker.DockerOperator","filename":"docker.py","lineno":71}
{"timestamp":"2026-05-20T22:11:09.525378Z","level":"info","event":"\t... 1 more","logger":"airflow.task.operators.airflow.providers.docker.operators.docker.DockerOperator","filename":"docker.py","lineno":71}
{"timestamp":"2026-05-20T22:11:09.525431Z","level":"info","event":"Caused by: java.lang.ClassNotFoundException: Class org.apache.hadoop.fs.s3a.S3AFileSystem not found","logger":"airflow.task.operators.airflow.providers.docker.operators.docker.DockerOperator","filename":"docker.py","lineno":71}
{"timestamp":"2026-05-20T22:11:09.525478Z","level":"info","event":"\tat org.apache.hadoop.conf.Configuration.getClassByName(Configuration.java:2592)","logger":"airflow.task.operators.airflow.providers.docker.operators.docker.DockerOperator","filename":"docker.py","lineno":71}
{"timestamp":"2026-05-20T22:11:09.525524Z","level":"info","event":"\tat org.apache.hadoop.conf.Configuration.getClass(Configuration.java:2686)","logger":"airflow.task.operators.airflow.providers.docker.operators.docker.DockerOperator","filename":"docker.py","lineno":71}
{"timestamp":"2026-05-20T22:11:09.525571Z","level":"info","event":"\t... 37 more","logger":"airflow.task.operators.airflow.providers.docker.operators.docker.DockerOperator","filename":"docker.py","lineno":71}
{"timestamp":"2026-05-20T22:11:09.525621Z","level":"info","event":"","logger":"airflow.task.operators.airflow.providers.docker.operators.docker.DockerOperator","filename":"docker.py","lineno":71}
{"timestamp":"2026-05-20T22:11:09.525791Z","level":"info","event":"26/05/20 22:11:09 INFO BlockManagerInfo: Removed broadcast_6_piece0 on 172.20.0.21:40681 in memory (size: 34.9 KiB, free: 434.1 MiB)","logger":"airflow.task.operators.airflow.providers.docker.operators.docker.DockerOperator","filename":"docker.py","lineno":71}
{"timestamp":"2026-05-20T22:11:09.526052Z","level":"info","event":"2026-05-20 22:11:09,521 - ERROR - Error processing table quantity_sales_per_product: An error occurred while calling o52.load.","logger":"airflow.task.operators.airflow.providers.docker.operators.docker.DockerOperator","filename":"docker.py","lineno":71}
{"timestamp":"2026-05-20T22:11:09.526146Z","level":"info","event":": org.apache.spark.SparkException: Job aborted due to stage failure: Task 0 in stage 2.0 failed 4 times, most recent failure: Lost task 0.3 in stage 2.0 (TID 25) (172.20.0.20 executor 0): java.lang.RuntimeException: java.lang.ClassNotFoundException: Class org.apache.hadoop.fs.s3a.S3AFileSystem not found","logger":"airflow.task.operators.airflow.providers.docker.operators.docker.DockerOperator","filename":"docker.py","lineno":71}
{"timestamp":"2026-05-20T22:11:09.526217Z","level":"info","event":"\tat org.apache.hadoop.conf.Configuration.getClass(Configuration.java:2688)","logger":"airflow.task.operators.airflow.providers.docker.operators.docker.DockerOperator","filename":"docker.py","lineno":71}
{"timestamp":"2026-05-20T22:11:09.526279Z","level":"info","event":"\tat org.apache.hadoop.fs.FileSystem.getFileSystemClass(FileSystem.java:3431)","logger":"airflow.task.operators.airflow.providers.docker.operators.docker.DockerOperator","filename":"docker.py","lineno":71}
{"timestamp":"2026-05-20T22:11:09.526333Z","level":"info","event":"\tat org.apache.hadoop.fs.FileSystem.createFileSystem(FileSystem.java:3466)","logger":"airflow.task.operators.airflow.providers.docker.operators.docker.DockerOperator","filename":"docker.py","lineno":71}
{"timestamp":"2026-05-20T22:11:09.526394Z","level":"info","event":"\tat org.apache.hadoop.fs.FileSystem.access$300(FileSystem.java:174)","logger":"airflow.task.operators.airflow.providers.docker.operators.docker.DockerOperator","filename":"docker.py","lineno":71}
{"timestamp":"2026-05-20T22:11:09.526459Z","level":"info","event":"\tat org.apache.hadoop.fs.FileSystem$Cache.getInternal(FileSystem.java:3574)","logger":"airflow.task.operators.airflow.providers.docker.operators.docker.DockerOperator","filename":"docker.py","lineno":71}
{"timestamp":"2026-05-20T22:11:09.526520Z","level":"info","event":"\tat org.apache.hadoop.fs.FileSystem$Cache.get(FileSystem.java:3521)","logger":"airflow.task.operators.airflow.providers.docker.operators.docker.DockerOperator","filename":"docker.py","lineno":71}
{"timestamp":"2026-05-20T22:11:09.526582Z","level":"info","event":"\tat org.apache.hadoop.fs.FileSystem.get(FileSystem.java:540)","logger":"airflow.task.operators.airflow.providers.docker.operators.docker.DockerOperator","filename":"docker.py","lineno":71}
{"timestamp":"2026-05-20T22:11:09.526643Z","level":"info","event":"\tat org.apache.hadoop.fs.Path.getFileSystem(Path.java:365)","logger":"airflow.task.operators.airflow.providers.docker.operators.docker.DockerOperator","filename":"docker.py","lineno":71}
{"timestamp":"2026-05-20T22:11:09.526705Z","level":"info","event":"\tat org.apache.hadoop.mapreduce.lib.input.LineRecordReader.initialize(LineRecordReader.java:88)","logger":"airflow.task.operators.airflow.providers.docker.operators.docker.DockerOperator","filename":"docker.py","lineno":71}
{"timestamp":"2026-05-20T22:11:09.526772Z","level":"info","event":"\tat org.apache.spark.sql.execution.datasources.HadoopFileLinesReader.<init>(HadoopFileLinesReader.scala:63)","logger":"airflow.task.operators.airflow.providers.docker.operators.docker.DockerOperator","filename":"docker.py","lineno":71}
{"timestamp":"2026-05-20T22:11:09.526859Z","level":"info","event":"\tat org.apache.spark.sql.execution.datasources.json.TextInputJsonDataSource$.readFile(JsonDataSource.scala:132)","logger":"airflow.task.operators.airflow.providers.docker.operators.docker.DockerOperator","filename":"docker.py","lineno":71}
{"timestamp":"2026-05-20T22:11:09.527021Z","level":"info","event":"\tat org.apache.spark.sql.execution.datasources.json.JsonFileFormat.$anonfun$buildReader$2(JsonFileFormat.scala:126)","logger":"airflow.task.operators.airflow.providers.docker.operators.docker.DockerOperator","filename":"docker.py","lineno":71}
{"timestamp":"2026-05-20T22:11:09.527091Z","level":"info","event":"\tat org.apache.spark.sql.execution.datasources.FileFormat$$anon$1.apply(FileFormat.scala:160)","logger":"airflow.task.operators.airflow.providers.docker.operators.docker.DockerOperator","filename":"docker.py","lineno":71}
{"timestamp":"2026-05-20T22:11:09.527158Z","level":"info","event":"\tat org.apache.spark.sql.execution.datasources.FileFormat$$anon$1.apply(FileFormat.scala:140)","logger":"airflow.task.operators.airflow.providers.docker.operators.docker.DockerOperator","filename":"docker.py","lineno":71}
{"timestamp":"2026-05-20T22:11:09.527237Z","level":"info","event":"\tat org.apache.spark.sql.execution.datasources.FileScanRDD$$anon$1.org$apache$spark$sql$execution$datasources$FileScanRDD$$anon$$readCurrentFile(FileScanRDD.scala:217)","logger":"airflow.task.operators.airflow.providers.docker.operators.docker.DockerOperator","filename":"docker.py","lineno":71}
{"timestamp":"2026-05-20T22:11:09.527300Z","level":"info","event":"\tat org.apache.spark.sql.execution.datasources.FileScanRDD$$anon$1.nextIterator(FileScanRDD.scala:279)","logger":"airflow.task.operators.airflow.providers.docker.operators.docker.DockerOperator","filename":"docker.py","lineno":71}
{"timestamp":"2026-05-20T22:11:09.527360Z","level":"info","event":"\tat org.apache.spark.sql.execution.datasources.FileScanRDD$$anon$1.hasNext(FileScanRDD.scala:129)","logger":"airflow.task.operators.airflow.providers.docker.operators.docker.DockerOperator","filename":"docker.py","lineno":71}
{"timestamp":"2026-05-20T22:11:09.527430Z","level":"info","event":"\tat scala.collection.Iterator$$anon$10.hasNext(Iterator.scala:460)","logger":"airflow.task.operators.airflow.providers.docker.operators.docker.DockerOperator","filename":"docker.py","lineno":71}
{"timestamp":"2026-05-20T22:11:09.527498Z","level":"info","event":"\tat org.apache.spark.sql.catalyst.expressions.GeneratedClass$GeneratedIteratorForCodegenStage1.processNext(Unknown Source)","logger":"airflow.task.operators.airflow.providers.docker.operators.docker.DockerOperator","filename":"docker.py","lineno":71}
{"timestamp":"2026-05-20T22:11:09.527564Z","level":"info","event":"\tat org.apache.spark.sql.execution.BufferedRowIterator.hasNext(BufferedRowIterator.java:43)","logger":"airflow.task.operators.airflow.providers.docker.operators.docker.DockerOperator","filename":"docker.py","lineno":71}
{"timestamp":"2026-05-20T22:11:09.527627Z","level":"info","event":"\tat org.apache.spark.sql.execution.WholeStageCodegenEvaluatorFactory$WholeStageCodegenPartitionEvaluator$$anon$1.hasNext(WholeStageCodegenEvaluatorFactory.scala:43)","logger":"airflow.task.operators.airflow.providers.docker.operators.docker.DockerOperator","filename":"docker.py","lineno":71}
{"timestamp":"2026-05-20T22:11:09.527693Z","level":"info","event":"\tat org.apache.spark.sql.execution.SparkPlan.$anonfun$getByteArrayRdd$1(SparkPlan.scala:388)","logger":"airflow.task.operators.airflow.providers.docker.operators.docker.DockerOperator","filename":"docker.py","lineno":71}
{"timestamp":"2026-05-20T22:11:09.527759Z","level":"info","event":"\tat org.apache.spark.rdd.RDD.$anonfun$mapPartitionsInternal$2(RDD.scala:890)","logger":"airflow.task.operators.airflow.providers.docker.operators.docker.DockerOperator","filename":"docker.py","lineno":71}
{"timestamp":"2026-05-20T22:11:09.527845Z","level":"info","event":"\tat org.apache.spark.rdd.RDD.$anonfun$mapPartitionsInternal$2$adapted(RDD.scala:890)","logger":"airflow.task.operators.airflow.providers.docker.operators.docker.DockerOperator","filename":"docker.py","lineno":71}
{"timestamp":"2026-05-20T22:11:09.527935Z","level":"info","event":"\tat org.apache.spark.rdd.MapPartitionsRDD.compute(MapPartitionsRDD.scala:52)","logger":"airflow.task.operators.airflow.providers.docker.operators.docker.DockerOperator","filename":"docker.py","lineno":71}
{"timestamp":"2026-05-20T22:11:09.528006Z","level":"info","event":"\tat org.apache.spark.rdd.RDD.computeOrReadCheckpoint(RDD.scala:364)","logger":"airflow.task.operators.airflow.providers.docker.operators.docker.DockerOperator","filename":"docker.py","lineno":71}
{"timestamp":"2026-05-20T22:11:09.528075Z","level":"info","event":"\tat org.apache.spark.rdd.RDD.iterator(RDD.scala:328)","logger":"airflow.task.operators.airflow.providers.docker.operators.docker.DockerOperator","filename":"docker.py","lineno":71}
{"timestamp":"2026-05-20T22:11:09.528142Z","level":"info","event":"\tat org.apache.spark.scheduler.ResultTask.runTask(ResultTask.scala:93)","logger":"airflow.task.operators.airflow.providers.docker.operators.docker.DockerOperator","filename":"docker.py","lineno":71}
{"timestamp":"2026-05-20T22:11:09.528210Z","level":"info","event":"\tat org.apache.spark.TaskContext.runTaskWithListeners(TaskContext.scala:161)","logger":"airflow.task.operators.airflow.providers.docker.operators.docker.DockerOperator","filename":"docker.py","lineno":71}
{"timestamp":"2026-05-20T22:11:09.528276Z","level":"info","event":"\tat org.apache.spark.scheduler.Task.run(Task.scala:141)","logger":"airflow.task.operators.airflow.providers.docker.operators.docker.DockerOperator","filename":"docker.py","lineno":71}
{"timestamp":"2026-05-20T22:11:09.528340Z","level":"info","event":"\tat org.apache.spark.executor.Executor$TaskRunner.$anonfun$run$4(Executor.scala:620)","logger":"airflow.task.operators.airflow.providers.docker.operators.docker.DockerOperator","filename":"docker.py","lineno":71}
{"timestamp":"2026-05-20T22:11:09.528407Z","level":"info","event":"\tat org.apache.spark.util.SparkErrorUtils.tryWithSafeFinally(SparkErrorUtils.scala:64)","logger":"airflow.task.operators.airflow.providers.docker.operators.docker.DockerOperator","filename":"docker.py","lineno":71}
{"timestamp":"2026-05-20T22:11:09.528472Z","level":"info","event":"\tat org.apache.spark.util.SparkErrorUtils.tryWithSafeFinally$(SparkErrorUtils.scala:61)","logger":"airflow.task.operators.airflow.providers.docker.operators.docker.DockerOperator","filename":"docker.py","lineno":71}
{"timestamp":"2026-05-20T22:11:09.528535Z","level":"info","event":"\tat org.apache.spark.util.Utils$.tryWithSafeFinally(Utils.scala:94)","logger":"airflow.task.operators.airflow.providers.docker.operators.docker.DockerOperator","filename":"docker.py","lineno":71}
{"timestamp":"2026-05-20T22:11:09.528603Z","level":"info","event":"\tat org.apache.spark.executor.Executor$TaskRunner.run(Executor.scala:623)","logger":"airflow.task.operators.airflow.providers.docker.operators.docker.DockerOperator","filename":"docker.py","lineno":71}
{"timestamp":"2026-05-20T22:11:09.528675Z","level":"info","event":"\tat java.base/java.util.concurrent.ThreadPoolExecutor.runWorker(Unknown Source)","logger":"airflow.task.operators.airflow.providers.docker.operators.docker.DockerOperator","filename":"docker.py","lineno":71}
{"timestamp":"2026-05-20T22:11:09.528738Z","level":"info","event":"\tat java.base/java.util.concurrent.ThreadPoolExecutor$Worker.run(Unknown Source)","logger":"airflow.task.operators.airflow.providers.docker.operators.docker.DockerOperator","filename":"docker.py","lineno":71}
{"timestamp":"2026-05-20T22:11:09.528814Z","level":"info","event":"\tat java.base/java.lang.Thread.run(Unknown Source)","logger":"airflow.task.operators.airflow.providers.docker.operators.docker.DockerOperator","filename":"docker.py","lineno":71}
{"timestamp":"2026-05-20T22:11:09.528972Z","level":"info","event":"Caused by: java.lang.ClassNotFoundException: Class org.apache.hadoop.fs.s3a.S3AFileSystem not found","logger":"airflow.task.operators.airflow.providers.docker.operators.docker.DockerOperator","filename":"docker.py","lineno":71}
{"timestamp":"2026-05-20T22:11:09.529046Z","level":"info","event":"\tat org.apache.hadoop.conf.Configuration.getClassByName(Configuration.java:2592)","logger":"airflow.task.operators.airflow.providers.docker.operators.docker.DockerOperator","filename":"docker.py","lineno":71}
{"timestamp":"2026-05-20T22:11:09.529110Z","level":"info","event":"\tat org.apache.hadoop.conf.Configuration.getClass(Configuration.java:2686)","logger":"airflow.task.operators.airflow.providers.docker.operators.docker.DockerOperator","filename":"docker.py","lineno":71}
{"timestamp":"2026-05-20T22:11:09.529181Z","level":"info","event":"\t... 37 more","logger":"airflow.task.operators.airflow.providers.docker.operators.docker.DockerOperator","filename":"docker.py","lineno":71}
{"timestamp":"2026-05-20T22:11:09.529245Z","level":"info","event":"","logger":"airflow.task.operators.airflow.providers.docker.operators.docker.DockerOperator","filename":"docker.py","lineno":71}
{"timestamp":"2026-05-20T22:11:09.529309Z","level":"info","event":"Driver stacktrace:","logger":"airflow.task.operators.airflow.providers.docker.operators.docker.DockerOperator","filename":"docker.py","lineno":71}
{"timestamp":"2026-05-20T22:11:09.529365Z","level":"info","event":"\tat org.apache.spark.scheduler.DAGScheduler.failJobAndIndependentStages(DAGScheduler.scala:2844)","logger":"airflow.task.operators.airflow.providers.docker.operators.docker.DockerOperator","filename":"docker.py","lineno":71}
{"timestamp":"2026-05-20T22:11:09.529428Z","level":"info","event":"\tat org.apache.spark.scheduler.DAGScheduler.$anonfun$abortStage$2(DAGScheduler.scala:2780)","logger":"airflow.task.operators.airflow.providers.docker.operators.docker.DockerOperator","filename":"docker.py","lineno":71}
{"timestamp":"2026-05-20T22:11:09.529498Z","level":"info","event":"\tat org.apache.spark.scheduler.DAGScheduler.$anonfun$abortStage$2$adapted(DAGScheduler.scala:2779)","logger":"airflow.task.operators.airflow.providers.docker.operators.docker.DockerOperator","filename":"docker.py","lineno":71}
{"timestamp":"2026-05-20T22:11:09.529565Z","level":"info","event":"\tat scala.collection.mutable.ResizableArray.foreach(ResizableArray.scala:62)","logger":"airflow.task.operators.airflow.providers.docker.operators.docker.DockerOperator","filename":"docker.py","lineno":71}
{"timestamp":"2026-05-20T22:11:09.529703Z","level":"info","event":"\tat scala.collection.mutable.ResizableArray.foreach$(ResizableArray.scala:55)","logger":"airflow.task.operators.airflow.providers.docker.operators.docker.DockerOperator","filename":"docker.py","lineno":71}
{"timestamp":"2026-05-20T22:11:09.529764Z","level":"info","event":"\tat scala.collection.mutable.ArrayBuffer.foreach(ArrayBuffer.scala:49)","logger":"airflow.task.operators.airflow.providers.docker.operators.docker.DockerOperator","filename":"docker.py","lineno":71}
{"timestamp":"2026-05-20T22:11:09.529842Z","level":"info","event":"\tat org.apache.spark.scheduler.DAGScheduler.abortStage(DAGScheduler.scala:2779)","logger":"airflow.task.operators.airflow.providers.docker.operators.docker.DockerOperator","filename":"docker.py","lineno":71}
{"timestamp":"2026-05-20T22:11:09.529921Z","level":"info","event":"\tat org.apache.spark.scheduler.DAGScheduler.$anonfun$handleTaskSetFailed$1(DAGScheduler.scala:1242)","logger":"airflow.task.operators.airflow.providers.docker.operators.docker.DockerOperator","filename":"docker.py","lineno":71}
{"timestamp":"2026-05-20T22:11:09.529990Z","level":"info","event":"\tat org.apache.spark.scheduler.DAGScheduler.$anonfun$handleTaskSetFailed$1$adapted(DAGScheduler.scala:1242)","logger":"airflow.task.operators.airflow.providers.docker.operators.docker.DockerOperator","filename":"docker.py","lineno":71}
{"timestamp":"2026-05-20T22:11:09.530054Z","level":"info","event":"\tat scala.Option.foreach(Option.scala:407)","logger":"airflow.task.operators.airflow.providers.docker.operators.docker.DockerOperator","filename":"docker.py","lineno":71}
{"timestamp":"2026-05-20T22:11:09.530117Z","level":"info","event":"\tat org.apache.spark.scheduler.DAGScheduler.handleTaskSetFailed(DAGScheduler.scala:1242)","logger":"airflow.task.operators.airflow.providers.docker.operators.docker.DockerOperator","filename":"docker.py","lineno":71}
{"timestamp":"2026-05-20T22:11:09.530185Z","level":"info","event":"\tat org.apache.spark.scheduler.DAGSchedulerEventProcessLoop.doOnReceive(DAGScheduler.scala:3048)","logger":"airflow.task.operators.airflow.providers.docker.operators.docker.DockerOperator","filename":"docker.py","lineno":71}
{"timestamp":"2026-05-20T22:11:09.530250Z","level":"info","event":"\tat org.apache.spark.scheduler.DAGSchedulerEventProcessLoop.onReceive(DAGScheduler.scala:2982)","logger":"airflow.task.operators.airflow.providers.docker.operators.docker.DockerOperator","filename":"docker.py","lineno":71}
{"timestamp":"2026-05-20T22:11:09.530319Z","level":"info","event":"\tat org.apache.spark.scheduler.DAGSchedulerEventProcessLoop.onReceive(DAGScheduler.scala:2971)","logger":"airflow.task.operators.airflow.providers.docker.operators.docker.DockerOperator","filename":"docker.py","lineno":71}
{"timestamp":"2026-05-20T22:11:09.530389Z","level":"info","event":"\tat org.apache.spark.util.EventLoop$$anon$1.run(EventLoop.scala:49)","logger":"airflow.task.operators.airflow.providers.docker.operators.docker.DockerOperator","filename":"docker.py","lineno":71}
{"timestamp":"2026-05-20T22:11:09.530453Z","level":"info","event":"\tat org.apache.spark.scheduler.DAGScheduler.runJob(DAGScheduler.scala:984)","logger":"airflow.task.operators.airflow.providers.docker.operators.docker.DockerOperator","filename":"docker.py","lineno":71}
{"timestamp":"2026-05-20T22:11:09.530517Z","level":"info","event":"\tat org.apache.spark.SparkContext.runJob(SparkContext.scala:2398)","logger":"airflow.task.operators.airflow.providers.docker.operators.docker.DockerOperator","filename":"docker.py","lineno":71}
{"timestamp":"2026-05-20T22:11:09.530577Z","level":"info","event":"\tat org.apache.spark.SparkContext.runJob(SparkContext.scala:2419)","logger":"airflow.task.operators.airflow.providers.docker.operators.docker.DockerOperator","filename":"docker.py","lineno":71}
{"timestamp":"2026-05-20T22:11:09.530641Z","level":"info","event":"\tat org.apache.spark.SparkContext.runJob(SparkContext.scala:2438)","logger":"airflow.task.operators.airflow.providers.docker.operators.docker.DockerOperator","filename":"docker.py","lineno":71}
{"timestamp":"2026-05-20T22:11:09.530705Z","level":"info","event":"\tat org.apache.spark.SparkContext.runJob(SparkContext.scala:2463)","logger":"airflow.task.operators.airflow.providers.docker.operators.docker.DockerOperator","filename":"docker.py","lineno":71}
{"timestamp":"2026-05-20T22:11:09.530769Z","level":"info","event":"\tat org.apache.spark.rdd.RDD.$anonfun$collect$1(RDD.scala:1046)","logger":"airflow.task.operators.airflow.providers.docker.operators.docker.DockerOperator","filename":"docker.py","lineno":71}
{"timestamp":"2026-05-20T22:11:09.530853Z","level":"info","event":"\tat org.apache.spark.rdd.RDDOperationScope$.withScope(RDDOperationScope.scala:151)","logger":"airflow.task.operators.airflow.providers.docker.operators.docker.DockerOperator","filename":"docker.py","lineno":71}
{"timestamp":"2026-05-20T22:11:09.530932Z","level":"info","event":"\tat org.apache.spark.rdd.RDDOperationScope$.withScope(RDDOperationScope.scala:112)","logger":"airflow.task.operators.airflow.providers.docker.operators.docker.DockerOperator","filename":"docker.py","lineno":71}
{"timestamp":"2026-05-20T22:11:09.530993Z","level":"info","event":"\tat org.apache.spark.rdd.RDD.withScope(RDD.scala:407)","logger":"airflow.task.operators.airflow.providers.docker.operators.docker.DockerOperator","filename":"docker.py","lineno":71}
{"timestamp":"2026-05-20T22:11:09.531066Z","level":"info","event":"\tat org.apache.spark.rdd.RDD.collect(RDD.scala:1045)","logger":"airflow.task.operators.airflow.providers.docker.operators.docker.DockerOperator","filename":"docker.py","lineno":71}
{"timestamp":"2026-05-20T22:11:09.531132Z","level":"info","event":"\tat org.apache.spark.sql.execution.SparkPlan.executeCollect(SparkPlan.scala:448)","logger":"airflow.task.operators.airflow.providers.docker.operators.docker.DockerOperator","filename":"docker.py","lineno":71}
{"timestamp":"2026-05-20T22:11:09.531200Z","level":"info","event":"\tat org.apache.spark.sql.Dataset.collectFromPlan(Dataset.scala:4344)","logger":"airflow.task.operators.airflow.providers.docker.operators.docker.DockerOperator","filename":"docker.py","lineno":71}
{"timestamp":"2026-05-20T22:11:09.531265Z","level":"info","event":"\tat org.apache.spark.sql.Dataset.$anonfun$collect$1(Dataset.scala:3585)","logger":"airflow.task.operators.airflow.providers.docker.operators.docker.DockerOperator","filename":"docker.py","lineno":71}
{"timestamp":"2026-05-20T22:11:09.531333Z","level":"info","event":"\tat org.apache.spark.sql.Dataset.$anonfun$withAction$2(Dataset.scala:4334)","logger":"airflow.task.operators.airflow.providers.docker.operators.docker.DockerOperator","filename":"docker.py","lineno":71}
{"timestamp":"2026-05-20T22:11:09.531401Z","level":"info","event":"\tat org.apache.spark.sql.execution.QueryExecution$.withInternalError(QueryExecution.scala:546)","logger":"airflow.task.operators.airflow.providers.docker.operators.docker.DockerOperator","filename":"docker.py","lineno":71}
{"timestamp":"2026-05-20T22:11:09.531471Z","level":"info","event":"\tat org.apache.spark.sql.Dataset.$anonfun$withAction$1(Dataset.scala:4332)","logger":"airflow.task.operators.airflow.providers.docker.operators.docker.DockerOperator","filename":"docker.py","lineno":71}
{"timestamp":"2026-05-20T22:11:09.531540Z","level":"info","event":"\tat org.apache.spark.sql.execution.SQLExecution$.$anonfun$withNewExecutionId$6(SQLExecution.scala:125)","logger":"airflow.task.operators.airflow.providers.docker.operators.docker.DockerOperator","filename":"docker.py","lineno":71}
{"timestamp":"2026-05-20T22:11:09.531613Z","level":"info","event":"\tat org.apache.spark.sql.execution.SQLExecution$.withSQLConfPropagated(SQLExecution.scala:201)","logger":"airflow.task.operators.airflow.providers.docker.operators.docker.DockerOperator","filename":"docker.py","lineno":71}
{"timestamp":"2026-05-20T22:11:09.531683Z","level":"info","event":"\tat org.apache.spark.sql.execution.SQLExecution$.$anonfun$withNewExecutionId$1(SQLExecution.scala:108)","logger":"airflow.task.operators.airflow.providers.docker.operators.docker.DockerOperator","filename":"docker.py","lineno":71}
{"timestamp":"2026-05-20T22:11:09.531754Z","level":"info","event":"\tat org.apache.spark.sql.SparkSession.withActive(SparkSession.scala:900)","logger":"airflow.task.operators.airflow.providers.docker.operators.docker.DockerOperator","filename":"docker.py","lineno":71}
{"timestamp":"2026-05-20T22:11:09.531854Z","level":"info","event":"\tat org.apache.spark.sql.execution.SQLExecution$.withNewExecutionId(SQLExecution.scala:66)","logger":"airflow.task.operators.airflow.providers.docker.operators.docker.DockerOperator","filename":"docker.py","lineno":71}
{"timestamp":"2026-05-20T22:11:09.531939Z","level":"info","event":"\tat org.apache.spark.sql.Dataset.withAction(Dataset.scala:4332)","logger":"airflow.task.operators.airflow.providers.docker.operators.docker.DockerOperator","filename":"docker.py","lineno":71}
{"timestamp":"2026-05-20T22:11:09.532007Z","level":"info","event":"\tat org.apache.spark.sql.Dataset.collect(Dataset.scala:3585)","logger":"airflow.task.operators.airflow.providers.docker.operators.docker.DockerOperator","filename":"docker.py","lineno":71}
{"timestamp":"2026-05-20T22:11:09.532075Z","level":"info","event":"\tat org.apache.spark.sql.delta.Snapshot.protocolAndMetadataReconstruction(Snapshot.scala:229)","logger":"airflow.task.operators.airflow.providers.docker.operators.docker.DockerOperator","filename":"docker.py","lineno":71}
{"timestamp":"2026-05-20T22:11:09.532142Z","level":"info","event":"\tat org.apache.spark.sql.delta.Snapshot.x$1$lzycompute(Snapshot.scala:138)","logger":"airflow.task.operators.airflow.providers.docker.operators.docker.DockerOperator","filename":"docker.py","lineno":71}
{"timestamp":"2026-05-20T22:11:09.532205Z","level":"info","event":"\tat org.apache.spark.sql.delta.Snapshot.x$1(Snapshot.scala:133)","logger":"airflow.task.operators.airflow.providers.docker.operators.docker.DockerOperator","filename":"docker.py","lineno":71}
{"timestamp":"2026-05-20T22:11:09.532262Z","level":"info","event":"\tat org.apache.spark.sql.delta.Snapshot._metadata$lzycompute(Snapshot.scala:133)","logger":"airflow.task.operators.airflow.providers.docker.operators.docker.DockerOperator","filename":"docker.py","lineno":71}
{"timestamp":"2026-05-20T22:11:09.532320Z","level":"info","event":"\tat org.apache.spark.sql.delta.Snapshot._metadata(Snapshot.scala:133)","logger":"airflow.task.operators.airflow.providers.docker.operators.docker.DockerOperator","filename":"docker.py","lineno":71}
{"timestamp":"2026-05-20T22:11:09.532385Z","level":"info","event":"\tat org.apache.spark.sql.delta.Snapshot.metadata(Snapshot.scala:202)","logger":"airflow.task.operators.airflow.providers.docker.operators.docker.DockerOperator","filename":"docker.py","lineno":71}
{"timestamp":"2026-05-20T22:11:09.532458Z","level":"info","event":"\tat org.apache.spark.sql.delta.Snapshot.toString(Snapshot.scala:416)","logger":"airflow.task.operators.airflow.providers.docker.operators.docker.DockerOperator","filename":"docker.py","lineno":71}
{"timestamp":"2026-05-20T22:11:09.532527Z","level":"info","event":"\tat java.base/java.lang.String.valueOf(Unknown Source)","logger":"airflow.task.operators.airflow.providers.docker.operators.docker.DockerOperator","filename":"docker.py","lineno":71}
{"timestamp":"2026-05-20T22:11:09.532591Z","level":"info","event":"\tat java.base/java.lang.StringBuilder.append(Unknown Source)","logger":"airflow.task.operators.airflow.providers.docker.operators.docker.DockerOperator","filename":"docker.py","lineno":71}
{"timestamp":"2026-05-20T22:11:09.532655Z","level":"info","event":"\tat org.apache.spark.sql.delta.Snapshot.$anonfun$new$1(Snapshot.scala:419)","logger":"airflow.task.operators.airflow.providers.docker.operators.docker.DockerOperator","filename":"docker.py","lineno":71}
{"timestamp":"2026-05-20T22:11:09.532722Z","level":"info","event":"\tat org.apache.spark.sql.delta.Snapshot.$anonfun$logInfo$1(Snapshot.scala:396)","logger":"airflow.task.operators.airflow.providers.docker.operators.docker.DockerOperator","filename":"docker.py","lineno":71}
{"timestamp":"2026-05-20T22:11:09.532788Z","level":"info","event":"\tat org.apache.spark.internal.Logging.logInfo(Logging.scala:60)","logger":"airflow.task.operators.airflow.providers.docker.operators.docker.DockerOperator","filename":"docker.py","lineno":71}
{"timestamp":"2026-05-20T22:11:09.532871Z","level":"info","event":"\tat org.apache.spark.internal.Logging.logInfo$(Logging.scala:59)","logger":"airflow.task.operators.airflow.providers.docker.operators.docker.DockerOperator","filename":"docker.py","lineno":71}
{"timestamp":"2026-05-20T22:11:09.533049Z","level":"info","event":"\tat org.apache.spark.sql.delta.Snapshot.logInfo(Snapshot.scala:396)","logger":"airflow.task.operators.airflow.providers.docker.operators.docker.DockerOperator","filename":"docker.py","lineno":71}
{"timestamp":"2026-05-20T22:11:09.533120Z","level":"info","event":"\tat org.apache.spark.sql.delta.Snapshot.<init>(Snapshot.scala:419)","logger":"airflow.task.operators.airflow.providers.docker.operators.docker.DockerOperator","filename":"docker.py","lineno":71}
{"timestamp":"2026-05-20T22:11:09.533193Z","level":"info","event":"\tat org.apache.spark.sql.delta.SnapshotManagement.$anonfun$createSnapshot$2(SnapshotManagement.scala:503)","logger":"airflow.task.operators.airflow.providers.docker.operators.docker.DockerOperator","filename":"docker.py","lineno":71}
{"timestamp":"2026-05-20T22:11:09.533257Z","level":"info","event":"\tat org.apache.spark.sql.delta.SnapshotManagement.createSnapshotFromGivenOrEquivalentLogSegment(SnapshotManagement.scala:628)","logger":"airflow.task.operators.airflow.providers.docker.operators.docker.DockerOperator","filename":"docker.py","lineno":71}
{"timestamp":"2026-05-20T22:11:09.533316Z","level":"info","event":"\tat org.apache.spark.sql.delta.SnapshotManagement.createSnapshotFromGivenOrEquivalentLogSegment$(SnapshotManagement.scala:616)","logger":"airflow.task.operators.airflow.providers.docker.operators.docker.DockerOperator","filename":"docker.py","lineno":71}
{"timestamp":"2026-05-20T22:11:09.533376Z","level":"info","event":"\tat org.apache.spark.sql.delta.DeltaLog.createSnapshotFromGivenOrEquivalentLogSegment(DeltaLog.scala:72)","logger":"airflow.task.operators.airflow.providers.docker.operators.docker.DockerOperator","filename":"docker.py","lineno":71}
{"timestamp":"2026-05-20T22:11:09.533439Z","level":"info","event":"\tat org.apache.spark.sql.delta.SnapshotManagement.createSnapshot(SnapshotManagement.scala:496)","logger":"airflow.task.operators.airflow.providers.docker.operators.docker.DockerOperator","filename":"docker.py","lineno":71}
{"timestamp":"2026-05-20T22:11:09.533501Z","level":"info","event":"\tat org.apache.spark.sql.delta.SnapshotManagement.createSnapshot$(SnapshotManagement.scala:489)","logger":"airflow.task.operators.airflow.providers.docker.operators.docker.DockerOperator","filename":"docker.py","lineno":71}
{"timestamp":"2026-05-20T22:11:09.533564Z","level":"info","event":"\tat org.apache.spark.sql.delta.DeltaLog.createSnapshot(DeltaLog.scala:72)","logger":"airflow.task.operators.airflow.providers.docker.operators.docker.DockerOperator","filename":"docker.py","lineno":71}
{"timestamp":"2026-05-20T22:11:09.533626Z","level":"info","event":"\tat org.apache.spark.sql.delta.SnapshotManagement.$anonfun$createSnapshotAtInitInternal$1(SnapshotManagement.scala:450)","logger":"airflow.task.operators.airflow.providers.docker.operators.docker.DockerOperator","filename":"docker.py","lineno":71}
{"timestamp":"2026-05-20T22:11:09.533687Z","level":"info","event":"\tat scala.Option.map(Option.scala:230)","logger":"airflow.task.operators.airflow.providers.docker.operators.docker.DockerOperator","filename":"docker.py","lineno":71}
{"timestamp":"2026-05-20T22:11:09.533744Z","level":"info","event":"\tat org.apache.spark.sql.delta.SnapshotManagement.createSnapshotAtInitInternal(SnapshotManagement.scala:447)","logger":"airflow.task.operators.airflow.providers.docker.operators.docker.DockerOperator","filename":"docker.py","lineno":71}
{"timestamp":"2026-05-20T22:11:09.533803Z","level":"info","event":"\tat org.apache.spark.sql.delta.SnapshotManagement.createSnapshotAtInitInternal$(SnapshotManagement.scala:444)","logger":"airflow.task.operators.airflow.providers.docker.operators.docker.DockerOperator","filename":"docker.py","lineno":71}
{"timestamp":"2026-05-20T22:11:09.533905Z","level":"info","event":"\tat org.apache.spark.sql.delta.DeltaLog.createSnapshotAtInitInternal(DeltaLog.scala:72)","logger":"airflow.task.operators.airflow.providers.docker.operators.docker.DockerOperator","filename":"docker.py","lineno":71}
{"timestamp":"2026-05-20T22:11:09.533970Z","level":"info","event":"\tat org.apache.spark.sql.delta.SnapshotManagement.$anonfun$getSnapshotAtInit$1(SnapshotManagement.scala:439)","logger":"airflow.task.operators.airflow.providers.docker.operators.docker.DockerOperator","filename":"docker.py","lineno":71}
{"timestamp":"2026-05-20T22:11:09.534030Z","level":"info","event":"\tat org.apache.spark.sql.delta.metering.DeltaLogging.recordFrameProfile(DeltaLogging.scala:140)","logger":"airflow.task.operators.airflow.providers.docker.operators.docker.DockerOperator","filename":"docker.py","lineno":71}
{"timestamp":"2026-05-20T22:11:09.534095Z","level":"info","event":"\tat org.apache.spark.sql.delta.metering.DeltaLogging.recordFrameProfile$(DeltaLogging.scala:138)","logger":"airflow.task.operators.airflow.providers.docker.operators.docker.DockerOperator","filename":"docker.py","lineno":71}
{"timestamp":"2026-05-20T22:11:09.534157Z","level":"info","event":"\tat org.apache.spark.sql.delta.DeltaLog.recordFrameProfile(DeltaLog.scala:72)","logger":"airflow.task.operators.airflow.providers.docker.operators.docker.DockerOperator","filename":"docker.py","lineno":71}
{"timestamp":"2026-05-20T22:11:09.534207Z","level":"info","event":"\tat org.apache.spark.sql.delta.SnapshotManagement.getSnapshotAtInit(SnapshotManagement.scala:434)","logger":"airflow.task.operators.airflow.providers.docker.operators.docker.DockerOperator","filename":"docker.py","lineno":71}
{"timestamp":"2026-05-20T22:11:09.534255Z","level":"info","event":"\tat org.apache.spark.sql.delta.SnapshotManagement.getSnapshotAtInit$(SnapshotManagement.scala:433)","logger":"airflow.task.operators.airflow.providers.docker.operators.docker.DockerOperator","filename":"docker.py","lineno":71}
{"timestamp":"2026-05-20T22:11:09.534302Z","level":"info","event":"\tat org.apache.spark.sql.delta.DeltaLog.getSnapshotAtInit(DeltaLog.scala:72)","logger":"airflow.task.operators.airflow.providers.docker.operators.docker.DockerOperator","filename":"docker.py","lineno":71}
{"timestamp":"2026-05-20T22:11:09.534354Z","level":"info","event":"\tat org.apache.spark.sql.delta.SnapshotManagement.$init$(SnapshotManagement.scala:60)","logger":"airflow.task.operators.airflow.providers.docker.operators.docker.DockerOperator","filename":"docker.py","lineno":71}
{"timestamp":"2026-05-20T22:11:09.534413Z","level":"info","event":"\tat org.apache.spark.sql.delta.DeltaLog.<init>(DeltaLog.scala:78)","logger":"airflow.task.operators.airflow.providers.docker.operators.docker.DockerOperator","filename":"docker.py","lineno":71}
{"timestamp":"2026-05-20T22:11:09.534464Z","level":"info","event":"\tat org.apache.spark.sql.delta.DeltaLog$.$anonfun$apply$4(DeltaLog.scala:779)","logger":"airflow.task.operators.airflow.providers.docker.operators.docker.DockerOperator","filename":"docker.py","lineno":71}
{"timestamp":"2026-05-20T22:11:09.534515Z","level":"info","event":"\tat org.apache.spark.sql.catalyst.plans.logical.AnalysisHelper$.allowInvokingTransformsInAnalyzer(AnalysisHelper.scala:323)","logger":"airflow.task.operators.airflow.providers.docker.operators.docker.DockerOperator","filename":"docker.py","lineno":71}
{"timestamp":"2026-05-20T22:11:09.534569Z","level":"info","event":"\tat org.apache.spark.sql.delta.DeltaLog$.$anonfun$apply$3(DeltaLog.scala:774)","logger":"airflow.task.operators.airflow.providers.docker.operators.docker.DockerOperator","filename":"docker.py","lineno":71}
{"timestamp":"2026-05-20T22:11:09.534619Z","level":"info","event":"\tat org.apache.spark.sql.delta.metering.DeltaLogging.recordFrameProfile(DeltaLogging.scala:140)","logger":"airflow.task.operators.airflow.providers.docker.operators.docker.DockerOperator","filename":"docker.py","lineno":71}
{"timestamp":"2026-05-20T22:11:09.534673Z","level":"info","event":"\tat org.apache.spark.sql.delta.metering.DeltaLogging.recordFrameProfile$(DeltaLogging.scala:138)","logger":"airflow.task.operators.airflow.providers.docker.operators.docker.DockerOperator","filename":"docker.py","lineno":71}
{"timestamp":"2026-05-20T22:11:09.534728Z","level":"info","event":"\tat org.apache.spark.sql.delta.DeltaLog$.recordFrameProfile(DeltaLog.scala:598)","logger":"airflow.task.operators.airflow.providers.docker.operators.docker.DockerOperator","filename":"docker.py","lineno":71}
{"timestamp":"2026-05-20T22:11:09.534788Z","level":"info","event":"\tat org.apache.spark.sql.delta.metering.DeltaLogging.$anonfun$recordDeltaOperationInternal$1(DeltaLogging.scala:133)","logger":"airflow.task.operators.airflow.providers.docker.operators.docker.DockerOperator","filename":"docker.py","lineno":71}
{"timestamp":"2026-05-20T22:11:09.534959Z","level":"info","event":"\tat com.databricks.spark.util.DatabricksLogging.recordOperation(DatabricksLogging.scala:128)","logger":"airflow.task.operators.airflow.providers.docker.operators.docker.DockerOperator","filename":"docker.py","lineno":71}
{"timestamp":"2026-05-20T22:11:09.535041Z","level":"info","event":"\tat com.databricks.spark.util.DatabricksLogging.recordOperation$(DatabricksLogging.scala:117)","logger":"airflow.task.operators.airflow.providers.docker.operators.docker.DockerOperator","filename":"docker.py","lineno":71}
{"timestamp":"2026-05-20T22:11:09.535110Z","level":"info","event":"\tat org.apache.spark.sql.delta.DeltaLog$.recordOperation(DeltaLog.scala:598)","logger":"airflow.task.operators.airflow.providers.docker.operators.docker.DockerOperator","filename":"docker.py","lineno":71}
{"timestamp":"2026-05-20T22:11:09.535171Z","level":"info","event":"\tat org.apache.spark.sql.delta.metering.DeltaLogging.recordDeltaOperationInternal(DeltaLogging.scala:132)","logger":"airflow.task.operators.airflow.providers.docker.operators.docker.DockerOperator","filename":"docker.py","lineno":71}
{"timestamp":"2026-05-20T22:11:09.535229Z","level":"info","event":"\tat org.apache.spark.sql.delta.metering.DeltaLogging.recordDeltaOperation(DeltaLogging.scala:122)","logger":"airflow.task.operators.airflow.providers.docker.operators.docker.DockerOperator","filename":"docker.py","lineno":71}
{"timestamp":"2026-05-20T22:11:09.535561Z","level":"info","event":"\tat org.apache.spark.sql.delta.metering.DeltaLogging.recordDeltaOperation$(DeltaLogging.scala:112)","logger":"airflow.task.operators.airflow.providers.docker.operators.docker.DockerOperator","filename":"docker.py","lineno":71}
{"timestamp":"2026-05-20T22:11:09.535654Z","level":"info","event":"\tat org.apache.spark.sql.delta.DeltaLog$.recordDeltaOperation(DeltaLog.scala:598)","logger":"airflow.task.operators.airflow.providers.docker.operators.docker.DockerOperator","filename":"docker.py","lineno":71}
{"timestamp":"2026-05-20T22:11:09.535722Z","level":"info","event":"\tat org.apache.spark.sql.delta.DeltaLog$.createDeltaLog$1(DeltaLog.scala:773)","logger":"airflow.task.operators.airflow.providers.docker.operators.docker.DockerOperator","filename":"docker.py","lineno":71}
{"timestamp":"2026-05-20T22:11:09.535786Z","level":"info","event":"\tat org.apache.spark.sql.delta.DeltaLog$.$anonfun$apply$5(DeltaLog.scala:791)","logger":"airflow.task.operators.airflow.providers.docker.operators.docker.DockerOperator","filename":"docker.py","lineno":71}
{"timestamp":"2026-05-20T22:11:09.535871Z","level":"info","event":"\tat com.google.common.cache.LocalCache$LocalManualCache$1.load(LocalCache.java:4792)","logger":"airflow.task.operators.airflow.providers.docker.operators.docker.DockerOperator","filename":"docker.py","lineno":71}
{"timestamp":"2026-05-20T22:11:09.535953Z","level":"info","event":"\tat com.google.common.cache.LocalCache$LoadingValueReference.loadFuture(LocalCache.java:3599)","logger":"airflow.task.operators.airflow.providers.docker.operators.docker.DockerOperator","filename":"docker.py","lineno":71}
{"timestamp":"2026-05-20T22:11:09.536023Z","level":"info","event":"\tat com.google.common.cache.LocalCache$Segment.loadSync(LocalCache.java:2379)","logger":"airflow.task.operators.airflow.providers.docker.operators.docker.DockerOperator","filename":"docker.py","lineno":71}
{"timestamp":"2026-05-20T22:11:09.536087Z","level":"info","event":"\tat com.google.common.cache.LocalCache$Segment.lockedGetOrLoad(LocalCache.java:2342)","logger":"airflow.task.operators.airflow.providers.docker.operators.docker.DockerOperator","filename":"docker.py","lineno":71}
{"timestamp":"2026-05-20T22:11:09.536150Z","level":"info","event":"\tat com.google.common.cache.LocalCache$Segment.get(LocalCache.java:2257)","logger":"airflow.task.operators.airflow.providers.docker.operators.docker.DockerOperator","filename":"docker.py","lineno":71}
{"timestamp":"2026-05-20T22:11:09.536221Z","level":"info","event":"\tat com.google.common.cache.LocalCache.get(LocalCache.java:4000)","logger":"airflow.task.operators.airflow.providers.docker.operators.docker.DockerOperator","filename":"docker.py","lineno":71}
{"timestamp":"2026-05-20T22:11:09.536286Z","level":"info","event":"\tat com.google.common.cache.LocalCache$LocalManualCache.get(LocalCache.java:4789)","logger":"airflow.task.operators.airflow.providers.docker.operators.docker.DockerOperator","filename":"docker.py","lineno":71}
{"timestamp":"2026-05-20T22:11:09.536353Z","level":"info","event":"\tat org.apache.spark.sql.delta.DeltaLog$.getDeltaLogFromCache$1(DeltaLog.scala:790)","logger":"airflow.task.operators.airflow.providers.docker.operators.docker.DockerOperator","filename":"docker.py","lineno":71}
{"timestamp":"2026-05-20T22:11:09.536421Z","level":"info","event":"\tat org.apache.spark.sql.delta.DeltaLog$.apply(DeltaLog.scala:800)","logger":"airflow.task.operators.airflow.providers.docker.operators.docker.DockerOperator","filename":"docker.py","lineno":71}
{"timestamp":"2026-05-20T22:11:09.536482Z","level":"info","event":"\tat org.apache.spark.sql.delta.DeltaLog$.forTable(DeltaLog.scala:677)","logger":"airflow.task.operators.airflow.providers.docker.operators.docker.DockerOperator","filename":"docker.py","lineno":71}
{"timestamp":"2026-05-20T22:11:09.536539Z","level":"info","event":"\tat org.apache.spark.sql.delta.catalog.DeltaTableV2.$anonfun$deltaLog$1(DeltaTableV2.scala:91)","logger":"airflow.task.operators.airflow.providers.docker.operators.docker.DockerOperator","filename":"docker.py","lineno":71}
{"timestamp":"2026-05-20T22:11:09.536596Z","level":"info","event":"\tat org.apache.spark.sql.delta.catalog.DeltaTableV2$.withEnrichedUnsupportedTableException(DeltaTableV2.scala:364)","logger":"airflow.task.operators.airflow.providers.docker.operators.docker.DockerOperator","filename":"docker.py","lineno":71}
{"timestamp":"2026-05-20T22:11:09.536658Z","level":"info","event":"\tat org.apache.spark.sql.delta.catalog.DeltaTableV2.deltaLog$lzycompute(DeltaTableV2.scala:91)","logger":"airflow.task.operators.airflow.providers.docker.operators.docker.DockerOperator","filename":"docker.py","lineno":71}
{"timestamp":"2026-05-20T22:11:09.536728Z","level":"info","event":"\tat org.apache.spark.sql.delta.catalog.DeltaTableV2.deltaLog(DeltaTableV2.scala:89)","logger":"airflow.task.operators.airflow.providers.docker.operators.docker.DockerOperator","filename":"docker.py","lineno":71}
{"timestamp":"2026-05-20T22:11:09.536799Z","level":"info","event":"\tat org.apache.spark.sql.delta.catalog.DeltaTableV2.$anonfun$initialSnapshot$4(DeltaTableV2.scala:144)","logger":"airflow.task.operators.airflow.providers.docker.operators.docker.DockerOperator","filename":"docker.py","lineno":71}
{"timestamp":"2026-05-20T22:11:09.536912Z","level":"info","event":"\tat scala.Option.getOrElse(Option.scala:189)","logger":"airflow.task.operators.airflow.providers.docker.operators.docker.DockerOperator","filename":"docker.py","lineno":71}
{"timestamp":"2026-05-20T22:11:09.536982Z","level":"info","event":"\tat org.apache.spark.sql.delta.catalog.DeltaTableV2.$anonfun$initialSnapshot$1(DeltaTableV2.scala:144)","logger":"airflow.task.operators.airflow.providers.docker.operators.docker.DockerOperator","filename":"docker.py","lineno":71}
{"timestamp":"2026-05-20T22:11:09.537047Z","level":"info","event":"\tat org.apache.spark.sql.delta.catalog.DeltaTableV2$.withEnrichedUnsupportedTableException(DeltaTableV2.scala:364)","logger":"airflow.task.operators.airflow.providers.docker.operators.docker.DockerOperator","filename":"docker.py","lineno":71}
{"timestamp":"2026-05-20T22:11:09.537111Z","level":"info","event":"\tat org.apache.spark.sql.delta.catalog.DeltaTableV2.initialSnapshot$lzycompute(DeltaTableV2.scala:143)","logger":"airflow.task.operators.airflow.providers.docker.operators.docker.DockerOperator","filename":"docker.py","lineno":71}
{"timestamp":"2026-05-20T22:11:09.537172Z","level":"info","event":"\tat org.apache.spark.sql.delta.catalog.DeltaTableV2.initialSnapshot(DeltaTableV2.scala:123)","logger":"airflow.task.operators.airflow.providers.docker.operators.docker.DockerOperator","filename":"docker.py","lineno":71}
{"timestamp":"2026-05-20T22:11:09.537240Z","level":"info","event":"\tat org.apache.spark.sql.delta.catalog.DeltaTableV2.toBaseRelation$lzycompute(DeltaTableV2.scala:235)","logger":"airflow.task.operators.airflow.providers.docker.operators.docker.DockerOperator","filename":"docker.py","lineno":71}
{"timestamp":"2026-05-20T22:11:09.537304Z","level":"info","event":"\tat org.apache.spark.sql.delta.catalog.DeltaTableV2.toBaseRelation(DeltaTableV2.scala:233)","logger":"airflow.task.operators.airflow.providers.docker.operators.docker.DockerOperator","filename":"docker.py","lineno":71}
{"timestamp":"2026-05-20T22:11:09.537371Z","level":"info","event":"\tat org.apache.spark.sql.delta.sources.DeltaDataSource.$anonfun$createRelation$5(DeltaDataSource.scala:250)","logger":"airflow.task.operators.airflow.providers.docker.operators.docker.DockerOperator","filename":"docker.py","lineno":71}
{"timestamp":"2026-05-20T22:11:09.537444Z","level":"info","event":"\tat org.apache.spark.sql.delta.metering.DeltaLogging.recordFrameProfile(DeltaLogging.scala:140)","logger":"airflow.task.operators.airflow.providers.docker.operators.docker.DockerOperator","filename":"docker.py","lineno":71}
{"timestamp":"2026-05-20T22:11:09.537514Z","level":"info","event":"\tat org.apache.spark.sql.delta.metering.DeltaLogging.recordFrameProfile$(DeltaLogging.scala:138)","logger":"airflow.task.operators.airflow.providers.docker.operators.docker.DockerOperator","filename":"docker.py","lineno":71}
{"timestamp":"2026-05-20T22:11:09.537577Z","level":"info","event":"\tat org.apache.spark.sql.delta.sources.DeltaDataSource.recordFrameProfile(DeltaDataSource.scala:49)","logger":"airflow.task.operators.airflow.providers.docker.operators.docker.DockerOperator","filename":"docker.py","lineno":71}
{"timestamp":"2026-05-20T22:11:09.537633Z","level":"info","event":"\tat org.apache.spark.sql.delta.sources.DeltaDataSource.createRelation(DeltaDataSource.scala:209)","logger":"airflow.task.operators.airflow.providers.docker.operators.docker.DockerOperator","filename":"docker.py","lineno":71}
{"timestamp":"2026-05-20T22:11:09.537691Z","level":"info","event":"\tat org.apache.spark.sql.execution.datasources.DataSource.resolveRelation(DataSource.scala:346)","logger":"airflow.task.operators.airflow.providers.docker.operators.docker.DockerOperator","filename":"docker.py","lineno":71}
{"timestamp":"2026-05-20T22:11:09.537754Z","level":"info","event":"\tat org.apache.spark.sql.DataFrameReader.loadV1Source(DataFrameReader.scala:229)","logger":"airflow.task.operators.airflow.providers.docker.operators.docker.DockerOperator","filename":"docker.py","lineno":71}
{"timestamp":"2026-05-20T22:11:09.537819Z","level":"info","event":"\tat org.apache.spark.sql.DataFrameReader.$anonfun$load$2(DataFrameReader.scala:211)","logger":"airflow.task.operators.airflow.providers.docker.operators.docker.DockerOperator","filename":"docker.py","lineno":71}
{"timestamp":"2026-05-20T22:11:09.537924Z","level":"info","event":"\tat scala.Option.getOrElse(Option.scala:189)","logger":"airflow.task.operators.airflow.providers.docker.operators.docker.DockerOperator","filename":"docker.py","lineno":71}
{"timestamp":"2026-05-20T22:11:09.538007Z","level":"info","event":"\tat org.apache.spark.sql.DataFrameReader.load(DataFrameReader.scala:211)","logger":"airflow.task.operators.airflow.providers.docker.operators.docker.DockerOperator","filename":"docker.py","lineno":71}
{"timestamp":"2026-05-20T22:11:09.538078Z","level":"info","event":"\tat org.apache.spark.sql.DataFrameReader.load(DataFrameReader.scala:186)","logger":"airflow.task.operators.airflow.providers.docker.operators.docker.DockerOperator","filename":"docker.py","lineno":71}
{"timestamp":"2026-05-20T22:11:09.538146Z","level":"info","event":"\tat java.base/jdk.internal.reflect.NativeMethodAccessorImpl.invoke0(Native Method)","logger":"airflow.task.operators.airflow.providers.docker.operators.docker.DockerOperator","filename":"docker.py","lineno":71}
{"timestamp":"2026-05-20T22:11:09.538216Z","level":"info","event":"\tat java.base/jdk.internal.reflect.NativeMethodAccessorImpl.invoke(Unknown Source)","logger":"airflow.task.operators.airflow.providers.docker.operators.docker.DockerOperator","filename":"docker.py","lineno":71}
{"timestamp":"2026-05-20T22:11:09.538280Z","level":"info","event":"\tat java.base/jdk.internal.reflect.DelegatingMethodAccessorImpl.invoke(Unknown Source)","logger":"airflow.task.operators.airflow.providers.docker.operators.docker.DockerOperator","filename":"docker.py","lineno":71}
{"timestamp":"2026-05-20T22:11:09.538343Z","level":"info","event":"\tat java.base/java.lang.reflect.Method.invoke(Unknown Source)","logger":"airflow.task.operators.airflow.providers.docker.operators.docker.DockerOperator","filename":"docker.py","lineno":71}
{"timestamp":"2026-05-20T22:11:09.538415Z","level":"info","event":"\tat py4j.reflection.MethodInvoker.invoke(MethodInvoker.java:244)","logger":"airflow.task.operators.airflow.providers.docker.operators.docker.DockerOperator","filename":"docker.py","lineno":71}
{"timestamp":"2026-05-20T22:11:09.538489Z","level":"info","event":"\tat py4j.reflection.ReflectionEngine.invoke(ReflectionEngine.java:374)","logger":"airflow.task.operators.airflow.providers.docker.operators.docker.DockerOperator","filename":"docker.py","lineno":71}
{"timestamp":"2026-05-20T22:11:09.538558Z","level":"info","event":"\tat py4j.Gateway.invoke(Gateway.java:282)","logger":"airflow.task.operators.airflow.providers.docker.operators.docker.DockerOperator","filename":"docker.py","lineno":71}
{"timestamp":"2026-05-20T22:11:09.538623Z","level":"info","event":"\tat py4j.commands.AbstractCommand.invokeMethod(AbstractCommand.java:132)","logger":"airflow.task.operators.airflow.providers.docker.operators.docker.DockerOperator","filename":"docker.py","lineno":71}
{"timestamp":"2026-05-20T22:11:09.538686Z","level":"info","event":"\tat py4j.commands.CallCommand.execute(CallCommand.java:79)","logger":"airflow.task.operators.airflow.providers.docker.operators.docker.DockerOperator","filename":"docker.py","lineno":71}
{"timestamp":"2026-05-20T22:11:09.538742Z","level":"info","event":"\tat py4j.ClientServerConnection.waitForCommands(ClientServerConnection.java:182)","logger":"airflow.task.operators.airflow.providers.docker.operators.docker.DockerOperator","filename":"docker.py","lineno":71}
{"timestamp":"2026-05-20T22:11:09.538809Z","level":"info","event":"\tat py4j.ClientServerConnection.run(ClientServerConnection.java:106)","logger":"airflow.task.operators.airflow.providers.docker.operators.docker.DockerOperator","filename":"docker.py","lineno":71}
{"timestamp":"2026-05-20T22:11:09.538916Z","level":"info","event":"\tat java.base/java.lang.Thread.run(Unknown Source)","logger":"airflow.task.operators.airflow.providers.docker.operators.docker.DockerOperator","filename":"docker.py","lineno":71}
{"timestamp":"2026-05-20T22:11:09.538984Z","level":"info","event":"Caused by: java.lang.RuntimeException: java.lang.ClassNotFoundException: Class org.apache.hadoop.fs.s3a.S3AFileSystem not found","logger":"airflow.task.operators.airflow.providers.docker.operators.docker.DockerOperator","filename":"docker.py","lineno":71}
{"timestamp":"2026-05-20T22:11:09.539045Z","level":"info","event":"\tat org.apache.hadoop.conf.Configuration.getClass(Configuration.java:2688)","logger":"airflow.task.operators.airflow.providers.docker.operators.docker.DockerOperator","filename":"docker.py","lineno":71}
{"timestamp":"2026-05-20T22:11:09.539105Z","level":"info","event":"\tat org.apache.hadoop.fs.FileSystem.getFileSystemClass(FileSystem.java:3431)","logger":"airflow.task.operators.airflow.providers.docker.operators.docker.DockerOperator","filename":"docker.py","lineno":71}
{"timestamp":"2026-05-20T22:11:09.539164Z","level":"info","event":"\tat org.apache.hadoop.fs.FileSystem.createFileSystem(FileSystem.java:3466)","logger":"airflow.task.operators.airflow.providers.docker.operators.docker.DockerOperator","filename":"docker.py","lineno":71}
{"timestamp":"2026-05-20T22:11:09.539229Z","level":"info","event":"\tat org.apache.hadoop.fs.FileSystem.access$300(FileSystem.java:174)","logger":"airflow.task.operators.airflow.providers.docker.operators.docker.DockerOperator","filename":"docker.py","lineno":71}
{"timestamp":"2026-05-20T22:11:09.539291Z","level":"info","event":"\tat org.apache.hadoop.fs.FileSystem$Cache.getInternal(FileSystem.java:3574)","logger":"airflow.task.operators.airflow.providers.docker.operators.docker.DockerOperator","filename":"docker.py","lineno":71}
{"timestamp":"2026-05-20T22:11:09.539353Z","level":"info","event":"\tat org.apache.hadoop.fs.FileSystem$Cache.get(FileSystem.java:3521)","logger":"airflow.task.operators.airflow.providers.docker.operators.docker.DockerOperator","filename":"docker.py","lineno":71}
{"timestamp":"2026-05-20T22:11:09.539418Z","level":"info","event":"\tat org.apache.hadoop.fs.FileSystem.get(FileSystem.java:540)","logger":"airflow.task.operators.airflow.providers.docker.operators.docker.DockerOperator","filename":"docker.py","lineno":71}
{"timestamp":"2026-05-20T22:11:09.539477Z","level":"info","event":"\tat org.apache.hadoop.fs.Path.getFileSystem(Path.java:365)","logger":"airflow.task.operators.airflow.providers.docker.operators.docker.DockerOperator","filename":"docker.py","lineno":71}
{"timestamp":"2026-05-20T22:11:09.539537Z","level":"info","event":"\tat org.apache.hadoop.mapreduce.lib.input.LineRecordReader.initialize(LineRecordReader.java:88)","logger":"airflow.task.operators.airflow.providers.docker.operators.docker.DockerOperator","filename":"docker.py","lineno":71}
{"timestamp":"2026-05-20T22:11:09.539604Z","level":"info","event":"\tat org.apache.spark.sql.execution.datasources.HadoopFileLinesReader.<init>(HadoopFileLinesReader.scala:63)","logger":"airflow.task.operators.airflow.providers.docker.operators.docker.DockerOperator","filename":"docker.py","lineno":71}
{"timestamp":"2026-05-20T22:11:09.539670Z","level":"info","event":"\tat org.apache.spark.sql.execution.datasources.json.TextInputJsonDataSource$.readFile(JsonDataSource.scala:132)","logger":"airflow.task.operators.airflow.providers.docker.operators.docker.DockerOperator","filename":"docker.py","lineno":71}
{"timestamp":"2026-05-20T22:11:09.539721Z","level":"info","event":"\tat org.apache.spark.sql.execution.datasources.json.JsonFileFormat.$anonfun$buildReader$2(JsonFileFormat.scala:126)","logger":"airflow.task.operators.airflow.providers.docker.operators.docker.DockerOperator","filename":"docker.py","lineno":71}
{"timestamp":"2026-05-20T22:11:09.539766Z","level":"info","event":"\tat org.apache.spark.sql.execution.datasources.FileFormat$$anon$1.apply(FileFormat.scala:160)","logger":"airflow.task.operators.airflow.providers.docker.operators.docker.DockerOperator","filename":"docker.py","lineno":71}
{"timestamp":"2026-05-20T22:11:09.539811Z","level":"info","event":"\tat org.apache.spark.sql.execution.datasources.FileFormat$$anon$1.apply(FileFormat.scala:140)","logger":"airflow.task.operators.airflow.providers.docker.operators.docker.DockerOperator","filename":"docker.py","lineno":71}
{"timestamp":"2026-05-20T22:11:09.539895Z","level":"info","event":"\tat org.apache.spark.sql.execution.datasources.FileScanRDD$$anon$1.org$apache$spark$sql$execution$datasources$FileScanRDD$$anon$$readCurrentFile(FileScanRDD.scala:217)","logger":"airflow.task.operators.airflow.providers.docker.operators.docker.DockerOperator","filename":"docker.py","lineno":71}
{"timestamp":"2026-05-20T22:11:09.539955Z","level":"info","event":"\tat org.apache.spark.sql.execution.datasources.FileScanRDD$$anon$1.nextIterator(FileScanRDD.scala:279)","logger":"airflow.task.operators.airflow.providers.docker.operators.docker.DockerOperator","filename":"docker.py","lineno":71}
{"timestamp":"2026-05-20T22:11:09.540007Z","level":"info","event":"\tat org.apache.spark.sql.execution.datasources.FileScanRDD$$anon$1.hasNext(FileScanRDD.scala:129)","logger":"airflow.task.operators.airflow.providers.docker.operators.docker.DockerOperator","filename":"docker.py","lineno":71}
{"timestamp":"2026-05-20T22:11:09.540057Z","level":"info","event":"\tat scala.collection.Iterator$$anon$10.hasNext(Iterator.scala:460)","logger":"airflow.task.operators.airflow.providers.docker.operators.docker.DockerOperator","filename":"docker.py","lineno":71}
{"timestamp":"2026-05-20T22:11:09.540109Z","level":"info","event":"\tat org.apache.spark.sql.catalyst.expressions.GeneratedClass$GeneratedIteratorForCodegenStage1.processNext(Unknown Source)","logger":"airflow.task.operators.airflow.providers.docker.operators.docker.DockerOperator","filename":"docker.py","lineno":71}
{"timestamp":"2026-05-20T22:11:09.540159Z","level":"info","event":"\tat org.apache.spark.sql.execution.BufferedRowIterator.hasNext(BufferedRowIterator.java:43)","logger":"airflow.task.operators.airflow.providers.docker.operators.docker.DockerOperator","filename":"docker.py","lineno":71}
{"timestamp":"2026-05-20T22:11:09.540212Z","level":"info","event":"\tat org.apache.spark.sql.execution.WholeStageCodegenEvaluatorFactory$WholeStageCodegenPartitionEvaluator$$anon$1.hasNext(WholeStageCodegenEvaluatorFactory.scala:43)","logger":"airflow.task.operators.airflow.providers.docker.operators.docker.DockerOperator","filename":"docker.py","lineno":71}
{"timestamp":"2026-05-20T22:11:09.540271Z","level":"info","event":"\tat org.apache.spark.sql.execution.SparkPlan.$anonfun$getByteArrayRdd$1(SparkPlan.scala:388)","logger":"airflow.task.operators.airflow.providers.docker.operators.docker.DockerOperator","filename":"docker.py","lineno":71}
{"timestamp":"2026-05-20T22:11:09.540332Z","level":"info","event":"\tat org.apache.spark.rdd.RDD.$anonfun$mapPartitionsInternal$2(RDD.scala:890)","logger":"airflow.task.operators.airflow.providers.docker.operators.docker.DockerOperator","filename":"docker.py","lineno":71}
{"timestamp":"2026-05-20T22:11:09.540390Z","level":"info","event":"\tat org.apache.spark.rdd.RDD.$anonfun$mapPartitionsInternal$2$adapted(RDD.scala:890)","logger":"airflow.task.operators.airflow.providers.docker.operators.docker.DockerOperator","filename":"docker.py","lineno":71}
{"timestamp":"2026-05-20T22:11:09.540444Z","level":"info","event":"\tat org.apache.spark.rdd.MapPartitionsRDD.compute(MapPartitionsRDD.scala:52)","logger":"airflow.task.operators.airflow.providers.docker.operators.docker.DockerOperator","filename":"docker.py","lineno":71}
{"timestamp":"2026-05-20T22:11:09.540490Z","level":"info","event":"\tat org.apache.spark.rdd.RDD.computeOrReadCheckpoint(RDD.scala:364)","logger":"airflow.task.operators.airflow.providers.docker.operators.docker.DockerOperator","filename":"docker.py","lineno":71}
{"timestamp":"2026-05-20T22:11:09.540540Z","level":"info","event":"\tat org.apache.spark.rdd.RDD.iterator(RDD.scala:328)","logger":"airflow.task.operators.airflow.providers.docker.operators.docker.DockerOperator","filename":"docker.py","lineno":71}
{"timestamp":"2026-05-20T22:11:09.540592Z","level":"info","event":"\tat org.apache.spark.scheduler.ResultTask.runTask(ResultTask.scala:93)","logger":"airflow.task.operators.airflow.providers.docker.operators.docker.DockerOperator","filename":"docker.py","lineno":71}
{"timestamp":"2026-05-20T22:11:09.540653Z","level":"info","event":"\tat org.apache.spark.TaskContext.runTaskWithListeners(TaskContext.scala:161)","logger":"airflow.task.operators.airflow.providers.docker.operators.docker.DockerOperator","filename":"docker.py","lineno":71}
{"timestamp":"2026-05-20T22:11:09.540717Z","level":"info","event":"\tat org.apache.spark.scheduler.Task.run(Task.scala:141)","logger":"airflow.task.operators.airflow.providers.docker.operators.docker.DockerOperator","filename":"docker.py","lineno":71}
{"timestamp":"2026-05-20T22:11:09.540774Z","level":"info","event":"\tat org.apache.spark.executor.Executor$TaskRunner.$anonfun$run$4(Executor.scala:620)","logger":"airflow.task.operators.airflow.providers.docker.operators.docker.DockerOperator","filename":"docker.py","lineno":71}
{"timestamp":"2026-05-20T22:11:09.540924Z","level":"info","event":"\tat org.apache.spark.util.SparkErrorUtils.tryWithSafeFinally(SparkErrorUtils.scala:64)","logger":"airflow.task.operators.airflow.providers.docker.operators.docker.DockerOperator","filename":"docker.py","lineno":71}
{"timestamp":"2026-05-20T22:11:09.541016Z","level":"info","event":"\tat org.apache.spark.util.SparkErrorUtils.tryWithSafeFinally$(SparkErrorUtils.scala:61)","logger":"airflow.task.operators.airflow.providers.docker.operators.docker.DockerOperator","filename":"docker.py","lineno":71}
{"timestamp":"2026-05-20T22:11:09.541073Z","level":"info","event":"\tat org.apache.spark.util.Utils$.tryWithSafeFinally(Utils.scala:94)","logger":"airflow.task.operators.airflow.providers.docker.operators.docker.DockerOperator","filename":"docker.py","lineno":71}
{"timestamp":"2026-05-20T22:11:09.541128Z","level":"info","event":"\tat org.apache.spark.executor.Executor$TaskRunner.run(Executor.scala:623)","logger":"airflow.task.operators.airflow.providers.docker.operators.docker.DockerOperator","filename":"docker.py","lineno":71}
{"timestamp":"2026-05-20T22:11:09.541337Z","level":"info","event":"\tat java.base/java.util.concurrent.ThreadPoolExecutor.runWorker(Unknown Source)","logger":"airflow.task.operators.airflow.providers.docker.operators.docker.DockerOperator","filename":"docker.py","lineno":71}
{"timestamp":"2026-05-20T22:11:09.541419Z","level":"info","event":"\tat java.base/java.util.concurrent.ThreadPoolExecutor$Worker.run(Unknown Source)","logger":"airflow.task.operators.airflow.providers.docker.operators.docker.DockerOperator","filename":"docker.py","lineno":71}
{"timestamp":"2026-05-20T22:11:09.541482Z","level":"info","event":"\t... 1 more","logger":"airflow.task.operators.airflow.providers.docker.operators.docker.DockerOperator","filename":"docker.py","lineno":71}
{"timestamp":"2026-05-20T22:11:09.541544Z","level":"info","event":"Caused by: java.lang.ClassNotFoundException: Class org.apache.hadoop.fs.s3a.S3AFileSystem not found","logger":"airflow.task.operators.airflow.providers.docker.operators.docker.DockerOperator","filename":"docker.py","lineno":71}
{"timestamp":"2026-05-20T22:11:09.541605Z","level":"info","event":"\tat org.apache.hadoop.conf.Configuration.getClassByName(Configuration.java:2592)","logger":"airflow.task.operators.airflow.providers.docker.operators.docker.DockerOperator","filename":"docker.py","lineno":71}
{"timestamp":"2026-05-20T22:11:09.541667Z","level":"info","event":"\tat org.apache.hadoop.conf.Configuration.getClass(Configuration.java:2686)","logger":"airflow.task.operators.airflow.providers.docker.operators.docker.DockerOperator","filename":"docker.py","lineno":71}
{"timestamp":"2026-05-20T22:11:09.541734Z","level":"info","event":"\t... 37 more","logger":"airflow.task.operators.airflow.providers.docker.operators.docker.DockerOperator","filename":"docker.py","lineno":71}
{"timestamp":"2026-05-20T22:11:09.541798Z","level":"info","event":"","logger":"airflow.task.operators.airflow.providers.docker.operators.docker.DockerOperator","filename":"docker.py","lineno":71}
{"timestamp":"2026-05-20T22:11:09.541972Z","level":"info","event":"2026-05-20 22:11:09,525 - ERROR - Error processing table quantity_sales_per_ship_method: An error occurred while calling o56.load.","logger":"airflow.task.operators.airflow.providers.docker.operators.docker.DockerOperator","filename":"docker.py","lineno":71}
{"timestamp":"2026-05-20T22:11:09.542059Z","level":"info","event":": org.apache.spark.SparkException: Job aborted due to stage failure: Task 0 in stage 3.0 failed 4 times, most recent failure: Lost task 0.3 in stage 3.0 (TID 27) (172.20.0.21 executor 1): java.lang.RuntimeException: java.lang.ClassNotFoundException: Class org.apache.hadoop.fs.s3a.S3AFileSystem not found","logger":"airflow.task.operators.airflow.providers.docker.operators.docker.DockerOperator","filename":"docker.py","lineno":71}
{"timestamp":"2026-05-20T22:11:09.542126Z","level":"info","event":"\tat org.apache.hadoop.conf.Configuration.getClass(Configuration.java:2688)","logger":"airflow.task.operators.airflow.providers.docker.operators.docker.DockerOperator","filename":"docker.py","lineno":71}
{"timestamp":"2026-05-20T22:11:09.542188Z","level":"info","event":"\tat org.apache.hadoop.fs.FileSystem.getFileSystemClass(FileSystem.java:3431)","logger":"airflow.task.operators.airflow.providers.docker.operators.docker.DockerOperator","filename":"docker.py","lineno":71}
{"timestamp":"2026-05-20T22:11:09.542247Z","level":"info","event":"\tat org.apache.hadoop.fs.FileSystem.createFileSystem(FileSystem.java:3466)","logger":"airflow.task.operators.airflow.providers.docker.operators.docker.DockerOperator","filename":"docker.py","lineno":71}
{"timestamp":"2026-05-20T22:11:09.542303Z","level":"info","event":"\tat org.apache.hadoop.fs.FileSystem.access$300(FileSystem.java:174)","logger":"airflow.task.operators.airflow.providers.docker.operators.docker.DockerOperator","filename":"docker.py","lineno":71}
{"timestamp":"2026-05-20T22:11:09.542361Z","level":"info","event":"\tat org.apache.hadoop.fs.FileSystem$Cache.getInternal(FileSystem.java:3574)","logger":"airflow.task.operators.airflow.providers.docker.operators.docker.DockerOperator","filename":"docker.py","lineno":71}
{"timestamp":"2026-05-20T22:11:09.542424Z","level":"info","event":"\tat org.apache.hadoop.fs.FileSystem$Cache.get(FileSystem.java:3521)","logger":"airflow.task.operators.airflow.providers.docker.operators.docker.DockerOperator","filename":"docker.py","lineno":71}
{"timestamp":"2026-05-20T22:11:09.542484Z","level":"info","event":"\tat org.apache.hadoop.fs.FileSystem.get(FileSystem.java:540)","logger":"airflow.task.operators.airflow.providers.docker.operators.docker.DockerOperator","filename":"docker.py","lineno":71}
{"timestamp":"2026-05-20T22:11:09.542542Z","level":"info","event":"\tat org.apache.hadoop.fs.Path.getFileSystem(Path.java:365)","logger":"airflow.task.operators.airflow.providers.docker.operators.docker.DockerOperator","filename":"docker.py","lineno":71}
{"timestamp":"2026-05-20T22:11:09.542600Z","level":"info","event":"\tat org.apache.hadoop.mapreduce.lib.input.LineRecordReader.initialize(LineRecordReader.java:88)","logger":"airflow.task.operators.airflow.providers.docker.operators.docker.DockerOperator","filename":"docker.py","lineno":71}
{"timestamp":"2026-05-20T22:11:09.542660Z","level":"info","event":"\tat org.apache.spark.sql.execution.datasources.HadoopFileLinesReader.<init>(HadoopFileLinesReader.scala:63)","logger":"airflow.task.operators.airflow.providers.docker.operators.docker.DockerOperator","filename":"docker.py","lineno":71}
{"timestamp":"2026-05-20T22:11:09.542718Z","level":"info","event":"\tat org.apache.spark.sql.execution.datasources.json.TextInputJsonDataSource$.readFile(JsonDataSource.scala:132)","logger":"airflow.task.operators.airflow.providers.docker.operators.docker.DockerOperator","filename":"docker.py","lineno":71}
{"timestamp":"2026-05-20T22:11:09.542797Z","level":"info","event":"\tat org.apache.spark.sql.execution.datasources.json.JsonFileFormat.$anonfun$buildReader$2(JsonFileFormat.scala:126)","logger":"airflow.task.operators.airflow.providers.docker.operators.docker.DockerOperator","filename":"docker.py","lineno":71}
{"timestamp":"2026-05-20T22:11:09.542898Z","level":"info","event":"\tat org.apache.spark.sql.execution.datasources.FileFormat$$anon$1.apply(FileFormat.scala:160)","logger":"airflow.task.operators.airflow.providers.docker.operators.docker.DockerOperator","filename":"docker.py","lineno":71}
{"timestamp":"2026-05-20T22:11:09.542966Z","level":"info","event":"\tat org.apache.spark.sql.execution.datasources.FileFormat$$anon$1.apply(FileFormat.scala:140)","logger":"airflow.task.operators.airflow.providers.docker.operators.docker.DockerOperator","filename":"docker.py","lineno":71}
{"timestamp":"2026-05-20T22:11:09.543027Z","level":"info","event":"\tat org.apache.spark.sql.execution.datasources.FileScanRDD$$anon$1.org$apache$spark$sql$execution$datasources$FileScanRDD$$anon$$readCurrentFile(FileScanRDD.scala:217)","logger":"airflow.task.operators.airflow.providers.docker.operators.docker.DockerOperator","filename":"docker.py","lineno":71}
{"timestamp":"2026-05-20T22:11:09.543086Z","level":"info","event":"\tat org.apache.spark.sql.execution.datasources.FileScanRDD$$anon$1.nextIterator(FileScanRDD.scala:279)","logger":"airflow.task.operators.airflow.providers.docker.operators.docker.DockerOperator","filename":"docker.py","lineno":71}
{"timestamp":"2026-05-20T22:11:09.543146Z","level":"info","event":"\tat org.apache.spark.sql.execution.datasources.FileScanRDD$$anon$1.hasNext(FileScanRDD.scala:129)","logger":"airflow.task.operators.airflow.providers.docker.operators.docker.DockerOperator","filename":"docker.py","lineno":71}
{"timestamp":"2026-05-20T22:11:09.543219Z","level":"info","event":"\tat scala.collection.Iterator$$anon$10.hasNext(Iterator.scala:460)","logger":"airflow.task.operators.airflow.providers.docker.operators.docker.DockerOperator","filename":"docker.py","lineno":71}
{"timestamp":"2026-05-20T22:11:09.543278Z","level":"info","event":"\tat org.apache.spark.sql.catalyst.expressions.GeneratedClass$GeneratedIteratorForCodegenStage1.processNext(Unknown Source)","logger":"airflow.task.operators.airflow.providers.docker.operators.docker.DockerOperator","filename":"docker.py","lineno":71}
{"timestamp":"2026-05-20T22:11:09.543338Z","level":"info","event":"\tat org.apache.spark.sql.execution.BufferedRowIterator.hasNext(BufferedRowIterator.java:43)","logger":"airflow.task.operators.airflow.providers.docker.operators.docker.DockerOperator","filename":"docker.py","lineno":71}
{"timestamp":"2026-05-20T22:11:09.543395Z","level":"info","event":"\tat org.apache.spark.sql.execution.WholeStageCodegenEvaluatorFactory$WholeStageCodegenPartitionEvaluator$$anon$1.hasNext(WholeStageCodegenEvaluatorFactory.scala:43)","logger":"airflow.task.operators.airflow.providers.docker.operators.docker.DockerOperator","filename":"docker.py","lineno":71}
{"timestamp":"2026-05-20T22:11:09.543459Z","level":"info","event":"\tat org.apache.spark.sql.execution.SparkPlan.$anonfun$getByteArrayRdd$1(SparkPlan.scala:388)","logger":"airflow.task.operators.airflow.providers.docker.operators.docker.DockerOperator","filename":"docker.py","lineno":71}
{"timestamp":"2026-05-20T22:11:09.543527Z","level":"info","event":"\tat org.apache.spark.rdd.RDD.$anonfun$mapPartitionsInternal$2(RDD.scala:890)","logger":"airflow.task.operators.airflow.providers.docker.operators.docker.DockerOperator","filename":"docker.py","lineno":71}
{"timestamp":"2026-05-20T22:11:09.543617Z","level":"info","event":"\tat org.apache.spark.rdd.RDD.$anonfun$mapPartitionsInternal$2$adapted(RDD.scala:890)","logger":"airflow.task.operators.airflow.providers.docker.operators.docker.DockerOperator","filename":"docker.py","lineno":71}
{"timestamp":"2026-05-20T22:11:09.543677Z","level":"info","event":"\tat org.apache.spark.rdd.MapPartitionsRDD.compute(MapPartitionsRDD.scala:52)","logger":"airflow.task.operators.airflow.providers.docker.operators.docker.DockerOperator","filename":"docker.py","lineno":71}
{"timestamp":"2026-05-20T22:11:09.543737Z","level":"info","event":"\tat org.apache.spark.rdd.RDD.computeOrReadCheckpoint(RDD.scala:364)","logger":"airflow.task.operators.airflow.providers.docker.operators.docker.DockerOperator","filename":"docker.py","lineno":71}
{"timestamp":"2026-05-20T22:11:09.543798Z","level":"info","event":"\tat org.apache.spark.rdd.RDD.iterator(RDD.scala:328)","logger":"airflow.task.operators.airflow.providers.docker.operators.docker.DockerOperator","filename":"docker.py","lineno":71}
{"timestamp":"2026-05-20T22:11:09.543891Z","level":"info","event":"\tat org.apache.spark.scheduler.ResultTask.runTask(ResultTask.scala:93)","logger":"airflow.task.operators.airflow.providers.docker.operators.docker.DockerOperator","filename":"docker.py","lineno":71}
{"timestamp":"2026-05-20T22:11:09.543964Z","level":"info","event":"\tat org.apache.spark.TaskContext.runTaskWithListeners(TaskContext.scala:161)","logger":"airflow.task.operators.airflow.providers.docker.operators.docker.DockerOperator","filename":"docker.py","lineno":71}
{"timestamp":"2026-05-20T22:11:09.544229Z","level":"info","event":"\tat org.apache.spark.scheduler.Task.run(Task.scala:141)","logger":"airflow.task.operators.airflow.providers.docker.operators.docker.DockerOperator","filename":"docker.py","lineno":71}
{"timestamp":"2026-05-20T22:11:09.544322Z","level":"info","event":"\tat org.apache.spark.executor.Executor$TaskRunner.$anonfun$run$4(Executor.scala:620)","logger":"airflow.task.operators.airflow.providers.docker.operators.docker.DockerOperator","filename":"docker.py","lineno":71}
{"timestamp":"2026-05-20T22:11:09.544390Z","level":"info","event":"\tat org.apache.spark.util.SparkErrorUtils.tryWithSafeFinally(SparkErrorUtils.scala:64)","logger":"airflow.task.operators.airflow.providers.docker.operators.docker.DockerOperator","filename":"docker.py","lineno":71}
{"timestamp":"2026-05-20T22:11:09.544457Z","level":"info","event":"\tat org.apache.spark.util.SparkErrorUtils.tryWithSafeFinally$(SparkErrorUtils.scala:61)","logger":"airflow.task.operators.airflow.providers.docker.operators.docker.DockerOperator","filename":"docker.py","lineno":71}
{"timestamp":"2026-05-20T22:11:09.544519Z","level":"info","event":"\tat org.apache.spark.util.Utils$.tryWithSafeFinally(Utils.scala:94)","logger":"airflow.task.operators.airflow.providers.docker.operators.docker.DockerOperator","filename":"docker.py","lineno":71}
{"timestamp":"2026-05-20T22:11:09.544584Z","level":"info","event":"\tat org.apache.spark.executor.Executor$TaskRunner.run(Executor.scala:623)","logger":"airflow.task.operators.airflow.providers.docker.operators.docker.DockerOperator","filename":"docker.py","lineno":71}
{"timestamp":"2026-05-20T22:11:09.544652Z","level":"info","event":"\tat java.base/java.util.concurrent.ThreadPoolExecutor.runWorker(Unknown Source)","logger":"airflow.task.operators.airflow.providers.docker.operators.docker.DockerOperator","filename":"docker.py","lineno":71}
{"timestamp":"2026-05-20T22:11:09.544711Z","level":"info","event":"\tat java.base/java.util.concurrent.ThreadPoolExecutor$Worker.run(Unknown Source)","logger":"airflow.task.operators.airflow.providers.docker.operators.docker.DockerOperator","filename":"docker.py","lineno":71}
{"timestamp":"2026-05-20T22:11:09.544769Z","level":"info","event":"\tat java.base/java.lang.Thread.run(Unknown Source)","logger":"airflow.task.operators.airflow.providers.docker.operators.docker.DockerOperator","filename":"docker.py","lineno":71}
{"timestamp":"2026-05-20T22:11:09.544848Z","level":"info","event":"Caused by: java.lang.ClassNotFoundException: Class org.apache.hadoop.fs.s3a.S3AFileSystem not found","logger":"airflow.task.operators.airflow.providers.docker.operators.docker.DockerOperator","filename":"docker.py","lineno":71}
{"timestamp":"2026-05-20T22:11:09.544921Z","level":"info","event":"\tat org.apache.hadoop.conf.Configuration.getClassByName(Configuration.java:2592)","logger":"airflow.task.operators.airflow.providers.docker.operators.docker.DockerOperator","filename":"docker.py","lineno":71}
{"timestamp":"2026-05-20T22:11:09.545168Z","level":"info","event":"\tat org.apache.hadoop.conf.Configuration.getClass(Configuration.java:2686)","logger":"airflow.task.operators.airflow.providers.docker.operators.docker.DockerOperator","filename":"docker.py","lineno":71}
{"timestamp":"2026-05-20T22:11:09.545256Z","level":"info","event":"\t... 37 more","logger":"airflow.task.operators.airflow.providers.docker.operators.docker.DockerOperator","filename":"docker.py","lineno":71}
{"timestamp":"2026-05-20T22:11:09.545324Z","level":"info","event":"","logger":"airflow.task.operators.airflow.providers.docker.operators.docker.DockerOperator","filename":"docker.py","lineno":71}
{"timestamp":"2026-05-20T22:11:09.545399Z","level":"info","event":"Driver stacktrace:","logger":"airflow.task.operators.airflow.providers.docker.operators.docker.DockerOperator","filename":"docker.py","lineno":71}
{"timestamp":"2026-05-20T22:11:09.545472Z","level":"info","event":"\tat org.apache.spark.scheduler.DAGScheduler.failJobAndIndependentStages(DAGScheduler.scala:2844)","logger":"airflow.task.operators.airflow.providers.docker.operators.docker.DockerOperator","filename":"docker.py","lineno":71}
{"timestamp":"2026-05-20T22:11:09.545539Z","level":"info","event":"\tat org.apache.spark.scheduler.DAGScheduler.$anonfun$abortStage$2(DAGScheduler.scala:2780)","logger":"airflow.task.operators.airflow.providers.docker.operators.docker.DockerOperator","filename":"docker.py","lineno":71}
{"timestamp":"2026-05-20T22:11:09.545603Z","level":"info","event":"\tat org.apache.spark.scheduler.DAGScheduler.$anonfun$abortStage$2$adapted(DAGScheduler.scala:2779)","logger":"airflow.task.operators.airflow.providers.docker.operators.docker.DockerOperator","filename":"docker.py","lineno":71}
{"timestamp":"2026-05-20T22:11:09.545670Z","level":"info","event":"\tat scala.collection.mutable.ResizableArray.foreach(ResizableArray.scala:62)","logger":"airflow.task.operators.airflow.providers.docker.operators.docker.DockerOperator","filename":"docker.py","lineno":71}
{"timestamp":"2026-05-20T22:11:09.545735Z","level":"info","event":"\tat scala.collection.mutable.ResizableArray.foreach$(ResizableArray.scala:55)","logger":"airflow.task.operators.airflow.providers.docker.operators.docker.DockerOperator","filename":"docker.py","lineno":71}
{"timestamp":"2026-05-20T22:11:09.545801Z","level":"info","event":"\tat scala.collection.mutable.ArrayBuffer.foreach(ArrayBuffer.scala:49)","logger":"airflow.task.operators.airflow.providers.docker.operators.docker.DockerOperator","filename":"docker.py","lineno":71}
{"timestamp":"2026-05-20T22:11:09.545906Z","level":"info","event":"\tat org.apache.spark.scheduler.DAGScheduler.abortStage(DAGScheduler.scala:2779)","logger":"airflow.task.operators.airflow.providers.docker.operators.docker.DockerOperator","filename":"docker.py","lineno":71}
{"timestamp":"2026-05-20T22:11:09.545975Z","level":"info","event":"\tat org.apache.spark.scheduler.DAGScheduler.$anonfun$handleTaskSetFailed$1(DAGScheduler.scala:1242)","logger":"airflow.task.operators.airflow.providers.docker.operators.docker.DockerOperator","filename":"docker.py","lineno":71}
{"timestamp":"2026-05-20T22:11:09.546040Z","level":"info","event":"\tat org.apache.spark.scheduler.DAGScheduler.$anonfun$handleTaskSetFailed$1$adapted(DAGScheduler.scala:1242)","logger":"airflow.task.operators.airflow.providers.docker.operators.docker.DockerOperator","filename":"docker.py","lineno":71}
{"timestamp":"2026-05-20T22:11:09.546107Z","level":"info","event":"\tat scala.Option.foreach(Option.scala:407)","logger":"airflow.task.operators.airflow.providers.docker.operators.docker.DockerOperator","filename":"docker.py","lineno":71}
{"timestamp":"2026-05-20T22:11:09.546177Z","level":"info","event":"\tat org.apache.spark.scheduler.DAGScheduler.handleTaskSetFailed(DAGScheduler.scala:1242)","logger":"airflow.task.operators.airflow.providers.docker.operators.docker.DockerOperator","filename":"docker.py","lineno":71}
{"timestamp":"2026-05-20T22:11:09.546237Z","level":"info","event":"\tat org.apache.spark.scheduler.DAGSchedulerEventProcessLoop.doOnReceive(DAGScheduler.scala:3048)","logger":"airflow.task.operators.airflow.providers.docker.operators.docker.DockerOperator","filename":"docker.py","lineno":71}
{"timestamp":"2026-05-20T22:11:09.546285Z","level":"info","event":"\tat org.apache.spark.scheduler.DAGSchedulerEventProcessLoop.onReceive(DAGScheduler.scala:2982)","logger":"airflow.task.operators.airflow.providers.docker.operators.docker.DockerOperator","filename":"docker.py","lineno":71}
{"timestamp":"2026-05-20T22:11:09.557176Z","level":"info","event":"\tat org.apache.spark.scheduler.DAGSchedulerEventProcessLoop.onReceive(DAGScheduler.scala:2971)","logger":"airflow.task.operators.airflow.providers.docker.operators.docker.DockerOperator","filename":"docker.py","lineno":71}
{"timestamp":"2026-05-20T22:11:09.557461Z","level":"info","event":"\tat org.apache.spark.util.EventLoop$$anon$1.run(EventLoop.scala:49)","logger":"airflow.task.operators.airflow.providers.docker.operators.docker.DockerOperator","filename":"docker.py","lineno":71}
{"timestamp":"2026-05-20T22:11:09.557577Z","level":"info","event":"\tat org.apache.spark.scheduler.DAGScheduler.runJob(DAGScheduler.scala:984)","logger":"airflow.task.operators.airflow.providers.docker.operators.docker.DockerOperator","filename":"docker.py","lineno":71}
{"timestamp":"2026-05-20T22:11:09.557662Z","level":"info","event":"\tat org.apache.spark.SparkContext.runJob(SparkContext.scala:2398)","logger":"airflow.task.operators.airflow.providers.docker.operators.docker.DockerOperator","filename":"docker.py","lineno":71}
{"timestamp":"2026-05-20T22:11:09.557729Z","level":"info","event":"\tat org.apache.spark.SparkContext.runJob(SparkContext.scala:2419)","logger":"airflow.task.operators.airflow.providers.docker.operators.docker.DockerOperator","filename":"docker.py","lineno":71}
{"timestamp":"2026-05-20T22:11:09.557792Z","level":"info","event":"\tat org.apache.spark.SparkContext.runJob(SparkContext.scala:2438)","logger":"airflow.task.operators.airflow.providers.docker.operators.docker.DockerOperator","filename":"docker.py","lineno":71}
{"timestamp":"2026-05-20T22:11:09.557922Z","level":"info","event":"\tat org.apache.spark.SparkContext.runJob(SparkContext.scala:2463)","logger":"airflow.task.operators.airflow.providers.docker.operators.docker.DockerOperator","filename":"docker.py","lineno":71}
{"timestamp":"2026-05-20T22:11:09.558085Z","level":"info","event":"\tat org.apache.spark.rdd.RDD.$anonfun$collect$1(RDD.scala:1046)","logger":"airflow.task.operators.airflow.providers.docker.operators.docker.DockerOperator","filename":"docker.py","lineno":71}
{"timestamp":"2026-05-20T22:11:09.558149Z","level":"info","event":"\tat org.apache.spark.rdd.RDDOperationScope$.withScope(RDDOperationScope.scala:151)","logger":"airflow.task.operators.airflow.providers.docker.operators.docker.DockerOperator","filename":"docker.py","lineno":71}
{"timestamp":"2026-05-20T22:11:09.558207Z","level":"info","event":"\tat org.apache.spark.rdd.RDDOperationScope$.withScope(RDDOperationScope.scala:112)","logger":"airflow.task.operators.airflow.providers.docker.operators.docker.DockerOperator","filename":"docker.py","lineno":71}
{"timestamp":"2026-05-20T22:11:09.558258Z","level":"info","event":"\tat org.apache.spark.rdd.RDD.withScope(RDD.scala:407)","logger":"airflow.task.operators.airflow.providers.docker.operators.docker.DockerOperator","filename":"docker.py","lineno":71}
{"timestamp":"2026-05-20T22:11:09.558317Z","level":"info","event":"\tat org.apache.spark.rdd.RDD.collect(RDD.scala:1045)","logger":"airflow.task.operators.airflow.providers.docker.operators.docker.DockerOperator","filename":"docker.py","lineno":71}
{"timestamp":"2026-05-20T22:11:09.558369Z","level":"info","event":"\tat org.apache.spark.sql.execution.SparkPlan.executeCollect(SparkPlan.scala:448)","logger":"airflow.task.operators.airflow.providers.docker.operators.docker.DockerOperator","filename":"docker.py","lineno":71}
{"timestamp":"2026-05-20T22:11:09.558426Z","level":"info","event":"\tat org.apache.spark.sql.Dataset.collectFromPlan(Dataset.scala:4344)","logger":"airflow.task.operators.airflow.providers.docker.operators.docker.DockerOperator","filename":"docker.py","lineno":71}
{"timestamp":"2026-05-20T22:11:09.558482Z","level":"info","event":"\tat org.apache.spark.sql.Dataset.$anonfun$collect$1(Dataset.scala:3585)","logger":"airflow.task.operators.airflow.providers.docker.operators.docker.DockerOperator","filename":"docker.py","lineno":71}
{"timestamp":"2026-05-20T22:11:09.558519Z","level":"info","event":"\tat org.apache.spark.sql.Dataset.$anonfun$withAction$2(Dataset.scala:4334)","logger":"airflow.task.operators.airflow.providers.docker.operators.docker.DockerOperator","filename":"docker.py","lineno":71}
{"timestamp":"2026-05-20T22:11:09.558551Z","level":"info","event":"\tat org.apache.spark.sql.execution.QueryExecution$.withInternalError(QueryExecution.scala:546)","logger":"airflow.task.operators.airflow.providers.docker.operators.docker.DockerOperator","filename":"docker.py","lineno":71}
{"timestamp":"2026-05-20T22:11:09.558584Z","level":"info","event":"\tat org.apache.spark.sql.Dataset.$anonfun$withAction$1(Dataset.scala:4332)","logger":"airflow.task.operators.airflow.providers.docker.operators.docker.DockerOperator","filename":"docker.py","lineno":71}
{"timestamp":"2026-05-20T22:11:09.558625Z","level":"info","event":"\tat org.apache.spark.sql.execution.SQLExecution$.$anonfun$withNewExecutionId$6(SQLExecution.scala:125)","logger":"airflow.task.operators.airflow.providers.docker.operators.docker.DockerOperator","filename":"docker.py","lineno":71}
{"timestamp":"2026-05-20T22:11:09.558684Z","level":"info","event":"\tat org.apache.spark.sql.execution.SQLExecution$.withSQLConfPropagated(SQLExecution.scala:201)","logger":"airflow.task.operators.airflow.providers.docker.operators.docker.DockerOperator","filename":"docker.py","lineno":71}
{"timestamp":"2026-05-20T22:11:09.558740Z","level":"info","event":"\tat org.apache.spark.sql.execution.SQLExecution$.$anonfun$withNewExecutionId$1(SQLExecution.scala:108)","logger":"airflow.task.operators.airflow.providers.docker.operators.docker.DockerOperator","filename":"docker.py","lineno":71}
{"timestamp":"2026-05-20T22:11:09.558796Z","level":"info","event":"\tat org.apache.spark.sql.SparkSession.withActive(SparkSession.scala:900)","logger":"airflow.task.operators.airflow.providers.docker.operators.docker.DockerOperator","filename":"docker.py","lineno":71}
{"timestamp":"2026-05-20T22:11:09.559394Z","level":"info","event":"\tat org.apache.spark.sql.execution.SQLExecution$.withNewExecutionId(SQLExecution.scala:66)","logger":"airflow.task.operators.airflow.providers.docker.operators.docker.DockerOperator","filename":"docker.py","lineno":71}
{"timestamp":"2026-05-20T22:11:09.559487Z","level":"info","event":"\tat org.apache.spark.sql.Dataset.withAction(Dataset.scala:4332)","logger":"airflow.task.operators.airflow.providers.docker.operators.docker.DockerOperator","filename":"docker.py","lineno":71}
{"timestamp":"2026-05-20T22:11:09.559534Z","level":"info","event":"\tat org.apache.spark.sql.Dataset.collect(Dataset.scala:3585)","logger":"airflow.task.operators.airflow.providers.docker.operators.docker.DockerOperator","filename":"docker.py","lineno":71}
{"timestamp":"2026-05-20T22:11:09.559569Z","level":"info","event":"\tat org.apache.spark.sql.delta.Snapshot.protocolAndMetadataReconstruction(Snapshot.scala:229)","logger":"airflow.task.operators.airflow.providers.docker.operators.docker.DockerOperator","filename":"docker.py","lineno":71}
{"timestamp":"2026-05-20T22:11:09.559599Z","level":"info","event":"\tat org.apache.spark.sql.delta.Snapshot.x$1$lzycompute(Snapshot.scala:138)","logger":"airflow.task.operators.airflow.providers.docker.operators.docker.DockerOperator","filename":"docker.py","lineno":71}
{"timestamp":"2026-05-20T22:11:09.559640Z","level":"info","event":"\tat org.apache.spark.sql.delta.Snapshot.x$1(Snapshot.scala:133)","logger":"airflow.task.operators.airflow.providers.docker.operators.docker.DockerOperator","filename":"docker.py","lineno":71}
{"timestamp":"2026-05-20T22:11:09.559699Z","level":"info","event":"\tat org.apache.spark.sql.delta.Snapshot._metadata$lzycompute(Snapshot.scala:133)","logger":"airflow.task.operators.airflow.providers.docker.operators.docker.DockerOperator","filename":"docker.py","lineno":71}
{"timestamp":"2026-05-20T22:11:09.559757Z","level":"info","event":"\tat org.apache.spark.sql.delta.Snapshot._metadata(Snapshot.scala:133)","logger":"airflow.task.operators.airflow.providers.docker.operators.docker.DockerOperator","filename":"docker.py","lineno":71}
{"timestamp":"2026-05-20T22:11:09.559809Z","level":"info","event":"\tat org.apache.spark.sql.delta.Snapshot.metadata(Snapshot.scala:202)","logger":"airflow.task.operators.airflow.providers.docker.operators.docker.DockerOperator","filename":"docker.py","lineno":71}
{"timestamp":"2026-05-20T22:11:09.559888Z","level":"info","event":"\tat org.apache.spark.sql.delta.Snapshot.toString(Snapshot.scala:416)","logger":"airflow.task.operators.airflow.providers.docker.operators.docker.DockerOperator","filename":"docker.py","lineno":71}
{"timestamp":"2026-05-20T22:11:09.559956Z","level":"info","event":"\tat java.base/java.lang.String.valueOf(Unknown Source)","logger":"airflow.task.operators.airflow.providers.docker.operators.docker.DockerOperator","filename":"docker.py","lineno":71}
{"timestamp":"2026-05-20T22:11:09.560020Z","level":"info","event":"\tat java.base/java.lang.StringBuilder.append(Unknown Source)","logger":"airflow.task.operators.airflow.providers.docker.operators.docker.DockerOperator","filename":"docker.py","lineno":71}
{"timestamp":"2026-05-20T22:11:09.560074Z","level":"info","event":"\tat org.apache.spark.sql.delta.Snapshot.$anonfun$new$1(Snapshot.scala:419)","logger":"airflow.task.operators.airflow.providers.docker.operators.docker.DockerOperator","filename":"docker.py","lineno":71}
{"timestamp":"2026-05-20T22:11:09.560123Z","level":"info","event":"\tat org.apache.spark.sql.delta.Snapshot.$anonfun$logInfo$1(Snapshot.scala:396)","logger":"airflow.task.operators.airflow.providers.docker.operators.docker.DockerOperator","filename":"docker.py","lineno":71}
{"timestamp":"2026-05-20T22:11:09.560180Z","level":"info","event":"\tat org.apache.spark.internal.Logging.logInfo(Logging.scala:60)","logger":"airflow.task.operators.airflow.providers.docker.operators.docker.DockerOperator","filename":"docker.py","lineno":71}
{"timestamp":"2026-05-20T22:11:09.560236Z","level":"info","event":"\tat org.apache.spark.internal.Logging.logInfo$(Logging.scala:59)","logger":"airflow.task.operators.airflow.providers.docker.operators.docker.DockerOperator","filename":"docker.py","lineno":71}
{"timestamp":"2026-05-20T22:11:09.560289Z","level":"info","event":"\tat org.apache.spark.sql.delta.Snapshot.logInfo(Snapshot.scala:396)","logger":"airflow.task.operators.airflow.providers.docker.operators.docker.DockerOperator","filename":"docker.py","lineno":71}
{"timestamp":"2026-05-20T22:11:09.560344Z","level":"info","event":"\tat org.apache.spark.sql.delta.Snapshot.<init>(Snapshot.scala:419)","logger":"airflow.task.operators.airflow.providers.docker.operators.docker.DockerOperator","filename":"docker.py","lineno":71}
{"timestamp":"2026-05-20T22:11:09.560395Z","level":"info","event":"\tat org.apache.spark.sql.delta.SnapshotManagement.$anonfun$createSnapshot$2(SnapshotManagement.scala:503)","logger":"airflow.task.operators.airflow.providers.docker.operators.docker.DockerOperator","filename":"docker.py","lineno":71}
{"timestamp":"2026-05-20T22:11:09.560452Z","level":"info","event":"\tat org.apache.spark.sql.delta.SnapshotManagement.createSnapshotFromGivenOrEquivalentLogSegment(SnapshotManagement.scala:628)","logger":"airflow.task.operators.airflow.providers.docker.operators.docker.DockerOperator","filename":"docker.py","lineno":71}
{"timestamp":"2026-05-20T22:11:09.560510Z","level":"info","event":"\tat org.apache.spark.sql.delta.SnapshotManagement.createSnapshotFromGivenOrEquivalentLogSegment$(SnapshotManagement.scala:616)","logger":"airflow.task.operators.airflow.providers.docker.operators.docker.DockerOperator","filename":"docker.py","lineno":71}
{"timestamp":"2026-05-20T22:11:09.560564Z","level":"info","event":"\tat org.apache.spark.sql.delta.DeltaLog.createSnapshotFromGivenOrEquivalentLogSegment(DeltaLog.scala:72)","logger":"airflow.task.operators.airflow.providers.docker.operators.docker.DockerOperator","filename":"docker.py","lineno":71}
{"timestamp":"2026-05-20T22:11:09.560619Z","level":"info","event":"\tat org.apache.spark.sql.delta.SnapshotManagement.createSnapshot(SnapshotManagement.scala:496)","logger":"airflow.task.operators.airflow.providers.docker.operators.docker.DockerOperator","filename":"docker.py","lineno":71}
{"timestamp":"2026-05-20T22:11:09.560675Z","level":"info","event":"\tat org.apache.spark.sql.delta.SnapshotManagement.createSnapshot$(SnapshotManagement.scala:489)","logger":"airflow.task.operators.airflow.providers.docker.operators.docker.DockerOperator","filename":"docker.py","lineno":71}
{"timestamp":"2026-05-20T22:11:09.560727Z","level":"info","event":"\tat org.apache.spark.sql.delta.DeltaLog.createSnapshot(DeltaLog.scala:72)","logger":"airflow.task.operators.airflow.providers.docker.operators.docker.DockerOperator","filename":"docker.py","lineno":71}
{"timestamp":"2026-05-20T22:11:09.560779Z","level":"info","event":"\tat org.apache.spark.sql.delta.SnapshotManagement.$anonfun$createSnapshotAtInitInternal$1(SnapshotManagement.scala:450)","logger":"airflow.task.operators.airflow.providers.docker.operators.docker.DockerOperator","filename":"docker.py","lineno":71}
{"timestamp":"2026-05-20T22:11:09.560861Z","level":"info","event":"\tat scala.Option.map(Option.scala:230)","logger":"airflow.task.operators.airflow.providers.docker.operators.docker.DockerOperator","filename":"docker.py","lineno":71}
{"timestamp":"2026-05-20T22:11:09.560934Z","level":"info","event":"\tat org.apache.spark.sql.delta.SnapshotManagement.createSnapshotAtInitInternal(SnapshotManagement.scala:447)","logger":"airflow.task.operators.airflow.providers.docker.operators.docker.DockerOperator","filename":"docker.py","lineno":71}
{"timestamp":"2026-05-20T22:11:09.561025Z","level":"info","event":"\tat org.apache.spark.sql.delta.SnapshotManagement.createSnapshotAtInitInternal$(SnapshotManagement.scala:444)","logger":"airflow.task.operators.airflow.providers.docker.operators.docker.DockerOperator","filename":"docker.py","lineno":71}
{"timestamp":"2026-05-20T22:11:09.561081Z","level":"info","event":"\tat org.apache.spark.sql.delta.DeltaLog.createSnapshotAtInitInternal(DeltaLog.scala:72)","logger":"airflow.task.operators.airflow.providers.docker.operators.docker.DockerOperator","filename":"docker.py","lineno":71}
{"timestamp":"2026-05-20T22:11:09.561135Z","level":"info","event":"\tat org.apache.spark.sql.delta.SnapshotManagement.$anonfun$getSnapshotAtInit$1(SnapshotManagement.scala:439)","logger":"airflow.task.operators.airflow.providers.docker.operators.docker.DockerOperator","filename":"docker.py","lineno":71}
{"timestamp":"2026-05-20T22:11:09.561188Z","level":"info","event":"\tat org.apache.spark.sql.delta.metering.DeltaLogging.recordFrameProfile(DeltaLogging.scala:140)","logger":"airflow.task.operators.airflow.providers.docker.operators.docker.DockerOperator","filename":"docker.py","lineno":71}
{"timestamp":"2026-05-20T22:11:09.561239Z","level":"info","event":"\tat org.apache.spark.sql.delta.metering.DeltaLogging.recordFrameProfile$(DeltaLogging.scala:138)","logger":"airflow.task.operators.airflow.providers.docker.operators.docker.DockerOperator","filename":"docker.py","lineno":71}
{"timestamp":"2026-05-20T22:11:09.561291Z","level":"info","event":"\tat org.apache.spark.sql.delta.DeltaLog.recordFrameProfile(DeltaLog.scala:72)","logger":"airflow.task.operators.airflow.providers.docker.operators.docker.DockerOperator","filename":"docker.py","lineno":71}
{"timestamp":"2026-05-20T22:11:09.561343Z","level":"info","event":"\tat org.apache.spark.sql.delta.SnapshotManagement.getSnapshotAtInit(SnapshotManagement.scala:434)","logger":"airflow.task.operators.airflow.providers.docker.operators.docker.DockerOperator","filename":"docker.py","lineno":71}
{"timestamp":"2026-05-20T22:11:09.561399Z","level":"info","event":"\tat org.apache.spark.sql.delta.SnapshotManagement.getSnapshotAtInit$(SnapshotManagement.scala:433)","logger":"airflow.task.operators.airflow.providers.docker.operators.docker.DockerOperator","filename":"docker.py","lineno":71}
{"timestamp":"2026-05-20T22:11:09.561456Z","level":"info","event":"\tat org.apache.spark.sql.delta.DeltaLog.getSnapshotAtInit(DeltaLog.scala:72)","logger":"airflow.task.operators.airflow.providers.docker.operators.docker.DockerOperator","filename":"docker.py","lineno":71}
{"timestamp":"2026-05-20T22:11:09.561512Z","level":"info","event":"\tat org.apache.spark.sql.delta.SnapshotManagement.$init$(SnapshotManagement.scala:60)","logger":"airflow.task.operators.airflow.providers.docker.operators.docker.DockerOperator","filename":"docker.py","lineno":71}
{"timestamp":"2026-05-20T22:11:09.561568Z","level":"info","event":"\tat org.apache.spark.sql.delta.DeltaLog.<init>(DeltaLog.scala:78)","logger":"airflow.task.operators.airflow.providers.docker.operators.docker.DockerOperator","filename":"docker.py","lineno":71}
{"timestamp":"2026-05-20T22:11:09.561625Z","level":"info","event":"\tat org.apache.spark.sql.delta.DeltaLog$.$anonfun$apply$4(DeltaLog.scala:779)","logger":"airflow.task.operators.airflow.providers.docker.operators.docker.DockerOperator","filename":"docker.py","lineno":71}
{"timestamp":"2026-05-20T22:11:09.561683Z","level":"info","event":"\tat org.apache.spark.sql.catalyst.plans.logical.AnalysisHelper$.allowInvokingTransformsInAnalyzer(AnalysisHelper.scala:323)","logger":"airflow.task.operators.airflow.providers.docker.operators.docker.DockerOperator","filename":"docker.py","lineno":71}
{"timestamp":"2026-05-20T22:11:09.561739Z","level":"info","event":"\tat org.apache.spark.sql.delta.DeltaLog$.$anonfun$apply$3(DeltaLog.scala:774)","logger":"airflow.task.operators.airflow.providers.docker.operators.docker.DockerOperator","filename":"docker.py","lineno":71}
{"timestamp":"2026-05-20T22:11:09.561791Z","level":"info","event":"\tat org.apache.spark.sql.delta.metering.DeltaLogging.recordFrameProfile(DeltaLogging.scala:140)","logger":"airflow.task.operators.airflow.providers.docker.operators.docker.DockerOperator","filename":"docker.py","lineno":71}
{"timestamp":"2026-05-20T22:11:09.561875Z","level":"info","event":"\tat org.apache.spark.sql.delta.metering.DeltaLogging.recordFrameProfile$(DeltaLogging.scala:138)","logger":"airflow.task.operators.airflow.providers.docker.operators.docker.DockerOperator","filename":"docker.py","lineno":71}
{"timestamp":"2026-05-20T22:11:09.561931Z","level":"info","event":"\tat org.apache.spark.sql.delta.DeltaLog$.recordFrameProfile(DeltaLog.scala:598)","logger":"airflow.task.operators.airflow.providers.docker.operators.docker.DockerOperator","filename":"docker.py","lineno":71}
{"timestamp":"2026-05-20T22:11:09.561994Z","level":"info","event":"\tat org.apache.spark.sql.delta.metering.DeltaLogging.$anonfun$recordDeltaOperationInternal$1(DeltaLogging.scala:133)","logger":"airflow.task.operators.airflow.providers.docker.operators.docker.DockerOperator","filename":"docker.py","lineno":71}
{"timestamp":"2026-05-20T22:11:09.562050Z","level":"info","event":"\tat com.databricks.spark.util.DatabricksLogging.recordOperation(DatabricksLogging.scala:128)","logger":"airflow.task.operators.airflow.providers.docker.operators.docker.DockerOperator","filename":"docker.py","lineno":71}
{"timestamp":"2026-05-20T22:11:09.562103Z","level":"info","event":"\tat com.databricks.spark.util.DatabricksLogging.recordOperation$(DatabricksLogging.scala:117)","logger":"airflow.task.operators.airflow.providers.docker.operators.docker.DockerOperator","filename":"docker.py","lineno":71}
{"timestamp":"2026-05-20T22:11:09.562154Z","level":"info","event":"\tat org.apache.spark.sql.delta.DeltaLog$.recordOperation(DeltaLog.scala:598)","logger":"airflow.task.operators.airflow.providers.docker.operators.docker.DockerOperator","filename":"docker.py","lineno":71}
{"timestamp":"2026-05-20T22:11:09.562208Z","level":"info","event":"\tat org.apache.spark.sql.delta.metering.DeltaLogging.recordDeltaOperationInternal(DeltaLogging.scala:132)","logger":"airflow.task.operators.airflow.providers.docker.operators.docker.DockerOperator","filename":"docker.py","lineno":71}
{"timestamp":"2026-05-20T22:11:09.562264Z","level":"info","event":"\tat org.apache.spark.sql.delta.metering.DeltaLogging.recordDeltaOperation(DeltaLogging.scala:122)","logger":"airflow.task.operators.airflow.providers.docker.operators.docker.DockerOperator","filename":"docker.py","lineno":71}
{"timestamp":"2026-05-20T22:11:09.562320Z","level":"info","event":"\tat org.apache.spark.sql.delta.metering.DeltaLogging.recordDeltaOperation$(DeltaLogging.scala:112)","logger":"airflow.task.operators.airflow.providers.docker.operators.docker.DockerOperator","filename":"docker.py","lineno":71}
{"timestamp":"2026-05-20T22:11:09.562372Z","level":"info","event":"\tat org.apache.spark.sql.delta.DeltaLog$.recordDeltaOperation(DeltaLog.scala:598)","logger":"airflow.task.operators.airflow.providers.docker.operators.docker.DockerOperator","filename":"docker.py","lineno":71}
{"timestamp":"2026-05-20T22:11:09.562423Z","level":"info","event":"\tat org.apache.spark.sql.delta.DeltaLog$.createDeltaLog$1(DeltaLog.scala:773)","logger":"airflow.task.operators.airflow.providers.docker.operators.docker.DockerOperator","filename":"docker.py","lineno":71}
{"timestamp":"2026-05-20T22:11:09.562476Z","level":"info","event":"\tat org.apache.spark.sql.delta.DeltaLog$.$anonfun$apply$5(DeltaLog.scala:791)","logger":"airflow.task.operators.airflow.providers.docker.operators.docker.DockerOperator","filename":"docker.py","lineno":71}
{"timestamp":"2026-05-20T22:11:09.562528Z","level":"info","event":"\tat com.google.common.cache.LocalCache$LocalManualCache$1.load(LocalCache.java:4792)","logger":"airflow.task.operators.airflow.providers.docker.operators.docker.DockerOperator","filename":"docker.py","lineno":71}
{"timestamp":"2026-05-20T22:11:09.562583Z","level":"info","event":"\tat com.google.common.cache.LocalCache$LoadingValueReference.loadFuture(LocalCache.java:3599)","logger":"airflow.task.operators.airflow.providers.docker.operators.docker.DockerOperator","filename":"docker.py","lineno":71}
{"timestamp":"2026-05-20T22:11:09.562641Z","level":"info","event":"\tat com.google.common.cache.LocalCache$Segment.loadSync(LocalCache.java:2379)","logger":"airflow.task.operators.airflow.providers.docker.operators.docker.DockerOperator","filename":"docker.py","lineno":71}
{"timestamp":"2026-05-20T22:11:09.562698Z","level":"info","event":"\tat com.google.common.cache.LocalCache$Segment.lockedGetOrLoad(LocalCache.java:2342)","logger":"airflow.task.operators.airflow.providers.docker.operators.docker.DockerOperator","filename":"docker.py","lineno":71}
{"timestamp":"2026-05-20T22:11:09.562752Z","level":"info","event":"\tat com.google.common.cache.LocalCache$Segment.get(LocalCache.java:2257)","logger":"airflow.task.operators.airflow.providers.docker.operators.docker.DockerOperator","filename":"docker.py","lineno":71}
{"timestamp":"2026-05-20T22:11:09.562806Z","level":"info","event":"\tat com.google.common.cache.LocalCache.get(LocalCache.java:4000)","logger":"airflow.task.operators.airflow.providers.docker.operators.docker.DockerOperator","filename":"docker.py","lineno":71}
{"timestamp":"2026-05-20T22:11:09.563198Z","level":"info","event":"\tat com.google.common.cache.LocalCache$LocalManualCache.get(LocalCache.java:4789)","logger":"airflow.task.operators.airflow.providers.docker.operators.docker.DockerOperator","filename":"docker.py","lineno":71}
{"timestamp":"2026-05-20T22:11:09.563270Z","level":"info","event":"\tat org.apache.spark.sql.delta.DeltaLog$.getDeltaLogFromCache$1(DeltaLog.scala:790)","logger":"airflow.task.operators.airflow.providers.docker.operators.docker.DockerOperator","filename":"docker.py","lineno":71}
{"timestamp":"2026-05-20T22:11:09.563327Z","level":"info","event":"\tat org.apache.spark.sql.delta.DeltaLog$.apply(DeltaLog.scala:800)","logger":"airflow.task.operators.airflow.providers.docker.operators.docker.DockerOperator","filename":"docker.py","lineno":71}
{"timestamp":"2026-05-20T22:11:09.563386Z","level":"info","event":"\tat org.apache.spark.sql.delta.DeltaLog$.forTable(DeltaLog.scala:677)","logger":"airflow.task.operators.airflow.providers.docker.operators.docker.DockerOperator","filename":"docker.py","lineno":71}
{"timestamp":"2026-05-20T22:11:09.563448Z","level":"info","event":"\tat org.apache.spark.sql.delta.catalog.DeltaTableV2.$anonfun$deltaLog$1(DeltaTableV2.scala:91)","logger":"airflow.task.operators.airflow.providers.docker.operators.docker.DockerOperator","filename":"docker.py","lineno":71}
{"timestamp":"2026-05-20T22:11:09.563512Z","level":"info","event":"\tat org.apache.spark.sql.delta.catalog.DeltaTableV2$.withEnrichedUnsupportedTableException(DeltaTableV2.scala:364)","logger":"airflow.task.operators.airflow.providers.docker.operators.docker.DockerOperator","filename":"docker.py","lineno":71}
{"timestamp":"2026-05-20T22:11:09.563596Z","level":"info","event":"\tat org.apache.spark.sql.delta.catalog.DeltaTableV2.deltaLog$lzycompute(DeltaTableV2.scala:91)","logger":"airflow.task.operators.airflow.providers.docker.operators.docker.DockerOperator","filename":"docker.py","lineno":71}
{"timestamp":"2026-05-20T22:11:09.563655Z","level":"info","event":"\tat org.apache.spark.sql.delta.catalog.DeltaTableV2.deltaLog(DeltaTableV2.scala:89)","logger":"airflow.task.operators.airflow.providers.docker.operators.docker.DockerOperator","filename":"docker.py","lineno":71}
{"timestamp":"2026-05-20T22:11:09.563711Z","level":"info","event":"\tat org.apache.spark.sql.delta.catalog.DeltaTableV2.$anonfun$initialSnapshot$4(DeltaTableV2.scala:144)","logger":"airflow.task.operators.airflow.providers.docker.operators.docker.DockerOperator","filename":"docker.py","lineno":71}
{"timestamp":"2026-05-20T22:11:09.563761Z","level":"info","event":"\tat scala.Option.getOrElse(Option.scala:189)","logger":"airflow.task.operators.airflow.providers.docker.operators.docker.DockerOperator","filename":"docker.py","lineno":71}
{"timestamp":"2026-05-20T22:11:09.563813Z","level":"info","event":"\tat org.apache.spark.sql.delta.catalog.DeltaTableV2.$anonfun$initialSnapshot$1(DeltaTableV2.scala:144)","logger":"airflow.task.operators.airflow.providers.docker.operators.docker.DockerOperator","filename":"docker.py","lineno":71}
{"timestamp":"2026-05-20T22:11:09.563906Z","level":"info","event":"\tat org.apache.spark.sql.delta.catalog.DeltaTableV2$.withEnrichedUnsupportedTableException(DeltaTableV2.scala:364)","logger":"airflow.task.operators.airflow.providers.docker.operators.docker.DockerOperator","filename":"docker.py","lineno":71}
{"timestamp":"2026-05-20T22:11:09.563995Z","level":"info","event":"\tat org.apache.spark.sql.delta.catalog.DeltaTableV2.initialSnapshot$lzycompute(DeltaTableV2.scala:143)","logger":"airflow.task.operators.airflow.providers.docker.operators.docker.DockerOperator","filename":"docker.py","lineno":71}
{"timestamp":"2026-05-20T22:11:09.564063Z","level":"info","event":"\tat org.apache.spark.sql.delta.catalog.DeltaTableV2.initialSnapshot(DeltaTableV2.scala:123)","logger":"airflow.task.operators.airflow.providers.docker.operators.docker.DockerOperator","filename":"docker.py","lineno":71}
{"timestamp":"2026-05-20T22:11:09.564121Z","level":"info","event":"\tat org.apache.spark.sql.delta.catalog.DeltaTableV2.toBaseRelation$lzycompute(DeltaTableV2.scala:235)","logger":"airflow.task.operators.airflow.providers.docker.operators.docker.DockerOperator","filename":"docker.py","lineno":71}
{"timestamp":"2026-05-20T22:11:09.564180Z","level":"info","event":"\tat org.apache.spark.sql.delta.catalog.DeltaTableV2.toBaseRelation(DeltaTableV2.scala:233)","logger":"airflow.task.operators.airflow.providers.docker.operators.docker.DockerOperator","filename":"docker.py","lineno":71}
{"timestamp":"2026-05-20T22:11:09.564240Z","level":"info","event":"\tat org.apache.spark.sql.delta.sources.DeltaDataSource.$anonfun$createRelation$5(DeltaDataSource.scala:250)","logger":"airflow.task.operators.airflow.providers.docker.operators.docker.DockerOperator","filename":"docker.py","lineno":71}
{"timestamp":"2026-05-20T22:11:09.564417Z","level":"info","event":"\tat org.apache.spark.sql.delta.metering.DeltaLogging.recordFrameProfile(DeltaLogging.scala:140)","logger":"airflow.task.operators.airflow.providers.docker.operators.docker.DockerOperator","filename":"docker.py","lineno":71}
{"timestamp":"2026-05-20T22:11:09.564501Z","level":"info","event":"\tat org.apache.spark.sql.delta.metering.DeltaLogging.recordFrameProfile$(DeltaLogging.scala:138)","logger":"airflow.task.operators.airflow.providers.docker.operators.docker.DockerOperator","filename":"docker.py","lineno":71}
{"timestamp":"2026-05-20T22:11:09.564564Z","level":"info","event":"\tat org.apache.spark.sql.delta.sources.DeltaDataSource.recordFrameProfile(DeltaDataSource.scala:49)","logger":"airflow.task.operators.airflow.providers.docker.operators.docker.DockerOperator","filename":"docker.py","lineno":71}
{"timestamp":"2026-05-20T22:11:09.564624Z","level":"info","event":"\tat org.apache.spark.sql.delta.sources.DeltaDataSource.createRelation(DeltaDataSource.scala:209)","logger":"airflow.task.operators.airflow.providers.docker.operators.docker.DockerOperator","filename":"docker.py","lineno":71}
{"timestamp":"2026-05-20T22:11:09.564681Z","level":"info","event":"\tat org.apache.spark.sql.execution.datasources.DataSource.resolveRelation(DataSource.scala:346)","logger":"airflow.task.operators.airflow.providers.docker.operators.docker.DockerOperator","filename":"docker.py","lineno":71}
{"timestamp":"2026-05-20T22:11:09.564737Z","level":"info","event":"\tat org.apache.spark.sql.DataFrameReader.loadV1Source(DataFrameReader.scala:229)","logger":"airflow.task.operators.airflow.providers.docker.operators.docker.DockerOperator","filename":"docker.py","lineno":71}
{"timestamp":"2026-05-20T22:11:09.564792Z","level":"info","event":"\tat org.apache.spark.sql.DataFrameReader.$anonfun$load$2(DataFrameReader.scala:211)","logger":"airflow.task.operators.airflow.providers.docker.operators.docker.DockerOperator","filename":"docker.py","lineno":71}
{"timestamp":"2026-05-20T22:11:09.564867Z","level":"info","event":"\tat scala.Option.getOrElse(Option.scala:189)","logger":"airflow.task.operators.airflow.providers.docker.operators.docker.DockerOperator","filename":"docker.py","lineno":71}
{"timestamp":"2026-05-20T22:11:09.564924Z","level":"info","event":"\tat org.apache.spark.sql.DataFrameReader.load(DataFrameReader.scala:211)","logger":"airflow.task.operators.airflow.providers.docker.operators.docker.DockerOperator","filename":"docker.py","lineno":71}
{"timestamp":"2026-05-20T22:11:09.565000Z","level":"info","event":"\tat org.apache.spark.sql.DataFrameReader.load(DataFrameReader.scala:186)","logger":"airflow.task.operators.airflow.providers.docker.operators.docker.DockerOperator","filename":"docker.py","lineno":71}
{"timestamp":"2026-05-20T22:11:09.565061Z","level":"info","event":"\tat java.base/jdk.internal.reflect.NativeMethodAccessorImpl.invoke0(Native Method)","logger":"airflow.task.operators.airflow.providers.docker.operators.docker.DockerOperator","filename":"docker.py","lineno":71}
{"timestamp":"2026-05-20T22:11:09.565118Z","level":"info","event":"\tat java.base/jdk.internal.reflect.NativeMethodAccessorImpl.invoke(Unknown Source)","logger":"airflow.task.operators.airflow.providers.docker.operators.docker.DockerOperator","filename":"docker.py","lineno":71}
{"timestamp":"2026-05-20T22:11:09.565169Z","level":"info","event":"\tat java.base/jdk.internal.reflect.DelegatingMethodAccessorImpl.invoke(Unknown Source)","logger":"airflow.task.operators.airflow.providers.docker.operators.docker.DockerOperator","filename":"docker.py","lineno":71}
{"timestamp":"2026-05-20T22:11:09.565218Z","level":"info","event":"\tat java.base/java.lang.reflect.Method.invoke(Unknown Source)","logger":"airflow.task.operators.airflow.providers.docker.operators.docker.DockerOperator","filename":"docker.py","lineno":71}
{"timestamp":"2026-05-20T22:11:09.565266Z","level":"info","event":"\tat py4j.reflection.MethodInvoker.invoke(MethodInvoker.java:244)","logger":"airflow.task.operators.airflow.providers.docker.operators.docker.DockerOperator","filename":"docker.py","lineno":71}
{"timestamp":"2026-05-20T22:11:09.565315Z","level":"info","event":"\tat py4j.reflection.ReflectionEngine.invoke(ReflectionEngine.java:374)","logger":"airflow.task.operators.airflow.providers.docker.operators.docker.DockerOperator","filename":"docker.py","lineno":71}
{"timestamp":"2026-05-20T22:11:09.565365Z","level":"info","event":"\tat py4j.Gateway.invoke(Gateway.java:282)","logger":"airflow.task.operators.airflow.providers.docker.operators.docker.DockerOperator","filename":"docker.py","lineno":71}
{"timestamp":"2026-05-20T22:11:09.565419Z","level":"info","event":"\tat py4j.commands.AbstractCommand.invokeMethod(AbstractCommand.java:132)","logger":"airflow.task.operators.airflow.providers.docker.operators.docker.DockerOperator","filename":"docker.py","lineno":71}
{"timestamp":"2026-05-20T22:11:09.565475Z","level":"info","event":"\tat py4j.commands.CallCommand.execute(CallCommand.java:79)","logger":"airflow.task.operators.airflow.providers.docker.operators.docker.DockerOperator","filename":"docker.py","lineno":71}
{"timestamp":"2026-05-20T22:11:09.565530Z","level":"info","event":"\tat py4j.ClientServerConnection.waitForCommands(ClientServerConnection.java:182)","logger":"airflow.task.operators.airflow.providers.docker.operators.docker.DockerOperator","filename":"docker.py","lineno":71}
{"timestamp":"2026-05-20T22:11:09.565581Z","level":"info","event":"\tat py4j.ClientServerConnection.run(ClientServerConnection.java:106)","logger":"airflow.task.operators.airflow.providers.docker.operators.docker.DockerOperator","filename":"docker.py","lineno":71}
{"timestamp":"2026-05-20T22:11:09.565632Z","level":"info","event":"\tat java.base/java.lang.Thread.run(Unknown Source)","logger":"airflow.task.operators.airflow.providers.docker.operators.docker.DockerOperator","filename":"docker.py","lineno":71}
{"timestamp":"2026-05-20T22:11:09.565683Z","level":"info","event":"Caused by: java.lang.RuntimeException: java.lang.ClassNotFoundException: Class org.apache.hadoop.fs.s3a.S3AFileSystem not found","logger":"airflow.task.operators.airflow.providers.docker.operators.docker.DockerOperator","filename":"docker.py","lineno":71}
{"timestamp":"2026-05-20T22:11:09.565734Z","level":"info","event":"\tat org.apache.hadoop.conf.Configuration.getClass(Configuration.java:2688)","logger":"airflow.task.operators.airflow.providers.docker.operators.docker.DockerOperator","filename":"docker.py","lineno":71}
{"timestamp":"2026-05-20T22:11:09.565783Z","level":"info","event":"\tat org.apache.hadoop.fs.FileSystem.getFileSystemClass(FileSystem.java:3431)","logger":"airflow.task.operators.airflow.providers.docker.operators.docker.DockerOperator","filename":"docker.py","lineno":71}
{"timestamp":"2026-05-20T22:11:09.565861Z","level":"info","event":"\tat org.apache.hadoop.fs.FileSystem.createFileSystem(FileSystem.java:3466)","logger":"airflow.task.operators.airflow.providers.docker.operators.docker.DockerOperator","filename":"docker.py","lineno":71}
{"timestamp":"2026-05-20T22:11:09.565921Z","level":"info","event":"\tat org.apache.hadoop.fs.FileSystem.access$300(FileSystem.java:174)","logger":"airflow.task.operators.airflow.providers.docker.operators.docker.DockerOperator","filename":"docker.py","lineno":71}
{"timestamp":"2026-05-20T22:11:09.565991Z","level":"info","event":"\tat org.apache.hadoop.fs.FileSystem$Cache.getInternal(FileSystem.java:3574)","logger":"airflow.task.operators.airflow.providers.docker.operators.docker.DockerOperator","filename":"docker.py","lineno":71}
{"timestamp":"2026-05-20T22:11:09.566052Z","level":"info","event":"\tat org.apache.hadoop.fs.FileSystem$Cache.get(FileSystem.java:3521)","logger":"airflow.task.operators.airflow.providers.docker.operators.docker.DockerOperator","filename":"docker.py","lineno":71}
{"timestamp":"2026-05-20T22:11:09.566107Z","level":"info","event":"\tat org.apache.hadoop.fs.FileSystem.get(FileSystem.java:540)","logger":"airflow.task.operators.airflow.providers.docker.operators.docker.DockerOperator","filename":"docker.py","lineno":71}
{"timestamp":"2026-05-20T22:11:09.566164Z","level":"info","event":"\tat org.apache.hadoop.fs.Path.getFileSystem(Path.java:365)","logger":"airflow.task.operators.airflow.providers.docker.operators.docker.DockerOperator","filename":"docker.py","lineno":71}
{"timestamp":"2026-05-20T22:11:09.566221Z","level":"info","event":"\tat org.apache.hadoop.mapreduce.lib.input.LineRecordReader.initialize(LineRecordReader.java:88)","logger":"airflow.task.operators.airflow.providers.docker.operators.docker.DockerOperator","filename":"docker.py","lineno":71}
{"timestamp":"2026-05-20T22:11:09.566273Z","level":"info","event":"\tat org.apache.spark.sql.execution.datasources.HadoopFileLinesReader.<init>(HadoopFileLinesReader.scala:63)","logger":"airflow.task.operators.airflow.providers.docker.operators.docker.DockerOperator","filename":"docker.py","lineno":71}
{"timestamp":"2026-05-20T22:11:09.566332Z","level":"info","event":"\tat org.apache.spark.sql.execution.datasources.json.TextInputJsonDataSource$.readFile(JsonDataSource.scala:132)","logger":"airflow.task.operators.airflow.providers.docker.operators.docker.DockerOperator","filename":"docker.py","lineno":71}
{"timestamp":"2026-05-20T22:11:09.566388Z","level":"info","event":"\tat org.apache.spark.sql.execution.datasources.json.JsonFileFormat.$anonfun$buildReader$2(JsonFileFormat.scala:126)","logger":"airflow.task.operators.airflow.providers.docker.operators.docker.DockerOperator","filename":"docker.py","lineno":71}
{"timestamp":"2026-05-20T22:11:09.566441Z","level":"info","event":"\tat org.apache.spark.sql.execution.datasources.FileFormat$$anon$1.apply(FileFormat.scala:160)","logger":"airflow.task.operators.airflow.providers.docker.operators.docker.DockerOperator","filename":"docker.py","lineno":71}
{"timestamp":"2026-05-20T22:11:09.566497Z","level":"info","event":"\tat org.apache.spark.sql.execution.datasources.FileFormat$$anon$1.apply(FileFormat.scala:140)","logger":"airflow.task.operators.airflow.providers.docker.operators.docker.DockerOperator","filename":"docker.py","lineno":71}
{"timestamp":"2026-05-20T22:11:09.566552Z","level":"info","event":"\tat org.apache.spark.sql.execution.datasources.FileScanRDD$$anon$1.org$apache$spark$sql$execution$datasources$FileScanRDD$$anon$$readCurrentFile(FileScanRDD.scala:217)","logger":"airflow.task.operators.airflow.providers.docker.operators.docker.DockerOperator","filename":"docker.py","lineno":71}
{"timestamp":"2026-05-20T22:11:09.566608Z","level":"info","event":"\tat org.apache.spark.sql.execution.datasources.FileScanRDD$$anon$1.nextIterator(FileScanRDD.scala:279)","logger":"airflow.task.operators.airflow.providers.docker.operators.docker.DockerOperator","filename":"docker.py","lineno":71}
{"timestamp":"2026-05-20T22:11:09.566664Z","level":"info","event":"\tat org.apache.spark.sql.execution.datasources.FileScanRDD$$anon$1.hasNext(FileScanRDD.scala:129)","logger":"airflow.task.operators.airflow.providers.docker.operators.docker.DockerOperator","filename":"docker.py","lineno":71}
{"timestamp":"2026-05-20T22:11:09.566723Z","level":"info","event":"\tat scala.collection.Iterator$$anon$10.hasNext(Iterator.scala:460)","logger":"airflow.task.operators.airflow.providers.docker.operators.docker.DockerOperator","filename":"docker.py","lineno":71}
{"timestamp":"2026-05-20T22:11:09.566783Z","level":"info","event":"\tat org.apache.spark.sql.catalyst.expressions.GeneratedClass$GeneratedIteratorForCodegenStage1.processNext(Unknown Source)","logger":"airflow.task.operators.airflow.providers.docker.operators.docker.DockerOperator","filename":"docker.py","lineno":71}
{"timestamp":"2026-05-20T22:11:09.566893Z","level":"info","event":"\tat org.apache.spark.sql.execution.BufferedRowIterator.hasNext(BufferedRowIterator.java:43)","logger":"airflow.task.operators.airflow.providers.docker.operators.docker.DockerOperator","filename":"docker.py","lineno":71}
{"timestamp":"2026-05-20T22:11:09.566976Z","level":"info","event":"\tat org.apache.spark.sql.execution.WholeStageCodegenEvaluatorFactory$WholeStageCodegenPartitionEvaluator$$anon$1.hasNext(WholeStageCodegenEvaluatorFactory.scala:43)","logger":"airflow.task.operators.airflow.providers.docker.operators.docker.DockerOperator","filename":"docker.py","lineno":71}
{"timestamp":"2026-05-20T22:11:09.567035Z","level":"info","event":"\tat org.apache.spark.sql.execution.SparkPlan.$anonfun$getByteArrayRdd$1(SparkPlan.scala:388)","logger":"airflow.task.operators.airflow.providers.docker.operators.docker.DockerOperator","filename":"docker.py","lineno":71}
{"timestamp":"2026-05-20T22:11:09.567095Z","level":"info","event":"\tat org.apache.spark.rdd.RDD.$anonfun$mapPartitionsInternal$2(RDD.scala:890)","logger":"airflow.task.operators.airflow.providers.docker.operators.docker.DockerOperator","filename":"docker.py","lineno":71}
{"timestamp":"2026-05-20T22:11:09.567161Z","level":"info","event":"\tat org.apache.spark.rdd.RDD.$anonfun$mapPartitionsInternal$2$adapted(RDD.scala:890)","logger":"airflow.task.operators.airflow.providers.docker.operators.docker.DockerOperator","filename":"docker.py","lineno":71}
{"timestamp":"2026-05-20T22:11:09.567215Z","level":"info","event":"\tat org.apache.spark.rdd.MapPartitionsRDD.compute(MapPartitionsRDD.scala:52)","logger":"airflow.task.operators.airflow.providers.docker.operators.docker.DockerOperator","filename":"docker.py","lineno":71}
{"timestamp":"2026-05-20T22:11:09.567272Z","level":"info","event":"\tat org.apache.spark.rdd.RDD.computeOrReadCheckpoint(RDD.scala:364)","logger":"airflow.task.operators.airflow.providers.docker.operators.docker.DockerOperator","filename":"docker.py","lineno":71}
{"timestamp":"2026-05-20T22:11:09.567330Z","level":"info","event":"\tat org.apache.spark.rdd.RDD.iterator(RDD.scala:328)","logger":"airflow.task.operators.airflow.providers.docker.operators.docker.DockerOperator","filename":"docker.py","lineno":71}
{"timestamp":"2026-05-20T22:11:09.567389Z","level":"info","event":"\tat org.apache.spark.scheduler.ResultTask.runTask(ResultTask.scala:93)","logger":"airflow.task.operators.airflow.providers.docker.operators.docker.DockerOperator","filename":"docker.py","lineno":71}
{"timestamp":"2026-05-20T22:11:09.567446Z","level":"info","event":"\tat org.apache.spark.TaskContext.runTaskWithListeners(TaskContext.scala:161)","logger":"airflow.task.operators.airflow.providers.docker.operators.docker.DockerOperator","filename":"docker.py","lineno":71}
{"timestamp":"2026-05-20T22:11:09.567514Z","level":"info","event":"\tat org.apache.spark.scheduler.Task.run(Task.scala:141)","logger":"airflow.task.operators.airflow.providers.docker.operators.docker.DockerOperator","filename":"docker.py","lineno":71}
{"timestamp":"2026-05-20T22:11:09.567578Z","level":"info","event":"\tat org.apache.spark.executor.Executor$TaskRunner.$anonfun$run$4(Executor.scala:620)","logger":"airflow.task.operators.airflow.providers.docker.operators.docker.DockerOperator","filename":"docker.py","lineno":71}
{"timestamp":"2026-05-20T22:11:09.567641Z","level":"info","event":"\tat org.apache.spark.util.SparkErrorUtils.tryWithSafeFinally(SparkErrorUtils.scala:64)","logger":"airflow.task.operators.airflow.providers.docker.operators.docker.DockerOperator","filename":"docker.py","lineno":71}
{"timestamp":"2026-05-20T22:11:09.567700Z","level":"info","event":"\tat org.apache.spark.util.SparkErrorUtils.tryWithSafeFinally$(SparkErrorUtils.scala:61)","logger":"airflow.task.operators.airflow.providers.docker.operators.docker.DockerOperator","filename":"docker.py","lineno":71}
{"timestamp":"2026-05-20T22:11:09.567754Z","level":"info","event":"\tat org.apache.spark.util.Utils$.tryWithSafeFinally(Utils.scala:94)","logger":"airflow.task.operators.airflow.providers.docker.operators.docker.DockerOperator","filename":"docker.py","lineno":71}
{"timestamp":"2026-05-20T22:11:09.567804Z","level":"info","event":"\tat org.apache.spark.executor.Executor$TaskRunner.run(Executor.scala:623)","logger":"airflow.task.operators.airflow.providers.docker.operators.docker.DockerOperator","filename":"docker.py","lineno":71}
{"timestamp":"2026-05-20T22:11:09.567884Z","level":"info","event":"\tat java.base/java.util.concurrent.ThreadPoolExecutor.runWorker(Unknown Source)","logger":"airflow.task.operators.airflow.providers.docker.operators.docker.DockerOperator","filename":"docker.py","lineno":71}
{"timestamp":"2026-05-20T22:11:09.567958Z","level":"info","event":"\tat java.base/java.util.concurrent.ThreadPoolExecutor$Worker.run(Unknown Source)","logger":"airflow.task.operators.airflow.providers.docker.operators.docker.DockerOperator","filename":"docker.py","lineno":71}
{"timestamp":"2026-05-20T22:11:09.568021Z","level":"info","event":"\t... 1 more","logger":"airflow.task.operators.airflow.providers.docker.operators.docker.DockerOperator","filename":"docker.py","lineno":71}
{"timestamp":"2026-05-20T22:11:09.568071Z","level":"info","event":"Caused by: java.lang.ClassNotFoundException: Class org.apache.hadoop.fs.s3a.S3AFileSystem not found","logger":"airflow.task.operators.airflow.providers.docker.operators.docker.DockerOperator","filename":"docker.py","lineno":71}
{"timestamp":"2026-05-20T22:11:09.568126Z","level":"info","event":"\tat org.apache.hadoop.conf.Configuration.getClassByName(Configuration.java:2592)","logger":"airflow.task.operators.airflow.providers.docker.operators.docker.DockerOperator","filename":"docker.py","lineno":71}
{"timestamp":"2026-05-20T22:11:09.568187Z","level":"info","event":"\tat org.apache.hadoop.conf.Configuration.getClass(Configuration.java:2686)","logger":"airflow.task.operators.airflow.providers.docker.operators.docker.DockerOperator","filename":"docker.py","lineno":71}
{"timestamp":"2026-05-20T22:11:09.568249Z","level":"info","event":"\t... 37 more","logger":"airflow.task.operators.airflow.providers.docker.operators.docker.DockerOperator","filename":"docker.py","lineno":71}
{"timestamp":"2026-05-20T22:11:09.568307Z","level":"info","event":"","logger":"airflow.task.operators.airflow.providers.docker.operators.docker.DockerOperator","filename":"docker.py","lineno":71}
{"timestamp":"2026-05-20T22:11:09.568473Z","level":"info","event":"26/05/20 22:11:09 INFO BlockManagerInfo: Removed broadcast_3_piece0 on 1aeb232ee7d1:40527 in memory (size: 34.9 KiB, free: 434.2 MiB)","logger":"airflow.task.operators.airflow.providers.docker.operators.docker.DockerOperator","filename":"docker.py","lineno":71}
{"timestamp":"2026-05-20T22:11:09.568666Z","level":"info","event":"2026-05-20 22:11:09,529 - ERROR - Error processing table sales_per_employee: An error occurred while calling o50.load.","logger":"airflow.task.operators.airflow.providers.docker.operators.docker.DockerOperator","filename":"docker.py","lineno":71}
{"timestamp":"2026-05-20T22:11:09.568751Z","level":"info","event":": org.apache.spark.SparkException: Job aborted due to stage failure: Task 0 in stage 4.0 failed 4 times, most recent failure: Lost task 0.3 in stage 4.0 (TID 17) (172.20.0.20 executor 0): java.lang.RuntimeException: java.lang.ClassNotFoundException: Class org.apache.hadoop.fs.s3a.S3AFileSystem not found","logger":"airflow.task.operators.airflow.providers.docker.operators.docker.DockerOperator","filename":"docker.py","lineno":71}
{"timestamp":"2026-05-20T22:11:09.568817Z","level":"info","event":"\tat org.apache.hadoop.conf.Configuration.getClass(Configuration.java:2688)","logger":"airflow.task.operators.airflow.providers.docker.operators.docker.DockerOperator","filename":"docker.py","lineno":71}
{"timestamp":"2026-05-20T22:11:09.568909Z","level":"info","event":"\tat org.apache.hadoop.fs.FileSystem.getFileSystemClass(FileSystem.java:3431)","logger":"airflow.task.operators.airflow.providers.docker.operators.docker.DockerOperator","filename":"docker.py","lineno":71}
{"timestamp":"2026-05-20T22:11:09.568987Z","level":"info","event":"\tat org.apache.hadoop.fs.FileSystem.createFileSystem(FileSystem.java:3466)","logger":"airflow.task.operators.airflow.providers.docker.operators.docker.DockerOperator","filename":"docker.py","lineno":71}
{"timestamp":"2026-05-20T22:11:09.569053Z","level":"info","event":"\tat org.apache.hadoop.fs.FileSystem.access$300(FileSystem.java:174)","logger":"airflow.task.operators.airflow.providers.docker.operators.docker.DockerOperator","filename":"docker.py","lineno":71}
{"timestamp":"2026-05-20T22:11:09.569121Z","level":"info","event":"\tat org.apache.hadoop.fs.FileSystem$Cache.getInternal(FileSystem.java:3574)","logger":"airflow.task.operators.airflow.providers.docker.operators.docker.DockerOperator","filename":"docker.py","lineno":71}
{"timestamp":"2026-05-20T22:11:09.569181Z","level":"info","event":"\tat org.apache.hadoop.fs.FileSystem$Cache.get(FileSystem.java:3521)","logger":"airflow.task.operators.airflow.providers.docker.operators.docker.DockerOperator","filename":"docker.py","lineno":71}
{"timestamp":"2026-05-20T22:11:09.569237Z","level":"info","event":"\tat org.apache.hadoop.fs.FileSystem.get(FileSystem.java:540)","logger":"airflow.task.operators.airflow.providers.docker.operators.docker.DockerOperator","filename":"docker.py","lineno":71}
{"timestamp":"2026-05-20T22:11:09.569292Z","level":"info","event":"\tat org.apache.hadoop.fs.Path.getFileSystem(Path.java:365)","logger":"airflow.task.operators.airflow.providers.docker.operators.docker.DockerOperator","filename":"docker.py","lineno":71}
{"timestamp":"2026-05-20T22:11:09.569351Z","level":"info","event":"\tat org.apache.hadoop.mapreduce.lib.input.LineRecordReader.initialize(LineRecordReader.java:88)","logger":"airflow.task.operators.airflow.providers.docker.operators.docker.DockerOperator","filename":"docker.py","lineno":71}
{"timestamp":"2026-05-20T22:11:09.569406Z","level":"info","event":"\tat org.apache.spark.sql.execution.datasources.HadoopFileLinesReader.<init>(HadoopFileLinesReader.scala:63)","logger":"airflow.task.operators.airflow.providers.docker.operators.docker.DockerOperator","filename":"docker.py","lineno":71}
{"timestamp":"2026-05-20T22:11:09.569470Z","level":"info","event":"\tat org.apache.spark.sql.execution.datasources.json.TextInputJsonDataSource$.readFile(JsonDataSource.scala:132)","logger":"airflow.task.operators.airflow.providers.docker.operators.docker.DockerOperator","filename":"docker.py","lineno":71}
{"timestamp":"2026-05-20T22:11:09.569525Z","level":"info","event":"\tat org.apache.spark.sql.execution.datasources.json.JsonFileFormat.$anonfun$buildReader$2(JsonFileFormat.scala:126)","logger":"airflow.task.operators.airflow.providers.docker.operators.docker.DockerOperator","filename":"docker.py","lineno":71}
{"timestamp":"2026-05-20T22:11:09.569577Z","level":"info","event":"\tat org.apache.spark.sql.execution.datasources.FileFormat$$anon$1.apply(FileFormat.scala:160)","logger":"airflow.task.operators.airflow.providers.docker.operators.docker.DockerOperator","filename":"docker.py","lineno":71}
{"timestamp":"2026-05-20T22:11:09.569629Z","level":"info","event":"\tat org.apache.spark.sql.execution.datasources.FileFormat$$anon$1.apply(FileFormat.scala:140)","logger":"airflow.task.operators.airflow.providers.docker.operators.docker.DockerOperator","filename":"docker.py","lineno":71}
{"timestamp":"2026-05-20T22:11:09.569686Z","level":"info","event":"\tat org.apache.spark.sql.execution.datasources.FileScanRDD$$anon$1.org$apache$spark$sql$execution$datasources$FileScanRDD$$anon$$readCurrentFile(FileScanRDD.scala:217)","logger":"airflow.task.operators.airflow.providers.docker.operators.docker.DockerOperator","filename":"docker.py","lineno":71}
{"timestamp":"2026-05-20T22:11:09.569741Z","level":"info","event":"\tat org.apache.spark.sql.execution.datasources.FileScanRDD$$anon$1.nextIterator(FileScanRDD.scala:279)","logger":"airflow.task.operators.airflow.providers.docker.operators.docker.DockerOperator","filename":"docker.py","lineno":71}
{"timestamp":"2026-05-20T22:11:09.569797Z","level":"info","event":"\tat org.apache.spark.sql.execution.datasources.FileScanRDD$$anon$1.hasNext(FileScanRDD.scala:129)","logger":"airflow.task.operators.airflow.providers.docker.operators.docker.DockerOperator","filename":"docker.py","lineno":71}
{"timestamp":"2026-05-20T22:11:09.569876Z","level":"info","event":"\tat scala.collection.Iterator$$anon$10.hasNext(Iterator.scala:460)","logger":"airflow.task.operators.airflow.providers.docker.operators.docker.DockerOperator","filename":"docker.py","lineno":71}
{"timestamp":"2026-05-20T22:11:09.569937Z","level":"info","event":"\tat org.apache.spark.sql.catalyst.expressions.GeneratedClass$GeneratedIteratorForCodegenStage1.processNext(Unknown Source)","logger":"airflow.task.operators.airflow.providers.docker.operators.docker.DockerOperator","filename":"docker.py","lineno":71}
{"timestamp":"2026-05-20T22:11:09.570007Z","level":"info","event":"\tat org.apache.spark.sql.execution.BufferedRowIterator.hasNext(BufferedRowIterator.java:43)","logger":"airflow.task.operators.airflow.providers.docker.operators.docker.DockerOperator","filename":"docker.py","lineno":71}
{"timestamp":"2026-05-20T22:11:09.570067Z","level":"info","event":"\tat org.apache.spark.sql.execution.WholeStageCodegenEvaluatorFactory$WholeStageCodegenPartitionEvaluator$$anon$1.hasNext(WholeStageCodegenEvaluatorFactory.scala:43)","logger":"airflow.task.operators.airflow.providers.docker.operators.docker.DockerOperator","filename":"docker.py","lineno":71}
{"timestamp":"2026-05-20T22:11:09.570125Z","level":"info","event":"\tat org.apache.spark.sql.execution.SparkPlan.$anonfun$getByteArrayRdd$1(SparkPlan.scala:388)","logger":"airflow.task.operators.airflow.providers.docker.operators.docker.DockerOperator","filename":"docker.py","lineno":71}
{"timestamp":"2026-05-20T22:11:09.570180Z","level":"info","event":"\tat org.apache.spark.rdd.RDD.$anonfun$mapPartitionsInternal$2(RDD.scala:890)","logger":"airflow.task.operators.airflow.providers.docker.operators.docker.DockerOperator","filename":"docker.py","lineno":71}
{"timestamp":"2026-05-20T22:11:09.570225Z","level":"info","event":"\tat org.apache.spark.rdd.RDD.$anonfun$mapPartitionsInternal$2$adapted(RDD.scala:890)","logger":"airflow.task.operators.airflow.providers.docker.operators.docker.DockerOperator","filename":"docker.py","lineno":71}
{"timestamp":"2026-05-20T22:11:09.570255Z","level":"info","event":"\tat org.apache.spark.rdd.MapPartitionsRDD.compute(MapPartitionsRDD.scala:52)","logger":"airflow.task.operators.airflow.providers.docker.operators.docker.DockerOperator","filename":"docker.py","lineno":71}
{"timestamp":"2026-05-20T22:11:09.570284Z","level":"info","event":"\tat org.apache.spark.rdd.RDD.computeOrReadCheckpoint(RDD.scala:364)","logger":"airflow.task.operators.airflow.providers.docker.operators.docker.DockerOperator","filename":"docker.py","lineno":71}
{"timestamp":"2026-05-20T22:11:09.570312Z","level":"info","event":"\tat org.apache.spark.rdd.RDD.iterator(RDD.scala:328)","logger":"airflow.task.operators.airflow.providers.docker.operators.docker.DockerOperator","filename":"docker.py","lineno":71}
{"timestamp":"2026-05-20T22:11:09.570339Z","level":"info","event":"\tat org.apache.spark.scheduler.ResultTask.runTask(ResultTask.scala:93)","logger":"airflow.task.operators.airflow.providers.docker.operators.docker.DockerOperator","filename":"docker.py","lineno":71}
{"timestamp":"2026-05-20T22:11:09.570365Z","level":"info","event":"\tat org.apache.spark.TaskContext.runTaskWithListeners(TaskContext.scala:161)","logger":"airflow.task.operators.airflow.providers.docker.operators.docker.DockerOperator","filename":"docker.py","lineno":71}
{"timestamp":"2026-05-20T22:11:09.570392Z","level":"info","event":"\tat org.apache.spark.scheduler.Task.run(Task.scala:141)","logger":"airflow.task.operators.airflow.providers.docker.operators.docker.DockerOperator","filename":"docker.py","lineno":71}
{"timestamp":"2026-05-20T22:11:09.570419Z","level":"info","event":"\tat org.apache.spark.executor.Executor$TaskRunner.$anonfun$run$4(Executor.scala:620)","logger":"airflow.task.operators.airflow.providers.docker.operators.docker.DockerOperator","filename":"docker.py","lineno":71}
{"timestamp":"2026-05-20T22:11:09.570450Z","level":"info","event":"\tat org.apache.spark.util.SparkErrorUtils.tryWithSafeFinally(SparkErrorUtils.scala:64)","logger":"airflow.task.operators.airflow.providers.docker.operators.docker.DockerOperator","filename":"docker.py","lineno":71}
{"timestamp":"2026-05-20T22:11:09.570479Z","level":"info","event":"\tat org.apache.spark.util.SparkErrorUtils.tryWithSafeFinally$(SparkErrorUtils.scala:61)","logger":"airflow.task.operators.airflow.providers.docker.operators.docker.DockerOperator","filename":"docker.py","lineno":71}
{"timestamp":"2026-05-20T22:11:09.570508Z","level":"info","event":"\tat org.apache.spark.util.Utils$.tryWithSafeFinally(Utils.scala:94)","logger":"airflow.task.operators.airflow.providers.docker.operators.docker.DockerOperator","filename":"docker.py","lineno":71}
{"timestamp":"2026-05-20T22:11:09.570536Z","level":"info","event":"\tat org.apache.spark.executor.Executor$TaskRunner.run(Executor.scala:623)","logger":"airflow.task.operators.airflow.providers.docker.operators.docker.DockerOperator","filename":"docker.py","lineno":71}
{"timestamp":"2026-05-20T22:11:09.570564Z","level":"info","event":"\tat java.base/java.util.concurrent.ThreadPoolExecutor.runWorker(Unknown Source)","logger":"airflow.task.operators.airflow.providers.docker.operators.docker.DockerOperator","filename":"docker.py","lineno":71}
{"timestamp":"2026-05-20T22:11:09.570591Z","level":"info","event":"\tat java.base/java.util.concurrent.ThreadPoolExecutor$Worker.run(Unknown Source)","logger":"airflow.task.operators.airflow.providers.docker.operators.docker.DockerOperator","filename":"docker.py","lineno":71}
{"timestamp":"2026-05-20T22:11:09.570617Z","level":"info","event":"\tat java.base/java.lang.Thread.run(Unknown Source)","logger":"airflow.task.operators.airflow.providers.docker.operators.docker.DockerOperator","filename":"docker.py","lineno":71}
{"timestamp":"2026-05-20T22:11:09.570644Z","level":"info","event":"Caused by: java.lang.ClassNotFoundException: Class org.apache.hadoop.fs.s3a.S3AFileSystem not found","logger":"airflow.task.operators.airflow.providers.docker.operators.docker.DockerOperator","filename":"docker.py","lineno":71}
{"timestamp":"2026-05-20T22:11:09.570672Z","level":"info","event":"\tat org.apache.hadoop.conf.Configuration.getClassByName(Configuration.java:2592)","logger":"airflow.task.operators.airflow.providers.docker.operators.docker.DockerOperator","filename":"docker.py","lineno":71}
{"timestamp":"2026-05-20T22:11:09.570699Z","level":"info","event":"\tat org.apache.hadoop.conf.Configuration.getClass(Configuration.java:2686)","logger":"airflow.task.operators.airflow.providers.docker.operators.docker.DockerOperator","filename":"docker.py","lineno":71}
{"timestamp":"2026-05-20T22:11:09.570726Z","level":"info","event":"\t... 37 more","logger":"airflow.task.operators.airflow.providers.docker.operators.docker.DockerOperator","filename":"docker.py","lineno":71}
{"timestamp":"2026-05-20T22:11:09.570753Z","level":"info","event":"","logger":"airflow.task.operators.airflow.providers.docker.operators.docker.DockerOperator","filename":"docker.py","lineno":71}
{"timestamp":"2026-05-20T22:11:09.570782Z","level":"info","event":"Driver stacktrace:","logger":"airflow.task.operators.airflow.providers.docker.operators.docker.DockerOperator","filename":"docker.py","lineno":71}
{"timestamp":"2026-05-20T22:11:09.570810Z","level":"info","event":"\tat org.apache.spark.scheduler.DAGScheduler.failJobAndIndependentStages(DAGScheduler.scala:2844)","logger":"airflow.task.operators.airflow.providers.docker.operators.docker.DockerOperator","filename":"docker.py","lineno":71}
{"timestamp":"2026-05-20T22:11:09.570902Z","level":"info","event":"\tat org.apache.spark.scheduler.DAGScheduler.$anonfun$abortStage$2(DAGScheduler.scala:2780)","logger":"airflow.task.operators.airflow.providers.docker.operators.docker.DockerOperator","filename":"docker.py","lineno":71}
{"timestamp":"2026-05-20T22:11:09.570986Z","level":"info","event":"\tat org.apache.spark.scheduler.DAGScheduler.$anonfun$abortStage$2$adapted(DAGScheduler.scala:2779)","logger":"airflow.task.operators.airflow.providers.docker.operators.docker.DockerOperator","filename":"docker.py","lineno":71}
{"timestamp":"2026-05-20T22:11:09.571043Z","level":"info","event":"\tat scala.collection.mutable.ResizableArray.foreach(ResizableArray.scala:62)","logger":"airflow.task.operators.airflow.providers.docker.operators.docker.DockerOperator","filename":"docker.py","lineno":71}
{"timestamp":"2026-05-20T22:11:09.571104Z","level":"info","event":"\tat scala.collection.mutable.ResizableArray.foreach$(ResizableArray.scala:55)","logger":"airflow.task.operators.airflow.providers.docker.operators.docker.DockerOperator","filename":"docker.py","lineno":71}
{"timestamp":"2026-05-20T22:11:09.571160Z","level":"info","event":"\tat scala.collection.mutable.ArrayBuffer.foreach(ArrayBuffer.scala:49)","logger":"airflow.task.operators.airflow.providers.docker.operators.docker.DockerOperator","filename":"docker.py","lineno":71}
{"timestamp":"2026-05-20T22:11:09.571225Z","level":"info","event":"\tat org.apache.spark.scheduler.DAGScheduler.abortStage(DAGScheduler.scala:2779)","logger":"airflow.task.operators.airflow.providers.docker.operators.docker.DockerOperator","filename":"docker.py","lineno":71}
{"timestamp":"2026-05-20T22:11:09.571285Z","level":"info","event":"\tat org.apache.spark.scheduler.DAGScheduler.$anonfun$handleTaskSetFailed$1(DAGScheduler.scala:1242)","logger":"airflow.task.operators.airflow.providers.docker.operators.docker.DockerOperator","filename":"docker.py","lineno":71}
{"timestamp":"2026-05-20T22:11:09.571343Z","level":"info","event":"\tat org.apache.spark.scheduler.DAGScheduler.$anonfun$handleTaskSetFailed$1$adapted(DAGScheduler.scala:1242)","logger":"airflow.task.operators.airflow.providers.docker.operators.docker.DockerOperator","filename":"docker.py","lineno":71}
{"timestamp":"2026-05-20T22:11:09.571396Z","level":"info","event":"\tat scala.Option.foreach(Option.scala:407)","logger":"airflow.task.operators.airflow.providers.docker.operators.docker.DockerOperator","filename":"docker.py","lineno":71}
{"timestamp":"2026-05-20T22:11:09.571450Z","level":"info","event":"\tat org.apache.spark.scheduler.DAGScheduler.handleTaskSetFailed(DAGScheduler.scala:1242)","logger":"airflow.task.operators.airflow.providers.docker.operators.docker.DockerOperator","filename":"docker.py","lineno":71}
{"timestamp":"2026-05-20T22:11:09.571498Z","level":"info","event":"\tat org.apache.spark.scheduler.DAGSchedulerEventProcessLoop.doOnReceive(DAGScheduler.scala:3048)","logger":"airflow.task.operators.airflow.providers.docker.operators.docker.DockerOperator","filename":"docker.py","lineno":71}
{"timestamp":"2026-05-20T22:11:09.571550Z","level":"info","event":"\tat org.apache.spark.scheduler.DAGSchedulerEventProcessLoop.onReceive(DAGScheduler.scala:2982)","logger":"airflow.task.operators.airflow.providers.docker.operators.docker.DockerOperator","filename":"docker.py","lineno":71}
{"timestamp":"2026-05-20T22:11:09.571604Z","level":"info","event":"\tat org.apache.spark.scheduler.DAGSchedulerEventProcessLoop.onReceive(DAGScheduler.scala:2971)","logger":"airflow.task.operators.airflow.providers.docker.operators.docker.DockerOperator","filename":"docker.py","lineno":71}
{"timestamp":"2026-05-20T22:11:09.571651Z","level":"info","event":"\tat org.apache.spark.util.EventLoop$$anon$1.run(EventLoop.scala:49)","logger":"airflow.task.operators.airflow.providers.docker.operators.docker.DockerOperator","filename":"docker.py","lineno":71}
{"timestamp":"2026-05-20T22:11:09.571716Z","level":"info","event":"\tat org.apache.spark.scheduler.DAGScheduler.runJob(DAGScheduler.scala:984)","logger":"airflow.task.operators.airflow.providers.docker.operators.docker.DockerOperator","filename":"docker.py","lineno":71}
{"timestamp":"2026-05-20T22:11:09.571787Z","level":"info","event":"\tat org.apache.spark.SparkContext.runJob(SparkContext.scala:2398)","logger":"airflow.task.operators.airflow.providers.docker.operators.docker.DockerOperator","filename":"docker.py","lineno":71}
{"timestamp":"2026-05-20T22:11:09.571865Z","level":"info","event":"\tat org.apache.spark.SparkContext.runJob(SparkContext.scala:2419)","logger":"airflow.task.operators.airflow.providers.docker.operators.docker.DockerOperator","filename":"docker.py","lineno":71}
{"timestamp":"2026-05-20T22:11:09.571914Z","level":"info","event":"\tat org.apache.spark.SparkContext.runJob(SparkContext.scala:2438)","logger":"airflow.task.operators.airflow.providers.docker.operators.docker.DockerOperator","filename":"docker.py","lineno":71}
{"timestamp":"2026-05-20T22:11:09.571954Z","level":"info","event":"\tat org.apache.spark.SparkContext.runJob(SparkContext.scala:2463)","logger":"airflow.task.operators.airflow.providers.docker.operators.docker.DockerOperator","filename":"docker.py","lineno":71}
{"timestamp":"2026-05-20T22:11:09.571994Z","level":"info","event":"\tat org.apache.spark.rdd.RDD.$anonfun$collect$1(RDD.scala:1046)","logger":"airflow.task.operators.airflow.providers.docker.operators.docker.DockerOperator","filename":"docker.py","lineno":71}
{"timestamp":"2026-05-20T22:11:09.572026Z","level":"info","event":"\tat org.apache.spark.rdd.RDDOperationScope$.withScope(RDDOperationScope.scala:151)","logger":"airflow.task.operators.airflow.providers.docker.operators.docker.DockerOperator","filename":"docker.py","lineno":71}
{"timestamp":"2026-05-20T22:11:09.572055Z","level":"info","event":"\tat org.apache.spark.rdd.RDDOperationScope$.withScope(RDDOperationScope.scala:112)","logger":"airflow.task.operators.airflow.providers.docker.operators.docker.DockerOperator","filename":"docker.py","lineno":71}
{"timestamp":"2026-05-20T22:11:09.572084Z","level":"info","event":"\tat org.apache.spark.rdd.RDD.withScope(RDD.scala:407)","logger":"airflow.task.operators.airflow.providers.docker.operators.docker.DockerOperator","filename":"docker.py","lineno":71}
{"timestamp":"2026-05-20T22:11:09.572112Z","level":"info","event":"\tat org.apache.spark.rdd.RDD.collect(RDD.scala:1045)","logger":"airflow.task.operators.airflow.providers.docker.operators.docker.DockerOperator","filename":"docker.py","lineno":71}
{"timestamp":"2026-05-20T22:11:09.572139Z","level":"info","event":"\tat org.apache.spark.sql.execution.SparkPlan.executeCollect(SparkPlan.scala:448)","logger":"airflow.task.operators.airflow.providers.docker.operators.docker.DockerOperator","filename":"docker.py","lineno":71}
{"timestamp":"2026-05-20T22:11:09.572170Z","level":"info","event":"\tat org.apache.spark.sql.Dataset.collectFromPlan(Dataset.scala:4344)","logger":"airflow.task.operators.airflow.providers.docker.operators.docker.DockerOperator","filename":"docker.py","lineno":71}
{"timestamp":"2026-05-20T22:11:09.572197Z","level":"info","event":"\tat org.apache.spark.sql.Dataset.$anonfun$collect$1(Dataset.scala:3585)","logger":"airflow.task.operators.airflow.providers.docker.operators.docker.DockerOperator","filename":"docker.py","lineno":71}
{"timestamp":"2026-05-20T22:11:09.572224Z","level":"info","event":"\tat org.apache.spark.sql.Dataset.$anonfun$withAction$2(Dataset.scala:4334)","logger":"airflow.task.operators.airflow.providers.docker.operators.docker.DockerOperator","filename":"docker.py","lineno":71}
{"timestamp":"2026-05-20T22:11:09.572251Z","level":"info","event":"\tat org.apache.spark.sql.execution.QueryExecution$.withInternalError(QueryExecution.scala:546)","logger":"airflow.task.operators.airflow.providers.docker.operators.docker.DockerOperator","filename":"docker.py","lineno":71}
{"timestamp":"2026-05-20T22:11:09.572279Z","level":"info","event":"\tat org.apache.spark.sql.Dataset.$anonfun$withAction$1(Dataset.scala:4332)","logger":"airflow.task.operators.airflow.providers.docker.operators.docker.DockerOperator","filename":"docker.py","lineno":71}
{"timestamp":"2026-05-20T22:11:09.572306Z","level":"info","event":"\tat org.apache.spark.sql.execution.SQLExecution$.$anonfun$withNewExecutionId$6(SQLExecution.scala:125)","logger":"airflow.task.operators.airflow.providers.docker.operators.docker.DockerOperator","filename":"docker.py","lineno":71}
{"timestamp":"2026-05-20T22:11:09.572336Z","level":"info","event":"\tat org.apache.spark.sql.execution.SQLExecution$.withSQLConfPropagated(SQLExecution.scala:201)","logger":"airflow.task.operators.airflow.providers.docker.operators.docker.DockerOperator","filename":"docker.py","lineno":71}
{"timestamp":"2026-05-20T22:11:09.572365Z","level":"info","event":"\tat org.apache.spark.sql.execution.SQLExecution$.$anonfun$withNewExecutionId$1(SQLExecution.scala:108)","logger":"airflow.task.operators.airflow.providers.docker.operators.docker.DockerOperator","filename":"docker.py","lineno":71}
{"timestamp":"2026-05-20T22:11:09.572392Z","level":"info","event":"\tat org.apache.spark.sql.SparkSession.withActive(SparkSession.scala:900)","logger":"airflow.task.operators.airflow.providers.docker.operators.docker.DockerOperator","filename":"docker.py","lineno":71}
{"timestamp":"2026-05-20T22:11:09.572420Z","level":"info","event":"\tat org.apache.spark.sql.execution.SQLExecution$.withNewExecutionId(SQLExecution.scala:66)","logger":"airflow.task.operators.airflow.providers.docker.operators.docker.DockerOperator","filename":"docker.py","lineno":71}
{"timestamp":"2026-05-20T22:11:09.572451Z","level":"info","event":"\tat org.apache.spark.sql.Dataset.withAction(Dataset.scala:4332)","logger":"airflow.task.operators.airflow.providers.docker.operators.docker.DockerOperator","filename":"docker.py","lineno":71}
{"timestamp":"2026-05-20T22:11:09.572482Z","level":"info","event":"\tat org.apache.spark.sql.Dataset.collect(Dataset.scala:3585)","logger":"airflow.task.operators.airflow.providers.docker.operators.docker.DockerOperator","filename":"docker.py","lineno":71}
{"timestamp":"2026-05-20T22:11:09.572510Z","level":"info","event":"\tat org.apache.spark.sql.delta.Snapshot.protocolAndMetadataReconstruction(Snapshot.scala:229)","logger":"airflow.task.operators.airflow.providers.docker.operators.docker.DockerOperator","filename":"docker.py","lineno":71}
{"timestamp":"2026-05-20T22:11:09.572537Z","level":"info","event":"\tat org.apache.spark.sql.delta.Snapshot.x$1$lzycompute(Snapshot.scala:138)","logger":"airflow.task.operators.airflow.providers.docker.operators.docker.DockerOperator","filename":"docker.py","lineno":71}
{"timestamp":"2026-05-20T22:11:09.572565Z","level":"info","event":"\tat org.apache.spark.sql.delta.Snapshot.x$1(Snapshot.scala:133)","logger":"airflow.task.operators.airflow.providers.docker.operators.docker.DockerOperator","filename":"docker.py","lineno":71}
{"timestamp":"2026-05-20T22:11:09.572592Z","level":"info","event":"\tat org.apache.spark.sql.delta.Snapshot._metadata$lzycompute(Snapshot.scala:133)","logger":"airflow.task.operators.airflow.providers.docker.operators.docker.DockerOperator","filename":"docker.py","lineno":71}
{"timestamp":"2026-05-20T22:11:09.572622Z","level":"info","event":"\tat org.apache.spark.sql.delta.Snapshot._metadata(Snapshot.scala:133)","logger":"airflow.task.operators.airflow.providers.docker.operators.docker.DockerOperator","filename":"docker.py","lineno":71}
{"timestamp":"2026-05-20T22:11:09.572649Z","level":"info","event":"\tat org.apache.spark.sql.delta.Snapshot.metadata(Snapshot.scala:202)","logger":"airflow.task.operators.airflow.providers.docker.operators.docker.DockerOperator","filename":"docker.py","lineno":71}
{"timestamp":"2026-05-20T22:11:09.572676Z","level":"info","event":"\tat org.apache.spark.sql.delta.Snapshot.toString(Snapshot.scala:416)","logger":"airflow.task.operators.airflow.providers.docker.operators.docker.DockerOperator","filename":"docker.py","lineno":71}
{"timestamp":"2026-05-20T22:11:09.572703Z","level":"info","event":"\tat java.base/java.lang.String.valueOf(Unknown Source)","logger":"airflow.task.operators.airflow.providers.docker.operators.docker.DockerOperator","filename":"docker.py","lineno":71}
{"timestamp":"2026-05-20T22:11:09.572729Z","level":"info","event":"\tat java.base/java.lang.StringBuilder.append(Unknown Source)","logger":"airflow.task.operators.airflow.providers.docker.operators.docker.DockerOperator","filename":"docker.py","lineno":71}
{"timestamp":"2026-05-20T22:11:09.572755Z","level":"info","event":"\tat org.apache.spark.sql.delta.Snapshot.$anonfun$new$1(Snapshot.scala:419)","logger":"airflow.task.operators.airflow.providers.docker.operators.docker.DockerOperator","filename":"docker.py","lineno":71}
{"timestamp":"2026-05-20T22:11:09.572783Z","level":"info","event":"\tat org.apache.spark.sql.delta.Snapshot.$anonfun$logInfo$1(Snapshot.scala:396)","logger":"airflow.task.operators.airflow.providers.docker.operators.docker.DockerOperator","filename":"docker.py","lineno":71}
{"timestamp":"2026-05-20T22:11:09.572810Z","level":"info","event":"\tat org.apache.spark.internal.Logging.logInfo(Logging.scala:60)","logger":"airflow.task.operators.airflow.providers.docker.operators.docker.DockerOperator","filename":"docker.py","lineno":71}
{"timestamp":"2026-05-20T22:11:09.572874Z","level":"info","event":"\tat org.apache.spark.internal.Logging.logInfo$(Logging.scala:59)","logger":"airflow.task.operators.airflow.providers.docker.operators.docker.DockerOperator","filename":"docker.py","lineno":71}
{"timestamp":"2026-05-20T22:11:09.572913Z","level":"info","event":"\tat org.apache.spark.sql.delta.Snapshot.logInfo(Snapshot.scala:396)","logger":"airflow.task.operators.airflow.providers.docker.operators.docker.DockerOperator","filename":"docker.py","lineno":71}
{"timestamp":"2026-05-20T22:11:09.572978Z","level":"info","event":"\tat org.apache.spark.sql.delta.Snapshot.<init>(Snapshot.scala:419)","logger":"airflow.task.operators.airflow.providers.docker.operators.docker.DockerOperator","filename":"docker.py","lineno":71}
{"timestamp":"2026-05-20T22:11:09.573033Z","level":"info","event":"\tat org.apache.spark.sql.delta.SnapshotManagement.$anonfun$createSnapshot$2(SnapshotManagement.scala:503)","logger":"airflow.task.operators.airflow.providers.docker.operators.docker.DockerOperator","filename":"docker.py","lineno":71}
{"timestamp":"2026-05-20T22:11:09.573084Z","level":"info","event":"\tat org.apache.spark.sql.delta.SnapshotManagement.createSnapshotFromGivenOrEquivalentLogSegment(SnapshotManagement.scala:628)","logger":"airflow.task.operators.airflow.providers.docker.operators.docker.DockerOperator","filename":"docker.py","lineno":71}
{"timestamp":"2026-05-20T22:11:09.573136Z","level":"info","event":"\tat org.apache.spark.sql.delta.SnapshotManagement.createSnapshotFromGivenOrEquivalentLogSegment$(SnapshotManagement.scala:616)","logger":"airflow.task.operators.airflow.providers.docker.operators.docker.DockerOperator","filename":"docker.py","lineno":71}
{"timestamp":"2026-05-20T22:11:09.573187Z","level":"info","event":"\tat org.apache.spark.sql.delta.DeltaLog.createSnapshotFromGivenOrEquivalentLogSegment(DeltaLog.scala:72)","logger":"airflow.task.operators.airflow.providers.docker.operators.docker.DockerOperator","filename":"docker.py","lineno":71}
{"timestamp":"2026-05-20T22:11:09.573245Z","level":"info","event":"\tat org.apache.spark.sql.delta.SnapshotManagement.createSnapshot(SnapshotManagement.scala:496)","logger":"airflow.task.operators.airflow.providers.docker.operators.docker.DockerOperator","filename":"docker.py","lineno":71}
{"timestamp":"2026-05-20T22:11:09.573294Z","level":"info","event":"\tat org.apache.spark.sql.delta.SnapshotManagement.createSnapshot$(SnapshotManagement.scala:489)","logger":"airflow.task.operators.airflow.providers.docker.operators.docker.DockerOperator","filename":"docker.py","lineno":71}
{"timestamp":"2026-05-20T22:11:09.573347Z","level":"info","event":"\tat org.apache.spark.sql.delta.DeltaLog.createSnapshot(DeltaLog.scala:72)","logger":"airflow.task.operators.airflow.providers.docker.operators.docker.DockerOperator","filename":"docker.py","lineno":71}
{"timestamp":"2026-05-20T22:11:09.573395Z","level":"info","event":"\tat org.apache.spark.sql.delta.SnapshotManagement.$anonfun$createSnapshotAtInitInternal$1(SnapshotManagement.scala:450)","logger":"airflow.task.operators.airflow.providers.docker.operators.docker.DockerOperator","filename":"docker.py","lineno":71}
{"timestamp":"2026-05-20T22:11:09.573451Z","level":"info","event":"\tat scala.Option.map(Option.scala:230)","logger":"airflow.task.operators.airflow.providers.docker.operators.docker.DockerOperator","filename":"docker.py","lineno":71}
{"timestamp":"2026-05-20T22:11:09.573501Z","level":"info","event":"\tat org.apache.spark.sql.delta.SnapshotManagement.createSnapshotAtInitInternal(SnapshotManagement.scala:447)","logger":"airflow.task.operators.airflow.providers.docker.operators.docker.DockerOperator","filename":"docker.py","lineno":71}
{"timestamp":"2026-05-20T22:11:09.573556Z","level":"info","event":"\tat org.apache.spark.sql.delta.SnapshotManagement.createSnapshotAtInitInternal$(SnapshotManagement.scala:444)","logger":"airflow.task.operators.airflow.providers.docker.operators.docker.DockerOperator","filename":"docker.py","lineno":71}
{"timestamp":"2026-05-20T22:11:09.573605Z","level":"info","event":"\tat org.apache.spark.sql.delta.DeltaLog.createSnapshotAtInitInternal(DeltaLog.scala:72)","logger":"airflow.task.operators.airflow.providers.docker.operators.docker.DockerOperator","filename":"docker.py","lineno":71}
{"timestamp":"2026-05-20T22:11:09.573659Z","level":"info","event":"\tat org.apache.spark.sql.delta.SnapshotManagement.$anonfun$getSnapshotAtInit$1(SnapshotManagement.scala:439)","logger":"airflow.task.operators.airflow.providers.docker.operators.docker.DockerOperator","filename":"docker.py","lineno":71}
{"timestamp":"2026-05-20T22:11:09.573713Z","level":"info","event":"\tat org.apache.spark.sql.delta.metering.DeltaLogging.recordFrameProfile(DeltaLogging.scala:140)","logger":"airflow.task.operators.airflow.providers.docker.operators.docker.DockerOperator","filename":"docker.py","lineno":71}
{"timestamp":"2026-05-20T22:11:09.573761Z","level":"info","event":"\tat org.apache.spark.sql.delta.metering.DeltaLogging.recordFrameProfile$(DeltaLogging.scala:138)","logger":"airflow.task.operators.airflow.providers.docker.operators.docker.DockerOperator","filename":"docker.py","lineno":71}
{"timestamp":"2026-05-20T22:11:09.573796Z","level":"info","event":"\tat org.apache.spark.sql.delta.DeltaLog.recordFrameProfile(DeltaLog.scala:72)","logger":"airflow.task.operators.airflow.providers.docker.operators.docker.DockerOperator","filename":"docker.py","lineno":71}
{"timestamp":"2026-05-20T22:11:09.573849Z","level":"info","event":"\tat org.apache.spark.sql.delta.SnapshotManagement.getSnapshotAtInit(SnapshotManagement.scala:434)","logger":"airflow.task.operators.airflow.providers.docker.operators.docker.DockerOperator","filename":"docker.py","lineno":71}
{"timestamp":"2026-05-20T22:11:09.573900Z","level":"info","event":"\tat org.apache.spark.sql.delta.SnapshotManagement.getSnapshotAtInit$(SnapshotManagement.scala:433)","logger":"airflow.task.operators.airflow.providers.docker.operators.docker.DockerOperator","filename":"docker.py","lineno":71}
{"timestamp":"2026-05-20T22:11:09.573936Z","level":"info","event":"\tat org.apache.spark.sql.delta.DeltaLog.getSnapshotAtInit(DeltaLog.scala:72)","logger":"airflow.task.operators.airflow.providers.docker.operators.docker.DockerOperator","filename":"docker.py","lineno":71}
{"timestamp":"2026-05-20T22:11:09.573978Z","level":"info","event":"\tat org.apache.spark.sql.delta.SnapshotManagement.$init$(SnapshotManagement.scala:60)","logger":"airflow.task.operators.airflow.providers.docker.operators.docker.DockerOperator","filename":"docker.py","lineno":71}
{"timestamp":"2026-05-20T22:11:09.574008Z","level":"info","event":"\tat org.apache.spark.sql.delta.DeltaLog.<init>(DeltaLog.scala:78)","logger":"airflow.task.operators.airflow.providers.docker.operators.docker.DockerOperator","filename":"docker.py","lineno":71}
{"timestamp":"2026-05-20T22:11:09.574038Z","level":"info","event":"\tat org.apache.spark.sql.delta.DeltaLog$.$anonfun$apply$4(DeltaLog.scala:779)","logger":"airflow.task.operators.airflow.providers.docker.operators.docker.DockerOperator","filename":"docker.py","lineno":71}
{"timestamp":"2026-05-20T22:11:09.574068Z","level":"info","event":"\tat org.apache.spark.sql.catalyst.plans.logical.AnalysisHelper$.allowInvokingTransformsInAnalyzer(AnalysisHelper.scala:323)","logger":"airflow.task.operators.airflow.providers.docker.operators.docker.DockerOperator","filename":"docker.py","lineno":71}
{"timestamp":"2026-05-20T22:11:09.574099Z","level":"info","event":"\tat org.apache.spark.sql.delta.DeltaLog$.$anonfun$apply$3(DeltaLog.scala:774)","logger":"airflow.task.operators.airflow.providers.docker.operators.docker.DockerOperator","filename":"docker.py","lineno":71}
{"timestamp":"2026-05-20T22:11:09.574128Z","level":"info","event":"\tat org.apache.spark.sql.delta.metering.DeltaLogging.recordFrameProfile(DeltaLogging.scala:140)","logger":"airflow.task.operators.airflow.providers.docker.operators.docker.DockerOperator","filename":"docker.py","lineno":71}
{"timestamp":"2026-05-20T22:11:09.574159Z","level":"info","event":"\tat org.apache.spark.sql.delta.metering.DeltaLogging.recordFrameProfile$(DeltaLogging.scala:138)","logger":"airflow.task.operators.airflow.providers.docker.operators.docker.DockerOperator","filename":"docker.py","lineno":71}
{"timestamp":"2026-05-20T22:11:09.574212Z","level":"info","event":"\tat org.apache.spark.sql.delta.DeltaLog$.recordFrameProfile(DeltaLog.scala:598)","logger":"airflow.task.operators.airflow.providers.docker.operators.docker.DockerOperator","filename":"docker.py","lineno":71}
{"timestamp":"2026-05-20T22:11:09.574261Z","level":"info","event":"\tat org.apache.spark.sql.delta.metering.DeltaLogging.$anonfun$recordDeltaOperationInternal$1(DeltaLogging.scala:133)","logger":"airflow.task.operators.airflow.providers.docker.operators.docker.DockerOperator","filename":"docker.py","lineno":71}
{"timestamp":"2026-05-20T22:11:09.574310Z","level":"info","event":"\tat com.databricks.spark.util.DatabricksLogging.recordOperation(DatabricksLogging.scala:128)","logger":"airflow.task.operators.airflow.providers.docker.operators.docker.DockerOperator","filename":"docker.py","lineno":71}
{"timestamp":"2026-05-20T22:11:09.574355Z","level":"info","event":"\tat com.databricks.spark.util.DatabricksLogging.recordOperation$(DatabricksLogging.scala:117)","logger":"airflow.task.operators.airflow.providers.docker.operators.docker.DockerOperator","filename":"docker.py","lineno":71}
{"timestamp":"2026-05-20T22:11:09.574398Z","level":"info","event":"\tat org.apache.spark.sql.delta.DeltaLog$.recordOperation(DeltaLog.scala:598)","logger":"airflow.task.operators.airflow.providers.docker.operators.docker.DockerOperator","filename":"docker.py","lineno":71}
{"timestamp":"2026-05-20T22:11:09.574447Z","level":"info","event":"\tat org.apache.spark.sql.delta.metering.DeltaLogging.recordDeltaOperationInternal(DeltaLogging.scala:132)","logger":"airflow.task.operators.airflow.providers.docker.operators.docker.DockerOperator","filename":"docker.py","lineno":71}
{"timestamp":"2026-05-20T22:11:09.574503Z","level":"info","event":"\tat org.apache.spark.sql.delta.metering.DeltaLogging.recordDeltaOperation(DeltaLogging.scala:122)","logger":"airflow.task.operators.airflow.providers.docker.operators.docker.DockerOperator","filename":"docker.py","lineno":71}
{"timestamp":"2026-05-20T22:11:09.574552Z","level":"info","event":"\tat org.apache.spark.sql.delta.metering.DeltaLogging.recordDeltaOperation$(DeltaLogging.scala:112)","logger":"airflow.task.operators.airflow.providers.docker.operators.docker.DockerOperator","filename":"docker.py","lineno":71}
{"timestamp":"2026-05-20T22:11:09.574589Z","level":"info","event":"\tat org.apache.spark.sql.delta.DeltaLog$.recordDeltaOperation(DeltaLog.scala:598)","logger":"airflow.task.operators.airflow.providers.docker.operators.docker.DockerOperator","filename":"docker.py","lineno":71}
{"timestamp":"2026-05-20T22:11:09.574620Z","level":"info","event":"\tat org.apache.spark.sql.delta.DeltaLog$.createDeltaLog$1(DeltaLog.scala:773)","logger":"airflow.task.operators.airflow.providers.docker.operators.docker.DockerOperator","filename":"docker.py","lineno":71}
{"timestamp":"2026-05-20T22:11:09.574650Z","level":"info","event":"\tat org.apache.spark.sql.delta.DeltaLog$.$anonfun$apply$5(DeltaLog.scala:791)","logger":"airflow.task.operators.airflow.providers.docker.operators.docker.DockerOperator","filename":"docker.py","lineno":71}
{"timestamp":"2026-05-20T22:11:09.574680Z","level":"info","event":"\tat com.google.common.cache.LocalCache$LocalManualCache$1.load(LocalCache.java:4792)","logger":"airflow.task.operators.airflow.providers.docker.operators.docker.DockerOperator","filename":"docker.py","lineno":71}
{"timestamp":"2026-05-20T22:11:09.574710Z","level":"info","event":"\tat com.google.common.cache.LocalCache$LoadingValueReference.loadFuture(LocalCache.java:3599)","logger":"airflow.task.operators.airflow.providers.docker.operators.docker.DockerOperator","filename":"docker.py","lineno":71}
{"timestamp":"2026-05-20T22:11:09.574740Z","level":"info","event":"\tat com.google.common.cache.LocalCache$Segment.loadSync(LocalCache.java:2379)","logger":"airflow.task.operators.airflow.providers.docker.operators.docker.DockerOperator","filename":"docker.py","lineno":71}
{"timestamp":"2026-05-20T22:11:09.574783Z","level":"info","event":"\tat com.google.common.cache.LocalCache$Segment.lockedGetOrLoad(LocalCache.java:2342)","logger":"airflow.task.operators.airflow.providers.docker.operators.docker.DockerOperator","filename":"docker.py","lineno":71}
{"timestamp":"2026-05-20T22:11:09.574855Z","level":"info","event":"\tat com.google.common.cache.LocalCache$Segment.get(LocalCache.java:2257)","logger":"airflow.task.operators.airflow.providers.docker.operators.docker.DockerOperator","filename":"docker.py","lineno":71}
{"timestamp":"2026-05-20T22:11:09.574911Z","level":"info","event":"\tat com.google.common.cache.LocalCache.get(LocalCache.java:4000)","logger":"airflow.task.operators.airflow.providers.docker.operators.docker.DockerOperator","filename":"docker.py","lineno":71}
{"timestamp":"2026-05-20T22:11:09.574980Z","level":"info","event":"\tat com.google.common.cache.LocalCache$LocalManualCache.get(LocalCache.java:4789)","logger":"airflow.task.operators.airflow.providers.docker.operators.docker.DockerOperator","filename":"docker.py","lineno":71}
{"timestamp":"2026-05-20T22:11:09.575037Z","level":"info","event":"\tat org.apache.spark.sql.delta.DeltaLog$.getDeltaLogFromCache$1(DeltaLog.scala:790)","logger":"airflow.task.operators.airflow.providers.docker.operators.docker.DockerOperator","filename":"docker.py","lineno":71}
{"timestamp":"2026-05-20T22:11:09.575093Z","level":"info","event":"\tat org.apache.spark.sql.delta.DeltaLog$.apply(DeltaLog.scala:800)","logger":"airflow.task.operators.airflow.providers.docker.operators.docker.DockerOperator","filename":"docker.py","lineno":71}
{"timestamp":"2026-05-20T22:11:09.575147Z","level":"info","event":"\tat org.apache.spark.sql.delta.DeltaLog$.forTable(DeltaLog.scala:677)","logger":"airflow.task.operators.airflow.providers.docker.operators.docker.DockerOperator","filename":"docker.py","lineno":71}
{"timestamp":"2026-05-20T22:11:09.575198Z","level":"info","event":"\tat org.apache.spark.sql.delta.catalog.DeltaTableV2.$anonfun$deltaLog$1(DeltaTableV2.scala:91)","logger":"airflow.task.operators.airflow.providers.docker.operators.docker.DockerOperator","filename":"docker.py","lineno":71}
{"timestamp":"2026-05-20T22:11:09.575252Z","level":"info","event":"\tat org.apache.spark.sql.delta.catalog.DeltaTableV2$.withEnrichedUnsupportedTableException(DeltaTableV2.scala:364)","logger":"airflow.task.operators.airflow.providers.docker.operators.docker.DockerOperator","filename":"docker.py","lineno":71}
{"timestamp":"2026-05-20T22:11:09.575308Z","level":"info","event":"\tat org.apache.spark.sql.delta.catalog.DeltaTableV2.deltaLog$lzycompute(DeltaTableV2.scala:91)","logger":"airflow.task.operators.airflow.providers.docker.operators.docker.DockerOperator","filename":"docker.py","lineno":71}
{"timestamp":"2026-05-20T22:11:09.575366Z","level":"info","event":"\tat org.apache.spark.sql.delta.catalog.DeltaTableV2.deltaLog(DeltaTableV2.scala:89)","logger":"airflow.task.operators.airflow.providers.docker.operators.docker.DockerOperator","filename":"docker.py","lineno":71}
{"timestamp":"2026-05-20T22:11:09.575422Z","level":"info","event":"\tat org.apache.spark.sql.delta.catalog.DeltaTableV2.$anonfun$initialSnapshot$4(DeltaTableV2.scala:144)","logger":"airflow.task.operators.airflow.providers.docker.operators.docker.DockerOperator","filename":"docker.py","lineno":71}
{"timestamp":"2026-05-20T22:11:09.575483Z","level":"info","event":"\tat scala.Option.getOrElse(Option.scala:189)","logger":"airflow.task.operators.airflow.providers.docker.operators.docker.DockerOperator","filename":"docker.py","lineno":71}
{"timestamp":"2026-05-20T22:11:09.575541Z","level":"info","event":"\tat org.apache.spark.sql.delta.catalog.DeltaTableV2.$anonfun$initialSnapshot$1(DeltaTableV2.scala:144)","logger":"airflow.task.operators.airflow.providers.docker.operators.docker.DockerOperator","filename":"docker.py","lineno":71}
{"timestamp":"2026-05-20T22:11:09.575596Z","level":"info","event":"\tat org.apache.spark.sql.delta.catalog.DeltaTableV2$.withEnrichedUnsupportedTableException(DeltaTableV2.scala:364)","logger":"airflow.task.operators.airflow.providers.docker.operators.docker.DockerOperator","filename":"docker.py","lineno":71}
{"timestamp":"2026-05-20T22:11:09.575650Z","level":"info","event":"\tat org.apache.spark.sql.delta.catalog.DeltaTableV2.initialSnapshot$lzycompute(DeltaTableV2.scala:143)","logger":"airflow.task.operators.airflow.providers.docker.operators.docker.DockerOperator","filename":"docker.py","lineno":71}
{"timestamp":"2026-05-20T22:11:09.575715Z","level":"info","event":"\tat org.apache.spark.sql.delta.catalog.DeltaTableV2.initialSnapshot(DeltaTableV2.scala:123)","logger":"airflow.task.operators.airflow.providers.docker.operators.docker.DockerOperator","filename":"docker.py","lineno":71}
{"timestamp":"2026-05-20T22:11:09.575782Z","level":"info","event":"\tat org.apache.spark.sql.delta.catalog.DeltaTableV2.toBaseRelation$lzycompute(DeltaTableV2.scala:235)","logger":"airflow.task.operators.airflow.providers.docker.operators.docker.DockerOperator","filename":"docker.py","lineno":71}
{"timestamp":"2026-05-20T22:11:09.575869Z","level":"info","event":"\tat org.apache.spark.sql.delta.catalog.DeltaTableV2.toBaseRelation(DeltaTableV2.scala:233)","logger":"airflow.task.operators.airflow.providers.docker.operators.docker.DockerOperator","filename":"docker.py","lineno":71}
{"timestamp":"2026-05-20T22:11:09.575933Z","level":"info","event":"\tat org.apache.spark.sql.delta.sources.DeltaDataSource.$anonfun$createRelation$5(DeltaDataSource.scala:250)","logger":"airflow.task.operators.airflow.providers.docker.operators.docker.DockerOperator","filename":"docker.py","lineno":71}
{"timestamp":"2026-05-20T22:11:09.575997Z","level":"info","event":"\tat org.apache.spark.sql.delta.metering.DeltaLogging.recordFrameProfile(DeltaLogging.scala:140)","logger":"airflow.task.operators.airflow.providers.docker.operators.docker.DockerOperator","filename":"docker.py","lineno":71}
{"timestamp":"2026-05-20T22:11:09.576033Z","level":"info","event":"\tat org.apache.spark.sql.delta.metering.DeltaLogging.recordFrameProfile$(DeltaLogging.scala:138)","logger":"airflow.task.operators.airflow.providers.docker.operators.docker.DockerOperator","filename":"docker.py","lineno":71}
{"timestamp":"2026-05-20T22:11:09.576064Z","level":"info","event":"\tat org.apache.spark.sql.delta.sources.DeltaDataSource.recordFrameProfile(DeltaDataSource.scala:49)","logger":"airflow.task.operators.airflow.providers.docker.operators.docker.DockerOperator","filename":"docker.py","lineno":71}
{"timestamp":"2026-05-20T22:11:09.576094Z","level":"info","event":"\tat org.apache.spark.sql.delta.sources.DeltaDataSource.createRelation(DeltaDataSource.scala:209)","logger":"airflow.task.operators.airflow.providers.docker.operators.docker.DockerOperator","filename":"docker.py","lineno":71}
{"timestamp":"2026-05-20T22:11:09.576126Z","level":"info","event":"\tat org.apache.spark.sql.execution.datasources.DataSource.resolveRelation(DataSource.scala:346)","logger":"airflow.task.operators.airflow.providers.docker.operators.docker.DockerOperator","filename":"docker.py","lineno":71}
{"timestamp":"2026-05-20T22:11:09.576156Z","level":"info","event":"\tat org.apache.spark.sql.DataFrameReader.loadV1Source(DataFrameReader.scala:229)","logger":"airflow.task.operators.airflow.providers.docker.operators.docker.DockerOperator","filename":"docker.py","lineno":71}
{"timestamp":"2026-05-20T22:11:09.576186Z","level":"info","event":"\tat org.apache.spark.sql.DataFrameReader.$anonfun$load$2(DataFrameReader.scala:211)","logger":"airflow.task.operators.airflow.providers.docker.operators.docker.DockerOperator","filename":"docker.py","lineno":71}
{"timestamp":"2026-05-20T22:11:09.576218Z","level":"info","event":"\tat scala.Option.getOrElse(Option.scala:189)","logger":"airflow.task.operators.airflow.providers.docker.operators.docker.DockerOperator","filename":"docker.py","lineno":71}
{"timestamp":"2026-05-20T22:11:09.576248Z","level":"info","event":"\tat org.apache.spark.sql.DataFrameReader.load(DataFrameReader.scala:211)","logger":"airflow.task.operators.airflow.providers.docker.operators.docker.DockerOperator","filename":"docker.py","lineno":71}
{"timestamp":"2026-05-20T22:11:09.576277Z","level":"info","event":"\tat org.apache.spark.sql.DataFrameReader.load(DataFrameReader.scala:186)","logger":"airflow.task.operators.airflow.providers.docker.operators.docker.DockerOperator","filename":"docker.py","lineno":71}
{"timestamp":"2026-05-20T22:11:09.576305Z","level":"info","event":"\tat java.base/jdk.internal.reflect.NativeMethodAccessorImpl.invoke0(Native Method)","logger":"airflow.task.operators.airflow.providers.docker.operators.docker.DockerOperator","filename":"docker.py","lineno":71}
{"timestamp":"2026-05-20T22:11:09.576334Z","level":"info","event":"\tat java.base/jdk.internal.reflect.NativeMethodAccessorImpl.invoke(Unknown Source)","logger":"airflow.task.operators.airflow.providers.docker.operators.docker.DockerOperator","filename":"docker.py","lineno":71}
{"timestamp":"2026-05-20T22:11:09.576365Z","level":"info","event":"\tat java.base/jdk.internal.reflect.DelegatingMethodAccessorImpl.invoke(Unknown Source)","logger":"airflow.task.operators.airflow.providers.docker.operators.docker.DockerOperator","filename":"docker.py","lineno":71}
{"timestamp":"2026-05-20T22:11:09.576394Z","level":"info","event":"\tat java.base/java.lang.reflect.Method.invoke(Unknown Source)","logger":"airflow.task.operators.airflow.providers.docker.operators.docker.DockerOperator","filename":"docker.py","lineno":71}
{"timestamp":"2026-05-20T22:11:09.576427Z","level":"info","event":"\tat py4j.reflection.MethodInvoker.invoke(MethodInvoker.java:244)","logger":"airflow.task.operators.airflow.providers.docker.operators.docker.DockerOperator","filename":"docker.py","lineno":71}
{"timestamp":"2026-05-20T22:11:09.576459Z","level":"info","event":"\tat py4j.reflection.ReflectionEngine.invoke(ReflectionEngine.java:374)","logger":"airflow.task.operators.airflow.providers.docker.operators.docker.DockerOperator","filename":"docker.py","lineno":71}
{"timestamp":"2026-05-20T22:11:09.576488Z","level":"info","event":"\tat py4j.Gateway.invoke(Gateway.java:282)","logger":"airflow.task.operators.airflow.providers.docker.operators.docker.DockerOperator","filename":"docker.py","lineno":71}
{"timestamp":"2026-05-20T22:11:09.576519Z","level":"info","event":"\tat py4j.commands.AbstractCommand.invokeMethod(AbstractCommand.java:132)","logger":"airflow.task.operators.airflow.providers.docker.operators.docker.DockerOperator","filename":"docker.py","lineno":71}
{"timestamp":"2026-05-20T22:11:09.576549Z","level":"info","event":"\tat py4j.commands.CallCommand.execute(CallCommand.java:79)","logger":"airflow.task.operators.airflow.providers.docker.operators.docker.DockerOperator","filename":"docker.py","lineno":71}
{"timestamp":"2026-05-20T22:11:09.576580Z","level":"info","event":"\tat py4j.ClientServerConnection.waitForCommands(ClientServerConnection.java:182)","logger":"airflow.task.operators.airflow.providers.docker.operators.docker.DockerOperator","filename":"docker.py","lineno":71}
{"timestamp":"2026-05-20T22:11:09.576609Z","level":"info","event":"\tat py4j.ClientServerConnection.run(ClientServerConnection.java:106)","logger":"airflow.task.operators.airflow.providers.docker.operators.docker.DockerOperator","filename":"docker.py","lineno":71}
{"timestamp":"2026-05-20T22:11:09.576638Z","level":"info","event":"\tat java.base/java.lang.Thread.run(Unknown Source)","logger":"airflow.task.operators.airflow.providers.docker.operators.docker.DockerOperator","filename":"docker.py","lineno":71}
{"timestamp":"2026-05-20T22:11:09.576666Z","level":"info","event":"Caused by: java.lang.RuntimeException: java.lang.ClassNotFoundException: Class org.apache.hadoop.fs.s3a.S3AFileSystem not found","logger":"airflow.task.operators.airflow.providers.docker.operators.docker.DockerOperator","filename":"docker.py","lineno":71}
{"timestamp":"2026-05-20T22:11:09.576696Z","level":"info","event":"\tat org.apache.hadoop.conf.Configuration.getClass(Configuration.java:2688)","logger":"airflow.task.operators.airflow.providers.docker.operators.docker.DockerOperator","filename":"docker.py","lineno":71}
{"timestamp":"2026-05-20T22:11:09.576725Z","level":"info","event":"\tat org.apache.hadoop.fs.FileSystem.getFileSystemClass(FileSystem.java:3431)","logger":"airflow.task.operators.airflow.providers.docker.operators.docker.DockerOperator","filename":"docker.py","lineno":71}
{"timestamp":"2026-05-20T22:11:09.576756Z","level":"info","event":"\tat org.apache.hadoop.fs.FileSystem.createFileSystem(FileSystem.java:3466)","logger":"airflow.task.operators.airflow.providers.docker.operators.docker.DockerOperator","filename":"docker.py","lineno":71}
{"timestamp":"2026-05-20T22:11:09.576786Z","level":"info","event":"\tat org.apache.hadoop.fs.FileSystem.access$300(FileSystem.java:174)","logger":"airflow.task.operators.airflow.providers.docker.operators.docker.DockerOperator","filename":"docker.py","lineno":71}
{"timestamp":"2026-05-20T22:11:09.576815Z","level":"info","event":"\tat org.apache.hadoop.fs.FileSystem$Cache.getInternal(FileSystem.java:3574)","logger":"airflow.task.operators.airflow.providers.docker.operators.docker.DockerOperator","filename":"docker.py","lineno":71}
{"timestamp":"2026-05-20T22:11:09.576888Z","level":"info","event":"\tat org.apache.hadoop.fs.FileSystem$Cache.get(FileSystem.java:3521)","logger":"airflow.task.operators.airflow.providers.docker.operators.docker.DockerOperator","filename":"docker.py","lineno":71}
{"timestamp":"2026-05-20T22:11:09.576931Z","level":"info","event":"\tat org.apache.hadoop.fs.FileSystem.get(FileSystem.java:540)","logger":"airflow.task.operators.airflow.providers.docker.operators.docker.DockerOperator","filename":"docker.py","lineno":71}
{"timestamp":"2026-05-20T22:11:09.576979Z","level":"info","event":"\tat org.apache.hadoop.fs.Path.getFileSystem(Path.java:365)","logger":"airflow.task.operators.airflow.providers.docker.operators.docker.DockerOperator","filename":"docker.py","lineno":71}
{"timestamp":"2026-05-20T22:11:09.577015Z","level":"info","event":"\tat org.apache.hadoop.mapreduce.lib.input.LineRecordReader.initialize(LineRecordReader.java:88)","logger":"airflow.task.operators.airflow.providers.docker.operators.docker.DockerOperator","filename":"docker.py","lineno":71}
{"timestamp":"2026-05-20T22:11:09.577047Z","level":"info","event":"\tat org.apache.spark.sql.execution.datasources.HadoopFileLinesReader.<init>(HadoopFileLinesReader.scala:63)","logger":"airflow.task.operators.airflow.providers.docker.operators.docker.DockerOperator","filename":"docker.py","lineno":71}
{"timestamp":"2026-05-20T22:11:09.577078Z","level":"info","event":"\tat org.apache.spark.sql.execution.datasources.json.TextInputJsonDataSource$.readFile(JsonDataSource.scala:132)","logger":"airflow.task.operators.airflow.providers.docker.operators.docker.DockerOperator","filename":"docker.py","lineno":71}
{"timestamp":"2026-05-20T22:11:09.577109Z","level":"info","event":"\tat org.apache.spark.sql.execution.datasources.json.JsonFileFormat.$anonfun$buildReader$2(JsonFileFormat.scala:126)","logger":"airflow.task.operators.airflow.providers.docker.operators.docker.DockerOperator","filename":"docker.py","lineno":71}
{"timestamp":"2026-05-20T22:11:09.577139Z","level":"info","event":"\tat org.apache.spark.sql.execution.datasources.FileFormat$$anon$1.apply(FileFormat.scala:160)","logger":"airflow.task.operators.airflow.providers.docker.operators.docker.DockerOperator","filename":"docker.py","lineno":71}
{"timestamp":"2026-05-20T22:11:09.577168Z","level":"info","event":"\tat org.apache.spark.sql.execution.datasources.FileFormat$$anon$1.apply(FileFormat.scala:140)","logger":"airflow.task.operators.airflow.providers.docker.operators.docker.DockerOperator","filename":"docker.py","lineno":71}
{"timestamp":"2026-05-20T22:11:09.577198Z","level":"info","event":"\tat org.apache.spark.sql.execution.datasources.FileScanRDD$$anon$1.org$apache$spark$sql$execution$datasources$FileScanRDD$$anon$$readCurrentFile(FileScanRDD.scala:217)","logger":"airflow.task.operators.airflow.providers.docker.operators.docker.DockerOperator","filename":"docker.py","lineno":71}
{"timestamp":"2026-05-20T22:11:09.577228Z","level":"info","event":"\tat org.apache.spark.sql.execution.datasources.FileScanRDD$$anon$1.nextIterator(FileScanRDD.scala:279)","logger":"airflow.task.operators.airflow.providers.docker.operators.docker.DockerOperator","filename":"docker.py","lineno":71}
{"timestamp":"2026-05-20T22:11:09.577257Z","level":"info","event":"\tat org.apache.spark.sql.execution.datasources.FileScanRDD$$anon$1.hasNext(FileScanRDD.scala:129)","logger":"airflow.task.operators.airflow.providers.docker.operators.docker.DockerOperator","filename":"docker.py","lineno":71}
{"timestamp":"2026-05-20T22:11:09.577287Z","level":"info","event":"\tat scala.collection.Iterator$$anon$10.hasNext(Iterator.scala:460)","logger":"airflow.task.operators.airflow.providers.docker.operators.docker.DockerOperator","filename":"docker.py","lineno":71}
{"timestamp":"2026-05-20T22:11:09.577316Z","level":"info","event":"\tat org.apache.spark.sql.catalyst.expressions.GeneratedClass$GeneratedIteratorForCodegenStage1.processNext(Unknown Source)","logger":"airflow.task.operators.airflow.providers.docker.operators.docker.DockerOperator","filename":"docker.py","lineno":71}
{"timestamp":"2026-05-20T22:11:09.577346Z","level":"info","event":"\tat org.apache.spark.sql.execution.BufferedRowIterator.hasNext(BufferedRowIterator.java:43)","logger":"airflow.task.operators.airflow.providers.docker.operators.docker.DockerOperator","filename":"docker.py","lineno":71}
{"timestamp":"2026-05-20T22:11:09.577380Z","level":"info","event":"\tat org.apache.spark.sql.execution.WholeStageCodegenEvaluatorFactory$WholeStageCodegenPartitionEvaluator$$anon$1.hasNext(WholeStageCodegenEvaluatorFactory.scala:43)","logger":"airflow.task.operators.airflow.providers.docker.operators.docker.DockerOperator","filename":"docker.py","lineno":71}
{"timestamp":"2026-05-20T22:11:09.577438Z","level":"info","event":"\tat org.apache.spark.sql.execution.SparkPlan.$anonfun$getByteArrayRdd$1(SparkPlan.scala:388)","logger":"airflow.task.operators.airflow.providers.docker.operators.docker.DockerOperator","filename":"docker.py","lineno":71}
{"timestamp":"2026-05-20T22:11:09.577512Z","level":"info","event":"\tat org.apache.spark.rdd.RDD.$anonfun$mapPartitionsInternal$2(RDD.scala:890)","logger":"airflow.task.operators.airflow.providers.docker.operators.docker.DockerOperator","filename":"docker.py","lineno":71}
{"timestamp":"2026-05-20T22:11:09.577566Z","level":"info","event":"\tat org.apache.spark.rdd.RDD.$anonfun$mapPartitionsInternal$2$adapted(RDD.scala:890)","logger":"airflow.task.operators.airflow.providers.docker.operators.docker.DockerOperator","filename":"docker.py","lineno":71}
{"timestamp":"2026-05-20T22:11:09.577611Z","level":"info","event":"\tat org.apache.spark.rdd.MapPartitionsRDD.compute(MapPartitionsRDD.scala:52)","logger":"airflow.task.operators.airflow.providers.docker.operators.docker.DockerOperator","filename":"docker.py","lineno":71}
{"timestamp":"2026-05-20T22:11:09.577660Z","level":"info","event":"\tat org.apache.spark.rdd.RDD.computeOrReadCheckpoint(RDD.scala:364)","logger":"airflow.task.operators.airflow.providers.docker.operators.docker.DockerOperator","filename":"docker.py","lineno":71}
{"timestamp":"2026-05-20T22:11:09.577717Z","level":"info","event":"\tat org.apache.spark.rdd.RDD.iterator(RDD.scala:328)","logger":"airflow.task.operators.airflow.providers.docker.operators.docker.DockerOperator","filename":"docker.py","lineno":71}
{"timestamp":"2026-05-20T22:11:09.577772Z","level":"info","event":"\tat org.apache.spark.scheduler.ResultTask.runTask(ResultTask.scala:93)","logger":"airflow.task.operators.airflow.providers.docker.operators.docker.DockerOperator","filename":"docker.py","lineno":71}
{"timestamp":"2026-05-20T22:11:09.577807Z","level":"info","event":"\tat org.apache.spark.TaskContext.runTaskWithListeners(TaskContext.scala:161)","logger":"airflow.task.operators.airflow.providers.docker.operators.docker.DockerOperator","filename":"docker.py","lineno":71}
{"timestamp":"2026-05-20T22:11:09.577872Z","level":"info","event":"\tat org.apache.spark.scheduler.Task.run(Task.scala:141)","logger":"airflow.task.operators.airflow.providers.docker.operators.docker.DockerOperator","filename":"docker.py","lineno":71}
{"timestamp":"2026-05-20T22:11:09.577916Z","level":"info","event":"\tat org.apache.spark.executor.Executor$TaskRunner.$anonfun$run$4(Executor.scala:620)","logger":"airflow.task.operators.airflow.providers.docker.operators.docker.DockerOperator","filename":"docker.py","lineno":71}
{"timestamp":"2026-05-20T22:11:09.587449Z","level":"info","event":"\tat org.apache.spark.util.SparkErrorUtils.tryWithSafeFinally(SparkErrorUtils.scala:64)","logger":"airflow.task.operators.airflow.providers.docker.operators.docker.DockerOperator","filename":"docker.py","lineno":71}
{"timestamp":"2026-05-20T22:11:09.587678Z","level":"info","event":"\tat org.apache.spark.util.SparkErrorUtils.tryWithSafeFinally$(SparkErrorUtils.scala:61)","logger":"airflow.task.operators.airflow.providers.docker.operators.docker.DockerOperator","filename":"docker.py","lineno":71}
{"timestamp":"2026-05-20T22:11:09.587737Z","level":"info","event":"\tat org.apache.spark.util.Utils$.tryWithSafeFinally(Utils.scala:94)","logger":"airflow.task.operators.airflow.providers.docker.operators.docker.DockerOperator","filename":"docker.py","lineno":71}
{"timestamp":"2026-05-20T22:11:09.587819Z","level":"info","event":"\tat org.apache.spark.executor.Executor$TaskRunner.run(Executor.scala:623)","logger":"airflow.task.operators.airflow.providers.docker.operators.docker.DockerOperator","filename":"docker.py","lineno":71}
{"timestamp":"2026-05-20T22:11:09.587926Z","level":"info","event":"\tat java.base/java.util.concurrent.ThreadPoolExecutor.runWorker(Unknown Source)","logger":"airflow.task.operators.airflow.providers.docker.operators.docker.DockerOperator","filename":"docker.py","lineno":71}
{"timestamp":"2026-05-20T22:11:09.587984Z","level":"info","event":"\tat java.base/java.util.concurrent.ThreadPoolExecutor$Worker.run(Unknown Source)","logger":"airflow.task.operators.airflow.providers.docker.operators.docker.DockerOperator","filename":"docker.py","lineno":71}
{"timestamp":"2026-05-20T22:11:09.588135Z","level":"info","event":"\t... 1 more","logger":"airflow.task.operators.airflow.providers.docker.operators.docker.DockerOperator","filename":"docker.py","lineno":71}
{"timestamp":"2026-05-20T22:11:09.588232Z","level":"info","event":"Caused by: java.lang.ClassNotFoundException: Class org.apache.hadoop.fs.s3a.S3AFileSystem not found","logger":"airflow.task.operators.airflow.providers.docker.operators.docker.DockerOperator","filename":"docker.py","lineno":71}
{"timestamp":"2026-05-20T22:11:09.588303Z","level":"info","event":"\tat org.apache.hadoop.conf.Configuration.getClassByName(Configuration.java:2592)","logger":"airflow.task.operators.airflow.providers.docker.operators.docker.DockerOperator","filename":"docker.py","lineno":71}
{"timestamp":"2026-05-20T22:11:09.588371Z","level":"info","event":"\tat org.apache.hadoop.conf.Configuration.getClass(Configuration.java:2686)","logger":"airflow.task.operators.airflow.providers.docker.operators.docker.DockerOperator","filename":"docker.py","lineno":71}
{"timestamp":"2026-05-20T22:11:09.588413Z","level":"info","event":"\t... 37 more","logger":"airflow.task.operators.airflow.providers.docker.operators.docker.DockerOperator","filename":"docker.py","lineno":71}
{"timestamp":"2026-05-20T22:11:09.588451Z","level":"info","event":"","logger":"airflow.task.operators.airflow.providers.docker.operators.docker.DockerOperator","filename":"docker.py","lineno":71}
{"timestamp":"2026-05-20T22:11:09.588592Z","level":"info","event":"26/05/20 22:11:09 INFO BlockManagerInfo: Removed broadcast_3_piece0 on 172.20.0.20:38043 in memory (size: 34.9 KiB, free: 434.2 MiB)","logger":"airflow.task.operators.airflow.providers.docker.operators.docker.DockerOperator","filename":"docker.py","lineno":71}
{"timestamp":"2026-05-20T22:11:09.588756Z","level":"info","event":"2026-05-20 22:11:09,532 - ERROR - Error processing table sales_per_customer: An error occurred while calling o55.load.","logger":"airflow.task.operators.airflow.providers.docker.operators.docker.DockerOperator","filename":"docker.py","lineno":71}
{"timestamp":"2026-05-20T22:11:09.588803Z","level":"info","event":": org.apache.spark.SparkException: Job aborted due to stage failure: Task 0 in stage 6.0 failed 4 times, most recent failure: Lost task 0.3 in stage 6.0 (TID 24) (172.20.0.20 executor 0): java.lang.RuntimeException: java.lang.ClassNotFoundException: Class org.apache.hadoop.fs.s3a.S3AFileSystem not found","logger":"airflow.task.operators.airflow.providers.docker.operators.docker.DockerOperator","filename":"docker.py","lineno":71}
{"timestamp":"2026-05-20T22:11:09.588871Z","level":"info","event":"\tat org.apache.hadoop.conf.Configuration.getClass(Configuration.java:2688)","logger":"airflow.task.operators.airflow.providers.docker.operators.docker.DockerOperator","filename":"docker.py","lineno":71}
{"timestamp":"2026-05-20T22:11:09.588908Z","level":"info","event":"\tat org.apache.hadoop.fs.FileSystem.getFileSystemClass(FileSystem.java:3431)","logger":"airflow.task.operators.airflow.providers.docker.operators.docker.DockerOperator","filename":"docker.py","lineno":71}
{"timestamp":"2026-05-20T22:11:09.588940Z","level":"info","event":"\tat org.apache.hadoop.fs.FileSystem.createFileSystem(FileSystem.java:3466)","logger":"airflow.task.operators.airflow.providers.docker.operators.docker.DockerOperator","filename":"docker.py","lineno":71}
{"timestamp":"2026-05-20T22:11:09.588970Z","level":"info","event":"\tat org.apache.hadoop.fs.FileSystem.access$300(FileSystem.java:174)","logger":"airflow.task.operators.airflow.providers.docker.operators.docker.DockerOperator","filename":"docker.py","lineno":71}
{"timestamp":"2026-05-20T22:11:09.589000Z","level":"info","event":"\tat org.apache.hadoop.fs.FileSystem$Cache.getInternal(FileSystem.java:3574)","logger":"airflow.task.operators.airflow.providers.docker.operators.docker.DockerOperator","filename":"docker.py","lineno":71}
{"timestamp":"2026-05-20T22:11:09.589040Z","level":"info","event":"\tat org.apache.hadoop.fs.FileSystem$Cache.get(FileSystem.java:3521)","logger":"airflow.task.operators.airflow.providers.docker.operators.docker.DockerOperator","filename":"docker.py","lineno":71}
{"timestamp":"2026-05-20T22:11:09.589072Z","level":"info","event":"\tat org.apache.hadoop.fs.FileSystem.get(FileSystem.java:540)","logger":"airflow.task.operators.airflow.providers.docker.operators.docker.DockerOperator","filename":"docker.py","lineno":71}
{"timestamp":"2026-05-20T22:11:09.589102Z","level":"info","event":"\tat org.apache.hadoop.fs.Path.getFileSystem(Path.java:365)","logger":"airflow.task.operators.airflow.providers.docker.operators.docker.DockerOperator","filename":"docker.py","lineno":71}
{"timestamp":"2026-05-20T22:11:09.589156Z","level":"info","event":"\tat org.apache.hadoop.mapreduce.lib.input.LineRecordReader.initialize(LineRecordReader.java:88)","logger":"airflow.task.operators.airflow.providers.docker.operators.docker.DockerOperator","filename":"docker.py","lineno":71}
{"timestamp":"2026-05-20T22:11:09.589218Z","level":"info","event":"\tat org.apache.spark.sql.execution.datasources.HadoopFileLinesReader.<init>(HadoopFileLinesReader.scala:63)","logger":"airflow.task.operators.airflow.providers.docker.operators.docker.DockerOperator","filename":"docker.py","lineno":71}
{"timestamp":"2026-05-20T22:11:09.589273Z","level":"info","event":"\tat org.apache.spark.sql.execution.datasources.json.TextInputJsonDataSource$.readFile(JsonDataSource.scala:132)","logger":"airflow.task.operators.airflow.providers.docker.operators.docker.DockerOperator","filename":"docker.py","lineno":71}
{"timestamp":"2026-05-20T22:11:09.589327Z","level":"info","event":"\tat org.apache.spark.sql.execution.datasources.json.JsonFileFormat.$anonfun$buildReader$2(JsonFileFormat.scala:126)","logger":"airflow.task.operators.airflow.providers.docker.operators.docker.DockerOperator","filename":"docker.py","lineno":71}
{"timestamp":"2026-05-20T22:11:09.589383Z","level":"info","event":"\tat org.apache.spark.sql.execution.datasources.FileFormat$$anon$1.apply(FileFormat.scala:160)","logger":"airflow.task.operators.airflow.providers.docker.operators.docker.DockerOperator","filename":"docker.py","lineno":71}
{"timestamp":"2026-05-20T22:11:09.589418Z","level":"info","event":"\tat org.apache.spark.sql.execution.datasources.FileFormat$$anon$1.apply(FileFormat.scala:140)","logger":"airflow.task.operators.airflow.providers.docker.operators.docker.DockerOperator","filename":"docker.py","lineno":71}
{"timestamp":"2026-05-20T22:11:09.589448Z","level":"info","event":"\tat org.apache.spark.sql.execution.datasources.FileScanRDD$$anon$1.org$apache$spark$sql$execution$datasources$FileScanRDD$$anon$$readCurrentFile(FileScanRDD.scala:217)","logger":"airflow.task.operators.airflow.providers.docker.operators.docker.DockerOperator","filename":"docker.py","lineno":71}
{"timestamp":"2026-05-20T22:11:09.589479Z","level":"info","event":"\tat org.apache.spark.sql.execution.datasources.FileScanRDD$$anon$1.nextIterator(FileScanRDD.scala:279)","logger":"airflow.task.operators.airflow.providers.docker.operators.docker.DockerOperator","filename":"docker.py","lineno":71}
{"timestamp":"2026-05-20T22:11:09.589508Z","level":"info","event":"\tat org.apache.spark.sql.execution.datasources.FileScanRDD$$anon$1.hasNext(FileScanRDD.scala:129)","logger":"airflow.task.operators.airflow.providers.docker.operators.docker.DockerOperator","filename":"docker.py","lineno":71}
{"timestamp":"2026-05-20T22:11:09.589542Z","level":"info","event":"\tat scala.collection.Iterator$$anon$10.hasNext(Iterator.scala:460)","logger":"airflow.task.operators.airflow.providers.docker.operators.docker.DockerOperator","filename":"docker.py","lineno":71}
{"timestamp":"2026-05-20T22:11:09.589571Z","level":"info","event":"\tat org.apache.spark.sql.catalyst.expressions.GeneratedClass$GeneratedIteratorForCodegenStage1.processNext(Unknown Source)","logger":"airflow.task.operators.airflow.providers.docker.operators.docker.DockerOperator","filename":"docker.py","lineno":71}
{"timestamp":"2026-05-20T22:11:09.589600Z","level":"info","event":"\tat org.apache.spark.sql.execution.BufferedRowIterator.hasNext(BufferedRowIterator.java:43)","logger":"airflow.task.operators.airflow.providers.docker.operators.docker.DockerOperator","filename":"docker.py","lineno":71}
{"timestamp":"2026-05-20T22:11:09.589629Z","level":"info","event":"\tat org.apache.spark.sql.execution.WholeStageCodegenEvaluatorFactory$WholeStageCodegenPartitionEvaluator$$anon$1.hasNext(WholeStageCodegenEvaluatorFactory.scala:43)","logger":"airflow.task.operators.airflow.providers.docker.operators.docker.DockerOperator","filename":"docker.py","lineno":71}
{"timestamp":"2026-05-20T22:11:09.589656Z","level":"info","event":"\tat org.apache.spark.sql.execution.SparkPlan.$anonfun$getByteArrayRdd$1(SparkPlan.scala:388)","logger":"airflow.task.operators.airflow.providers.docker.operators.docker.DockerOperator","filename":"docker.py","lineno":71}
{"timestamp":"2026-05-20T22:11:09.589683Z","level":"info","event":"\tat org.apache.spark.rdd.RDD.$anonfun$mapPartitionsInternal$2(RDD.scala:890)","logger":"airflow.task.operators.airflow.providers.docker.operators.docker.DockerOperator","filename":"docker.py","lineno":71}
{"timestamp":"2026-05-20T22:11:09.589710Z","level":"info","event":"\tat org.apache.spark.rdd.RDD.$anonfun$mapPartitionsInternal$2$adapted(RDD.scala:890)","logger":"airflow.task.operators.airflow.providers.docker.operators.docker.DockerOperator","filename":"docker.py","lineno":71}
{"timestamp":"2026-05-20T22:11:09.589737Z","level":"info","event":"\tat org.apache.spark.rdd.MapPartitionsRDD.compute(MapPartitionsRDD.scala:52)","logger":"airflow.task.operators.airflow.providers.docker.operators.docker.DockerOperator","filename":"docker.py","lineno":71}
{"timestamp":"2026-05-20T22:11:09.589764Z","level":"info","event":"\tat org.apache.spark.rdd.RDD.computeOrReadCheckpoint(RDD.scala:364)","logger":"airflow.task.operators.airflow.providers.docker.operators.docker.DockerOperator","filename":"docker.py","lineno":71}
{"timestamp":"2026-05-20T22:11:09.589792Z","level":"info","event":"\tat org.apache.spark.rdd.RDD.iterator(RDD.scala:328)","logger":"airflow.task.operators.airflow.providers.docker.operators.docker.DockerOperator","filename":"docker.py","lineno":71}
{"timestamp":"2026-05-20T22:11:09.589818Z","level":"info","event":"\tat org.apache.spark.scheduler.ResultTask.runTask(ResultTask.scala:93)","logger":"airflow.task.operators.airflow.providers.docker.operators.docker.DockerOperator","filename":"docker.py","lineno":71}
{"timestamp":"2026-05-20T22:11:09.589891Z","level":"info","event":"\tat org.apache.spark.TaskContext.runTaskWithListeners(TaskContext.scala:161)","logger":"airflow.task.operators.airflow.providers.docker.operators.docker.DockerOperator","filename":"docker.py","lineno":71}
{"timestamp":"2026-05-20T22:11:09.589932Z","level":"info","event":"\tat org.apache.spark.scheduler.Task.run(Task.scala:141)","logger":"airflow.task.operators.airflow.providers.docker.operators.docker.DockerOperator","filename":"docker.py","lineno":71}
{"timestamp":"2026-05-20T22:11:09.589962Z","level":"info","event":"\tat org.apache.spark.executor.Executor$TaskRunner.$anonfun$run$4(Executor.scala:620)","logger":"airflow.task.operators.airflow.providers.docker.operators.docker.DockerOperator","filename":"docker.py","lineno":71}
{"timestamp":"2026-05-20T22:11:09.590027Z","level":"info","event":"\tat org.apache.spark.util.SparkErrorUtils.tryWithSafeFinally(SparkErrorUtils.scala:64)","logger":"airflow.task.operators.airflow.providers.docker.operators.docker.DockerOperator","filename":"docker.py","lineno":71}
{"timestamp":"2026-05-20T22:11:09.590073Z","level":"info","event":"\tat org.apache.spark.util.SparkErrorUtils.tryWithSafeFinally$(SparkErrorUtils.scala:61)","logger":"airflow.task.operators.airflow.providers.docker.operators.docker.DockerOperator","filename":"docker.py","lineno":71}
{"timestamp":"2026-05-20T22:11:09.590106Z","level":"info","event":"\tat org.apache.spark.util.Utils$.tryWithSafeFinally(Utils.scala:94)","logger":"airflow.task.operators.airflow.providers.docker.operators.docker.DockerOperator","filename":"docker.py","lineno":71}
{"timestamp":"2026-05-20T22:11:09.590136Z","level":"info","event":"\tat org.apache.spark.executor.Executor$TaskRunner.run(Executor.scala:623)","logger":"airflow.task.operators.airflow.providers.docker.operators.docker.DockerOperator","filename":"docker.py","lineno":71}
{"timestamp":"2026-05-20T22:11:09.590164Z","level":"info","event":"\tat java.base/java.util.concurrent.ThreadPoolExecutor.runWorker(Unknown Source)","logger":"airflow.task.operators.airflow.providers.docker.operators.docker.DockerOperator","filename":"docker.py","lineno":71}
{"timestamp":"2026-05-20T22:11:09.590192Z","level":"info","event":"\tat java.base/java.util.concurrent.ThreadPoolExecutor$Worker.run(Unknown Source)","logger":"airflow.task.operators.airflow.providers.docker.operators.docker.DockerOperator","filename":"docker.py","lineno":71}
{"timestamp":"2026-05-20T22:11:09.590220Z","level":"info","event":"\tat java.base/java.lang.Thread.run(Unknown Source)","logger":"airflow.task.operators.airflow.providers.docker.operators.docker.DockerOperator","filename":"docker.py","lineno":71}
{"timestamp":"2026-05-20T22:11:09.590247Z","level":"info","event":"Caused by: java.lang.ClassNotFoundException: Class org.apache.hadoop.fs.s3a.S3AFileSystem not found","logger":"airflow.task.operators.airflow.providers.docker.operators.docker.DockerOperator","filename":"docker.py","lineno":71}
{"timestamp":"2026-05-20T22:11:09.590275Z","level":"info","event":"\tat org.apache.hadoop.conf.Configuration.getClassByName(Configuration.java:2592)","logger":"airflow.task.operators.airflow.providers.docker.operators.docker.DockerOperator","filename":"docker.py","lineno":71}
{"timestamp":"2026-05-20T22:11:09.590303Z","level":"info","event":"\tat org.apache.hadoop.conf.Configuration.getClass(Configuration.java:2686)","logger":"airflow.task.operators.airflow.providers.docker.operators.docker.DockerOperator","filename":"docker.py","lineno":71}
{"timestamp":"2026-05-20T22:11:09.590330Z","level":"info","event":"\t... 37 more","logger":"airflow.task.operators.airflow.providers.docker.operators.docker.DockerOperator","filename":"docker.py","lineno":71}
{"timestamp":"2026-05-20T22:11:09.590358Z","level":"info","event":"","logger":"airflow.task.operators.airflow.providers.docker.operators.docker.DockerOperator","filename":"docker.py","lineno":71}
{"timestamp":"2026-05-20T22:11:09.590398Z","level":"info","event":"Driver stacktrace:","logger":"airflow.task.operators.airflow.providers.docker.operators.docker.DockerOperator","filename":"docker.py","lineno":71}
{"timestamp":"2026-05-20T22:11:09.590457Z","level":"info","event":"\tat org.apache.spark.scheduler.DAGScheduler.failJobAndIndependentStages(DAGScheduler.scala:2844)","logger":"airflow.task.operators.airflow.providers.docker.operators.docker.DockerOperator","filename":"docker.py","lineno":71}
{"timestamp":"2026-05-20T22:11:09.590495Z","level":"info","event":"\tat org.apache.spark.scheduler.DAGScheduler.$anonfun$abortStage$2(DAGScheduler.scala:2780)","logger":"airflow.task.operators.airflow.providers.docker.operators.docker.DockerOperator","filename":"docker.py","lineno":71}
{"timestamp":"2026-05-20T22:11:09.590532Z","level":"info","event":"\tat org.apache.spark.scheduler.DAGScheduler.$anonfun$abortStage$2$adapted(DAGScheduler.scala:2779)","logger":"airflow.task.operators.airflow.providers.docker.operators.docker.DockerOperator","filename":"docker.py","lineno":71}
{"timestamp":"2026-05-20T22:11:09.590564Z","level":"info","event":"\tat scala.collection.mutable.ResizableArray.foreach(ResizableArray.scala:62)","logger":"airflow.task.operators.airflow.providers.docker.operators.docker.DockerOperator","filename":"docker.py","lineno":71}
{"timestamp":"2026-05-20T22:11:09.590593Z","level":"info","event":"\tat scala.collection.mutable.ResizableArray.foreach$(ResizableArray.scala:55)","logger":"airflow.task.operators.airflow.providers.docker.operators.docker.DockerOperator","filename":"docker.py","lineno":71}
{"timestamp":"2026-05-20T22:11:09.590623Z","level":"info","event":"\tat scala.collection.mutable.ArrayBuffer.foreach(ArrayBuffer.scala:49)","logger":"airflow.task.operators.airflow.providers.docker.operators.docker.DockerOperator","filename":"docker.py","lineno":71}
{"timestamp":"2026-05-20T22:11:09.590651Z","level":"info","event":"\tat org.apache.spark.scheduler.DAGScheduler.abortStage(DAGScheduler.scala:2779)","logger":"airflow.task.operators.airflow.providers.docker.operators.docker.DockerOperator","filename":"docker.py","lineno":71}
{"timestamp":"2026-05-20T22:11:09.590681Z","level":"info","event":"\tat org.apache.spark.scheduler.DAGScheduler.$anonfun$handleTaskSetFailed$1(DAGScheduler.scala:1242)","logger":"airflow.task.operators.airflow.providers.docker.operators.docker.DockerOperator","filename":"docker.py","lineno":71}
{"timestamp":"2026-05-20T22:11:09.590708Z","level":"info","event":"\tat org.apache.spark.scheduler.DAGScheduler.$anonfun$handleTaskSetFailed$1$adapted(DAGScheduler.scala:1242)","logger":"airflow.task.operators.airflow.providers.docker.operators.docker.DockerOperator","filename":"docker.py","lineno":71}
{"timestamp":"2026-05-20T22:11:09.590735Z","level":"info","event":"\tat scala.Option.foreach(Option.scala:407)","logger":"airflow.task.operators.airflow.providers.docker.operators.docker.DockerOperator","filename":"docker.py","lineno":71}
{"timestamp":"2026-05-20T22:11:09.590762Z","level":"info","event":"\tat org.apache.spark.scheduler.DAGScheduler.handleTaskSetFailed(DAGScheduler.scala:1242)","logger":"airflow.task.operators.airflow.providers.docker.operators.docker.DockerOperator","filename":"docker.py","lineno":71}
{"timestamp":"2026-05-20T22:11:09.590788Z","level":"info","event":"\tat org.apache.spark.scheduler.DAGSchedulerEventProcessLoop.doOnReceive(DAGScheduler.scala:3048)","logger":"airflow.task.operators.airflow.providers.docker.operators.docker.DockerOperator","filename":"docker.py","lineno":71}
{"timestamp":"2026-05-20T22:11:09.590815Z","level":"info","event":"\tat org.apache.spark.scheduler.DAGSchedulerEventProcessLoop.onReceive(DAGScheduler.scala:2982)","logger":"airflow.task.operators.airflow.providers.docker.operators.docker.DockerOperator","filename":"docker.py","lineno":71}
{"timestamp":"2026-05-20T22:11:09.590870Z","level":"info","event":"\tat org.apache.spark.scheduler.DAGSchedulerEventProcessLoop.onReceive(DAGScheduler.scala:2971)","logger":"airflow.task.operators.airflow.providers.docker.operators.docker.DockerOperator","filename":"docker.py","lineno":71}
{"timestamp":"2026-05-20T22:11:09.590901Z","level":"info","event":"\tat org.apache.spark.util.EventLoop$$anon$1.run(EventLoop.scala:49)","logger":"airflow.task.operators.airflow.providers.docker.operators.docker.DockerOperator","filename":"docker.py","lineno":71}
{"timestamp":"2026-05-20T22:11:09.590929Z","level":"info","event":"\tat org.apache.spark.scheduler.DAGScheduler.runJob(DAGScheduler.scala:984)","logger":"airflow.task.operators.airflow.providers.docker.operators.docker.DockerOperator","filename":"docker.py","lineno":71}
{"timestamp":"2026-05-20T22:11:09.590957Z","level":"info","event":"\tat org.apache.spark.SparkContext.runJob(SparkContext.scala:2398)","logger":"airflow.task.operators.airflow.providers.docker.operators.docker.DockerOperator","filename":"docker.py","lineno":71}
{"timestamp":"2026-05-20T22:11:09.590984Z","level":"info","event":"\tat org.apache.spark.SparkContext.runJob(SparkContext.scala:2419)","logger":"airflow.task.operators.airflow.providers.docker.operators.docker.DockerOperator","filename":"docker.py","lineno":71}
{"timestamp":"2026-05-20T22:11:09.591021Z","level":"info","event":"\tat org.apache.spark.SparkContext.runJob(SparkContext.scala:2438)","logger":"airflow.task.operators.airflow.providers.docker.operators.docker.DockerOperator","filename":"docker.py","lineno":71}
{"timestamp":"2026-05-20T22:11:09.591054Z","level":"info","event":"\tat org.apache.spark.SparkContext.runJob(SparkContext.scala:2463)","logger":"airflow.task.operators.airflow.providers.docker.operators.docker.DockerOperator","filename":"docker.py","lineno":71}
{"timestamp":"2026-05-20T22:11:09.591082Z","level":"info","event":"\tat org.apache.spark.rdd.RDD.$anonfun$collect$1(RDD.scala:1046)","logger":"airflow.task.operators.airflow.providers.docker.operators.docker.DockerOperator","filename":"docker.py","lineno":71}
{"timestamp":"2026-05-20T22:11:09.591110Z","level":"info","event":"\tat org.apache.spark.rdd.RDDOperationScope$.withScope(RDDOperationScope.scala:151)","logger":"airflow.task.operators.airflow.providers.docker.operators.docker.DockerOperator","filename":"docker.py","lineno":71}
{"timestamp":"2026-05-20T22:11:09.591138Z","level":"info","event":"\tat org.apache.spark.rdd.RDDOperationScope$.withScope(RDDOperationScope.scala:112)","logger":"airflow.task.operators.airflow.providers.docker.operators.docker.DockerOperator","filename":"docker.py","lineno":71}
{"timestamp":"2026-05-20T22:11:09.591189Z","level":"info","event":"\tat org.apache.spark.rdd.RDD.withScope(RDD.scala:407)","logger":"airflow.task.operators.airflow.providers.docker.operators.docker.DockerOperator","filename":"docker.py","lineno":71}
{"timestamp":"2026-05-20T22:11:09.591243Z","level":"info","event":"\tat org.apache.spark.rdd.RDD.collect(RDD.scala:1045)","logger":"airflow.task.operators.airflow.providers.docker.operators.docker.DockerOperator","filename":"docker.py","lineno":71}
{"timestamp":"2026-05-20T22:11:09.591283Z","level":"info","event":"\tat org.apache.spark.sql.execution.SparkPlan.executeCollect(SparkPlan.scala:448)","logger":"airflow.task.operators.airflow.providers.docker.operators.docker.DockerOperator","filename":"docker.py","lineno":71}
{"timestamp":"2026-05-20T22:11:09.591313Z","level":"info","event":"\tat org.apache.spark.sql.Dataset.collectFromPlan(Dataset.scala:4344)","logger":"airflow.task.operators.airflow.providers.docker.operators.docker.DockerOperator","filename":"docker.py","lineno":71}
{"timestamp":"2026-05-20T22:11:09.591341Z","level":"info","event":"\tat org.apache.spark.sql.Dataset.$anonfun$collect$1(Dataset.scala:3585)","logger":"airflow.task.operators.airflow.providers.docker.operators.docker.DockerOperator","filename":"docker.py","lineno":71}
{"timestamp":"2026-05-20T22:11:09.591367Z","level":"info","event":"\tat org.apache.spark.sql.Dataset.$anonfun$withAction$2(Dataset.scala:4334)","logger":"airflow.task.operators.airflow.providers.docker.operators.docker.DockerOperator","filename":"docker.py","lineno":71}
{"timestamp":"2026-05-20T22:11:09.591394Z","level":"info","event":"\tat org.apache.spark.sql.execution.QueryExecution$.withInternalError(QueryExecution.scala:546)","logger":"airflow.task.operators.airflow.providers.docker.operators.docker.DockerOperator","filename":"docker.py","lineno":71}
{"timestamp":"2026-05-20T22:11:09.591420Z","level":"info","event":"\tat org.apache.spark.sql.Dataset.$anonfun$withAction$1(Dataset.scala:4332)","logger":"airflow.task.operators.airflow.providers.docker.operators.docker.DockerOperator","filename":"docker.py","lineno":71}
{"timestamp":"2026-05-20T22:11:09.591451Z","level":"info","event":"\tat org.apache.spark.sql.execution.SQLExecution$.$anonfun$withNewExecutionId$6(SQLExecution.scala:125)","logger":"airflow.task.operators.airflow.providers.docker.operators.docker.DockerOperator","filename":"docker.py","lineno":71}
{"timestamp":"2026-05-20T22:11:09.591493Z","level":"info","event":"\tat org.apache.spark.sql.execution.SQLExecution$.withSQLConfPropagated(SQLExecution.scala:201)","logger":"airflow.task.operators.airflow.providers.docker.operators.docker.DockerOperator","filename":"docker.py","lineno":71}
{"timestamp":"2026-05-20T22:11:09.591562Z","level":"info","event":"\tat org.apache.spark.sql.execution.SQLExecution$.$anonfun$withNewExecutionId$1(SQLExecution.scala:108)","logger":"airflow.task.operators.airflow.providers.docker.operators.docker.DockerOperator","filename":"docker.py","lineno":71}
{"timestamp":"2026-05-20T22:11:09.591607Z","level":"info","event":"\tat org.apache.spark.sql.SparkSession.withActive(SparkSession.scala:900)","logger":"airflow.task.operators.airflow.providers.docker.operators.docker.DockerOperator","filename":"docker.py","lineno":71}
{"timestamp":"2026-05-20T22:11:09.591638Z","level":"info","event":"\tat org.apache.spark.sql.execution.SQLExecution$.withNewExecutionId(SQLExecution.scala:66)","logger":"airflow.task.operators.airflow.providers.docker.operators.docker.DockerOperator","filename":"docker.py","lineno":71}
{"timestamp":"2026-05-20T22:11:09.591667Z","level":"info","event":"\tat org.apache.spark.sql.Dataset.withAction(Dataset.scala:4332)","logger":"airflow.task.operators.airflow.providers.docker.operators.docker.DockerOperator","filename":"docker.py","lineno":71}
{"timestamp":"2026-05-20T22:11:09.591695Z","level":"info","event":"\tat org.apache.spark.sql.Dataset.collect(Dataset.scala:3585)","logger":"airflow.task.operators.airflow.providers.docker.operators.docker.DockerOperator","filename":"docker.py","lineno":71}
{"timestamp":"2026-05-20T22:11:09.591722Z","level":"info","event":"\tat org.apache.spark.sql.delta.Snapshot.protocolAndMetadataReconstruction(Snapshot.scala:229)","logger":"airflow.task.operators.airflow.providers.docker.operators.docker.DockerOperator","filename":"docker.py","lineno":71}
{"timestamp":"2026-05-20T22:11:09.591749Z","level":"info","event":"\tat org.apache.spark.sql.delta.Snapshot.x$1$lzycompute(Snapshot.scala:138)","logger":"airflow.task.operators.airflow.providers.docker.operators.docker.DockerOperator","filename":"docker.py","lineno":71}
{"timestamp":"2026-05-20T22:11:09.591776Z","level":"info","event":"\tat org.apache.spark.sql.delta.Snapshot.x$1(Snapshot.scala:133)","logger":"airflow.task.operators.airflow.providers.docker.operators.docker.DockerOperator","filename":"docker.py","lineno":71}
{"timestamp":"2026-05-20T22:11:09.591805Z","level":"info","event":"\tat org.apache.spark.sql.delta.Snapshot._metadata$lzycompute(Snapshot.scala:133)","logger":"airflow.task.operators.airflow.providers.docker.operators.docker.DockerOperator","filename":"docker.py","lineno":71}
{"timestamp":"2026-05-20T22:11:09.591878Z","level":"info","event":"\tat org.apache.spark.sql.delta.Snapshot._metadata(Snapshot.scala:133)","logger":"airflow.task.operators.airflow.providers.docker.operators.docker.DockerOperator","filename":"docker.py","lineno":71}
{"timestamp":"2026-05-20T22:11:09.591930Z","level":"info","event":"\tat org.apache.spark.sql.delta.Snapshot.metadata(Snapshot.scala:202)","logger":"airflow.task.operators.airflow.providers.docker.operators.docker.DockerOperator","filename":"docker.py","lineno":71}
{"timestamp":"2026-05-20T22:11:09.591961Z","level":"info","event":"\tat org.apache.spark.sql.delta.Snapshot.toString(Snapshot.scala:416)","logger":"airflow.task.operators.airflow.providers.docker.operators.docker.DockerOperator","filename":"docker.py","lineno":71}
{"timestamp":"2026-05-20T22:11:09.591990Z","level":"info","event":"\tat java.base/java.lang.String.valueOf(Unknown Source)","logger":"airflow.task.operators.airflow.providers.docker.operators.docker.DockerOperator","filename":"docker.py","lineno":71}
{"timestamp":"2026-05-20T22:11:09.592025Z","level":"info","event":"\tat java.base/java.lang.StringBuilder.append(Unknown Source)","logger":"airflow.task.operators.airflow.providers.docker.operators.docker.DockerOperator","filename":"docker.py","lineno":71}
{"timestamp":"2026-05-20T22:11:09.592063Z","level":"info","event":"\tat org.apache.spark.sql.delta.Snapshot.$anonfun$new$1(Snapshot.scala:419)","logger":"airflow.task.operators.airflow.providers.docker.operators.docker.DockerOperator","filename":"docker.py","lineno":71}
{"timestamp":"2026-05-20T22:11:09.592091Z","level":"info","event":"\tat org.apache.spark.sql.delta.Snapshot.$anonfun$logInfo$1(Snapshot.scala:396)","logger":"airflow.task.operators.airflow.providers.docker.operators.docker.DockerOperator","filename":"docker.py","lineno":71}
{"timestamp":"2026-05-20T22:11:09.592119Z","level":"info","event":"\tat org.apache.spark.internal.Logging.logInfo(Logging.scala:60)","logger":"airflow.task.operators.airflow.providers.docker.operators.docker.DockerOperator","filename":"docker.py","lineno":71}
{"timestamp":"2026-05-20T22:11:09.592146Z","level":"info","event":"\tat org.apache.spark.internal.Logging.logInfo$(Logging.scala:59)","logger":"airflow.task.operators.airflow.providers.docker.operators.docker.DockerOperator","filename":"docker.py","lineno":71}
{"timestamp":"2026-05-20T22:11:09.592173Z","level":"info","event":"\tat org.apache.spark.sql.delta.Snapshot.logInfo(Snapshot.scala:396)","logger":"airflow.task.operators.airflow.providers.docker.operators.docker.DockerOperator","filename":"docker.py","lineno":71}
{"timestamp":"2026-05-20T22:11:09.592201Z","level":"info","event":"\tat org.apache.spark.sql.delta.Snapshot.<init>(Snapshot.scala:419)","logger":"airflow.task.operators.airflow.providers.docker.operators.docker.DockerOperator","filename":"docker.py","lineno":71}
{"timestamp":"2026-05-20T22:11:09.592227Z","level":"info","event":"\tat org.apache.spark.sql.delta.SnapshotManagement.$anonfun$createSnapshot$2(SnapshotManagement.scala:503)","logger":"airflow.task.operators.airflow.providers.docker.operators.docker.DockerOperator","filename":"docker.py","lineno":71}
{"timestamp":"2026-05-20T22:11:09.592254Z","level":"info","event":"\tat org.apache.spark.sql.delta.SnapshotManagement.createSnapshotFromGivenOrEquivalentLogSegment(SnapshotManagement.scala:628)","logger":"airflow.task.operators.airflow.providers.docker.operators.docker.DockerOperator","filename":"docker.py","lineno":71}
{"timestamp":"2026-05-20T22:11:09.592281Z","level":"info","event":"\tat org.apache.spark.sql.delta.SnapshotManagement.createSnapshotFromGivenOrEquivalentLogSegment$(SnapshotManagement.scala:616)","logger":"airflow.task.operators.airflow.providers.docker.operators.docker.DockerOperator","filename":"docker.py","lineno":71}
{"timestamp":"2026-05-20T22:11:09.592313Z","level":"info","event":"\tat org.apache.spark.sql.delta.DeltaLog.createSnapshotFromGivenOrEquivalentLogSegment(DeltaLog.scala:72)","logger":"airflow.task.operators.airflow.providers.docker.operators.docker.DockerOperator","filename":"docker.py","lineno":71}
{"timestamp":"2026-05-20T22:11:09.592363Z","level":"info","event":"\tat org.apache.spark.sql.delta.SnapshotManagement.createSnapshot(SnapshotManagement.scala:496)","logger":"airflow.task.operators.airflow.providers.docker.operators.docker.DockerOperator","filename":"docker.py","lineno":71}
{"timestamp":"2026-05-20T22:11:09.592410Z","level":"info","event":"\tat org.apache.spark.sql.delta.SnapshotManagement.createSnapshot$(SnapshotManagement.scala:489)","logger":"airflow.task.operators.airflow.providers.docker.operators.docker.DockerOperator","filename":"docker.py","lineno":71}
{"timestamp":"2026-05-20T22:11:09.592458Z","level":"info","event":"\tat org.apache.spark.sql.delta.DeltaLog.createSnapshot(DeltaLog.scala:72)","logger":"airflow.task.operators.airflow.providers.docker.operators.docker.DockerOperator","filename":"docker.py","lineno":71}
{"timestamp":"2026-05-20T22:11:09.592504Z","level":"info","event":"\tat org.apache.spark.sql.delta.SnapshotManagement.$anonfun$createSnapshotAtInitInternal$1(SnapshotManagement.scala:450)","logger":"airflow.task.operators.airflow.providers.docker.operators.docker.DockerOperator","filename":"docker.py","lineno":71}
{"timestamp":"2026-05-20T22:11:09.592556Z","level":"info","event":"\tat scala.Option.map(Option.scala:230)","logger":"airflow.task.operators.airflow.providers.docker.operators.docker.DockerOperator","filename":"docker.py","lineno":71}
{"timestamp":"2026-05-20T22:11:09.592612Z","level":"info","event":"\tat org.apache.spark.sql.delta.SnapshotManagement.createSnapshotAtInitInternal(SnapshotManagement.scala:447)","logger":"airflow.task.operators.airflow.providers.docker.operators.docker.DockerOperator","filename":"docker.py","lineno":71}
{"timestamp":"2026-05-20T22:11:09.592669Z","level":"info","event":"\tat org.apache.spark.sql.delta.SnapshotManagement.createSnapshotAtInitInternal$(SnapshotManagement.scala:444)","logger":"airflow.task.operators.airflow.providers.docker.operators.docker.DockerOperator","filename":"docker.py","lineno":71}
{"timestamp":"2026-05-20T22:11:09.592721Z","level":"info","event":"\tat org.apache.spark.sql.delta.DeltaLog.createSnapshotAtInitInternal(DeltaLog.scala:72)","logger":"airflow.task.operators.airflow.providers.docker.operators.docker.DockerOperator","filename":"docker.py","lineno":71}
{"timestamp":"2026-05-20T22:11:09.592774Z","level":"info","event":"\tat org.apache.spark.sql.delta.SnapshotManagement.$anonfun$getSnapshotAtInit$1(SnapshotManagement.scala:439)","logger":"airflow.task.operators.airflow.providers.docker.operators.docker.DockerOperator","filename":"docker.py","lineno":71}
{"timestamp":"2026-05-20T22:11:09.592851Z","level":"info","event":"\tat org.apache.spark.sql.delta.metering.DeltaLogging.recordFrameProfile(DeltaLogging.scala:140)","logger":"airflow.task.operators.airflow.providers.docker.operators.docker.DockerOperator","filename":"docker.py","lineno":71}
{"timestamp":"2026-05-20T22:11:09.592907Z","level":"info","event":"\tat org.apache.spark.sql.delta.metering.DeltaLogging.recordFrameProfile$(DeltaLogging.scala:138)","logger":"airflow.task.operators.airflow.providers.docker.operators.docker.DockerOperator","filename":"docker.py","lineno":71}
{"timestamp":"2026-05-20T22:11:09.592960Z","level":"info","event":"\tat org.apache.spark.sql.delta.DeltaLog.recordFrameProfile(DeltaLog.scala:72)","logger":"airflow.task.operators.airflow.providers.docker.operators.docker.DockerOperator","filename":"docker.py","lineno":71}
{"timestamp":"2026-05-20T22:11:09.593030Z","level":"info","event":"\tat org.apache.spark.sql.delta.SnapshotManagement.getSnapshotAtInit(SnapshotManagement.scala:434)","logger":"airflow.task.operators.airflow.providers.docker.operators.docker.DockerOperator","filename":"docker.py","lineno":71}
{"timestamp":"2026-05-20T22:11:09.593094Z","level":"info","event":"\tat org.apache.spark.sql.delta.SnapshotManagement.getSnapshotAtInit$(SnapshotManagement.scala:433)","logger":"airflow.task.operators.airflow.providers.docker.operators.docker.DockerOperator","filename":"docker.py","lineno":71}
{"timestamp":"2026-05-20T22:11:09.593150Z","level":"info","event":"\tat org.apache.spark.sql.delta.DeltaLog.getSnapshotAtInit(DeltaLog.scala:72)","logger":"airflow.task.operators.airflow.providers.docker.operators.docker.DockerOperator","filename":"docker.py","lineno":71}
{"timestamp":"2026-05-20T22:11:09.593209Z","level":"info","event":"\tat org.apache.spark.sql.delta.SnapshotManagement.$init$(SnapshotManagement.scala:60)","logger":"airflow.task.operators.airflow.providers.docker.operators.docker.DockerOperator","filename":"docker.py","lineno":71}
{"timestamp":"2026-05-20T22:11:09.593243Z","level":"info","event":"\tat org.apache.spark.sql.delta.DeltaLog.<init>(DeltaLog.scala:78)","logger":"airflow.task.operators.airflow.providers.docker.operators.docker.DockerOperator","filename":"docker.py","lineno":71}
{"timestamp":"2026-05-20T22:11:09.593273Z","level":"info","event":"\tat org.apache.spark.sql.delta.DeltaLog$.$anonfun$apply$4(DeltaLog.scala:779)","logger":"airflow.task.operators.airflow.providers.docker.operators.docker.DockerOperator","filename":"docker.py","lineno":71}
{"timestamp":"2026-05-20T22:11:09.593307Z","level":"info","event":"\tat org.apache.spark.sql.catalyst.plans.logical.AnalysisHelper$.allowInvokingTransformsInAnalyzer(AnalysisHelper.scala:323)","logger":"airflow.task.operators.airflow.providers.docker.operators.docker.DockerOperator","filename":"docker.py","lineno":71}
{"timestamp":"2026-05-20T22:11:09.593340Z","level":"info","event":"\tat org.apache.spark.sql.delta.DeltaLog$.$anonfun$apply$3(DeltaLog.scala:774)","logger":"airflow.task.operators.airflow.providers.docker.operators.docker.DockerOperator","filename":"docker.py","lineno":71}
{"timestamp":"2026-05-20T22:11:09.593370Z","level":"info","event":"\tat org.apache.spark.sql.delta.metering.DeltaLogging.recordFrameProfile(DeltaLogging.scala:140)","logger":"airflow.task.operators.airflow.providers.docker.operators.docker.DockerOperator","filename":"docker.py","lineno":71}
{"timestamp":"2026-05-20T22:11:09.593398Z","level":"info","event":"\tat org.apache.spark.sql.delta.metering.DeltaLogging.recordFrameProfile$(DeltaLogging.scala:138)","logger":"airflow.task.operators.airflow.providers.docker.operators.docker.DockerOperator","filename":"docker.py","lineno":71}
{"timestamp":"2026-05-20T22:11:09.593427Z","level":"info","event":"\tat org.apache.spark.sql.delta.DeltaLog$.recordFrameProfile(DeltaLog.scala:598)","logger":"airflow.task.operators.airflow.providers.docker.operators.docker.DockerOperator","filename":"docker.py","lineno":71}
{"timestamp":"2026-05-20T22:11:09.593455Z","level":"info","event":"\tat org.apache.spark.sql.delta.metering.DeltaLogging.$anonfun$recordDeltaOperationInternal$1(DeltaLogging.scala:133)","logger":"airflow.task.operators.airflow.providers.docker.operators.docker.DockerOperator","filename":"docker.py","lineno":71}
{"timestamp":"2026-05-20T22:11:09.593482Z","level":"info","event":"\tat com.databricks.spark.util.DatabricksLogging.recordOperation(DatabricksLogging.scala:128)","logger":"airflow.task.operators.airflow.providers.docker.operators.docker.DockerOperator","filename":"docker.py","lineno":71}
{"timestamp":"2026-05-20T22:11:09.593508Z","level":"info","event":"\tat com.databricks.spark.util.DatabricksLogging.recordOperation$(DatabricksLogging.scala:117)","logger":"airflow.task.operators.airflow.providers.docker.operators.docker.DockerOperator","filename":"docker.py","lineno":71}
{"timestamp":"2026-05-20T22:11:09.593540Z","level":"info","event":"\tat org.apache.spark.sql.delta.DeltaLog$.recordOperation(DeltaLog.scala:598)","logger":"airflow.task.operators.airflow.providers.docker.operators.docker.DockerOperator","filename":"docker.py","lineno":71}
{"timestamp":"2026-05-20T22:11:09.593568Z","level":"info","event":"\tat org.apache.spark.sql.delta.metering.DeltaLogging.recordDeltaOperationInternal(DeltaLogging.scala:132)","logger":"airflow.task.operators.airflow.providers.docker.operators.docker.DockerOperator","filename":"docker.py","lineno":71}
{"timestamp":"2026-05-20T22:11:09.593594Z","level":"info","event":"\tat org.apache.spark.sql.delta.metering.DeltaLogging.recordDeltaOperation(DeltaLogging.scala:122)","logger":"airflow.task.operators.airflow.providers.docker.operators.docker.DockerOperator","filename":"docker.py","lineno":71}
{"timestamp":"2026-05-20T22:11:09.593621Z","level":"info","event":"\tat org.apache.spark.sql.delta.metering.DeltaLogging.recordDeltaOperation$(DeltaLogging.scala:112)","logger":"airflow.task.operators.airflow.providers.docker.operators.docker.DockerOperator","filename":"docker.py","lineno":71}
{"timestamp":"2026-05-20T22:11:09.593647Z","level":"info","event":"\tat org.apache.spark.sql.delta.DeltaLog$.recordDeltaOperation(DeltaLog.scala:598)","logger":"airflow.task.operators.airflow.providers.docker.operators.docker.DockerOperator","filename":"docker.py","lineno":71}
{"timestamp":"2026-05-20T22:11:09.593674Z","level":"info","event":"\tat org.apache.spark.sql.delta.DeltaLog$.createDeltaLog$1(DeltaLog.scala:773)","logger":"airflow.task.operators.airflow.providers.docker.operators.docker.DockerOperator","filename":"docker.py","lineno":71}
{"timestamp":"2026-05-20T22:11:09.593700Z","level":"info","event":"\tat org.apache.spark.sql.delta.DeltaLog$.$anonfun$apply$5(DeltaLog.scala:791)","logger":"airflow.task.operators.airflow.providers.docker.operators.docker.DockerOperator","filename":"docker.py","lineno":71}
{"timestamp":"2026-05-20T22:11:09.593728Z","level":"info","event":"\tat com.google.common.cache.LocalCache$LocalManualCache$1.load(LocalCache.java:4792)","logger":"airflow.task.operators.airflow.providers.docker.operators.docker.DockerOperator","filename":"docker.py","lineno":71}
{"timestamp":"2026-05-20T22:11:09.593755Z","level":"info","event":"\tat com.google.common.cache.LocalCache$LoadingValueReference.loadFuture(LocalCache.java:3599)","logger":"airflow.task.operators.airflow.providers.docker.operators.docker.DockerOperator","filename":"docker.py","lineno":71}
{"timestamp":"2026-05-20T22:11:09.593781Z","level":"info","event":"\tat com.google.common.cache.LocalCache$Segment.loadSync(LocalCache.java:2379)","logger":"airflow.task.operators.airflow.providers.docker.operators.docker.DockerOperator","filename":"docker.py","lineno":71}
{"timestamp":"2026-05-20T22:11:09.593808Z","level":"info","event":"\tat com.google.common.cache.LocalCache$Segment.lockedGetOrLoad(LocalCache.java:2342)","logger":"airflow.task.operators.airflow.providers.docker.operators.docker.DockerOperator","filename":"docker.py","lineno":71}
{"timestamp":"2026-05-20T22:11:09.593857Z","level":"info","event":"\tat com.google.common.cache.LocalCache$Segment.get(LocalCache.java:2257)","logger":"airflow.task.operators.airflow.providers.docker.operators.docker.DockerOperator","filename":"docker.py","lineno":71}
{"timestamp":"2026-05-20T22:11:09.593888Z","level":"info","event":"\tat com.google.common.cache.LocalCache.get(LocalCache.java:4000)","logger":"airflow.task.operators.airflow.providers.docker.operators.docker.DockerOperator","filename":"docker.py","lineno":71}
{"timestamp":"2026-05-20T22:11:09.593915Z","level":"info","event":"\tat com.google.common.cache.LocalCache$LocalManualCache.get(LocalCache.java:4789)","logger":"airflow.task.operators.airflow.providers.docker.operators.docker.DockerOperator","filename":"docker.py","lineno":71}
{"timestamp":"2026-05-20T22:11:09.593942Z","level":"info","event":"\tat org.apache.spark.sql.delta.DeltaLog$.getDeltaLogFromCache$1(DeltaLog.scala:790)","logger":"airflow.task.operators.airflow.providers.docker.operators.docker.DockerOperator","filename":"docker.py","lineno":71}
{"timestamp":"2026-05-20T22:11:09.593969Z","level":"info","event":"\tat org.apache.spark.sql.delta.DeltaLog$.apply(DeltaLog.scala:800)","logger":"airflow.task.operators.airflow.providers.docker.operators.docker.DockerOperator","filename":"docker.py","lineno":71}
{"timestamp":"2026-05-20T22:11:09.593995Z","level":"info","event":"\tat org.apache.spark.sql.delta.DeltaLog$.forTable(DeltaLog.scala:677)","logger":"airflow.task.operators.airflow.providers.docker.operators.docker.DockerOperator","filename":"docker.py","lineno":71}
{"timestamp":"2026-05-20T22:11:09.594029Z","level":"info","event":"\tat org.apache.spark.sql.delta.catalog.DeltaTableV2.$anonfun$deltaLog$1(DeltaTableV2.scala:91)","logger":"airflow.task.operators.airflow.providers.docker.operators.docker.DockerOperator","filename":"docker.py","lineno":71}
{"timestamp":"2026-05-20T22:11:09.594058Z","level":"info","event":"\tat org.apache.spark.sql.delta.catalog.DeltaTableV2$.withEnrichedUnsupportedTableException(DeltaTableV2.scala:364)","logger":"airflow.task.operators.airflow.providers.docker.operators.docker.DockerOperator","filename":"docker.py","lineno":71}
{"timestamp":"2026-05-20T22:11:09.594085Z","level":"info","event":"\tat org.apache.spark.sql.delta.catalog.DeltaTableV2.deltaLog$lzycompute(DeltaTableV2.scala:91)","logger":"airflow.task.operators.airflow.providers.docker.operators.docker.DockerOperator","filename":"docker.py","lineno":71}
{"timestamp":"2026-05-20T22:11:09.594112Z","level":"info","event":"\tat org.apache.spark.sql.delta.catalog.DeltaTableV2.deltaLog(DeltaTableV2.scala:89)","logger":"airflow.task.operators.airflow.providers.docker.operators.docker.DockerOperator","filename":"docker.py","lineno":71}
{"timestamp":"2026-05-20T22:11:09.594139Z","level":"info","event":"\tat org.apache.spark.sql.delta.catalog.DeltaTableV2.$anonfun$initialSnapshot$4(DeltaTableV2.scala:144)","logger":"airflow.task.operators.airflow.providers.docker.operators.docker.DockerOperator","filename":"docker.py","lineno":71}
{"timestamp":"2026-05-20T22:11:09.594166Z","level":"info","event":"\tat scala.Option.getOrElse(Option.scala:189)","logger":"airflow.task.operators.airflow.providers.docker.operators.docker.DockerOperator","filename":"docker.py","lineno":71}
{"timestamp":"2026-05-20T22:11:09.594193Z","level":"info","event":"\tat org.apache.spark.sql.delta.catalog.DeltaTableV2.$anonfun$initialSnapshot$1(DeltaTableV2.scala:144)","logger":"airflow.task.operators.airflow.providers.docker.operators.docker.DockerOperator","filename":"docker.py","lineno":71}
{"timestamp":"2026-05-20T22:11:09.594220Z","level":"info","event":"\tat org.apache.spark.sql.delta.catalog.DeltaTableV2$.withEnrichedUnsupportedTableException(DeltaTableV2.scala:364)","logger":"airflow.task.operators.airflow.providers.docker.operators.docker.DockerOperator","filename":"docker.py","lineno":71}
{"timestamp":"2026-05-20T22:11:09.594246Z","level":"info","event":"\tat org.apache.spark.sql.delta.catalog.DeltaTableV2.initialSnapshot$lzycompute(DeltaTableV2.scala:143)","logger":"airflow.task.operators.airflow.providers.docker.operators.docker.DockerOperator","filename":"docker.py","lineno":71}
{"timestamp":"2026-05-20T22:11:09.594272Z","level":"info","event":"\tat org.apache.spark.sql.delta.catalog.DeltaTableV2.initialSnapshot(DeltaTableV2.scala:123)","logger":"airflow.task.operators.airflow.providers.docker.operators.docker.DockerOperator","filename":"docker.py","lineno":71}
{"timestamp":"2026-05-20T22:11:09.594299Z","level":"info","event":"\tat org.apache.spark.sql.delta.catalog.DeltaTableV2.toBaseRelation$lzycompute(DeltaTableV2.scala:235)","logger":"airflow.task.operators.airflow.providers.docker.operators.docker.DockerOperator","filename":"docker.py","lineno":71}
{"timestamp":"2026-05-20T22:11:09.594325Z","level":"info","event":"\tat org.apache.spark.sql.delta.catalog.DeltaTableV2.toBaseRelation(DeltaTableV2.scala:233)","logger":"airflow.task.operators.airflow.providers.docker.operators.docker.DockerOperator","filename":"docker.py","lineno":71}
{"timestamp":"2026-05-20T22:11:09.594352Z","level":"info","event":"\tat org.apache.spark.sql.delta.sources.DeltaDataSource.$anonfun$createRelation$5(DeltaDataSource.scala:250)","logger":"airflow.task.operators.airflow.providers.docker.operators.docker.DockerOperator","filename":"docker.py","lineno":71}
{"timestamp":"2026-05-20T22:11:09.594378Z","level":"info","event":"\tat org.apache.spark.sql.delta.metering.DeltaLogging.recordFrameProfile(DeltaLogging.scala:140)","logger":"airflow.task.operators.airflow.providers.docker.operators.docker.DockerOperator","filename":"docker.py","lineno":71}
{"timestamp":"2026-05-20T22:11:09.594403Z","level":"info","event":"\tat org.apache.spark.sql.delta.metering.DeltaLogging.recordFrameProfile$(DeltaLogging.scala:138)","logger":"airflow.task.operators.airflow.providers.docker.operators.docker.DockerOperator","filename":"docker.py","lineno":71}
{"timestamp":"2026-05-20T22:11:09.594430Z","level":"info","event":"\tat org.apache.spark.sql.delta.sources.DeltaDataSource.recordFrameProfile(DeltaDataSource.scala:49)","logger":"airflow.task.operators.airflow.providers.docker.operators.docker.DockerOperator","filename":"docker.py","lineno":71}
{"timestamp":"2026-05-20T22:11:09.594456Z","level":"info","event":"\tat org.apache.spark.sql.delta.sources.DeltaDataSource.createRelation(DeltaDataSource.scala:209)","logger":"airflow.task.operators.airflow.providers.docker.operators.docker.DockerOperator","filename":"docker.py","lineno":71}
{"timestamp":"2026-05-20T22:11:09.594483Z","level":"info","event":"\tat org.apache.spark.sql.execution.datasources.DataSource.resolveRelation(DataSource.scala:346)","logger":"airflow.task.operators.airflow.providers.docker.operators.docker.DockerOperator","filename":"docker.py","lineno":71}
{"timestamp":"2026-05-20T22:11:09.594508Z","level":"info","event":"\tat org.apache.spark.sql.DataFrameReader.loadV1Source(DataFrameReader.scala:229)","logger":"airflow.task.operators.airflow.providers.docker.operators.docker.DockerOperator","filename":"docker.py","lineno":71}
{"timestamp":"2026-05-20T22:11:09.594539Z","level":"info","event":"\tat org.apache.spark.sql.DataFrameReader.$anonfun$load$2(DataFrameReader.scala:211)","logger":"airflow.task.operators.airflow.providers.docker.operators.docker.DockerOperator","filename":"docker.py","lineno":71}
{"timestamp":"2026-05-20T22:11:09.594566Z","level":"info","event":"\tat scala.Option.getOrElse(Option.scala:189)","logger":"airflow.task.operators.airflow.providers.docker.operators.docker.DockerOperator","filename":"docker.py","lineno":71}
{"timestamp":"2026-05-20T22:11:09.594592Z","level":"info","event":"\tat org.apache.spark.sql.DataFrameReader.load(DataFrameReader.scala:211)","logger":"airflow.task.operators.airflow.providers.docker.operators.docker.DockerOperator","filename":"docker.py","lineno":71}
{"timestamp":"2026-05-20T22:11:09.594619Z","level":"info","event":"\tat org.apache.spark.sql.DataFrameReader.load(DataFrameReader.scala:186)","logger":"airflow.task.operators.airflow.providers.docker.operators.docker.DockerOperator","filename":"docker.py","lineno":71}
{"timestamp":"2026-05-20T22:11:09.594645Z","level":"info","event":"\tat java.base/jdk.internal.reflect.NativeMethodAccessorImpl.invoke0(Native Method)","logger":"airflow.task.operators.airflow.providers.docker.operators.docker.DockerOperator","filename":"docker.py","lineno":71}
{"timestamp":"2026-05-20T22:11:09.594670Z","level":"info","event":"\tat java.base/jdk.internal.reflect.NativeMethodAccessorImpl.invoke(Unknown Source)","logger":"airflow.task.operators.airflow.providers.docker.operators.docker.DockerOperator","filename":"docker.py","lineno":71}
{"timestamp":"2026-05-20T22:11:09.594697Z","level":"info","event":"\tat java.base/jdk.internal.reflect.DelegatingMethodAccessorImpl.invoke(Unknown Source)","logger":"airflow.task.operators.airflow.providers.docker.operators.docker.DockerOperator","filename":"docker.py","lineno":71}
{"timestamp":"2026-05-20T22:11:09.594723Z","level":"info","event":"\tat java.base/java.lang.reflect.Method.invoke(Unknown Source)","logger":"airflow.task.operators.airflow.providers.docker.operators.docker.DockerOperator","filename":"docker.py","lineno":71}
{"timestamp":"2026-05-20T22:11:09.594749Z","level":"info","event":"\tat py4j.reflection.MethodInvoker.invoke(MethodInvoker.java:244)","logger":"airflow.task.operators.airflow.providers.docker.operators.docker.DockerOperator","filename":"docker.py","lineno":71}
{"timestamp":"2026-05-20T22:11:09.594776Z","level":"info","event":"\tat py4j.reflection.ReflectionEngine.invoke(ReflectionEngine.java:374)","logger":"airflow.task.operators.airflow.providers.docker.operators.docker.DockerOperator","filename":"docker.py","lineno":71}
{"timestamp":"2026-05-20T22:11:09.594802Z","level":"info","event":"\tat py4j.Gateway.invoke(Gateway.java:282)","logger":"airflow.task.operators.airflow.providers.docker.operators.docker.DockerOperator","filename":"docker.py","lineno":71}
{"timestamp":"2026-05-20T22:11:09.594854Z","level":"info","event":"\tat py4j.commands.AbstractCommand.invokeMethod(AbstractCommand.java:132)","logger":"airflow.task.operators.airflow.providers.docker.operators.docker.DockerOperator","filename":"docker.py","lineno":71}
{"timestamp":"2026-05-20T22:11:09.604415Z","level":"info","event":"\tat py4j.commands.CallCommand.execute(CallCommand.java:79)","logger":"airflow.task.operators.airflow.providers.docker.operators.docker.DockerOperator","filename":"docker.py","lineno":71}
{"timestamp":"2026-05-20T22:11:09.604726Z","level":"info","event":"\tat py4j.ClientServerConnection.waitForCommands(ClientServerConnection.java:182)","logger":"airflow.task.operators.airflow.providers.docker.operators.docker.DockerOperator","filename":"docker.py","lineno":71}
{"timestamp":"2026-05-20T22:11:09.604811Z","level":"info","event":"\tat py4j.ClientServerConnection.run(ClientServerConnection.java:106)","logger":"airflow.task.operators.airflow.providers.docker.operators.docker.DockerOperator","filename":"docker.py","lineno":71}
{"timestamp":"2026-05-20T22:11:09.604992Z","level":"info","event":"\tat java.base/java.lang.Thread.run(Unknown Source)","logger":"airflow.task.operators.airflow.providers.docker.operators.docker.DockerOperator","filename":"docker.py","lineno":71}
{"timestamp":"2026-05-20T22:11:09.605058Z","level":"info","event":"Caused by: java.lang.RuntimeException: java.lang.ClassNotFoundException: Class org.apache.hadoop.fs.s3a.S3AFileSystem not found","logger":"airflow.task.operators.airflow.providers.docker.operators.docker.DockerOperator","filename":"docker.py","lineno":71}
{"timestamp":"2026-05-20T22:11:09.605104Z","level":"info","event":"\tat org.apache.hadoop.conf.Configuration.getClass(Configuration.java:2688)","logger":"airflow.task.operators.airflow.providers.docker.operators.docker.DockerOperator","filename":"docker.py","lineno":71}
{"timestamp":"2026-05-20T22:11:09.605141Z","level":"info","event":"\tat org.apache.hadoop.fs.FileSystem.getFileSystemClass(FileSystem.java:3431)","logger":"airflow.task.operators.airflow.providers.docker.operators.docker.DockerOperator","filename":"docker.py","lineno":71}
{"timestamp":"2026-05-20T22:11:09.605177Z","level":"info","event":"\tat org.apache.hadoop.fs.FileSystem.createFileSystem(FileSystem.java:3466)","logger":"airflow.task.operators.airflow.providers.docker.operators.docker.DockerOperator","filename":"docker.py","lineno":71}
{"timestamp":"2026-05-20T22:11:09.605213Z","level":"info","event":"\tat org.apache.hadoop.fs.FileSystem.access$300(FileSystem.java:174)","logger":"airflow.task.operators.airflow.providers.docker.operators.docker.DockerOperator","filename":"docker.py","lineno":71}
{"timestamp":"2026-05-20T22:11:09.605247Z","level":"info","event":"\tat org.apache.hadoop.fs.FileSystem$Cache.getInternal(FileSystem.java:3574)","logger":"airflow.task.operators.airflow.providers.docker.operators.docker.DockerOperator","filename":"docker.py","lineno":71}
{"timestamp":"2026-05-20T22:11:09.605281Z","level":"info","event":"\tat org.apache.hadoop.fs.FileSystem$Cache.get(FileSystem.java:3521)","logger":"airflow.task.operators.airflow.providers.docker.operators.docker.DockerOperator","filename":"docker.py","lineno":71}
{"timestamp":"2026-05-20T22:11:09.605326Z","level":"info","event":"\tat org.apache.hadoop.fs.FileSystem.get(FileSystem.java:540)","logger":"airflow.task.operators.airflow.providers.docker.operators.docker.DockerOperator","filename":"docker.py","lineno":71}
{"timestamp":"2026-05-20T22:11:09.605361Z","level":"info","event":"\tat org.apache.hadoop.fs.Path.getFileSystem(Path.java:365)","logger":"airflow.task.operators.airflow.providers.docker.operators.docker.DockerOperator","filename":"docker.py","lineno":71}
{"timestamp":"2026-05-20T22:11:09.605394Z","level":"info","event":"\tat org.apache.hadoop.mapreduce.lib.input.LineRecordReader.initialize(LineRecordReader.java:88)","logger":"airflow.task.operators.airflow.providers.docker.operators.docker.DockerOperator","filename":"docker.py","lineno":71}
{"timestamp":"2026-05-20T22:11:09.605429Z","level":"info","event":"\tat org.apache.spark.sql.execution.datasources.HadoopFileLinesReader.<init>(HadoopFileLinesReader.scala:63)","logger":"airflow.task.operators.airflow.providers.docker.operators.docker.DockerOperator","filename":"docker.py","lineno":71}
{"timestamp":"2026-05-20T22:11:09.605464Z","level":"info","event":"\tat org.apache.spark.sql.execution.datasources.json.TextInputJsonDataSource$.readFile(JsonDataSource.scala:132)","logger":"airflow.task.operators.airflow.providers.docker.operators.docker.DockerOperator","filename":"docker.py","lineno":71}
{"timestamp":"2026-05-20T22:11:09.605496Z","level":"info","event":"\tat org.apache.spark.sql.execution.datasources.json.JsonFileFormat.$anonfun$buildReader$2(JsonFileFormat.scala:126)","logger":"airflow.task.operators.airflow.providers.docker.operators.docker.DockerOperator","filename":"docker.py","lineno":71}
{"timestamp":"2026-05-20T22:11:09.605529Z","level":"info","event":"\tat org.apache.spark.sql.execution.datasources.FileFormat$$anon$1.apply(FileFormat.scala:160)","logger":"airflow.task.operators.airflow.providers.docker.operators.docker.DockerOperator","filename":"docker.py","lineno":71}
{"timestamp":"2026-05-20T22:11:09.605561Z","level":"info","event":"\tat org.apache.spark.sql.execution.datasources.FileFormat$$anon$1.apply(FileFormat.scala:140)","logger":"airflow.task.operators.airflow.providers.docker.operators.docker.DockerOperator","filename":"docker.py","lineno":71}
{"timestamp":"2026-05-20T22:11:09.605593Z","level":"info","event":"\tat org.apache.spark.sql.execution.datasources.FileScanRDD$$anon$1.org$apache$spark$sql$execution$datasources$FileScanRDD$$anon$$readCurrentFile(FileScanRDD.scala:217)","logger":"airflow.task.operators.airflow.providers.docker.operators.docker.DockerOperator","filename":"docker.py","lineno":71}
{"timestamp":"2026-05-20T22:11:09.605625Z","level":"info","event":"\tat org.apache.spark.sql.execution.datasources.FileScanRDD$$anon$1.nextIterator(FileScanRDD.scala:279)","logger":"airflow.task.operators.airflow.providers.docker.operators.docker.DockerOperator","filename":"docker.py","lineno":71}
{"timestamp":"2026-05-20T22:11:09.605664Z","level":"info","event":"\tat org.apache.spark.sql.execution.datasources.FileScanRDD$$anon$1.hasNext(FileScanRDD.scala:129)","logger":"airflow.task.operators.airflow.providers.docker.operators.docker.DockerOperator","filename":"docker.py","lineno":71}
{"timestamp":"2026-05-20T22:11:09.605700Z","level":"info","event":"\tat scala.collection.Iterator$$anon$10.hasNext(Iterator.scala:460)","logger":"airflow.task.operators.airflow.providers.docker.operators.docker.DockerOperator","filename":"docker.py","lineno":71}
{"timestamp":"2026-05-20T22:11:09.605763Z","level":"info","event":"\tat org.apache.spark.sql.catalyst.expressions.GeneratedClass$GeneratedIteratorForCodegenStage1.processNext(Unknown Source)","logger":"airflow.task.operators.airflow.providers.docker.operators.docker.DockerOperator","filename":"docker.py","lineno":71}
{"timestamp":"2026-05-20T22:11:09.605802Z","level":"info","event":"\tat org.apache.spark.sql.execution.BufferedRowIterator.hasNext(BufferedRowIterator.java:43)","logger":"airflow.task.operators.airflow.providers.docker.operators.docker.DockerOperator","filename":"docker.py","lineno":71}
{"timestamp":"2026-05-20T22:11:09.605869Z","level":"info","event":"\tat org.apache.spark.sql.execution.WholeStageCodegenEvaluatorFactory$WholeStageCodegenPartitionEvaluator$$anon$1.hasNext(WholeStageCodegenEvaluatorFactory.scala:43)","logger":"airflow.task.operators.airflow.providers.docker.operators.docker.DockerOperator","filename":"docker.py","lineno":71}
{"timestamp":"2026-05-20T22:11:09.605912Z","level":"info","event":"\tat org.apache.spark.sql.execution.SparkPlan.$anonfun$getByteArrayRdd$1(SparkPlan.scala:388)","logger":"airflow.task.operators.airflow.providers.docker.operators.docker.DockerOperator","filename":"docker.py","lineno":71}
{"timestamp":"2026-05-20T22:11:09.605946Z","level":"info","event":"\tat org.apache.spark.rdd.RDD.$anonfun$mapPartitionsInternal$2(RDD.scala:890)","logger":"airflow.task.operators.airflow.providers.docker.operators.docker.DockerOperator","filename":"docker.py","lineno":71}
{"timestamp":"2026-05-20T22:11:09.605978Z","level":"info","event":"\tat org.apache.spark.rdd.RDD.$anonfun$mapPartitionsInternal$2$adapted(RDD.scala:890)","logger":"airflow.task.operators.airflow.providers.docker.operators.docker.DockerOperator","filename":"docker.py","lineno":71}
{"timestamp":"2026-05-20T22:11:09.606008Z","level":"info","event":"\tat org.apache.spark.rdd.MapPartitionsRDD.compute(MapPartitionsRDD.scala:52)","logger":"airflow.task.operators.airflow.providers.docker.operators.docker.DockerOperator","filename":"docker.py","lineno":71}
{"timestamp":"2026-05-20T22:11:09.606038Z","level":"info","event":"\tat org.apache.spark.rdd.RDD.computeOrReadCheckpoint(RDD.scala:364)","logger":"airflow.task.operators.airflow.providers.docker.operators.docker.DockerOperator","filename":"docker.py","lineno":71}
{"timestamp":"2026-05-20T22:11:09.606067Z","level":"info","event":"\tat org.apache.spark.rdd.RDD.iterator(RDD.scala:328)","logger":"airflow.task.operators.airflow.providers.docker.operators.docker.DockerOperator","filename":"docker.py","lineno":71}
{"timestamp":"2026-05-20T22:11:09.606098Z","level":"info","event":"\tat org.apache.spark.scheduler.ResultTask.runTask(ResultTask.scala:93)","logger":"airflow.task.operators.airflow.providers.docker.operators.docker.DockerOperator","filename":"docker.py","lineno":71}
{"timestamp":"2026-05-20T22:11:09.606127Z","level":"info","event":"\tat org.apache.spark.TaskContext.runTaskWithListeners(TaskContext.scala:161)","logger":"airflow.task.operators.airflow.providers.docker.operators.docker.DockerOperator","filename":"docker.py","lineno":71}
{"timestamp":"2026-05-20T22:11:09.606156Z","level":"info","event":"\tat org.apache.spark.scheduler.Task.run(Task.scala:141)","logger":"airflow.task.operators.airflow.providers.docker.operators.docker.DockerOperator","filename":"docker.py","lineno":71}
{"timestamp":"2026-05-20T22:11:09.606184Z","level":"info","event":"\tat org.apache.spark.executor.Executor$TaskRunner.$anonfun$run$4(Executor.scala:620)","logger":"airflow.task.operators.airflow.providers.docker.operators.docker.DockerOperator","filename":"docker.py","lineno":71}
{"timestamp":"2026-05-20T22:11:09.606212Z","level":"info","event":"\tat org.apache.spark.util.SparkErrorUtils.tryWithSafeFinally(SparkErrorUtils.scala:64)","logger":"airflow.task.operators.airflow.providers.docker.operators.docker.DockerOperator","filename":"docker.py","lineno":71}
{"timestamp":"2026-05-20T22:11:09.606239Z","level":"info","event":"\tat org.apache.spark.util.SparkErrorUtils.tryWithSafeFinally$(SparkErrorUtils.scala:61)","logger":"airflow.task.operators.airflow.providers.docker.operators.docker.DockerOperator","filename":"docker.py","lineno":71}
{"timestamp":"2026-05-20T22:11:09.606267Z","level":"info","event":"\tat org.apache.spark.util.Utils$.tryWithSafeFinally(Utils.scala:94)","logger":"airflow.task.operators.airflow.providers.docker.operators.docker.DockerOperator","filename":"docker.py","lineno":71}
{"timestamp":"2026-05-20T22:11:09.606307Z","level":"info","event":"\tat org.apache.spark.executor.Executor$TaskRunner.run(Executor.scala:623)","logger":"airflow.task.operators.airflow.providers.docker.operators.docker.DockerOperator","filename":"docker.py","lineno":71}
{"timestamp":"2026-05-20T22:11:09.606344Z","level":"info","event":"\tat java.base/java.util.concurrent.ThreadPoolExecutor.runWorker(Unknown Source)","logger":"airflow.task.operators.airflow.providers.docker.operators.docker.DockerOperator","filename":"docker.py","lineno":71}
{"timestamp":"2026-05-20T22:11:09.606375Z","level":"info","event":"\tat java.base/java.util.concurrent.ThreadPoolExecutor$Worker.run(Unknown Source)","logger":"airflow.task.operators.airflow.providers.docker.operators.docker.DockerOperator","filename":"docker.py","lineno":71}
{"timestamp":"2026-05-20T22:11:09.606403Z","level":"info","event":"\t... 1 more","logger":"airflow.task.operators.airflow.providers.docker.operators.docker.DockerOperator","filename":"docker.py","lineno":71}
{"timestamp":"2026-05-20T22:11:09.606432Z","level":"info","event":"Caused by: java.lang.ClassNotFoundException: Class org.apache.hadoop.fs.s3a.S3AFileSystem not found","logger":"airflow.task.operators.airflow.providers.docker.operators.docker.DockerOperator","filename":"docker.py","lineno":71}
{"timestamp":"2026-05-20T22:11:09.606490Z","level":"info","event":"\tat org.apache.hadoop.conf.Configuration.getClassByName(Configuration.java:2592)","logger":"airflow.task.operators.airflow.providers.docker.operators.docker.DockerOperator","filename":"docker.py","lineno":71}
{"timestamp":"2026-05-20T22:11:09.606523Z","level":"info","event":"\tat org.apache.hadoop.conf.Configuration.getClass(Configuration.java:2686)","logger":"airflow.task.operators.airflow.providers.docker.operators.docker.DockerOperator","filename":"docker.py","lineno":71}
{"timestamp":"2026-05-20T22:11:09.606552Z","level":"info","event":"\t... 37 more","logger":"airflow.task.operators.airflow.providers.docker.operators.docker.DockerOperator","filename":"docker.py","lineno":71}
{"timestamp":"2026-05-20T22:11:09.606580Z","level":"info","event":"","logger":"airflow.task.operators.airflow.providers.docker.operators.docker.DockerOperator","filename":"docker.py","lineno":71}
{"timestamp":"2026-05-20T22:11:09.606922Z","level":"info","event":"2026-05-20 22:11:09,535 - ERROR - Error processing table sales_per_city_country: An error occurred while calling o53.load.","logger":"airflow.task.operators.airflow.providers.docker.operators.docker.DockerOperator","filename":"docker.py","lineno":71}
{"timestamp":"2026-05-20T22:11:09.607035Z","level":"info","event":": org.apache.spark.SparkException: Job aborted due to stage failure: Task 0 in stage 0.0 failed 4 times, most recent failure: Lost task 0.3 in stage 0.0 (TID 22) (172.20.0.21 executor 1): java.lang.RuntimeException: java.lang.ClassNotFoundException: Class org.apache.hadoop.fs.s3a.S3AFileSystem not found","logger":"airflow.task.operators.airflow.providers.docker.operators.docker.DockerOperator","filename":"docker.py","lineno":71}
{"timestamp":"2026-05-20T22:11:09.607078Z","level":"info","event":"\tat org.apache.hadoop.conf.Configuration.getClass(Configuration.java:2688)","logger":"airflow.task.operators.airflow.providers.docker.operators.docker.DockerOperator","filename":"docker.py","lineno":71}
{"timestamp":"2026-05-20T22:11:09.607114Z","level":"info","event":"\tat org.apache.hadoop.fs.FileSystem.getFileSystemClass(FileSystem.java:3431)","logger":"airflow.task.operators.airflow.providers.docker.operators.docker.DockerOperator","filename":"docker.py","lineno":71}
{"timestamp":"2026-05-20T22:11:09.607148Z","level":"info","event":"\tat org.apache.hadoop.fs.FileSystem.createFileSystem(FileSystem.java:3466)","logger":"airflow.task.operators.airflow.providers.docker.operators.docker.DockerOperator","filename":"docker.py","lineno":71}
{"timestamp":"2026-05-20T22:11:09.607178Z","level":"info","event":"\tat org.apache.hadoop.fs.FileSystem.access$300(FileSystem.java:174)","logger":"airflow.task.operators.airflow.providers.docker.operators.docker.DockerOperator","filename":"docker.py","lineno":71}
{"timestamp":"2026-05-20T22:11:09.607209Z","level":"info","event":"\tat org.apache.hadoop.fs.FileSystem$Cache.getInternal(FileSystem.java:3574)","logger":"airflow.task.operators.airflow.providers.docker.operators.docker.DockerOperator","filename":"docker.py","lineno":71}
{"timestamp":"2026-05-20T22:11:09.607241Z","level":"info","event":"\tat org.apache.hadoop.fs.FileSystem$Cache.get(FileSystem.java:3521)","logger":"airflow.task.operators.airflow.providers.docker.operators.docker.DockerOperator","filename":"docker.py","lineno":71}
{"timestamp":"2026-05-20T22:11:09.607273Z","level":"info","event":"\tat org.apache.hadoop.fs.FileSystem.get(FileSystem.java:540)","logger":"airflow.task.operators.airflow.providers.docker.operators.docker.DockerOperator","filename":"docker.py","lineno":71}
{"timestamp":"2026-05-20T22:11:09.607314Z","level":"info","event":"\tat org.apache.hadoop.fs.Path.getFileSystem(Path.java:365)","logger":"airflow.task.operators.airflow.providers.docker.operators.docker.DockerOperator","filename":"docker.py","lineno":71}
{"timestamp":"2026-05-20T22:11:09.607356Z","level":"info","event":"\tat org.apache.hadoop.mapreduce.lib.input.LineRecordReader.initialize(LineRecordReader.java:88)","logger":"airflow.task.operators.airflow.providers.docker.operators.docker.DockerOperator","filename":"docker.py","lineno":71}
{"timestamp":"2026-05-20T22:11:09.607412Z","level":"info","event":"\tat org.apache.spark.sql.execution.datasources.HadoopFileLinesReader.<init>(HadoopFileLinesReader.scala:63)","logger":"airflow.task.operators.airflow.providers.docker.operators.docker.DockerOperator","filename":"docker.py","lineno":71}
{"timestamp":"2026-05-20T22:11:09.607463Z","level":"info","event":"\tat org.apache.spark.sql.execution.datasources.json.TextInputJsonDataSource$.readFile(JsonDataSource.scala:132)","logger":"airflow.task.operators.airflow.providers.docker.operators.docker.DockerOperator","filename":"docker.py","lineno":71}
{"timestamp":"2026-05-20T22:11:09.607519Z","level":"info","event":"\tat org.apache.spark.sql.execution.datasources.json.JsonFileFormat.$anonfun$buildReader$2(JsonFileFormat.scala:126)","logger":"airflow.task.operators.airflow.providers.docker.operators.docker.DockerOperator","filename":"docker.py","lineno":71}
{"timestamp":"2026-05-20T22:11:09.607578Z","level":"info","event":"\tat org.apache.spark.sql.execution.datasources.FileFormat$$anon$1.apply(FileFormat.scala:160)","logger":"airflow.task.operators.airflow.providers.docker.operators.docker.DockerOperator","filename":"docker.py","lineno":71}
{"timestamp":"2026-05-20T22:11:09.607630Z","level":"info","event":"\tat org.apache.spark.sql.execution.datasources.FileFormat$$anon$1.apply(FileFormat.scala:140)","logger":"airflow.task.operators.airflow.providers.docker.operators.docker.DockerOperator","filename":"docker.py","lineno":71}
{"timestamp":"2026-05-20T22:11:09.607680Z","level":"info","event":"\tat org.apache.spark.sql.execution.datasources.FileScanRDD$$anon$1.org$apache$spark$sql$execution$datasources$FileScanRDD$$anon$$readCurrentFile(FileScanRDD.scala:217)","logger":"airflow.task.operators.airflow.providers.docker.operators.docker.DockerOperator","filename":"docker.py","lineno":71}
{"timestamp":"2026-05-20T22:11:09.607733Z","level":"info","event":"\tat org.apache.spark.sql.execution.datasources.FileScanRDD$$anon$1.nextIterator(FileScanRDD.scala:279)","logger":"airflow.task.operators.airflow.providers.docker.operators.docker.DockerOperator","filename":"docker.py","lineno":71}
{"timestamp":"2026-05-20T22:11:09.607787Z","level":"info","event":"\tat org.apache.spark.sql.execution.datasources.FileScanRDD$$anon$1.hasNext(FileScanRDD.scala:129)","logger":"airflow.task.operators.airflow.providers.docker.operators.docker.DockerOperator","filename":"docker.py","lineno":71}
{"timestamp":"2026-05-20T22:11:09.607867Z","level":"info","event":"\tat scala.collection.Iterator$$anon$10.hasNext(Iterator.scala:460)","logger":"airflow.task.operators.airflow.providers.docker.operators.docker.DockerOperator","filename":"docker.py","lineno":71}
{"timestamp":"2026-05-20T22:11:09.607923Z","level":"info","event":"\tat org.apache.spark.sql.catalyst.expressions.GeneratedClass$GeneratedIteratorForCodegenStage1.processNext(Unknown Source)","logger":"airflow.task.operators.airflow.providers.docker.operators.docker.DockerOperator","filename":"docker.py","lineno":71}
{"timestamp":"2026-05-20T22:11:09.607970Z","level":"info","event":"\tat org.apache.spark.sql.execution.BufferedRowIterator.hasNext(BufferedRowIterator.java:43)","logger":"airflow.task.operators.airflow.providers.docker.operators.docker.DockerOperator","filename":"docker.py","lineno":71}
{"timestamp":"2026-05-20T22:11:09.608016Z","level":"info","event":"\tat org.apache.spark.sql.execution.WholeStageCodegenEvaluatorFactory$WholeStageCodegenPartitionEvaluator$$anon$1.hasNext(WholeStageCodegenEvaluatorFactory.scala:43)","logger":"airflow.task.operators.airflow.providers.docker.operators.docker.DockerOperator","filename":"docker.py","lineno":71}
{"timestamp":"2026-05-20T22:11:09.608064Z","level":"info","event":"\tat org.apache.spark.sql.execution.SparkPlan.$anonfun$getByteArrayRdd$1(SparkPlan.scala:388)","logger":"airflow.task.operators.airflow.providers.docker.operators.docker.DockerOperator","filename":"docker.py","lineno":71}
{"timestamp":"2026-05-20T22:11:09.608110Z","level":"info","event":"\tat org.apache.spark.rdd.RDD.$anonfun$mapPartitionsInternal$2(RDD.scala:890)","logger":"airflow.task.operators.airflow.providers.docker.operators.docker.DockerOperator","filename":"docker.py","lineno":71}
{"timestamp":"2026-05-20T22:11:09.608157Z","level":"info","event":"\tat org.apache.spark.rdd.RDD.$anonfun$mapPartitionsInternal$2$adapted(RDD.scala:890)","logger":"airflow.task.operators.airflow.providers.docker.operators.docker.DockerOperator","filename":"docker.py","lineno":71}
{"timestamp":"2026-05-20T22:11:09.608202Z","level":"info","event":"\tat org.apache.spark.rdd.MapPartitionsRDD.compute(MapPartitionsRDD.scala:52)","logger":"airflow.task.operators.airflow.providers.docker.operators.docker.DockerOperator","filename":"docker.py","lineno":71}
{"timestamp":"2026-05-20T22:11:09.608248Z","level":"info","event":"\tat org.apache.spark.rdd.RDD.computeOrReadCheckpoint(RDD.scala:364)","logger":"airflow.task.operators.airflow.providers.docker.operators.docker.DockerOperator","filename":"docker.py","lineno":71}
{"timestamp":"2026-05-20T22:11:09.608309Z","level":"info","event":"\tat org.apache.spark.rdd.RDD.iterator(RDD.scala:328)","logger":"airflow.task.operators.airflow.providers.docker.operators.docker.DockerOperator","filename":"docker.py","lineno":71}
{"timestamp":"2026-05-20T22:11:09.608368Z","level":"info","event":"\tat org.apache.spark.scheduler.ResultTask.runTask(ResultTask.scala:93)","logger":"airflow.task.operators.airflow.providers.docker.operators.docker.DockerOperator","filename":"docker.py","lineno":71}
{"timestamp":"2026-05-20T22:11:09.608414Z","level":"info","event":"\tat org.apache.spark.TaskContext.runTaskWithListeners(TaskContext.scala:161)","logger":"airflow.task.operators.airflow.providers.docker.operators.docker.DockerOperator","filename":"docker.py","lineno":71}
{"timestamp":"2026-05-20T22:11:09.608464Z","level":"info","event":"\tat org.apache.spark.scheduler.Task.run(Task.scala:141)","logger":"airflow.task.operators.airflow.providers.docker.operators.docker.DockerOperator","filename":"docker.py","lineno":71}
{"timestamp":"2026-05-20T22:11:09.608521Z","level":"info","event":"\tat org.apache.spark.executor.Executor$TaskRunner.$anonfun$run$4(Executor.scala:620)","logger":"airflow.task.operators.airflow.providers.docker.operators.docker.DockerOperator","filename":"docker.py","lineno":71}
{"timestamp":"2026-05-20T22:11:09.608576Z","level":"info","event":"\tat org.apache.spark.util.SparkErrorUtils.tryWithSafeFinally(SparkErrorUtils.scala:64)","logger":"airflow.task.operators.airflow.providers.docker.operators.docker.DockerOperator","filename":"docker.py","lineno":71}
{"timestamp":"2026-05-20T22:11:09.608630Z","level":"info","event":"\tat org.apache.spark.util.SparkErrorUtils.tryWithSafeFinally$(SparkErrorUtils.scala:61)","logger":"airflow.task.operators.airflow.providers.docker.operators.docker.DockerOperator","filename":"docker.py","lineno":71}
{"timestamp":"2026-05-20T22:11:09.608682Z","level":"info","event":"\tat org.apache.spark.util.Utils$.tryWithSafeFinally(Utils.scala:94)","logger":"airflow.task.operators.airflow.providers.docker.operators.docker.DockerOperator","filename":"docker.py","lineno":71}
{"timestamp":"2026-05-20T22:11:09.608739Z","level":"info","event":"\tat org.apache.spark.executor.Executor$TaskRunner.run(Executor.scala:623)","logger":"airflow.task.operators.airflow.providers.docker.operators.docker.DockerOperator","filename":"docker.py","lineno":71}
{"timestamp":"2026-05-20T22:11:09.608793Z","level":"info","event":"\tat java.base/java.util.concurrent.ThreadPoolExecutor.runWorker(Unknown Source)","logger":"airflow.task.operators.airflow.providers.docker.operators.docker.DockerOperator","filename":"docker.py","lineno":71}
{"timestamp":"2026-05-20T22:11:09.608873Z","level":"info","event":"\tat java.base/java.util.concurrent.ThreadPoolExecutor$Worker.run(Unknown Source)","logger":"airflow.task.operators.airflow.providers.docker.operators.docker.DockerOperator","filename":"docker.py","lineno":71}
{"timestamp":"2026-05-20T22:11:09.608931Z","level":"info","event":"\tat java.base/java.lang.Thread.run(Unknown Source)","logger":"airflow.task.operators.airflow.providers.docker.operators.docker.DockerOperator","filename":"docker.py","lineno":71}
{"timestamp":"2026-05-20T22:11:09.608982Z","level":"info","event":"Caused by: java.lang.ClassNotFoundException: Class org.apache.hadoop.fs.s3a.S3AFileSystem not found","logger":"airflow.task.operators.airflow.providers.docker.operators.docker.DockerOperator","filename":"docker.py","lineno":71}
{"timestamp":"2026-05-20T22:11:09.609039Z","level":"info","event":"\tat org.apache.hadoop.conf.Configuration.getClassByName(Configuration.java:2592)","logger":"airflow.task.operators.airflow.providers.docker.operators.docker.DockerOperator","filename":"docker.py","lineno":71}
{"timestamp":"2026-05-20T22:11:09.609092Z","level":"info","event":"\tat org.apache.hadoop.conf.Configuration.getClass(Configuration.java:2686)","logger":"airflow.task.operators.airflow.providers.docker.operators.docker.DockerOperator","filename":"docker.py","lineno":71}
{"timestamp":"2026-05-20T22:11:09.609146Z","level":"info","event":"\t... 37 more","logger":"airflow.task.operators.airflow.providers.docker.operators.docker.DockerOperator","filename":"docker.py","lineno":71}
{"timestamp":"2026-05-20T22:11:09.609200Z","level":"info","event":"","logger":"airflow.task.operators.airflow.providers.docker.operators.docker.DockerOperator","filename":"docker.py","lineno":71}
{"timestamp":"2026-05-20T22:11:09.609251Z","level":"info","event":"Driver stacktrace:","logger":"airflow.task.operators.airflow.providers.docker.operators.docker.DockerOperator","filename":"docker.py","lineno":71}
{"timestamp":"2026-05-20T22:11:09.609317Z","level":"info","event":"\tat org.apache.spark.scheduler.DAGScheduler.failJobAndIndependentStages(DAGScheduler.scala:2844)","logger":"airflow.task.operators.airflow.providers.docker.operators.docker.DockerOperator","filename":"docker.py","lineno":71}
{"timestamp":"2026-05-20T22:11:09.609384Z","level":"info","event":"\tat org.apache.spark.scheduler.DAGScheduler.$anonfun$abortStage$2(DAGScheduler.scala:2780)","logger":"airflow.task.operators.airflow.providers.docker.operators.docker.DockerOperator","filename":"docker.py","lineno":71}
{"timestamp":"2026-05-20T22:11:09.609440Z","level":"info","event":"\tat org.apache.spark.scheduler.DAGScheduler.$anonfun$abortStage$2$adapted(DAGScheduler.scala:2779)","logger":"airflow.task.operators.airflow.providers.docker.operators.docker.DockerOperator","filename":"docker.py","lineno":71}
{"timestamp":"2026-05-20T22:11:09.609491Z","level":"info","event":"\tat scala.collection.mutable.ResizableArray.foreach(ResizableArray.scala:62)","logger":"airflow.task.operators.airflow.providers.docker.operators.docker.DockerOperator","filename":"docker.py","lineno":71}
{"timestamp":"2026-05-20T22:11:09.609547Z","level":"info","event":"\tat scala.collection.mutable.ResizableArray.foreach$(ResizableArray.scala:55)","logger":"airflow.task.operators.airflow.providers.docker.operators.docker.DockerOperator","filename":"docker.py","lineno":71}
{"timestamp":"2026-05-20T22:11:09.609606Z","level":"info","event":"\tat scala.collection.mutable.ArrayBuffer.foreach(ArrayBuffer.scala:49)","logger":"airflow.task.operators.airflow.providers.docker.operators.docker.DockerOperator","filename":"docker.py","lineno":71}
{"timestamp":"2026-05-20T22:11:09.609664Z","level":"info","event":"\tat org.apache.spark.scheduler.DAGScheduler.abortStage(DAGScheduler.scala:2779)","logger":"airflow.task.operators.airflow.providers.docker.operators.docker.DockerOperator","filename":"docker.py","lineno":71}
{"timestamp":"2026-05-20T22:11:09.609725Z","level":"info","event":"\tat org.apache.spark.scheduler.DAGScheduler.$anonfun$handleTaskSetFailed$1(DAGScheduler.scala:1242)","logger":"airflow.task.operators.airflow.providers.docker.operators.docker.DockerOperator","filename":"docker.py","lineno":71}
{"timestamp":"2026-05-20T22:11:09.609789Z","level":"info","event":"\tat org.apache.spark.scheduler.DAGScheduler.$anonfun$handleTaskSetFailed$1$adapted(DAGScheduler.scala:1242)","logger":"airflow.task.operators.airflow.providers.docker.operators.docker.DockerOperator","filename":"docker.py","lineno":71}
{"timestamp":"2026-05-20T22:11:09.610010Z","level":"info","event":"\tat scala.Option.foreach(Option.scala:407)","logger":"airflow.task.operators.airflow.providers.docker.operators.docker.DockerOperator","filename":"docker.py","lineno":71}
{"timestamp":"2026-05-20T22:11:09.610093Z","level":"info","event":"\tat org.apache.spark.scheduler.DAGScheduler.handleTaskSetFailed(DAGScheduler.scala:1242)","logger":"airflow.task.operators.airflow.providers.docker.operators.docker.DockerOperator","filename":"docker.py","lineno":71}
{"timestamp":"2026-05-20T22:11:09.610179Z","level":"info","event":"\tat org.apache.spark.scheduler.DAGSchedulerEventProcessLoop.doOnReceive(DAGScheduler.scala:3048)","logger":"airflow.task.operators.airflow.providers.docker.operators.docker.DockerOperator","filename":"docker.py","lineno":71}
{"timestamp":"2026-05-20T22:11:09.610240Z","level":"info","event":"\tat org.apache.spark.scheduler.DAGSchedulerEventProcessLoop.onReceive(DAGScheduler.scala:2982)","logger":"airflow.task.operators.airflow.providers.docker.operators.docker.DockerOperator","filename":"docker.py","lineno":71}
{"timestamp":"2026-05-20T22:11:09.610305Z","level":"info","event":"\tat org.apache.spark.scheduler.DAGSchedulerEventProcessLoop.onReceive(DAGScheduler.scala:2971)","logger":"airflow.task.operators.airflow.providers.docker.operators.docker.DockerOperator","filename":"docker.py","lineno":71}
{"timestamp":"2026-05-20T22:11:09.610364Z","level":"info","event":"\tat org.apache.spark.util.EventLoop$$anon$1.run(EventLoop.scala:49)","logger":"airflow.task.operators.airflow.providers.docker.operators.docker.DockerOperator","filename":"docker.py","lineno":71}
{"timestamp":"2026-05-20T22:11:09.610416Z","level":"info","event":"\tat org.apache.spark.scheduler.DAGScheduler.runJob(DAGScheduler.scala:984)","logger":"airflow.task.operators.airflow.providers.docker.operators.docker.DockerOperator","filename":"docker.py","lineno":71}
{"timestamp":"2026-05-20T22:11:09.610470Z","level":"info","event":"\tat org.apache.spark.SparkContext.runJob(SparkContext.scala:2398)","logger":"airflow.task.operators.airflow.providers.docker.operators.docker.DockerOperator","filename":"docker.py","lineno":71}
{"timestamp":"2026-05-20T22:11:09.610527Z","level":"info","event":"\tat org.apache.spark.SparkContext.runJob(SparkContext.scala:2419)","logger":"airflow.task.operators.airflow.providers.docker.operators.docker.DockerOperator","filename":"docker.py","lineno":71}
{"timestamp":"2026-05-20T22:11:09.610583Z","level":"info","event":"\tat org.apache.spark.SparkContext.runJob(SparkContext.scala:2438)","logger":"airflow.task.operators.airflow.providers.docker.operators.docker.DockerOperator","filename":"docker.py","lineno":71}
{"timestamp":"2026-05-20T22:11:09.610643Z","level":"info","event":"\tat org.apache.spark.SparkContext.runJob(SparkContext.scala:2463)","logger":"airflow.task.operators.airflow.providers.docker.operators.docker.DockerOperator","filename":"docker.py","lineno":71}
{"timestamp":"2026-05-20T22:11:09.610699Z","level":"info","event":"\tat org.apache.spark.rdd.RDD.$anonfun$collect$1(RDD.scala:1046)","logger":"airflow.task.operators.airflow.providers.docker.operators.docker.DockerOperator","filename":"docker.py","lineno":71}
{"timestamp":"2026-05-20T22:11:09.610755Z","level":"info","event":"\tat org.apache.spark.rdd.RDDOperationScope$.withScope(RDDOperationScope.scala:151)","logger":"airflow.task.operators.airflow.providers.docker.operators.docker.DockerOperator","filename":"docker.py","lineno":71}
{"timestamp":"2026-05-20T22:11:09.610816Z","level":"info","event":"\tat org.apache.spark.rdd.RDDOperationScope$.withScope(RDDOperationScope.scala:112)","logger":"airflow.task.operators.airflow.providers.docker.operators.docker.DockerOperator","filename":"docker.py","lineno":71}
{"timestamp":"2026-05-20T22:11:09.610904Z","level":"info","event":"\tat org.apache.spark.rdd.RDD.withScope(RDD.scala:407)","logger":"airflow.task.operators.airflow.providers.docker.operators.docker.DockerOperator","filename":"docker.py","lineno":71}
{"timestamp":"2026-05-20T22:11:09.610970Z","level":"info","event":"\tat org.apache.spark.rdd.RDD.collect(RDD.scala:1045)","logger":"airflow.task.operators.airflow.providers.docker.operators.docker.DockerOperator","filename":"docker.py","lineno":71}
{"timestamp":"2026-05-20T22:11:09.611125Z","level":"info","event":"\tat org.apache.spark.sql.execution.SparkPlan.executeCollect(SparkPlan.scala:448)","logger":"airflow.task.operators.airflow.providers.docker.operators.docker.DockerOperator","filename":"docker.py","lineno":71}
{"timestamp":"2026-05-20T22:11:09.611213Z","level":"info","event":"\tat org.apache.spark.sql.Dataset.collectFromPlan(Dataset.scala:4344)","logger":"airflow.task.operators.airflow.providers.docker.operators.docker.DockerOperator","filename":"docker.py","lineno":71}
{"timestamp":"2026-05-20T22:11:09.611270Z","level":"info","event":"\tat org.apache.spark.sql.Dataset.$anonfun$collect$1(Dataset.scala:3585)","logger":"airflow.task.operators.airflow.providers.docker.operators.docker.DockerOperator","filename":"docker.py","lineno":71}
{"timestamp":"2026-05-20T22:11:09.611339Z","level":"info","event":"\tat org.apache.spark.sql.Dataset.$anonfun$withAction$2(Dataset.scala:4334)","logger":"airflow.task.operators.airflow.providers.docker.operators.docker.DockerOperator","filename":"docker.py","lineno":71}
{"timestamp":"2026-05-20T22:11:09.611425Z","level":"info","event":"\tat org.apache.spark.sql.execution.QueryExecution$.withInternalError(QueryExecution.scala:546)","logger":"airflow.task.operators.airflow.providers.docker.operators.docker.DockerOperator","filename":"docker.py","lineno":71}
{"timestamp":"2026-05-20T22:11:09.611490Z","level":"info","event":"\tat org.apache.spark.sql.Dataset.$anonfun$withAction$1(Dataset.scala:4332)","logger":"airflow.task.operators.airflow.providers.docker.operators.docker.DockerOperator","filename":"docker.py","lineno":71}
{"timestamp":"2026-05-20T22:11:09.611547Z","level":"info","event":"\tat org.apache.spark.sql.execution.SQLExecution$.$anonfun$withNewExecutionId$6(SQLExecution.scala:125)","logger":"airflow.task.operators.airflow.providers.docker.operators.docker.DockerOperator","filename":"docker.py","lineno":71}
{"timestamp":"2026-05-20T22:11:09.611604Z","level":"info","event":"\tat org.apache.spark.sql.execution.SQLExecution$.withSQLConfPropagated(SQLExecution.scala:201)","logger":"airflow.task.operators.airflow.providers.docker.operators.docker.DockerOperator","filename":"docker.py","lineno":71}
{"timestamp":"2026-05-20T22:11:09.611660Z","level":"info","event":"\tat org.apache.spark.sql.execution.SQLExecution$.$anonfun$withNewExecutionId$1(SQLExecution.scala:108)","logger":"airflow.task.operators.airflow.providers.docker.operators.docker.DockerOperator","filename":"docker.py","lineno":71}
{"timestamp":"2026-05-20T22:11:09.611715Z","level":"info","event":"\tat org.apache.spark.sql.SparkSession.withActive(SparkSession.scala:900)","logger":"airflow.task.operators.airflow.providers.docker.operators.docker.DockerOperator","filename":"docker.py","lineno":71}
{"timestamp":"2026-05-20T22:11:09.611773Z","level":"info","event":"\tat org.apache.spark.sql.execution.SQLExecution$.withNewExecutionId(SQLExecution.scala:66)","logger":"airflow.task.operators.airflow.providers.docker.operators.docker.DockerOperator","filename":"docker.py","lineno":71}
{"timestamp":"2026-05-20T22:11:09.611864Z","level":"info","event":"\tat org.apache.spark.sql.Dataset.withAction(Dataset.scala:4332)","logger":"airflow.task.operators.airflow.providers.docker.operators.docker.DockerOperator","filename":"docker.py","lineno":71}
{"timestamp":"2026-05-20T22:11:09.611932Z","level":"info","event":"\tat org.apache.spark.sql.Dataset.collect(Dataset.scala:3585)","logger":"airflow.task.operators.airflow.providers.docker.operators.docker.DockerOperator","filename":"docker.py","lineno":71}
{"timestamp":"2026-05-20T22:11:09.611988Z","level":"info","event":"\tat org.apache.spark.sql.delta.Snapshot.protocolAndMetadataReconstruction(Snapshot.scala:229)","logger":"airflow.task.operators.airflow.providers.docker.operators.docker.DockerOperator","filename":"docker.py","lineno":71}
{"timestamp":"2026-05-20T22:11:09.612041Z","level":"info","event":"\tat org.apache.spark.sql.delta.Snapshot.x$1$lzycompute(Snapshot.scala:138)","logger":"airflow.task.operators.airflow.providers.docker.operators.docker.DockerOperator","filename":"docker.py","lineno":71}
{"timestamp":"2026-05-20T22:11:09.612091Z","level":"info","event":"\tat org.apache.spark.sql.delta.Snapshot.x$1(Snapshot.scala:133)","logger":"airflow.task.operators.airflow.providers.docker.operators.docker.DockerOperator","filename":"docker.py","lineno":71}
{"timestamp":"2026-05-20T22:11:09.612141Z","level":"info","event":"\tat org.apache.spark.sql.delta.Snapshot._metadata$lzycompute(Snapshot.scala:133)","logger":"airflow.task.operators.airflow.providers.docker.operators.docker.DockerOperator","filename":"docker.py","lineno":71}
{"timestamp":"2026-05-20T22:11:09.612197Z","level":"info","event":"\tat org.apache.spark.sql.delta.Snapshot._metadata(Snapshot.scala:133)","logger":"airflow.task.operators.airflow.providers.docker.operators.docker.DockerOperator","filename":"docker.py","lineno":71}
{"timestamp":"2026-05-20T22:11:09.612259Z","level":"info","event":"\tat org.apache.spark.sql.delta.Snapshot.metadata(Snapshot.scala:202)","logger":"airflow.task.operators.airflow.providers.docker.operators.docker.DockerOperator","filename":"docker.py","lineno":71}
{"timestamp":"2026-05-20T22:11:09.612325Z","level":"info","event":"\tat org.apache.spark.sql.delta.Snapshot.toString(Snapshot.scala:416)","logger":"airflow.task.operators.airflow.providers.docker.operators.docker.DockerOperator","filename":"docker.py","lineno":71}
{"timestamp":"2026-05-20T22:11:09.612374Z","level":"info","event":"\tat java.base/java.lang.String.valueOf(Unknown Source)","logger":"airflow.task.operators.airflow.providers.docker.operators.docker.DockerOperator","filename":"docker.py","lineno":71}
{"timestamp":"2026-05-20T22:11:09.612422Z","level":"info","event":"\tat java.base/java.lang.StringBuilder.append(Unknown Source)","logger":"airflow.task.operators.airflow.providers.docker.operators.docker.DockerOperator","filename":"docker.py","lineno":71}
{"timestamp":"2026-05-20T22:11:09.612700Z","level":"info","event":"\tat org.apache.spark.sql.delta.Snapshot.$anonfun$new$1(Snapshot.scala:419)","logger":"airflow.task.operators.airflow.providers.docker.operators.docker.DockerOperator","filename":"docker.py","lineno":71}
{"timestamp":"2026-05-20T22:11:09.613034Z","level":"info","event":"\tat org.apache.spark.sql.delta.Snapshot.$anonfun$logInfo$1(Snapshot.scala:396)","logger":"airflow.task.operators.airflow.providers.docker.operators.docker.DockerOperator","filename":"docker.py","lineno":71}
{"timestamp":"2026-05-20T22:11:09.613153Z","level":"info","event":"\tat org.apache.spark.internal.Logging.logInfo(Logging.scala:60)","logger":"airflow.task.operators.airflow.providers.docker.operators.docker.DockerOperator","filename":"docker.py","lineno":71}
{"timestamp":"2026-05-20T22:11:09.613247Z","level":"info","event":"\tat org.apache.spark.internal.Logging.logInfo$(Logging.scala:59)","logger":"airflow.task.operators.airflow.providers.docker.operators.docker.DockerOperator","filename":"docker.py","lineno":71}
{"timestamp":"2026-05-20T22:11:09.613311Z","level":"info","event":"\tat org.apache.spark.sql.delta.Snapshot.logInfo(Snapshot.scala:396)","logger":"airflow.task.operators.airflow.providers.docker.operators.docker.DockerOperator","filename":"docker.py","lineno":71}
{"timestamp":"2026-05-20T22:11:09.613411Z","level":"info","event":"\tat org.apache.spark.sql.delta.Snapshot.<init>(Snapshot.scala:419)","logger":"airflow.task.operators.airflow.providers.docker.operators.docker.DockerOperator","filename":"docker.py","lineno":71}
{"timestamp":"2026-05-20T22:11:09.613475Z","level":"info","event":"\tat org.apache.spark.sql.delta.SnapshotManagement.$anonfun$createSnapshot$2(SnapshotManagement.scala:503)","logger":"airflow.task.operators.airflow.providers.docker.operators.docker.DockerOperator","filename":"docker.py","lineno":71}
{"timestamp":"2026-05-20T22:11:09.613536Z","level":"info","event":"\tat org.apache.spark.sql.delta.SnapshotManagement.createSnapshotFromGivenOrEquivalentLogSegment(SnapshotManagement.scala:628)","logger":"airflow.task.operators.airflow.providers.docker.operators.docker.DockerOperator","filename":"docker.py","lineno":71}
{"timestamp":"2026-05-20T22:11:09.613598Z","level":"info","event":"\tat org.apache.spark.sql.delta.SnapshotManagement.createSnapshotFromGivenOrEquivalentLogSegment$(SnapshotManagement.scala:616)","logger":"airflow.task.operators.airflow.providers.docker.operators.docker.DockerOperator","filename":"docker.py","lineno":71}
{"timestamp":"2026-05-20T22:11:09.613659Z","level":"info","event":"\tat org.apache.spark.sql.delta.DeltaLog.createSnapshotFromGivenOrEquivalentLogSegment(DeltaLog.scala:72)","logger":"airflow.task.operators.airflow.providers.docker.operators.docker.DockerOperator","filename":"docker.py","lineno":71}
{"timestamp":"2026-05-20T22:11:09.613716Z","level":"info","event":"\tat org.apache.spark.sql.delta.SnapshotManagement.createSnapshot(SnapshotManagement.scala:496)","logger":"airflow.task.operators.airflow.providers.docker.operators.docker.DockerOperator","filename":"docker.py","lineno":71}
{"timestamp":"2026-05-20T22:11:09.613772Z","level":"info","event":"\tat org.apache.spark.sql.delta.SnapshotManagement.createSnapshot$(SnapshotManagement.scala:489)","logger":"airflow.task.operators.airflow.providers.docker.operators.docker.DockerOperator","filename":"docker.py","lineno":71}
{"timestamp":"2026-05-20T22:11:09.613941Z","level":"info","event":"\tat org.apache.spark.sql.delta.DeltaLog.createSnapshot(DeltaLog.scala:72)","logger":"airflow.task.operators.airflow.providers.docker.operators.docker.DockerOperator","filename":"docker.py","lineno":71}
{"timestamp":"2026-05-20T22:11:09.614061Z","level":"info","event":"\tat org.apache.spark.sql.delta.SnapshotManagement.$anonfun$createSnapshotAtInitInternal$1(SnapshotManagement.scala:450)","logger":"airflow.task.operators.airflow.providers.docker.operators.docker.DockerOperator","filename":"docker.py","lineno":71}
{"timestamp":"2026-05-20T22:11:09.614136Z","level":"info","event":"\tat scala.Option.map(Option.scala:230)","logger":"airflow.task.operators.airflow.providers.docker.operators.docker.DockerOperator","filename":"docker.py","lineno":71}
{"timestamp":"2026-05-20T22:11:09.614198Z","level":"info","event":"\tat org.apache.spark.sql.delta.SnapshotManagement.createSnapshotAtInitInternal(SnapshotManagement.scala:447)","logger":"airflow.task.operators.airflow.providers.docker.operators.docker.DockerOperator","filename":"docker.py","lineno":71}
{"timestamp":"2026-05-20T22:11:09.614256Z","level":"info","event":"\tat org.apache.spark.sql.delta.SnapshotManagement.createSnapshotAtInitInternal$(SnapshotManagement.scala:444)","logger":"airflow.task.operators.airflow.providers.docker.operators.docker.DockerOperator","filename":"docker.py","lineno":71}
{"timestamp":"2026-05-20T22:11:09.614310Z","level":"info","event":"\tat org.apache.spark.sql.delta.DeltaLog.createSnapshotAtInitInternal(DeltaLog.scala:72)","logger":"airflow.task.operators.airflow.providers.docker.operators.docker.DockerOperator","filename":"docker.py","lineno":71}
{"timestamp":"2026-05-20T22:11:09.614374Z","level":"info","event":"\tat org.apache.spark.sql.delta.SnapshotManagement.$anonfun$getSnapshotAtInit$1(SnapshotManagement.scala:439)","logger":"airflow.task.operators.airflow.providers.docker.operators.docker.DockerOperator","filename":"docker.py","lineno":71}
{"timestamp":"2026-05-20T22:11:09.614426Z","level":"info","event":"\tat org.apache.spark.sql.delta.metering.DeltaLogging.recordFrameProfile(DeltaLogging.scala:140)","logger":"airflow.task.operators.airflow.providers.docker.operators.docker.DockerOperator","filename":"docker.py","lineno":71}
{"timestamp":"2026-05-20T22:11:09.614477Z","level":"info","event":"\tat org.apache.spark.sql.delta.metering.DeltaLogging.recordFrameProfile$(DeltaLogging.scala:138)","logger":"airflow.task.operators.airflow.providers.docker.operators.docker.DockerOperator","filename":"docker.py","lineno":71}
{"timestamp":"2026-05-20T22:11:09.614527Z","level":"info","event":"\tat org.apache.spark.sql.delta.DeltaLog.recordFrameProfile(DeltaLog.scala:72)","logger":"airflow.task.operators.airflow.providers.docker.operators.docker.DockerOperator","filename":"docker.py","lineno":71}
{"timestamp":"2026-05-20T22:11:09.614585Z","level":"info","event":"\tat org.apache.spark.sql.delta.SnapshotManagement.getSnapshotAtInit(SnapshotManagement.scala:434)","logger":"airflow.task.operators.airflow.providers.docker.operators.docker.DockerOperator","filename":"docker.py","lineno":71}
{"timestamp":"2026-05-20T22:11:09.614633Z","level":"info","event":"\tat org.apache.spark.sql.delta.SnapshotManagement.getSnapshotAtInit$(SnapshotManagement.scala:433)","logger":"airflow.task.operators.airflow.providers.docker.operators.docker.DockerOperator","filename":"docker.py","lineno":71}
{"timestamp":"2026-05-20T22:11:09.614681Z","level":"info","event":"\tat org.apache.spark.sql.delta.DeltaLog.getSnapshotAtInit(DeltaLog.scala:72)","logger":"airflow.task.operators.airflow.providers.docker.operators.docker.DockerOperator","filename":"docker.py","lineno":71}
{"timestamp":"2026-05-20T22:11:09.614731Z","level":"info","event":"\tat org.apache.spark.sql.delta.SnapshotManagement.$init$(SnapshotManagement.scala:60)","logger":"airflow.task.operators.airflow.providers.docker.operators.docker.DockerOperator","filename":"docker.py","lineno":71}
{"timestamp":"2026-05-20T22:11:09.614782Z","level":"info","event":"\tat org.apache.spark.sql.delta.DeltaLog.<init>(DeltaLog.scala:78)","logger":"airflow.task.operators.airflow.providers.docker.operators.docker.DockerOperator","filename":"docker.py","lineno":71}
{"timestamp":"2026-05-20T22:11:09.614865Z","level":"info","event":"\tat org.apache.spark.sql.delta.DeltaLog$.$anonfun$apply$4(DeltaLog.scala:779)","logger":"airflow.task.operators.airflow.providers.docker.operators.docker.DockerOperator","filename":"docker.py","lineno":71}
{"timestamp":"2026-05-20T22:11:09.614927Z","level":"info","event":"\tat org.apache.spark.sql.catalyst.plans.logical.AnalysisHelper$.allowInvokingTransformsInAnalyzer(AnalysisHelper.scala:323)","logger":"airflow.task.operators.airflow.providers.docker.operators.docker.DockerOperator","filename":"docker.py","lineno":71}
{"timestamp":"2026-05-20T22:11:09.614978Z","level":"info","event":"\tat org.apache.spark.sql.delta.DeltaLog$.$anonfun$apply$3(DeltaLog.scala:774)","logger":"airflow.task.operators.airflow.providers.docker.operators.docker.DockerOperator","filename":"docker.py","lineno":71}
{"timestamp":"2026-05-20T22:11:09.615031Z","level":"info","event":"\tat org.apache.spark.sql.delta.metering.DeltaLogging.recordFrameProfile(DeltaLogging.scala:140)","logger":"airflow.task.operators.airflow.providers.docker.operators.docker.DockerOperator","filename":"docker.py","lineno":71}
{"timestamp":"2026-05-20T22:11:09.615083Z","level":"info","event":"\tat org.apache.spark.sql.delta.metering.DeltaLogging.recordFrameProfile$(DeltaLogging.scala:138)","logger":"airflow.task.operators.airflow.providers.docker.operators.docker.DockerOperator","filename":"docker.py","lineno":71}
{"timestamp":"2026-05-20T22:11:09.615137Z","level":"info","event":"\tat org.apache.spark.sql.delta.DeltaLog$.recordFrameProfile(DeltaLog.scala:598)","logger":"airflow.task.operators.airflow.providers.docker.operators.docker.DockerOperator","filename":"docker.py","lineno":71}
{"timestamp":"2026-05-20T22:11:09.615190Z","level":"info","event":"\tat org.apache.spark.sql.delta.metering.DeltaLogging.$anonfun$recordDeltaOperationInternal$1(DeltaLogging.scala:133)","logger":"airflow.task.operators.airflow.providers.docker.operators.docker.DockerOperator","filename":"docker.py","lineno":71}
{"timestamp":"2026-05-20T22:11:09.615258Z","level":"info","event":"\tat com.databricks.spark.util.DatabricksLogging.recordOperation(DatabricksLogging.scala:128)","logger":"airflow.task.operators.airflow.providers.docker.operators.docker.DockerOperator","filename":"docker.py","lineno":71}
{"timestamp":"2026-05-20T22:11:09.615309Z","level":"info","event":"\tat com.databricks.spark.util.DatabricksLogging.recordOperation$(DatabricksLogging.scala:117)","logger":"airflow.task.operators.airflow.providers.docker.operators.docker.DockerOperator","filename":"docker.py","lineno":71}
{"timestamp":"2026-05-20T22:11:09.615370Z","level":"info","event":"\tat org.apache.spark.sql.delta.DeltaLog$.recordOperation(DeltaLog.scala:598)","logger":"airflow.task.operators.airflow.providers.docker.operators.docker.DockerOperator","filename":"docker.py","lineno":71}
{"timestamp":"2026-05-20T22:11:09.615424Z","level":"info","event":"\tat org.apache.spark.sql.delta.metering.DeltaLogging.recordDeltaOperationInternal(DeltaLogging.scala:132)","logger":"airflow.task.operators.airflow.providers.docker.operators.docker.DockerOperator","filename":"docker.py","lineno":71}
{"timestamp":"2026-05-20T22:11:09.615478Z","level":"info","event":"\tat org.apache.spark.sql.delta.metering.DeltaLogging.recordDeltaOperation(DeltaLogging.scala:122)","logger":"airflow.task.operators.airflow.providers.docker.operators.docker.DockerOperator","filename":"docker.py","lineno":71}
{"timestamp":"2026-05-20T22:11:09.615533Z","level":"info","event":"\tat org.apache.spark.sql.delta.metering.DeltaLogging.recordDeltaOperation$(DeltaLogging.scala:112)","logger":"airflow.task.operators.airflow.providers.docker.operators.docker.DockerOperator","filename":"docker.py","lineno":71}
{"timestamp":"2026-05-20T22:11:09.615590Z","level":"info","event":"\tat org.apache.spark.sql.delta.DeltaLog$.recordDeltaOperation(DeltaLog.scala:598)","logger":"airflow.task.operators.airflow.providers.docker.operators.docker.DockerOperator","filename":"docker.py","lineno":71}
{"timestamp":"2026-05-20T22:11:09.615647Z","level":"info","event":"\tat org.apache.spark.sql.delta.DeltaLog$.createDeltaLog$1(DeltaLog.scala:773)","logger":"airflow.task.operators.airflow.providers.docker.operators.docker.DockerOperator","filename":"docker.py","lineno":71}
{"timestamp":"2026-05-20T22:11:09.615700Z","level":"info","event":"\tat org.apache.spark.sql.delta.DeltaLog$.$anonfun$apply$5(DeltaLog.scala:791)","logger":"airflow.task.operators.airflow.providers.docker.operators.docker.DockerOperator","filename":"docker.py","lineno":71}
{"timestamp":"2026-05-20T22:11:09.615755Z","level":"info","event":"\tat com.google.common.cache.LocalCache$LocalManualCache$1.load(LocalCache.java:4792)","logger":"airflow.task.operators.airflow.providers.docker.operators.docker.DockerOperator","filename":"docker.py","lineno":71}
{"timestamp":"2026-05-20T22:11:09.615804Z","level":"info","event":"\tat com.google.common.cache.LocalCache$LoadingValueReference.loadFuture(LocalCache.java:3599)","logger":"airflow.task.operators.airflow.providers.docker.operators.docker.DockerOperator","filename":"docker.py","lineno":71}
{"timestamp":"2026-05-20T22:11:09.615882Z","level":"info","event":"\tat com.google.common.cache.LocalCache$Segment.loadSync(LocalCache.java:2379)","logger":"airflow.task.operators.airflow.providers.docker.operators.docker.DockerOperator","filename":"docker.py","lineno":71}
{"timestamp":"2026-05-20T22:11:09.615933Z","level":"info","event":"\tat com.google.common.cache.LocalCache$Segment.lockedGetOrLoad(LocalCache.java:2342)","logger":"airflow.task.operators.airflow.providers.docker.operators.docker.DockerOperator","filename":"docker.py","lineno":71}
{"timestamp":"2026-05-20T22:11:09.615980Z","level":"info","event":"\tat com.google.common.cache.LocalCache$Segment.get(LocalCache.java:2257)","logger":"airflow.task.operators.airflow.providers.docker.operators.docker.DockerOperator","filename":"docker.py","lineno":71}
{"timestamp":"2026-05-20T22:11:09.616026Z","level":"info","event":"\tat com.google.common.cache.LocalCache.get(LocalCache.java:4000)","logger":"airflow.task.operators.airflow.providers.docker.operators.docker.DockerOperator","filename":"docker.py","lineno":71}
{"timestamp":"2026-05-20T22:11:09.616078Z","level":"info","event":"\tat com.google.common.cache.LocalCache$LocalManualCache.get(LocalCache.java:4789)","logger":"airflow.task.operators.airflow.providers.docker.operators.docker.DockerOperator","filename":"docker.py","lineno":71}
{"timestamp":"2026-05-20T22:11:09.616124Z","level":"info","event":"\tat org.apache.spark.sql.delta.DeltaLog$.getDeltaLogFromCache$1(DeltaLog.scala:790)","logger":"airflow.task.operators.airflow.providers.docker.operators.docker.DockerOperator","filename":"docker.py","lineno":71}
{"timestamp":"2026-05-20T22:11:09.616167Z","level":"info","event":"\tat org.apache.spark.sql.delta.DeltaLog$.apply(DeltaLog.scala:800)","logger":"airflow.task.operators.airflow.providers.docker.operators.docker.DockerOperator","filename":"docker.py","lineno":71}
{"timestamp":"2026-05-20T22:11:09.616210Z","level":"info","event":"\tat org.apache.spark.sql.delta.DeltaLog$.forTable(DeltaLog.scala:677)","logger":"airflow.task.operators.airflow.providers.docker.operators.docker.DockerOperator","filename":"docker.py","lineno":71}
{"timestamp":"2026-05-20T22:11:09.616258Z","level":"info","event":"\tat org.apache.spark.sql.delta.catalog.DeltaTableV2.$anonfun$deltaLog$1(DeltaTableV2.scala:91)","logger":"airflow.task.operators.airflow.providers.docker.operators.docker.DockerOperator","filename":"docker.py","lineno":71}
{"timestamp":"2026-05-20T22:11:09.616311Z","level":"info","event":"\tat org.apache.spark.sql.delta.catalog.DeltaTableV2$.withEnrichedUnsupportedTableException(DeltaTableV2.scala:364)","logger":"airflow.task.operators.airflow.providers.docker.operators.docker.DockerOperator","filename":"docker.py","lineno":71}
{"timestamp":"2026-05-20T22:11:09.616381Z","level":"info","event":"\tat org.apache.spark.sql.delta.catalog.DeltaTableV2.deltaLog$lzycompute(DeltaTableV2.scala:91)","logger":"airflow.task.operators.airflow.providers.docker.operators.docker.DockerOperator","filename":"docker.py","lineno":71}
{"timestamp":"2026-05-20T22:11:09.616441Z","level":"info","event":"\tat org.apache.spark.sql.delta.catalog.DeltaTableV2.deltaLog(DeltaTableV2.scala:89)","logger":"airflow.task.operators.airflow.providers.docker.operators.docker.DockerOperator","filename":"docker.py","lineno":71}
{"timestamp":"2026-05-20T22:11:09.616498Z","level":"info","event":"\tat org.apache.spark.sql.delta.catalog.DeltaTableV2.$anonfun$initialSnapshot$4(DeltaTableV2.scala:144)","logger":"airflow.task.operators.airflow.providers.docker.operators.docker.DockerOperator","filename":"docker.py","lineno":71}
{"timestamp":"2026-05-20T22:11:09.616550Z","level":"info","event":"\tat scala.Option.getOrElse(Option.scala:189)","logger":"airflow.task.operators.airflow.providers.docker.operators.docker.DockerOperator","filename":"docker.py","lineno":71}
{"timestamp":"2026-05-20T22:11:09.616601Z","level":"info","event":"\tat org.apache.spark.sql.delta.catalog.DeltaTableV2.$anonfun$initialSnapshot$1(DeltaTableV2.scala:144)","logger":"airflow.task.operators.airflow.providers.docker.operators.docker.DockerOperator","filename":"docker.py","lineno":71}
{"timestamp":"2026-05-20T22:11:09.616651Z","level":"info","event":"\tat org.apache.spark.sql.delta.catalog.DeltaTableV2$.withEnrichedUnsupportedTableException(DeltaTableV2.scala:364)","logger":"airflow.task.operators.airflow.providers.docker.operators.docker.DockerOperator","filename":"docker.py","lineno":71}
{"timestamp":"2026-05-20T22:11:09.616700Z","level":"info","event":"\tat org.apache.spark.sql.delta.catalog.DeltaTableV2.initialSnapshot$lzycompute(DeltaTableV2.scala:143)","logger":"airflow.task.operators.airflow.providers.docker.operators.docker.DockerOperator","filename":"docker.py","lineno":71}
{"timestamp":"2026-05-20T22:11:09.616750Z","level":"info","event":"\tat org.apache.spark.sql.delta.catalog.DeltaTableV2.initialSnapshot(DeltaTableV2.scala:123)","logger":"airflow.task.operators.airflow.providers.docker.operators.docker.DockerOperator","filename":"docker.py","lineno":71}
{"timestamp":"2026-05-20T22:11:09.616803Z","level":"info","event":"\tat org.apache.spark.sql.delta.catalog.DeltaTableV2.toBaseRelation$lzycompute(DeltaTableV2.scala:235)","logger":"airflow.task.operators.airflow.providers.docker.operators.docker.DockerOperator","filename":"docker.py","lineno":71}
{"timestamp":"2026-05-20T22:11:09.617012Z","level":"info","event":"\tat org.apache.spark.sql.delta.catalog.DeltaTableV2.toBaseRelation(DeltaTableV2.scala:233)","logger":"airflow.task.operators.airflow.providers.docker.operators.docker.DockerOperator","filename":"docker.py","lineno":71}
{"timestamp":"2026-05-20T22:11:09.617083Z","level":"info","event":"\tat org.apache.spark.sql.delta.sources.DeltaDataSource.$anonfun$createRelation$5(DeltaDataSource.scala:250)","logger":"airflow.task.operators.airflow.providers.docker.operators.docker.DockerOperator","filename":"docker.py","lineno":71}
{"timestamp":"2026-05-20T22:11:09.617143Z","level":"info","event":"\tat org.apache.spark.sql.delta.metering.DeltaLogging.recordFrameProfile(DeltaLogging.scala:140)","logger":"airflow.task.operators.airflow.providers.docker.operators.docker.DockerOperator","filename":"docker.py","lineno":71}
{"timestamp":"2026-05-20T22:11:09.617198Z","level":"info","event":"\tat org.apache.spark.sql.delta.metering.DeltaLogging.recordFrameProfile$(DeltaLogging.scala:138)","logger":"airflow.task.operators.airflow.providers.docker.operators.docker.DockerOperator","filename":"docker.py","lineno":71}
{"timestamp":"2026-05-20T22:11:09.617250Z","level":"info","event":"\tat org.apache.spark.sql.delta.sources.DeltaDataSource.recordFrameProfile(DeltaDataSource.scala:49)","logger":"airflow.task.operators.airflow.providers.docker.operators.docker.DockerOperator","filename":"docker.py","lineno":71}
{"timestamp":"2026-05-20T22:11:09.617300Z","level":"info","event":"\tat org.apache.spark.sql.delta.sources.DeltaDataSource.createRelation(DeltaDataSource.scala:209)","logger":"airflow.task.operators.airflow.providers.docker.operators.docker.DockerOperator","filename":"docker.py","lineno":71}
{"timestamp":"2026-05-20T22:11:09.617368Z","level":"info","event":"\tat org.apache.spark.sql.execution.datasources.DataSource.resolveRelation(DataSource.scala:346)","logger":"airflow.task.operators.airflow.providers.docker.operators.docker.DockerOperator","filename":"docker.py","lineno":71}
{"timestamp":"2026-05-20T22:11:09.617428Z","level":"info","event":"\tat org.apache.spark.sql.DataFrameReader.loadV1Source(DataFrameReader.scala:229)","logger":"airflow.task.operators.airflow.providers.docker.operators.docker.DockerOperator","filename":"docker.py","lineno":71}
{"timestamp":"2026-05-20T22:11:09.617487Z","level":"info","event":"\tat org.apache.spark.sql.DataFrameReader.$anonfun$load$2(DataFrameReader.scala:211)","logger":"airflow.task.operators.airflow.providers.docker.operators.docker.DockerOperator","filename":"docker.py","lineno":71}
{"timestamp":"2026-05-20T22:11:09.617547Z","level":"info","event":"\tat scala.Option.getOrElse(Option.scala:189)","logger":"airflow.task.operators.airflow.providers.docker.operators.docker.DockerOperator","filename":"docker.py","lineno":71}
{"timestamp":"2026-05-20T22:11:09.617605Z","level":"info","event":"\tat org.apache.spark.sql.DataFrameReader.load(DataFrameReader.scala:211)","logger":"airflow.task.operators.airflow.providers.docker.operators.docker.DockerOperator","filename":"docker.py","lineno":71}
{"timestamp":"2026-05-20T22:11:09.617659Z","level":"info","event":"\tat org.apache.spark.sql.DataFrameReader.load(DataFrameReader.scala:186)","logger":"airflow.task.operators.airflow.providers.docker.operators.docker.DockerOperator","filename":"docker.py","lineno":71}
{"timestamp":"2026-05-20T22:11:09.617715Z","level":"info","event":"\tat java.base/jdk.internal.reflect.NativeMethodAccessorImpl.invoke0(Native Method)","logger":"airflow.task.operators.airflow.providers.docker.operators.docker.DockerOperator","filename":"docker.py","lineno":71}
{"timestamp":"2026-05-20T22:11:09.617769Z","level":"info","event":"\tat java.base/jdk.internal.reflect.NativeMethodAccessorImpl.invoke(Unknown Source)","logger":"airflow.task.operators.airflow.providers.docker.operators.docker.DockerOperator","filename":"docker.py","lineno":71}
{"timestamp":"2026-05-20T22:11:09.617819Z","level":"info","event":"\tat java.base/jdk.internal.reflect.DelegatingMethodAccessorImpl.invoke(Unknown Source)","logger":"airflow.task.operators.airflow.providers.docker.operators.docker.DockerOperator","filename":"docker.py","lineno":71}
{"timestamp":"2026-05-20T22:11:09.617907Z","level":"info","event":"\tat java.base/java.lang.reflect.Method.invoke(Unknown Source)","logger":"airflow.task.operators.airflow.providers.docker.operators.docker.DockerOperator","filename":"docker.py","lineno":71}
{"timestamp":"2026-05-20T22:11:09.617964Z","level":"info","event":"\tat py4j.reflection.MethodInvoker.invoke(MethodInvoker.java:244)","logger":"airflow.task.operators.airflow.providers.docker.operators.docker.DockerOperator","filename":"docker.py","lineno":71}
{"timestamp":"2026-05-20T22:11:09.618024Z","level":"info","event":"\tat py4j.reflection.ReflectionEngine.invoke(ReflectionEngine.java:374)","logger":"airflow.task.operators.airflow.providers.docker.operators.docker.DockerOperator","filename":"docker.py","lineno":71}
{"timestamp":"2026-05-20T22:11:09.618092Z","level":"info","event":"\tat py4j.Gateway.invoke(Gateway.java:282)","logger":"airflow.task.operators.airflow.providers.docker.operators.docker.DockerOperator","filename":"docker.py","lineno":71}
{"timestamp":"2026-05-20T22:11:09.618491Z","level":"info","event":"\tat py4j.commands.AbstractCommand.invokeMethod(AbstractCommand.java:132)","logger":"airflow.task.operators.airflow.providers.docker.operators.docker.DockerOperator","filename":"docker.py","lineno":71}
{"timestamp":"2026-05-20T22:11:09.618565Z","level":"info","event":"\tat py4j.commands.CallCommand.execute(CallCommand.java:79)","logger":"airflow.task.operators.airflow.providers.docker.operators.docker.DockerOperator","filename":"docker.py","lineno":71}
{"timestamp":"2026-05-20T22:11:09.618623Z","level":"info","event":"\tat py4j.ClientServerConnection.waitForCommands(ClientServerConnection.java:182)","logger":"airflow.task.operators.airflow.providers.docker.operators.docker.DockerOperator","filename":"docker.py","lineno":71}
{"timestamp":"2026-05-20T22:11:09.618684Z","level":"info","event":"\tat py4j.ClientServerConnection.run(ClientServerConnection.java:106)","logger":"airflow.task.operators.airflow.providers.docker.operators.docker.DockerOperator","filename":"docker.py","lineno":71}
{"timestamp":"2026-05-20T22:11:09.618737Z","level":"info","event":"\tat java.base/java.lang.Thread.run(Unknown Source)","logger":"airflow.task.operators.airflow.providers.docker.operators.docker.DockerOperator","filename":"docker.py","lineno":71}
{"timestamp":"2026-05-20T22:11:09.618788Z","level":"info","event":"Caused by: java.lang.RuntimeException: java.lang.ClassNotFoundException: Class org.apache.hadoop.fs.s3a.S3AFileSystem not found","logger":"airflow.task.operators.airflow.providers.docker.operators.docker.DockerOperator","filename":"docker.py","lineno":71}
{"timestamp":"2026-05-20T22:11:09.618872Z","level":"info","event":"\tat org.apache.hadoop.conf.Configuration.getClass(Configuration.java:2688)","logger":"airflow.task.operators.airflow.providers.docker.operators.docker.DockerOperator","filename":"docker.py","lineno":71}
{"timestamp":"2026-05-20T22:11:09.618938Z","level":"info","event":"\tat org.apache.hadoop.fs.FileSystem.getFileSystemClass(FileSystem.java:3431)","logger":"airflow.task.operators.airflow.providers.docker.operators.docker.DockerOperator","filename":"docker.py","lineno":71}
{"timestamp":"2026-05-20T22:11:09.618997Z","level":"info","event":"\tat org.apache.hadoop.fs.FileSystem.createFileSystem(FileSystem.java:3466)","logger":"airflow.task.operators.airflow.providers.docker.operators.docker.DockerOperator","filename":"docker.py","lineno":71}
{"timestamp":"2026-05-20T22:11:09.619056Z","level":"info","event":"\tat org.apache.hadoop.fs.FileSystem.access$300(FileSystem.java:174)","logger":"airflow.task.operators.airflow.providers.docker.operators.docker.DockerOperator","filename":"docker.py","lineno":71}
{"timestamp":"2026-05-20T22:11:09.619123Z","level":"info","event":"\tat org.apache.hadoop.fs.FileSystem$Cache.getInternal(FileSystem.java:3574)","logger":"airflow.task.operators.airflow.providers.docker.operators.docker.DockerOperator","filename":"docker.py","lineno":71}
{"timestamp":"2026-05-20T22:11:09.619188Z","level":"info","event":"\tat org.apache.hadoop.fs.FileSystem$Cache.get(FileSystem.java:3521)","logger":"airflow.task.operators.airflow.providers.docker.operators.docker.DockerOperator","filename":"docker.py","lineno":71}
{"timestamp":"2026-05-20T22:11:09.619254Z","level":"info","event":"\tat org.apache.hadoop.fs.FileSystem.get(FileSystem.java:540)","logger":"airflow.task.operators.airflow.providers.docker.operators.docker.DockerOperator","filename":"docker.py","lineno":71}
{"timestamp":"2026-05-20T22:11:09.619314Z","level":"info","event":"\tat org.apache.hadoop.fs.Path.getFileSystem(Path.java:365)","logger":"airflow.task.operators.airflow.providers.docker.operators.docker.DockerOperator","filename":"docker.py","lineno":71}
{"timestamp":"2026-05-20T22:11:09.619384Z","level":"info","event":"\tat org.apache.hadoop.mapreduce.lib.input.LineRecordReader.initialize(LineRecordReader.java:88)","logger":"airflow.task.operators.airflow.providers.docker.operators.docker.DockerOperator","filename":"docker.py","lineno":71}
{"timestamp":"2026-05-20T22:11:09.619445Z","level":"info","event":"\tat org.apache.spark.sql.execution.datasources.HadoopFileLinesReader.<init>(HadoopFileLinesReader.scala:63)","logger":"airflow.task.operators.airflow.providers.docker.operators.docker.DockerOperator","filename":"docker.py","lineno":71}
{"timestamp":"2026-05-20T22:11:09.619504Z","level":"info","event":"\tat org.apache.spark.sql.execution.datasources.json.TextInputJsonDataSource$.readFile(JsonDataSource.scala:132)","logger":"airflow.task.operators.airflow.providers.docker.operators.docker.DockerOperator","filename":"docker.py","lineno":71}
{"timestamp":"2026-05-20T22:11:09.619562Z","level":"info","event":"\tat org.apache.spark.sql.execution.datasources.json.JsonFileFormat.$anonfun$buildReader$2(JsonFileFormat.scala:126)","logger":"airflow.task.operators.airflow.providers.docker.operators.docker.DockerOperator","filename":"docker.py","lineno":71}
{"timestamp":"2026-05-20T22:11:09.619618Z","level":"info","event":"\tat org.apache.spark.sql.execution.datasources.FileFormat$$anon$1.apply(FileFormat.scala:160)","logger":"airflow.task.operators.airflow.providers.docker.operators.docker.DockerOperator","filename":"docker.py","lineno":71}
{"timestamp":"2026-05-20T22:11:09.619680Z","level":"info","event":"\tat org.apache.spark.sql.execution.datasources.FileFormat$$anon$1.apply(FileFormat.scala:140)","logger":"airflow.task.operators.airflow.providers.docker.operators.docker.DockerOperator","filename":"docker.py","lineno":71}
{"timestamp":"2026-05-20T22:11:09.619741Z","level":"info","event":"\tat org.apache.spark.sql.execution.datasources.FileScanRDD$$anon$1.org$apache$spark$sql$execution$datasources$FileScanRDD$$anon$$readCurrentFile(FileScanRDD.scala:217)","logger":"airflow.task.operators.airflow.providers.docker.operators.docker.DockerOperator","filename":"docker.py","lineno":71}
{"timestamp":"2026-05-20T22:11:09.619799Z","level":"info","event":"\tat org.apache.spark.sql.execution.datasources.FileScanRDD$$anon$1.nextIterator(FileScanRDD.scala:279)","logger":"airflow.task.operators.airflow.providers.docker.operators.docker.DockerOperator","filename":"docker.py","lineno":71}
{"timestamp":"2026-05-20T22:11:09.619889Z","level":"info","event":"\tat org.apache.spark.sql.execution.datasources.FileScanRDD$$anon$1.hasNext(FileScanRDD.scala:129)","logger":"airflow.task.operators.airflow.providers.docker.operators.docker.DockerOperator","filename":"docker.py","lineno":71}
{"timestamp":"2026-05-20T22:11:09.619947Z","level":"info","event":"\tat scala.collection.Iterator$$anon$10.hasNext(Iterator.scala:460)","logger":"airflow.task.operators.airflow.providers.docker.operators.docker.DockerOperator","filename":"docker.py","lineno":71}
{"timestamp":"2026-05-20T22:11:09.619999Z","level":"info","event":"\tat org.apache.spark.sql.catalyst.expressions.GeneratedClass$GeneratedIteratorForCodegenStage1.processNext(Unknown Source)","logger":"airflow.task.operators.airflow.providers.docker.operators.docker.DockerOperator","filename":"docker.py","lineno":71}
{"timestamp":"2026-05-20T22:11:09.620050Z","level":"info","event":"\tat org.apache.spark.sql.execution.BufferedRowIterator.hasNext(BufferedRowIterator.java:43)","logger":"airflow.task.operators.airflow.providers.docker.operators.docker.DockerOperator","filename":"docker.py","lineno":71}
{"timestamp":"2026-05-20T22:11:09.620101Z","level":"info","event":"\tat org.apache.spark.sql.execution.WholeStageCodegenEvaluatorFactory$WholeStageCodegenPartitionEvaluator$$anon$1.hasNext(WholeStageCodegenEvaluatorFactory.scala:43)","logger":"airflow.task.operators.airflow.providers.docker.operators.docker.DockerOperator","filename":"docker.py","lineno":71}
{"timestamp":"2026-05-20T22:11:09.620154Z","level":"info","event":"\tat org.apache.spark.sql.execution.SparkPlan.$anonfun$getByteArrayRdd$1(SparkPlan.scala:388)","logger":"airflow.task.operators.airflow.providers.docker.operators.docker.DockerOperator","filename":"docker.py","lineno":71}
{"timestamp":"2026-05-20T22:11:09.620204Z","level":"info","event":"\tat org.apache.spark.rdd.RDD.$anonfun$mapPartitionsInternal$2(RDD.scala:890)","logger":"airflow.task.operators.airflow.providers.docker.operators.docker.DockerOperator","filename":"docker.py","lineno":71}
{"timestamp":"2026-05-20T22:11:09.620253Z","level":"info","event":"\tat org.apache.spark.rdd.RDD.$anonfun$mapPartitionsInternal$2$adapted(RDD.scala:890)","logger":"airflow.task.operators.airflow.providers.docker.operators.docker.DockerOperator","filename":"docker.py","lineno":71}
{"timestamp":"2026-05-20T22:11:09.620305Z","level":"info","event":"\tat org.apache.spark.rdd.MapPartitionsRDD.compute(MapPartitionsRDD.scala:52)","logger":"airflow.task.operators.airflow.providers.docker.operators.docker.DockerOperator","filename":"docker.py","lineno":71}
{"timestamp":"2026-05-20T22:11:09.620369Z","level":"info","event":"\tat org.apache.spark.rdd.RDD.computeOrReadCheckpoint(RDD.scala:364)","logger":"airflow.task.operators.airflow.providers.docker.operators.docker.DockerOperator","filename":"docker.py","lineno":71}
{"timestamp":"2026-05-20T22:11:09.620430Z","level":"info","event":"\tat org.apache.spark.rdd.RDD.iterator(RDD.scala:328)","logger":"airflow.task.operators.airflow.providers.docker.operators.docker.DockerOperator","filename":"docker.py","lineno":71}
{"timestamp":"2026-05-20T22:11:09.620493Z","level":"info","event":"\tat org.apache.spark.scheduler.ResultTask.runTask(ResultTask.scala:93)","logger":"airflow.task.operators.airflow.providers.docker.operators.docker.DockerOperator","filename":"docker.py","lineno":71}
{"timestamp":"2026-05-20T22:11:09.620554Z","level":"info","event":"\tat org.apache.spark.TaskContext.runTaskWithListeners(TaskContext.scala:161)","logger":"airflow.task.operators.airflow.providers.docker.operators.docker.DockerOperator","filename":"docker.py","lineno":71}
{"timestamp":"2026-05-20T22:11:09.620612Z","level":"info","event":"\tat org.apache.spark.scheduler.Task.run(Task.scala:141)","logger":"airflow.task.operators.airflow.providers.docker.operators.docker.DockerOperator","filename":"docker.py","lineno":71}
{"timestamp":"2026-05-20T22:11:09.620666Z","level":"info","event":"\tat org.apache.spark.executor.Executor$TaskRunner.$anonfun$run$4(Executor.scala:620)","logger":"airflow.task.operators.airflow.providers.docker.operators.docker.DockerOperator","filename":"docker.py","lineno":71}
{"timestamp":"2026-05-20T22:11:09.620725Z","level":"info","event":"\tat org.apache.spark.util.SparkErrorUtils.tryWithSafeFinally(SparkErrorUtils.scala:64)","logger":"airflow.task.operators.airflow.providers.docker.operators.docker.DockerOperator","filename":"docker.py","lineno":71}
{"timestamp":"2026-05-20T22:11:09.620784Z","level":"info","event":"\tat org.apache.spark.util.SparkErrorUtils.tryWithSafeFinally$(SparkErrorUtils.scala:61)","logger":"airflow.task.operators.airflow.providers.docker.operators.docker.DockerOperator","filename":"docker.py","lineno":71}
{"timestamp":"2026-05-20T22:11:09.620869Z","level":"info","event":"\tat org.apache.spark.util.Utils$.tryWithSafeFinally(Utils.scala:94)","logger":"airflow.task.operators.airflow.providers.docker.operators.docker.DockerOperator","filename":"docker.py","lineno":71}
{"timestamp":"2026-05-20T22:11:09.620933Z","level":"info","event":"\tat org.apache.spark.executor.Executor$TaskRunner.run(Executor.scala:623)","logger":"airflow.task.operators.airflow.providers.docker.operators.docker.DockerOperator","filename":"docker.py","lineno":71}
{"timestamp":"2026-05-20T22:11:09.620993Z","level":"info","event":"\tat java.base/java.util.concurrent.ThreadPoolExecutor.runWorker(Unknown Source)","logger":"airflow.task.operators.airflow.providers.docker.operators.docker.DockerOperator","filename":"docker.py","lineno":71}
{"timestamp":"2026-05-20T22:11:09.621058Z","level":"info","event":"\tat java.base/java.util.concurrent.ThreadPoolExecutor$Worker.run(Unknown Source)","logger":"airflow.task.operators.airflow.providers.docker.operators.docker.DockerOperator","filename":"docker.py","lineno":71}
{"timestamp":"2026-05-20T22:11:09.621122Z","level":"info","event":"\t... 1 more","logger":"airflow.task.operators.airflow.providers.docker.operators.docker.DockerOperator","filename":"docker.py","lineno":71}
{"timestamp":"2026-05-20T22:11:09.621180Z","level":"info","event":"Caused by: java.lang.ClassNotFoundException: Class org.apache.hadoop.fs.s3a.S3AFileSystem not found","logger":"airflow.task.operators.airflow.providers.docker.operators.docker.DockerOperator","filename":"docker.py","lineno":71}
{"timestamp":"2026-05-20T22:11:09.621243Z","level":"info","event":"\tat org.apache.hadoop.conf.Configuration.getClassByName(Configuration.java:2592)","logger":"airflow.task.operators.airflow.providers.docker.operators.docker.DockerOperator","filename":"docker.py","lineno":71}
{"timestamp":"2026-05-20T22:11:09.621299Z","level":"info","event":"\tat org.apache.hadoop.conf.Configuration.getClass(Configuration.java:2686)","logger":"airflow.task.operators.airflow.providers.docker.operators.docker.DockerOperator","filename":"docker.py","lineno":71}
{"timestamp":"2026-05-20T22:11:09.621371Z","level":"info","event":"\t... 37 more","logger":"airflow.task.operators.airflow.providers.docker.operators.docker.DockerOperator","filename":"docker.py","lineno":71}
{"timestamp":"2026-05-20T22:11:09.621430Z","level":"info","event":"","logger":"airflow.task.operators.airflow.providers.docker.operators.docker.DockerOperator","filename":"docker.py","lineno":71}
{"timestamp":"2026-05-20T22:11:09.621982Z","level":"info","event":"2026-05-20 22:11:09,535 - ERROR - Error processing table sales_by_country: An error occurred while calling o54.load.","logger":"airflow.task.operators.airflow.providers.docker.operators.docker.DockerOperator","filename":"docker.py","lineno":71}
{"timestamp":"2026-05-20T22:11:09.622088Z","level":"info","event":": org.apache.spark.SparkException: Job aborted due to stage failure: Task 0 in stage 5.0 failed 4 times, most recent failure: Lost task 0.3 in stage 5.0 (TID 23) (172.20.0.21 executor 1): java.lang.RuntimeException: java.lang.ClassNotFoundException: Class org.apache.hadoop.fs.s3a.S3AFileSystem not found","logger":"airflow.task.operators.airflow.providers.docker.operators.docker.DockerOperator","filename":"docker.py","lineno":71}
{"timestamp":"2026-05-20T22:11:09.622159Z","level":"info","event":"\tat org.apache.hadoop.conf.Configuration.getClass(Configuration.java:2688)","logger":"airflow.task.operators.airflow.providers.docker.operators.docker.DockerOperator","filename":"docker.py","lineno":71}
{"timestamp":"2026-05-20T22:11:09.622219Z","level":"info","event":"\tat org.apache.hadoop.fs.FileSystem.getFileSystemClass(FileSystem.java:3431)","logger":"airflow.task.operators.airflow.providers.docker.operators.docker.DockerOperator","filename":"docker.py","lineno":71}
{"timestamp":"2026-05-20T22:11:09.622269Z","level":"info","event":"\tat org.apache.hadoop.fs.FileSystem.createFileSystem(FileSystem.java:3466)","logger":"airflow.task.operators.airflow.providers.docker.operators.docker.DockerOperator","filename":"docker.py","lineno":71}
{"timestamp":"2026-05-20T22:11:09.622324Z","level":"info","event":"\tat org.apache.hadoop.fs.FileSystem.access$300(FileSystem.java:174)","logger":"airflow.task.operators.airflow.providers.docker.operators.docker.DockerOperator","filename":"docker.py","lineno":71}
{"timestamp":"2026-05-20T22:11:09.622398Z","level":"info","event":"\tat org.apache.hadoop.fs.FileSystem$Cache.getInternal(FileSystem.java:3574)","logger":"airflow.task.operators.airflow.providers.docker.operators.docker.DockerOperator","filename":"docker.py","lineno":71}
{"timestamp":"2026-05-20T22:11:09.622457Z","level":"info","event":"\tat org.apache.hadoop.fs.FileSystem$Cache.get(FileSystem.java:3521)","logger":"airflow.task.operators.airflow.providers.docker.operators.docker.DockerOperator","filename":"docker.py","lineno":71}
{"timestamp":"2026-05-20T22:11:09.622509Z","level":"info","event":"\tat org.apache.hadoop.fs.FileSystem.get(FileSystem.java:540)","logger":"airflow.task.operators.airflow.providers.docker.operators.docker.DockerOperator","filename":"docker.py","lineno":71}
{"timestamp":"2026-05-20T22:11:09.622560Z","level":"info","event":"\tat org.apache.hadoop.fs.Path.getFileSystem(Path.java:365)","logger":"airflow.task.operators.airflow.providers.docker.operators.docker.DockerOperator","filename":"docker.py","lineno":71}
{"timestamp":"2026-05-20T22:11:09.622610Z","level":"info","event":"\tat org.apache.hadoop.mapreduce.lib.input.LineRecordReader.initialize(LineRecordReader.java:88)","logger":"airflow.task.operators.airflow.providers.docker.operators.docker.DockerOperator","filename":"docker.py","lineno":71}
{"timestamp":"2026-05-20T22:11:09.622661Z","level":"info","event":"\tat org.apache.spark.sql.execution.datasources.HadoopFileLinesReader.<init>(HadoopFileLinesReader.scala:63)","logger":"airflow.task.operators.airflow.providers.docker.operators.docker.DockerOperator","filename":"docker.py","lineno":71}
{"timestamp":"2026-05-20T22:11:09.622717Z","level":"info","event":"\tat org.apache.spark.sql.execution.datasources.json.TextInputJsonDataSource$.readFile(JsonDataSource.scala:132)","logger":"airflow.task.operators.airflow.providers.docker.operators.docker.DockerOperator","filename":"docker.py","lineno":71}
{"timestamp":"2026-05-20T22:11:09.622773Z","level":"info","event":"\tat org.apache.spark.sql.execution.datasources.json.JsonFileFormat.$anonfun$buildReader$2(JsonFileFormat.scala:126)","logger":"airflow.task.operators.airflow.providers.docker.operators.docker.DockerOperator","filename":"docker.py","lineno":71}
{"timestamp":"2026-05-20T22:11:09.622849Z","level":"info","event":"\tat org.apache.spark.sql.execution.datasources.FileFormat$$anon$1.apply(FileFormat.scala:160)","logger":"airflow.task.operators.airflow.providers.docker.operators.docker.DockerOperator","filename":"docker.py","lineno":71}
{"timestamp":"2026-05-20T22:11:09.622911Z","level":"info","event":"\tat org.apache.spark.sql.execution.datasources.FileFormat$$anon$1.apply(FileFormat.scala:140)","logger":"airflow.task.operators.airflow.providers.docker.operators.docker.DockerOperator","filename":"docker.py","lineno":71}
{"timestamp":"2026-05-20T22:11:09.622970Z","level":"info","event":"\tat org.apache.spark.sql.execution.datasources.FileScanRDD$$anon$1.org$apache$spark$sql$execution$datasources$FileScanRDD$$anon$$readCurrentFile(FileScanRDD.scala:217)","logger":"airflow.task.operators.airflow.providers.docker.operators.docker.DockerOperator","filename":"docker.py","lineno":71}
{"timestamp":"2026-05-20T22:11:09.623031Z","level":"info","event":"\tat org.apache.spark.sql.execution.datasources.FileScanRDD$$anon$1.nextIterator(FileScanRDD.scala:279)","logger":"airflow.task.operators.airflow.providers.docker.operators.docker.DockerOperator","filename":"docker.py","lineno":71}
{"timestamp":"2026-05-20T22:11:09.623091Z","level":"info","event":"\tat org.apache.spark.sql.execution.datasources.FileScanRDD$$anon$1.hasNext(FileScanRDD.scala:129)","logger":"airflow.task.operators.airflow.providers.docker.operators.docker.DockerOperator","filename":"docker.py","lineno":71}
{"timestamp":"2026-05-20T22:11:09.623149Z","level":"info","event":"\tat scala.collection.Iterator$$anon$10.hasNext(Iterator.scala:460)","logger":"airflow.task.operators.airflow.providers.docker.operators.docker.DockerOperator","filename":"docker.py","lineno":71}
{"timestamp":"2026-05-20T22:11:09.623220Z","level":"info","event":"\tat org.apache.spark.sql.catalyst.expressions.GeneratedClass$GeneratedIteratorForCodegenStage1.processNext(Unknown Source)","logger":"airflow.task.operators.airflow.providers.docker.operators.docker.DockerOperator","filename":"docker.py","lineno":71}
{"timestamp":"2026-05-20T22:11:09.623279Z","level":"info","event":"\tat org.apache.spark.sql.execution.BufferedRowIterator.hasNext(BufferedRowIterator.java:43)","logger":"airflow.task.operators.airflow.providers.docker.operators.docker.DockerOperator","filename":"docker.py","lineno":71}
{"timestamp":"2026-05-20T22:11:09.623348Z","level":"info","event":"\tat org.apache.spark.sql.execution.WholeStageCodegenEvaluatorFactory$WholeStageCodegenPartitionEvaluator$$anon$1.hasNext(WholeStageCodegenEvaluatorFactory.scala:43)","logger":"airflow.task.operators.airflow.providers.docker.operators.docker.DockerOperator","filename":"docker.py","lineno":71}
{"timestamp":"2026-05-20T22:11:09.623408Z","level":"info","event":"\tat org.apache.spark.sql.execution.SparkPlan.$anonfun$getByteArrayRdd$1(SparkPlan.scala:388)","logger":"airflow.task.operators.airflow.providers.docker.operators.docker.DockerOperator","filename":"docker.py","lineno":71}
{"timestamp":"2026-05-20T22:11:09.623462Z","level":"info","event":"\tat org.apache.spark.rdd.RDD.$anonfun$mapPartitionsInternal$2(RDD.scala:890)","logger":"airflow.task.operators.airflow.providers.docker.operators.docker.DockerOperator","filename":"docker.py","lineno":71}
{"timestamp":"2026-05-20T22:11:09.623515Z","level":"info","event":"\tat org.apache.spark.rdd.RDD.$anonfun$mapPartitionsInternal$2$adapted(RDD.scala:890)","logger":"airflow.task.operators.airflow.providers.docker.operators.docker.DockerOperator","filename":"docker.py","lineno":71}
{"timestamp":"2026-05-20T22:11:09.623592Z","level":"info","event":"\tat org.apache.spark.rdd.MapPartitionsRDD.compute(MapPartitionsRDD.scala:52)","logger":"airflow.task.operators.airflow.providers.docker.operators.docker.DockerOperator","filename":"docker.py","lineno":71}
{"timestamp":"2026-05-20T22:11:09.623647Z","level":"info","event":"\tat org.apache.spark.rdd.RDD.computeOrReadCheckpoint(RDD.scala:364)","logger":"airflow.task.operators.airflow.providers.docker.operators.docker.DockerOperator","filename":"docker.py","lineno":71}
{"timestamp":"2026-05-20T22:11:09.623705Z","level":"info","event":"\tat org.apache.spark.rdd.RDD.iterator(RDD.scala:328)","logger":"airflow.task.operators.airflow.providers.docker.operators.docker.DockerOperator","filename":"docker.py","lineno":71}
{"timestamp":"2026-05-20T22:11:09.623755Z","level":"info","event":"\tat org.apache.spark.scheduler.ResultTask.runTask(ResultTask.scala:93)","logger":"airflow.task.operators.airflow.providers.docker.operators.docker.DockerOperator","filename":"docker.py","lineno":71}
{"timestamp":"2026-05-20T22:11:09.623802Z","level":"info","event":"\tat org.apache.spark.TaskContext.runTaskWithListeners(TaskContext.scala:161)","logger":"airflow.task.operators.airflow.providers.docker.operators.docker.DockerOperator","filename":"docker.py","lineno":71}
{"timestamp":"2026-05-20T22:11:09.623888Z","level":"info","event":"\tat org.apache.spark.scheduler.Task.run(Task.scala:141)","logger":"airflow.task.operators.airflow.providers.docker.operators.docker.DockerOperator","filename":"docker.py","lineno":71}
{"timestamp":"2026-05-20T22:11:09.624400Z","level":"info","event":"\tat org.apache.spark.executor.Executor$TaskRunner.$anonfun$run$4(Executor.scala:620)","logger":"airflow.task.operators.airflow.providers.docker.operators.docker.DockerOperator","filename":"docker.py","lineno":71}
{"timestamp":"2026-05-20T22:11:09.624485Z","level":"info","event":"\tat org.apache.spark.util.SparkErrorUtils.tryWithSafeFinally(SparkErrorUtils.scala:64)","logger":"airflow.task.operators.airflow.providers.docker.operators.docker.DockerOperator","filename":"docker.py","lineno":71}
{"timestamp":"2026-05-20T22:11:09.624547Z","level":"info","event":"\tat org.apache.spark.util.SparkErrorUtils.tryWithSafeFinally$(SparkErrorUtils.scala:61)","logger":"airflow.task.operators.airflow.providers.docker.operators.docker.DockerOperator","filename":"docker.py","lineno":71}
{"timestamp":"2026-05-20T22:11:09.624604Z","level":"info","event":"\tat org.apache.spark.util.Utils$.tryWithSafeFinally(Utils.scala:94)","logger":"airflow.task.operators.airflow.providers.docker.operators.docker.DockerOperator","filename":"docker.py","lineno":71}
{"timestamp":"2026-05-20T22:11:09.624658Z","level":"info","event":"\tat org.apache.spark.executor.Executor$TaskRunner.run(Executor.scala:623)","logger":"airflow.task.operators.airflow.providers.docker.operators.docker.DockerOperator","filename":"docker.py","lineno":71}
{"timestamp":"2026-05-20T22:11:09.624717Z","level":"info","event":"\tat java.base/java.util.concurrent.ThreadPoolExecutor.runWorker(Unknown Source)","logger":"airflow.task.operators.airflow.providers.docker.operators.docker.DockerOperator","filename":"docker.py","lineno":71}
{"timestamp":"2026-05-20T22:11:09.624773Z","level":"info","event":"\tat java.base/java.util.concurrent.ThreadPoolExecutor$Worker.run(Unknown Source)","logger":"airflow.task.operators.airflow.providers.docker.operators.docker.DockerOperator","filename":"docker.py","lineno":71}
{"timestamp":"2026-05-20T22:11:09.624850Z","level":"info","event":"\tat java.base/java.lang.Thread.run(Unknown Source)","logger":"airflow.task.operators.airflow.providers.docker.operators.docker.DockerOperator","filename":"docker.py","lineno":71}
{"timestamp":"2026-05-20T22:11:09.624910Z","level":"info","event":"Caused by: java.lang.ClassNotFoundException: Class org.apache.hadoop.fs.s3a.S3AFileSystem not found","logger":"airflow.task.operators.airflow.providers.docker.operators.docker.DockerOperator","filename":"docker.py","lineno":71}
{"timestamp":"2026-05-20T22:11:09.624957Z","level":"info","event":"\tat org.apache.hadoop.conf.Configuration.getClassByName(Configuration.java:2592)","logger":"airflow.task.operators.airflow.providers.docker.operators.docker.DockerOperator","filename":"docker.py","lineno":71}
{"timestamp":"2026-05-20T22:11:09.625007Z","level":"info","event":"\tat org.apache.hadoop.conf.Configuration.getClass(Configuration.java:2686)","logger":"airflow.task.operators.airflow.providers.docker.operators.docker.DockerOperator","filename":"docker.py","lineno":71}
{"timestamp":"2026-05-20T22:11:09.625063Z","level":"info","event":"\t... 37 more","logger":"airflow.task.operators.airflow.providers.docker.operators.docker.DockerOperator","filename":"docker.py","lineno":71}
{"timestamp":"2026-05-20T22:11:09.625338Z","level":"info","event":"","logger":"airflow.task.operators.airflow.providers.docker.operators.docker.DockerOperator","filename":"docker.py","lineno":71}
{"timestamp":"2026-05-20T22:11:09.625425Z","level":"info","event":"Driver stacktrace:","logger":"airflow.task.operators.airflow.providers.docker.operators.docker.DockerOperator","filename":"docker.py","lineno":71}
{"timestamp":"2026-05-20T22:11:09.625488Z","level":"info","event":"\tat org.apache.spark.scheduler.DAGScheduler.failJobAndIndependentStages(DAGScheduler.scala:2844)","logger":"airflow.task.operators.airflow.providers.docker.operators.docker.DockerOperator","filename":"docker.py","lineno":71}
{"timestamp":"2026-05-20T22:11:09.625547Z","level":"info","event":"\tat org.apache.spark.scheduler.DAGScheduler.$anonfun$abortStage$2(DAGScheduler.scala:2780)","logger":"airflow.task.operators.airflow.providers.docker.operators.docker.DockerOperator","filename":"docker.py","lineno":71}
{"timestamp":"2026-05-20T22:11:09.625602Z","level":"info","event":"\tat org.apache.spark.scheduler.DAGScheduler.$anonfun$abortStage$2$adapted(DAGScheduler.scala:2779)","logger":"airflow.task.operators.airflow.providers.docker.operators.docker.DockerOperator","filename":"docker.py","lineno":71}
{"timestamp":"2026-05-20T22:11:09.625652Z","level":"info","event":"\tat scala.collection.mutable.ResizableArray.foreach(ResizableArray.scala:62)","logger":"airflow.task.operators.airflow.providers.docker.operators.docker.DockerOperator","filename":"docker.py","lineno":71}
{"timestamp":"2026-05-20T22:11:09.625703Z","level":"info","event":"\tat scala.collection.mutable.ResizableArray.foreach$(ResizableArray.scala:55)","logger":"airflow.task.operators.airflow.providers.docker.operators.docker.DockerOperator","filename":"docker.py","lineno":71}
{"timestamp":"2026-05-20T22:11:09.625761Z","level":"info","event":"\tat scala.collection.mutable.ArrayBuffer.foreach(ArrayBuffer.scala:49)","logger":"airflow.task.operators.airflow.providers.docker.operators.docker.DockerOperator","filename":"docker.py","lineno":71}
{"timestamp":"2026-05-20T22:11:09.625843Z","level":"info","event":"\tat org.apache.spark.scheduler.DAGScheduler.abortStage(DAGScheduler.scala:2779)","logger":"airflow.task.operators.airflow.providers.docker.operators.docker.DockerOperator","filename":"docker.py","lineno":71}
{"timestamp":"2026-05-20T22:11:09.625905Z","level":"info","event":"\tat org.apache.spark.scheduler.DAGScheduler.$anonfun$handleTaskSetFailed$1(DAGScheduler.scala:1242)","logger":"airflow.task.operators.airflow.providers.docker.operators.docker.DockerOperator","filename":"docker.py","lineno":71}
{"timestamp":"2026-05-20T22:11:09.625959Z","level":"info","event":"\tat org.apache.spark.scheduler.DAGScheduler.$anonfun$handleTaskSetFailed$1$adapted(DAGScheduler.scala:1242)","logger":"airflow.task.operators.airflow.providers.docker.operators.docker.DockerOperator","filename":"docker.py","lineno":71}
{"timestamp":"2026-05-20T22:11:09.626016Z","level":"info","event":"\tat scala.Option.foreach(Option.scala:407)","logger":"airflow.task.operators.airflow.providers.docker.operators.docker.DockerOperator","filename":"docker.py","lineno":71}
{"timestamp":"2026-05-20T22:11:09.626075Z","level":"info","event":"\tat org.apache.spark.scheduler.DAGScheduler.handleTaskSetFailed(DAGScheduler.scala:1242)","logger":"airflow.task.operators.airflow.providers.docker.operators.docker.DockerOperator","filename":"docker.py","lineno":71}
{"timestamp":"2026-05-20T22:11:09.626132Z","level":"info","event":"\tat org.apache.spark.scheduler.DAGSchedulerEventProcessLoop.doOnReceive(DAGScheduler.scala:3048)","logger":"airflow.task.operators.airflow.providers.docker.operators.docker.DockerOperator","filename":"docker.py","lineno":71}
{"timestamp":"2026-05-20T22:11:09.626188Z","level":"info","event":"\tat org.apache.spark.scheduler.DAGSchedulerEventProcessLoop.onReceive(DAGScheduler.scala:2982)","logger":"airflow.task.operators.airflow.providers.docker.operators.docker.DockerOperator","filename":"docker.py","lineno":71}
{"timestamp":"2026-05-20T22:11:09.626305Z","level":"info","event":"\tat org.apache.spark.scheduler.DAGSchedulerEventProcessLoop.onReceive(DAGScheduler.scala:2971)","logger":"airflow.task.operators.airflow.providers.docker.operators.docker.DockerOperator","filename":"docker.py","lineno":71}
{"timestamp":"2026-05-20T22:11:09.626382Z","level":"info","event":"\tat org.apache.spark.util.EventLoop$$anon$1.run(EventLoop.scala:49)","logger":"airflow.task.operators.airflow.providers.docker.operators.docker.DockerOperator","filename":"docker.py","lineno":71}
{"timestamp":"2026-05-20T22:11:09.626443Z","level":"info","event":"\tat org.apache.spark.scheduler.DAGScheduler.runJob(DAGScheduler.scala:984)","logger":"airflow.task.operators.airflow.providers.docker.operators.docker.DockerOperator","filename":"docker.py","lineno":71}
{"timestamp":"2026-05-20T22:11:09.626503Z","level":"info","event":"\tat org.apache.spark.SparkContext.runJob(SparkContext.scala:2398)","logger":"airflow.task.operators.airflow.providers.docker.operators.docker.DockerOperator","filename":"docker.py","lineno":71}
{"timestamp":"2026-05-20T22:11:09.626557Z","level":"info","event":"\tat org.apache.spark.SparkContext.runJob(SparkContext.scala:2419)","logger":"airflow.task.operators.airflow.providers.docker.operators.docker.DockerOperator","filename":"docker.py","lineno":71}
{"timestamp":"2026-05-20T22:11:09.626615Z","level":"info","event":"\tat org.apache.spark.SparkContext.runJob(SparkContext.scala:2438)","logger":"airflow.task.operators.airflow.providers.docker.operators.docker.DockerOperator","filename":"docker.py","lineno":71}
{"timestamp":"2026-05-20T22:11:09.626675Z","level":"info","event":"\tat org.apache.spark.SparkContext.runJob(SparkContext.scala:2463)","logger":"airflow.task.operators.airflow.providers.docker.operators.docker.DockerOperator","filename":"docker.py","lineno":71}
{"timestamp":"2026-05-20T22:11:09.626729Z","level":"info","event":"\tat org.apache.spark.rdd.RDD.$anonfun$collect$1(RDD.scala:1046)","logger":"airflow.task.operators.airflow.providers.docker.operators.docker.DockerOperator","filename":"docker.py","lineno":71}
{"timestamp":"2026-05-20T22:11:09.626785Z","level":"info","event":"\tat org.apache.spark.rdd.RDDOperationScope$.withScope(RDDOperationScope.scala:151)","logger":"airflow.task.operators.airflow.providers.docker.operators.docker.DockerOperator","filename":"docker.py","lineno":71}
{"timestamp":"2026-05-20T22:11:09.626855Z","level":"info","event":"\tat org.apache.spark.rdd.RDDOperationScope$.withScope(RDDOperationScope.scala:112)","logger":"airflow.task.operators.airflow.providers.docker.operators.docker.DockerOperator","filename":"docker.py","lineno":71}
{"timestamp":"2026-05-20T22:11:09.626908Z","level":"info","event":"\tat org.apache.spark.rdd.RDD.withScope(RDD.scala:407)","logger":"airflow.task.operators.airflow.providers.docker.operators.docker.DockerOperator","filename":"docker.py","lineno":71}
{"timestamp":"2026-05-20T22:11:09.626961Z","level":"info","event":"\tat org.apache.spark.rdd.RDD.collect(RDD.scala:1045)","logger":"airflow.task.operators.airflow.providers.docker.operators.docker.DockerOperator","filename":"docker.py","lineno":71}
{"timestamp":"2026-05-20T22:11:09.627016Z","level":"info","event":"\tat org.apache.spark.sql.execution.SparkPlan.executeCollect(SparkPlan.scala:448)","logger":"airflow.task.operators.airflow.providers.docker.operators.docker.DockerOperator","filename":"docker.py","lineno":71}
{"timestamp":"2026-05-20T22:11:09.627050Z","level":"info","event":"\tat org.apache.spark.sql.Dataset.collectFromPlan(Dataset.scala:4344)","logger":"airflow.task.operators.airflow.providers.docker.operators.docker.DockerOperator","filename":"docker.py","lineno":71}
{"timestamp":"2026-05-20T22:11:09.627081Z","level":"info","event":"\tat org.apache.spark.sql.Dataset.$anonfun$collect$1(Dataset.scala:3585)","logger":"airflow.task.operators.airflow.providers.docker.operators.docker.DockerOperator","filename":"docker.py","lineno":71}
{"timestamp":"2026-05-20T22:11:09.627137Z","level":"info","event":"\tat org.apache.spark.sql.Dataset.$anonfun$withAction$2(Dataset.scala:4334)","logger":"airflow.task.operators.airflow.providers.docker.operators.docker.DockerOperator","filename":"docker.py","lineno":71}
{"timestamp":"2026-05-20T22:11:09.627199Z","level":"info","event":"\tat org.apache.spark.sql.execution.QueryExecution$.withInternalError(QueryExecution.scala:546)","logger":"airflow.task.operators.airflow.providers.docker.operators.docker.DockerOperator","filename":"docker.py","lineno":71}
{"timestamp":"2026-05-20T22:11:09.627318Z","level":"info","event":"\tat org.apache.spark.sql.Dataset.$anonfun$withAction$1(Dataset.scala:4332)","logger":"airflow.task.operators.airflow.providers.docker.operators.docker.DockerOperator","filename":"docker.py","lineno":71}
{"timestamp":"2026-05-20T22:11:09.627438Z","level":"info","event":"\tat org.apache.spark.sql.execution.SQLExecution$.$anonfun$withNewExecutionId$6(SQLExecution.scala:125)","logger":"airflow.task.operators.airflow.providers.docker.operators.docker.DockerOperator","filename":"docker.py","lineno":71}
{"timestamp":"2026-05-20T22:11:09.627523Z","level":"info","event":"\tat org.apache.spark.sql.execution.SQLExecution$.withSQLConfPropagated(SQLExecution.scala:201)","logger":"airflow.task.operators.airflow.providers.docker.operators.docker.DockerOperator","filename":"docker.py","lineno":71}
{"timestamp":"2026-05-20T22:11:09.627567Z","level":"info","event":"\tat org.apache.spark.sql.execution.SQLExecution$.$anonfun$withNewExecutionId$1(SQLExecution.scala:108)","logger":"airflow.task.operators.airflow.providers.docker.operators.docker.DockerOperator","filename":"docker.py","lineno":71}
{"timestamp":"2026-05-20T22:11:09.627598Z","level":"info","event":"\tat org.apache.spark.sql.SparkSession.withActive(SparkSession.scala:900)","logger":"airflow.task.operators.airflow.providers.docker.operators.docker.DockerOperator","filename":"docker.py","lineno":71}
{"timestamp":"2026-05-20T22:11:09.627638Z","level":"info","event":"\tat org.apache.spark.sql.execution.SQLExecution$.withNewExecutionId(SQLExecution.scala:66)","logger":"airflow.task.operators.airflow.providers.docker.operators.docker.DockerOperator","filename":"docker.py","lineno":71}
{"timestamp":"2026-05-20T22:11:09.627692Z","level":"info","event":"\tat org.apache.spark.sql.Dataset.withAction(Dataset.scala:4332)","logger":"airflow.task.operators.airflow.providers.docker.operators.docker.DockerOperator","filename":"docker.py","lineno":71}
{"timestamp":"2026-05-20T22:11:09.627749Z","level":"info","event":"\tat org.apache.spark.sql.Dataset.collect(Dataset.scala:3585)","logger":"airflow.task.operators.airflow.providers.docker.operators.docker.DockerOperator","filename":"docker.py","lineno":71}
{"timestamp":"2026-05-20T22:11:09.627805Z","level":"info","event":"\tat org.apache.spark.sql.delta.Snapshot.protocolAndMetadataReconstruction(Snapshot.scala:229)","logger":"airflow.task.operators.airflow.providers.docker.operators.docker.DockerOperator","filename":"docker.py","lineno":71}
{"timestamp":"2026-05-20T22:11:09.627886Z","level":"info","event":"\tat org.apache.spark.sql.delta.Snapshot.x$1$lzycompute(Snapshot.scala:138)","logger":"airflow.task.operators.airflow.providers.docker.operators.docker.DockerOperator","filename":"docker.py","lineno":71}
{"timestamp":"2026-05-20T22:11:09.627941Z","level":"info","event":"\tat org.apache.spark.sql.delta.Snapshot.x$1(Snapshot.scala:133)","logger":"airflow.task.operators.airflow.providers.docker.operators.docker.DockerOperator","filename":"docker.py","lineno":71}
{"timestamp":"2026-05-20T22:11:09.627990Z","level":"info","event":"\tat org.apache.spark.sql.delta.Snapshot._metadata$lzycompute(Snapshot.scala:133)","logger":"airflow.task.operators.airflow.providers.docker.operators.docker.DockerOperator","filename":"docker.py","lineno":71}
{"timestamp":"2026-05-20T22:11:09.628040Z","level":"info","event":"\tat org.apache.spark.sql.delta.Snapshot._metadata(Snapshot.scala:133)","logger":"airflow.task.operators.airflow.providers.docker.operators.docker.DockerOperator","filename":"docker.py","lineno":71}
{"timestamp":"2026-05-20T22:11:09.628095Z","level":"info","event":"\tat org.apache.spark.sql.delta.Snapshot.metadata(Snapshot.scala:202)","logger":"airflow.task.operators.airflow.providers.docker.operators.docker.DockerOperator","filename":"docker.py","lineno":71}
{"timestamp":"2026-05-20T22:11:09.628146Z","level":"info","event":"\tat org.apache.spark.sql.delta.Snapshot.toString(Snapshot.scala:416)","logger":"airflow.task.operators.airflow.providers.docker.operators.docker.DockerOperator","filename":"docker.py","lineno":71}
{"timestamp":"2026-05-20T22:11:09.628188Z","level":"info","event":"\tat java.base/java.lang.String.valueOf(Unknown Source)","logger":"airflow.task.operators.airflow.providers.docker.operators.docker.DockerOperator","filename":"docker.py","lineno":71}
{"timestamp":"2026-05-20T22:11:09.628237Z","level":"info","event":"\tat java.base/java.lang.StringBuilder.append(Unknown Source)","logger":"airflow.task.operators.airflow.providers.docker.operators.docker.DockerOperator","filename":"docker.py","lineno":71}
{"timestamp":"2026-05-20T22:11:09.628312Z","level":"info","event":"\tat org.apache.spark.sql.delta.Snapshot.$anonfun$new$1(Snapshot.scala:419)","logger":"airflow.task.operators.airflow.providers.docker.operators.docker.DockerOperator","filename":"docker.py","lineno":71}
{"timestamp":"2026-05-20T22:11:09.628397Z","level":"info","event":"\tat org.apache.spark.sql.delta.Snapshot.$anonfun$logInfo$1(Snapshot.scala:396)","logger":"airflow.task.operators.airflow.providers.docker.operators.docker.DockerOperator","filename":"docker.py","lineno":71}
{"timestamp":"2026-05-20T22:11:09.628469Z","level":"info","event":"\tat org.apache.spark.internal.Logging.logInfo(Logging.scala:60)","logger":"airflow.task.operators.airflow.providers.docker.operators.docker.DockerOperator","filename":"docker.py","lineno":71}
{"timestamp":"2026-05-20T22:11:09.628537Z","level":"info","event":"\tat org.apache.spark.internal.Logging.logInfo$(Logging.scala:59)","logger":"airflow.task.operators.airflow.providers.docker.operators.docker.DockerOperator","filename":"docker.py","lineno":71}
{"timestamp":"2026-05-20T22:11:09.628607Z","level":"info","event":"\tat org.apache.spark.sql.delta.Snapshot.logInfo(Snapshot.scala:396)","logger":"airflow.task.operators.airflow.providers.docker.operators.docker.DockerOperator","filename":"docker.py","lineno":71}
{"timestamp":"2026-05-20T22:11:09.628669Z","level":"info","event":"\tat org.apache.spark.sql.delta.Snapshot.<init>(Snapshot.scala:419)","logger":"airflow.task.operators.airflow.providers.docker.operators.docker.DockerOperator","filename":"docker.py","lineno":71}
{"timestamp":"2026-05-20T22:11:09.628727Z","level":"info","event":"\tat org.apache.spark.sql.delta.SnapshotManagement.$anonfun$createSnapshot$2(SnapshotManagement.scala:503)","logger":"airflow.task.operators.airflow.providers.docker.operators.docker.DockerOperator","filename":"docker.py","lineno":71}
{"timestamp":"2026-05-20T22:11:09.628783Z","level":"info","event":"\tat org.apache.spark.sql.delta.SnapshotManagement.createSnapshotFromGivenOrEquivalentLogSegment(SnapshotManagement.scala:628)","logger":"airflow.task.operators.airflow.providers.docker.operators.docker.DockerOperator","filename":"docker.py","lineno":71}
{"timestamp":"2026-05-20T22:11:09.628864Z","level":"info","event":"\tat org.apache.spark.sql.delta.SnapshotManagement.createSnapshotFromGivenOrEquivalentLogSegment$(SnapshotManagement.scala:616)","logger":"airflow.task.operators.airflow.providers.docker.operators.docker.DockerOperator","filename":"docker.py","lineno":71}
{"timestamp":"2026-05-20T22:11:09.628925Z","level":"info","event":"\tat org.apache.spark.sql.delta.DeltaLog.createSnapshotFromGivenOrEquivalentLogSegment(DeltaLog.scala:72)","logger":"airflow.task.operators.airflow.providers.docker.operators.docker.DockerOperator","filename":"docker.py","lineno":71}
{"timestamp":"2026-05-20T22:11:09.628982Z","level":"info","event":"\tat org.apache.spark.sql.delta.SnapshotManagement.createSnapshot(SnapshotManagement.scala:496)","logger":"airflow.task.operators.airflow.providers.docker.operators.docker.DockerOperator","filename":"docker.py","lineno":71}
{"timestamp":"2026-05-20T22:11:09.629092Z","level":"info","event":"\tat org.apache.spark.sql.delta.SnapshotManagement.createSnapshot$(SnapshotManagement.scala:489)","logger":"airflow.task.operators.airflow.providers.docker.operators.docker.DockerOperator","filename":"docker.py","lineno":71}
{"timestamp":"2026-05-20T22:11:09.629178Z","level":"info","event":"\tat org.apache.spark.sql.delta.DeltaLog.createSnapshot(DeltaLog.scala:72)","logger":"airflow.task.operators.airflow.providers.docker.operators.docker.DockerOperator","filename":"docker.py","lineno":71}
{"timestamp":"2026-05-20T22:11:09.629230Z","level":"info","event":"\tat org.apache.spark.sql.delta.SnapshotManagement.$anonfun$createSnapshotAtInitInternal$1(SnapshotManagement.scala:450)","logger":"airflow.task.operators.airflow.providers.docker.operators.docker.DockerOperator","filename":"docker.py","lineno":71}
{"timestamp":"2026-05-20T22:11:09.641448Z","level":"info","event":"\tat scala.Option.map(Option.scala:230)","logger":"airflow.task.operators.airflow.providers.docker.operators.docker.DockerOperator","filename":"docker.py","lineno":71}
{"timestamp":"2026-05-20T22:11:09.641820Z","level":"info","event":"\tat org.apache.spark.sql.delta.SnapshotManagement.createSnapshotAtInitInternal(SnapshotManagement.scala:447)","logger":"airflow.task.operators.airflow.providers.docker.operators.docker.DockerOperator","filename":"docker.py","lineno":71}
{"timestamp":"2026-05-20T22:11:09.641951Z","level":"info","event":"\tat org.apache.spark.sql.delta.SnapshotManagement.createSnapshotAtInitInternal$(SnapshotManagement.scala:444)","logger":"airflow.task.operators.airflow.providers.docker.operators.docker.DockerOperator","filename":"docker.py","lineno":71}
{"timestamp":"2026-05-20T22:11:09.642021Z","level":"info","event":"\tat org.apache.spark.sql.delta.DeltaLog.createSnapshotAtInitInternal(DeltaLog.scala:72)","logger":"airflow.task.operators.airflow.providers.docker.operators.docker.DockerOperator","filename":"docker.py","lineno":71}
{"timestamp":"2026-05-20T22:11:09.642086Z","level":"info","event":"\tat org.apache.spark.sql.delta.SnapshotManagement.$anonfun$getSnapshotAtInit$1(SnapshotManagement.scala:439)","logger":"airflow.task.operators.airflow.providers.docker.operators.docker.DockerOperator","filename":"docker.py","lineno":71}
{"timestamp":"2026-05-20T22:11:09.642148Z","level":"info","event":"\tat org.apache.spark.sql.delta.metering.DeltaLogging.recordFrameProfile(DeltaLogging.scala:140)","logger":"airflow.task.operators.airflow.providers.docker.operators.docker.DockerOperator","filename":"docker.py","lineno":71}
{"timestamp":"2026-05-20T22:11:09.642210Z","level":"info","event":"\tat org.apache.spark.sql.delta.metering.DeltaLogging.recordFrameProfile$(DeltaLogging.scala:138)","logger":"airflow.task.operators.airflow.providers.docker.operators.docker.DockerOperator","filename":"docker.py","lineno":71}
{"timestamp":"2026-05-20T22:11:09.642269Z","level":"info","event":"\tat org.apache.spark.sql.delta.DeltaLog.recordFrameProfile(DeltaLog.scala:72)","logger":"airflow.task.operators.airflow.providers.docker.operators.docker.DockerOperator","filename":"docker.py","lineno":71}
{"timestamp":"2026-05-20T22:11:09.642328Z","level":"info","event":"\tat org.apache.spark.sql.delta.SnapshotManagement.getSnapshotAtInit(SnapshotManagement.scala:434)","logger":"airflow.task.operators.airflow.providers.docker.operators.docker.DockerOperator","filename":"docker.py","lineno":71}
{"timestamp":"2026-05-20T22:11:09.642383Z","level":"info","event":"\tat org.apache.spark.sql.delta.SnapshotManagement.getSnapshotAtInit$(SnapshotManagement.scala:433)","logger":"airflow.task.operators.airflow.providers.docker.operators.docker.DockerOperator","filename":"docker.py","lineno":71}
{"timestamp":"2026-05-20T22:11:09.642439Z","level":"info","event":"\tat org.apache.spark.sql.delta.DeltaLog.getSnapshotAtInit(DeltaLog.scala:72)","logger":"airflow.task.operators.airflow.providers.docker.operators.docker.DockerOperator","filename":"docker.py","lineno":71}
{"timestamp":"2026-05-20T22:11:09.642483Z","level":"info","event":"\tat org.apache.spark.sql.delta.SnapshotManagement.$init$(SnapshotManagement.scala:60)","logger":"airflow.task.operators.airflow.providers.docker.operators.docker.DockerOperator","filename":"docker.py","lineno":71}
{"timestamp":"2026-05-20T22:11:09.642531Z","level":"info","event":"\tat org.apache.spark.sql.delta.DeltaLog.<init>(DeltaLog.scala:78)","logger":"airflow.task.operators.airflow.providers.docker.operators.docker.DockerOperator","filename":"docker.py","lineno":71}
{"timestamp":"2026-05-20T22:11:09.642578Z","level":"info","event":"\tat org.apache.spark.sql.delta.DeltaLog$.$anonfun$apply$4(DeltaLog.scala:779)","logger":"airflow.task.operators.airflow.providers.docker.operators.docker.DockerOperator","filename":"docker.py","lineno":71}
{"timestamp":"2026-05-20T22:11:09.642626Z","level":"info","event":"\tat org.apache.spark.sql.catalyst.plans.logical.AnalysisHelper$.allowInvokingTransformsInAnalyzer(AnalysisHelper.scala:323)","logger":"airflow.task.operators.airflow.providers.docker.operators.docker.DockerOperator","filename":"docker.py","lineno":71}
{"timestamp":"2026-05-20T22:11:09.642676Z","level":"info","event":"\tat org.apache.spark.sql.delta.DeltaLog$.$anonfun$apply$3(DeltaLog.scala:774)","logger":"airflow.task.operators.airflow.providers.docker.operators.docker.DockerOperator","filename":"docker.py","lineno":71}
{"timestamp":"2026-05-20T22:11:09.642721Z","level":"info","event":"\tat org.apache.spark.sql.delta.metering.DeltaLogging.recordFrameProfile(DeltaLogging.scala:140)","logger":"airflow.task.operators.airflow.providers.docker.operators.docker.DockerOperator","filename":"docker.py","lineno":71}
{"timestamp":"2026-05-20T22:11:09.642764Z","level":"info","event":"\tat org.apache.spark.sql.delta.metering.DeltaLogging.recordFrameProfile$(DeltaLogging.scala:138)","logger":"airflow.task.operators.airflow.providers.docker.operators.docker.DockerOperator","filename":"docker.py","lineno":71}
{"timestamp":"2026-05-20T22:11:09.642810Z","level":"info","event":"\tat org.apache.spark.sql.delta.DeltaLog$.recordFrameProfile(DeltaLog.scala:598)","logger":"airflow.task.operators.airflow.providers.docker.operators.docker.DockerOperator","filename":"docker.py","lineno":71}
{"timestamp":"2026-05-20T22:11:09.643451Z","level":"info","event":"\tat org.apache.spark.sql.delta.metering.DeltaLogging.$anonfun$recordDeltaOperationInternal$1(DeltaLogging.scala:133)","logger":"airflow.task.operators.airflow.providers.docker.operators.docker.DockerOperator","filename":"docker.py","lineno":71}
{"timestamp":"2026-05-20T22:11:09.643497Z","level":"info","event":"\tat com.databricks.spark.util.DatabricksLogging.recordOperation(DatabricksLogging.scala:128)","logger":"airflow.task.operators.airflow.providers.docker.operators.docker.DockerOperator","filename":"docker.py","lineno":71}
{"timestamp":"2026-05-20T22:11:09.643528Z","level":"info","event":"\tat com.databricks.spark.util.DatabricksLogging.recordOperation$(DatabricksLogging.scala:117)","logger":"airflow.task.operators.airflow.providers.docker.operators.docker.DockerOperator","filename":"docker.py","lineno":71}
{"timestamp":"2026-05-20T22:11:09.643580Z","level":"info","event":"\tat org.apache.spark.sql.delta.DeltaLog$.recordOperation(DeltaLog.scala:598)","logger":"airflow.task.operators.airflow.providers.docker.operators.docker.DockerOperator","filename":"docker.py","lineno":71}
{"timestamp":"2026-05-20T22:11:09.643611Z","level":"info","event":"\tat org.apache.spark.sql.delta.metering.DeltaLogging.recordDeltaOperationInternal(DeltaLogging.scala:132)","logger":"airflow.task.operators.airflow.providers.docker.operators.docker.DockerOperator","filename":"docker.py","lineno":71}
{"timestamp":"2026-05-20T22:11:09.643638Z","level":"info","event":"\tat org.apache.spark.sql.delta.metering.DeltaLogging.recordDeltaOperation(DeltaLogging.scala:122)","logger":"airflow.task.operators.airflow.providers.docker.operators.docker.DockerOperator","filename":"docker.py","lineno":71}
{"timestamp":"2026-05-20T22:11:09.643666Z","level":"info","event":"\tat org.apache.spark.sql.delta.metering.DeltaLogging.recordDeltaOperation$(DeltaLogging.scala:112)","logger":"airflow.task.operators.airflow.providers.docker.operators.docker.DockerOperator","filename":"docker.py","lineno":71}
{"timestamp":"2026-05-20T22:11:09.643695Z","level":"info","event":"\tat org.apache.spark.sql.delta.DeltaLog$.recordDeltaOperation(DeltaLog.scala:598)","logger":"airflow.task.operators.airflow.providers.docker.operators.docker.DockerOperator","filename":"docker.py","lineno":71}
{"timestamp":"2026-05-20T22:11:09.643725Z","level":"info","event":"\tat org.apache.spark.sql.delta.DeltaLog$.createDeltaLog$1(DeltaLog.scala:773)","logger":"airflow.task.operators.airflow.providers.docker.operators.docker.DockerOperator","filename":"docker.py","lineno":71}
{"timestamp":"2026-05-20T22:11:09.643753Z","level":"info","event":"\tat org.apache.spark.sql.delta.DeltaLog$.$anonfun$apply$5(DeltaLog.scala:791)","logger":"airflow.task.operators.airflow.providers.docker.operators.docker.DockerOperator","filename":"docker.py","lineno":71}
{"timestamp":"2026-05-20T22:11:09.643780Z","level":"info","event":"\tat com.google.common.cache.LocalCache$LocalManualCache$1.load(LocalCache.java:4792)","logger":"airflow.task.operators.airflow.providers.docker.operators.docker.DockerOperator","filename":"docker.py","lineno":71}
{"timestamp":"2026-05-20T22:11:09.643810Z","level":"info","event":"\tat com.google.common.cache.LocalCache$LoadingValueReference.loadFuture(LocalCache.java:3599)","logger":"airflow.task.operators.airflow.providers.docker.operators.docker.DockerOperator","filename":"docker.py","lineno":71}
{"timestamp":"2026-05-20T22:11:09.643887Z","level":"info","event":"\tat com.google.common.cache.LocalCache$Segment.loadSync(LocalCache.java:2379)","logger":"airflow.task.operators.airflow.providers.docker.operators.docker.DockerOperator","filename":"docker.py","lineno":71}
{"timestamp":"2026-05-20T22:11:09.643942Z","level":"info","event":"\tat com.google.common.cache.LocalCache$Segment.lockedGetOrLoad(LocalCache.java:2342)","logger":"airflow.task.operators.airflow.providers.docker.operators.docker.DockerOperator","filename":"docker.py","lineno":71}
{"timestamp":"2026-05-20T22:11:09.643993Z","level":"info","event":"\tat com.google.common.cache.LocalCache$Segment.get(LocalCache.java:2257)","logger":"airflow.task.operators.airflow.providers.docker.operators.docker.DockerOperator","filename":"docker.py","lineno":71}
{"timestamp":"2026-05-20T22:11:09.644046Z","level":"info","event":"\tat com.google.common.cache.LocalCache.get(LocalCache.java:4000)","logger":"airflow.task.operators.airflow.providers.docker.operators.docker.DockerOperator","filename":"docker.py","lineno":71}
{"timestamp":"2026-05-20T22:11:09.644100Z","level":"info","event":"\tat com.google.common.cache.LocalCache$LocalManualCache.get(LocalCache.java:4789)","logger":"airflow.task.operators.airflow.providers.docker.operators.docker.DockerOperator","filename":"docker.py","lineno":71}
{"timestamp":"2026-05-20T22:11:09.644155Z","level":"info","event":"\tat org.apache.spark.sql.delta.DeltaLog$.getDeltaLogFromCache$1(DeltaLog.scala:790)","logger":"airflow.task.operators.airflow.providers.docker.operators.docker.DockerOperator","filename":"docker.py","lineno":71}
{"timestamp":"2026-05-20T22:11:09.644207Z","level":"info","event":"\tat org.apache.spark.sql.delta.DeltaLog$.apply(DeltaLog.scala:800)","logger":"airflow.task.operators.airflow.providers.docker.operators.docker.DockerOperator","filename":"docker.py","lineno":71}
{"timestamp":"2026-05-20T22:11:09.644255Z","level":"info","event":"\tat org.apache.spark.sql.delta.DeltaLog$.forTable(DeltaLog.scala:677)","logger":"airflow.task.operators.airflow.providers.docker.operators.docker.DockerOperator","filename":"docker.py","lineno":71}
{"timestamp":"2026-05-20T22:11:09.644302Z","level":"info","event":"\tat org.apache.spark.sql.delta.catalog.DeltaTableV2.$anonfun$deltaLog$1(DeltaTableV2.scala:91)","logger":"airflow.task.operators.airflow.providers.docker.operators.docker.DockerOperator","filename":"docker.py","lineno":71}
{"timestamp":"2026-05-20T22:11:09.644357Z","level":"info","event":"\tat org.apache.spark.sql.delta.catalog.DeltaTableV2$.withEnrichedUnsupportedTableException(DeltaTableV2.scala:364)","logger":"airflow.task.operators.airflow.providers.docker.operators.docker.DockerOperator","filename":"docker.py","lineno":71}
{"timestamp":"2026-05-20T22:11:09.644416Z","level":"info","event":"\tat org.apache.spark.sql.delta.catalog.DeltaTableV2.deltaLog$lzycompute(DeltaTableV2.scala:91)","logger":"airflow.task.operators.airflow.providers.docker.operators.docker.DockerOperator","filename":"docker.py","lineno":71}
{"timestamp":"2026-05-20T22:11:09.644472Z","level":"info","event":"\tat org.apache.spark.sql.delta.catalog.DeltaTableV2.deltaLog(DeltaTableV2.scala:89)","logger":"airflow.task.operators.airflow.providers.docker.operators.docker.DockerOperator","filename":"docker.py","lineno":71}
{"timestamp":"2026-05-20T22:11:09.644525Z","level":"info","event":"\tat org.apache.spark.sql.delta.catalog.DeltaTableV2.$anonfun$initialSnapshot$4(DeltaTableV2.scala:144)","logger":"airflow.task.operators.airflow.providers.docker.operators.docker.DockerOperator","filename":"docker.py","lineno":71}
{"timestamp":"2026-05-20T22:11:09.644572Z","level":"info","event":"\tat scala.Option.getOrElse(Option.scala:189)","logger":"airflow.task.operators.airflow.providers.docker.operators.docker.DockerOperator","filename":"docker.py","lineno":71}
{"timestamp":"2026-05-20T22:11:09.644625Z","level":"info","event":"\tat org.apache.spark.sql.delta.catalog.DeltaTableV2.$anonfun$initialSnapshot$1(DeltaTableV2.scala:144)","logger":"airflow.task.operators.airflow.providers.docker.operators.docker.DockerOperator","filename":"docker.py","lineno":71}
{"timestamp":"2026-05-20T22:11:09.644677Z","level":"info","event":"\tat org.apache.spark.sql.delta.catalog.DeltaTableV2$.withEnrichedUnsupportedTableException(DeltaTableV2.scala:364)","logger":"airflow.task.operators.airflow.providers.docker.operators.docker.DockerOperator","filename":"docker.py","lineno":71}
{"timestamp":"2026-05-20T22:11:09.644731Z","level":"info","event":"\tat org.apache.spark.sql.delta.catalog.DeltaTableV2.initialSnapshot$lzycompute(DeltaTableV2.scala:143)","logger":"airflow.task.operators.airflow.providers.docker.operators.docker.DockerOperator","filename":"docker.py","lineno":71}
{"timestamp":"2026-05-20T22:11:09.644795Z","level":"info","event":"\tat org.apache.spark.sql.delta.catalog.DeltaTableV2.initialSnapshot(DeltaTableV2.scala:123)","logger":"airflow.task.operators.airflow.providers.docker.operators.docker.DockerOperator","filename":"docker.py","lineno":71}
{"timestamp":"2026-05-20T22:11:09.644923Z","level":"info","event":"\tat org.apache.spark.sql.delta.catalog.DeltaTableV2.toBaseRelation$lzycompute(DeltaTableV2.scala:235)","logger":"airflow.task.operators.airflow.providers.docker.operators.docker.DockerOperator","filename":"docker.py","lineno":71}
{"timestamp":"2026-05-20T22:11:09.644988Z","level":"info","event":"\tat org.apache.spark.sql.delta.catalog.DeltaTableV2.toBaseRelation(DeltaTableV2.scala:233)","logger":"airflow.task.operators.airflow.providers.docker.operators.docker.DockerOperator","filename":"docker.py","lineno":71}
{"timestamp":"2026-05-20T22:11:09.645039Z","level":"info","event":"\tat org.apache.spark.sql.delta.sources.DeltaDataSource.$anonfun$createRelation$5(DeltaDataSource.scala:250)","logger":"airflow.task.operators.airflow.providers.docker.operators.docker.DockerOperator","filename":"docker.py","lineno":71}
{"timestamp":"2026-05-20T22:11:09.645088Z","level":"info","event":"\tat org.apache.spark.sql.delta.metering.DeltaLogging.recordFrameProfile(DeltaLogging.scala:140)","logger":"airflow.task.operators.airflow.providers.docker.operators.docker.DockerOperator","filename":"docker.py","lineno":71}
{"timestamp":"2026-05-20T22:11:09.645134Z","level":"info","event":"\tat org.apache.spark.sql.delta.metering.DeltaLogging.recordFrameProfile$(DeltaLogging.scala:138)","logger":"airflow.task.operators.airflow.providers.docker.operators.docker.DockerOperator","filename":"docker.py","lineno":71}
{"timestamp":"2026-05-20T22:11:09.645179Z","level":"info","event":"\tat org.apache.spark.sql.delta.sources.DeltaDataSource.recordFrameProfile(DeltaDataSource.scala:49)","logger":"airflow.task.operators.airflow.providers.docker.operators.docker.DockerOperator","filename":"docker.py","lineno":71}
{"timestamp":"2026-05-20T22:11:09.645222Z","level":"info","event":"\tat org.apache.spark.sql.delta.sources.DeltaDataSource.createRelation(DeltaDataSource.scala:209)","logger":"airflow.task.operators.airflow.providers.docker.operators.docker.DockerOperator","filename":"docker.py","lineno":71}
{"timestamp":"2026-05-20T22:11:09.645266Z","level":"info","event":"\tat org.apache.spark.sql.execution.datasources.DataSource.resolveRelation(DataSource.scala:346)","logger":"airflow.task.operators.airflow.providers.docker.operators.docker.DockerOperator","filename":"docker.py","lineno":71}
{"timestamp":"2026-05-20T22:11:09.645310Z","level":"info","event":"\tat org.apache.spark.sql.DataFrameReader.loadV1Source(DataFrameReader.scala:229)","logger":"airflow.task.operators.airflow.providers.docker.operators.docker.DockerOperator","filename":"docker.py","lineno":71}
{"timestamp":"2026-05-20T22:11:09.645355Z","level":"info","event":"\tat org.apache.spark.sql.DataFrameReader.$anonfun$load$2(DataFrameReader.scala:211)","logger":"airflow.task.operators.airflow.providers.docker.operators.docker.DockerOperator","filename":"docker.py","lineno":71}
{"timestamp":"2026-05-20T22:11:09.645404Z","level":"info","event":"\tat scala.Option.getOrElse(Option.scala:189)","logger":"airflow.task.operators.airflow.providers.docker.operators.docker.DockerOperator","filename":"docker.py","lineno":71}
{"timestamp":"2026-05-20T22:11:09.645460Z","level":"info","event":"\tat org.apache.spark.sql.DataFrameReader.load(DataFrameReader.scala:211)","logger":"airflow.task.operators.airflow.providers.docker.operators.docker.DockerOperator","filename":"docker.py","lineno":71}
{"timestamp":"2026-05-20T22:11:09.645510Z","level":"info","event":"\tat org.apache.spark.sql.DataFrameReader.load(DataFrameReader.scala:186)","logger":"airflow.task.operators.airflow.providers.docker.operators.docker.DockerOperator","filename":"docker.py","lineno":71}
{"timestamp":"2026-05-20T22:11:09.645555Z","level":"info","event":"\tat java.base/jdk.internal.reflect.NativeMethodAccessorImpl.invoke0(Native Method)","logger":"airflow.task.operators.airflow.providers.docker.operators.docker.DockerOperator","filename":"docker.py","lineno":71}
{"timestamp":"2026-05-20T22:11:09.645604Z","level":"info","event":"\tat java.base/jdk.internal.reflect.NativeMethodAccessorImpl.invoke(Unknown Source)","logger":"airflow.task.operators.airflow.providers.docker.operators.docker.DockerOperator","filename":"docker.py","lineno":71}
{"timestamp":"2026-05-20T22:11:09.645651Z","level":"info","event":"\tat java.base/jdk.internal.reflect.DelegatingMethodAccessorImpl.invoke(Unknown Source)","logger":"airflow.task.operators.airflow.providers.docker.operators.docker.DockerOperator","filename":"docker.py","lineno":71}
{"timestamp":"2026-05-20T22:11:09.645697Z","level":"info","event":"\tat java.base/java.lang.reflect.Method.invoke(Unknown Source)","logger":"airflow.task.operators.airflow.providers.docker.operators.docker.DockerOperator","filename":"docker.py","lineno":71}
{"timestamp":"2026-05-20T22:11:09.645743Z","level":"info","event":"\tat py4j.reflection.MethodInvoker.invoke(MethodInvoker.java:244)","logger":"airflow.task.operators.airflow.providers.docker.operators.docker.DockerOperator","filename":"docker.py","lineno":71}
{"timestamp":"2026-05-20T22:11:09.645787Z","level":"info","event":"\tat py4j.reflection.ReflectionEngine.invoke(ReflectionEngine.java:374)","logger":"airflow.task.operators.airflow.providers.docker.operators.docker.DockerOperator","filename":"docker.py","lineno":71}
{"timestamp":"2026-05-20T22:11:09.645860Z","level":"info","event":"\tat py4j.Gateway.invoke(Gateway.java:282)","logger":"airflow.task.operators.airflow.providers.docker.operators.docker.DockerOperator","filename":"docker.py","lineno":71}
{"timestamp":"2026-05-20T22:11:09.645918Z","level":"info","event":"\tat py4j.commands.AbstractCommand.invokeMethod(AbstractCommand.java:132)","logger":"airflow.task.operators.airflow.providers.docker.operators.docker.DockerOperator","filename":"docker.py","lineno":71}
{"timestamp":"2026-05-20T22:11:09.645985Z","level":"info","event":"\tat py4j.commands.CallCommand.execute(CallCommand.java:79)","logger":"airflow.task.operators.airflow.providers.docker.operators.docker.DockerOperator","filename":"docker.py","lineno":71}
{"timestamp":"2026-05-20T22:11:09.646049Z","level":"info","event":"\tat py4j.ClientServerConnection.waitForCommands(ClientServerConnection.java:182)","logger":"airflow.task.operators.airflow.providers.docker.operators.docker.DockerOperator","filename":"docker.py","lineno":71}
{"timestamp":"2026-05-20T22:11:09.646112Z","level":"info","event":"\tat py4j.ClientServerConnection.run(ClientServerConnection.java:106)","logger":"airflow.task.operators.airflow.providers.docker.operators.docker.DockerOperator","filename":"docker.py","lineno":71}
{"timestamp":"2026-05-20T22:11:09.646171Z","level":"info","event":"\tat java.base/java.lang.Thread.run(Unknown Source)","logger":"airflow.task.operators.airflow.providers.docker.operators.docker.DockerOperator","filename":"docker.py","lineno":71}
{"timestamp":"2026-05-20T22:11:09.646233Z","level":"info","event":"Caused by: java.lang.RuntimeException: java.lang.ClassNotFoundException: Class org.apache.hadoop.fs.s3a.S3AFileSystem not found","logger":"airflow.task.operators.airflow.providers.docker.operators.docker.DockerOperator","filename":"docker.py","lineno":71}
{"timestamp":"2026-05-20T22:11:09.646306Z","level":"info","event":"\tat org.apache.hadoop.conf.Configuration.getClass(Configuration.java:2688)","logger":"airflow.task.operators.airflow.providers.docker.operators.docker.DockerOperator","filename":"docker.py","lineno":71}
{"timestamp":"2026-05-20T22:11:09.646374Z","level":"info","event":"\tat org.apache.hadoop.fs.FileSystem.getFileSystemClass(FileSystem.java:3431)","logger":"airflow.task.operators.airflow.providers.docker.operators.docker.DockerOperator","filename":"docker.py","lineno":71}
{"timestamp":"2026-05-20T22:11:09.646426Z","level":"info","event":"\tat org.apache.hadoop.fs.FileSystem.createFileSystem(FileSystem.java:3466)","logger":"airflow.task.operators.airflow.providers.docker.operators.docker.DockerOperator","filename":"docker.py","lineno":71}
{"timestamp":"2026-05-20T22:11:09.646477Z","level":"info","event":"\tat org.apache.hadoop.fs.FileSystem.access$300(FileSystem.java:174)","logger":"airflow.task.operators.airflow.providers.docker.operators.docker.DockerOperator","filename":"docker.py","lineno":71}
{"timestamp":"2026-05-20T22:11:09.646528Z","level":"info","event":"\tat org.apache.hadoop.fs.FileSystem$Cache.getInternal(FileSystem.java:3574)","logger":"airflow.task.operators.airflow.providers.docker.operators.docker.DockerOperator","filename":"docker.py","lineno":71}
{"timestamp":"2026-05-20T22:11:09.646584Z","level":"info","event":"\tat org.apache.hadoop.fs.FileSystem$Cache.get(FileSystem.java:3521)","logger":"airflow.task.operators.airflow.providers.docker.operators.docker.DockerOperator","filename":"docker.py","lineno":71}
{"timestamp":"2026-05-20T22:11:09.646637Z","level":"info","event":"\tat org.apache.hadoop.fs.FileSystem.get(FileSystem.java:540)","logger":"airflow.task.operators.airflow.providers.docker.operators.docker.DockerOperator","filename":"docker.py","lineno":71}
{"timestamp":"2026-05-20T22:11:09.646689Z","level":"info","event":"\tat org.apache.hadoop.fs.Path.getFileSystem(Path.java:365)","logger":"airflow.task.operators.airflow.providers.docker.operators.docker.DockerOperator","filename":"docker.py","lineno":71}
{"timestamp":"2026-05-20T22:11:09.646763Z","level":"info","event":"\tat org.apache.hadoop.mapreduce.lib.input.LineRecordReader.initialize(LineRecordReader.java:88)","logger":"airflow.task.operators.airflow.providers.docker.operators.docker.DockerOperator","filename":"docker.py","lineno":71}
{"timestamp":"2026-05-20T22:11:09.646860Z","level":"info","event":"\tat org.apache.spark.sql.execution.datasources.HadoopFileLinesReader.<init>(HadoopFileLinesReader.scala:63)","logger":"airflow.task.operators.airflow.providers.docker.operators.docker.DockerOperator","filename":"docker.py","lineno":71}
{"timestamp":"2026-05-20T22:11:09.646918Z","level":"info","event":"\tat org.apache.spark.sql.execution.datasources.json.TextInputJsonDataSource$.readFile(JsonDataSource.scala:132)","logger":"airflow.task.operators.airflow.providers.docker.operators.docker.DockerOperator","filename":"docker.py","lineno":71}
{"timestamp":"2026-05-20T22:11:09.646964Z","level":"info","event":"\tat org.apache.spark.sql.execution.datasources.json.JsonFileFormat.$anonfun$buildReader$2(JsonFileFormat.scala:126)","logger":"airflow.task.operators.airflow.providers.docker.operators.docker.DockerOperator","filename":"docker.py","lineno":71}
{"timestamp":"2026-05-20T22:11:09.647008Z","level":"info","event":"\tat org.apache.spark.sql.execution.datasources.FileFormat$$anon$1.apply(FileFormat.scala:160)","logger":"airflow.task.operators.airflow.providers.docker.operators.docker.DockerOperator","filename":"docker.py","lineno":71}
{"timestamp":"2026-05-20T22:11:09.647062Z","level":"info","event":"\tat org.apache.spark.sql.execution.datasources.FileFormat$$anon$1.apply(FileFormat.scala:140)","logger":"airflow.task.operators.airflow.providers.docker.operators.docker.DockerOperator","filename":"docker.py","lineno":71}
{"timestamp":"2026-05-20T22:11:09.647115Z","level":"info","event":"\tat org.apache.spark.sql.execution.datasources.FileScanRDD$$anon$1.org$apache$spark$sql$execution$datasources$FileScanRDD$$anon$$readCurrentFile(FileScanRDD.scala:217)","logger":"airflow.task.operators.airflow.providers.docker.operators.docker.DockerOperator","filename":"docker.py","lineno":71}
{"timestamp":"2026-05-20T22:11:09.647172Z","level":"info","event":"\tat org.apache.spark.sql.execution.datasources.FileScanRDD$$anon$1.nextIterator(FileScanRDD.scala:279)","logger":"airflow.task.operators.airflow.providers.docker.operators.docker.DockerOperator","filename":"docker.py","lineno":71}
{"timestamp":"2026-05-20T22:11:09.647230Z","level":"info","event":"\tat org.apache.spark.sql.execution.datasources.FileScanRDD$$anon$1.hasNext(FileScanRDD.scala:129)","logger":"airflow.task.operators.airflow.providers.docker.operators.docker.DockerOperator","filename":"docker.py","lineno":71}
{"timestamp":"2026-05-20T22:11:09.647281Z","level":"info","event":"\tat scala.collection.Iterator$$anon$10.hasNext(Iterator.scala:460)","logger":"airflow.task.operators.airflow.providers.docker.operators.docker.DockerOperator","filename":"docker.py","lineno":71}
{"timestamp":"2026-05-20T22:11:09.647331Z","level":"info","event":"\tat org.apache.spark.sql.catalyst.expressions.GeneratedClass$GeneratedIteratorForCodegenStage1.processNext(Unknown Source)","logger":"airflow.task.operators.airflow.providers.docker.operators.docker.DockerOperator","filename":"docker.py","lineno":71}
{"timestamp":"2026-05-20T22:11:09.647383Z","level":"info","event":"\tat org.apache.spark.sql.execution.BufferedRowIterator.hasNext(BufferedRowIterator.java:43)","logger":"airflow.task.operators.airflow.providers.docker.operators.docker.DockerOperator","filename":"docker.py","lineno":71}
{"timestamp":"2026-05-20T22:11:09.647432Z","level":"info","event":"\tat org.apache.spark.sql.execution.WholeStageCodegenEvaluatorFactory$WholeStageCodegenPartitionEvaluator$$anon$1.hasNext(WholeStageCodegenEvaluatorFactory.scala:43)","logger":"airflow.task.operators.airflow.providers.docker.operators.docker.DockerOperator","filename":"docker.py","lineno":71}
{"timestamp":"2026-05-20T22:11:09.647484Z","level":"info","event":"\tat org.apache.spark.sql.execution.SparkPlan.$anonfun$getByteArrayRdd$1(SparkPlan.scala:388)","logger":"airflow.task.operators.airflow.providers.docker.operators.docker.DockerOperator","filename":"docker.py","lineno":71}
{"timestamp":"2026-05-20T22:11:09.647534Z","level":"info","event":"\tat org.apache.spark.rdd.RDD.$anonfun$mapPartitionsInternal$2(RDD.scala:890)","logger":"airflow.task.operators.airflow.providers.docker.operators.docker.DockerOperator","filename":"docker.py","lineno":71}
{"timestamp":"2026-05-20T22:11:09.647582Z","level":"info","event":"\tat org.apache.spark.rdd.RDD.$anonfun$mapPartitionsInternal$2$adapted(RDD.scala:890)","logger":"airflow.task.operators.airflow.providers.docker.operators.docker.DockerOperator","filename":"docker.py","lineno":71}
{"timestamp":"2026-05-20T22:11:09.647626Z","level":"info","event":"\tat org.apache.spark.rdd.MapPartitionsRDD.compute(MapPartitionsRDD.scala:52)","logger":"airflow.task.operators.airflow.providers.docker.operators.docker.DockerOperator","filename":"docker.py","lineno":71}
{"timestamp":"2026-05-20T22:11:09.647677Z","level":"info","event":"\tat org.apache.spark.rdd.RDD.computeOrReadCheckpoint(RDD.scala:364)","logger":"airflow.task.operators.airflow.providers.docker.operators.docker.DockerOperator","filename":"docker.py","lineno":71}
{"timestamp":"2026-05-20T22:11:09.647722Z","level":"info","event":"\tat org.apache.spark.rdd.RDD.iterator(RDD.scala:328)","logger":"airflow.task.operators.airflow.providers.docker.operators.docker.DockerOperator","filename":"docker.py","lineno":71}
{"timestamp":"2026-05-20T22:11:09.647768Z","level":"info","event":"\tat org.apache.spark.scheduler.ResultTask.runTask(ResultTask.scala:93)","logger":"airflow.task.operators.airflow.providers.docker.operators.docker.DockerOperator","filename":"docker.py","lineno":71}
{"timestamp":"2026-05-20T22:11:09.647816Z","level":"info","event":"\tat org.apache.spark.TaskContext.runTaskWithListeners(TaskContext.scala:161)","logger":"airflow.task.operators.airflow.providers.docker.operators.docker.DockerOperator","filename":"docker.py","lineno":71}
{"timestamp":"2026-05-20T22:11:09.647904Z","level":"info","event":"\tat org.apache.spark.scheduler.Task.run(Task.scala:141)","logger":"airflow.task.operators.airflow.providers.docker.operators.docker.DockerOperator","filename":"docker.py","lineno":71}
{"timestamp":"2026-05-20T22:11:09.647962Z","level":"info","event":"\tat org.apache.spark.executor.Executor$TaskRunner.$anonfun$run$4(Executor.scala:620)","logger":"airflow.task.operators.airflow.providers.docker.operators.docker.DockerOperator","filename":"docker.py","lineno":71}
{"timestamp":"2026-05-20T22:11:09.648023Z","level":"info","event":"\tat org.apache.spark.util.SparkErrorUtils.tryWithSafeFinally(SparkErrorUtils.scala:64)","logger":"airflow.task.operators.airflow.providers.docker.operators.docker.DockerOperator","filename":"docker.py","lineno":71}
{"timestamp":"2026-05-20T22:11:09.648080Z","level":"info","event":"\tat org.apache.spark.util.SparkErrorUtils.tryWithSafeFinally$(SparkErrorUtils.scala:61)","logger":"airflow.task.operators.airflow.providers.docker.operators.docker.DockerOperator","filename":"docker.py","lineno":71}
{"timestamp":"2026-05-20T22:11:09.648135Z","level":"info","event":"\tat org.apache.spark.util.Utils$.tryWithSafeFinally(Utils.scala:94)","logger":"airflow.task.operators.airflow.providers.docker.operators.docker.DockerOperator","filename":"docker.py","lineno":71}
{"timestamp":"2026-05-20T22:11:09.648190Z","level":"info","event":"\tat org.apache.spark.executor.Executor$TaskRunner.run(Executor.scala:623)","logger":"airflow.task.operators.airflow.providers.docker.operators.docker.DockerOperator","filename":"docker.py","lineno":71}
{"timestamp":"2026-05-20T22:11:09.648246Z","level":"info","event":"\tat java.base/java.util.concurrent.ThreadPoolExecutor.runWorker(Unknown Source)","logger":"airflow.task.operators.airflow.providers.docker.operators.docker.DockerOperator","filename":"docker.py","lineno":71}
{"timestamp":"2026-05-20T22:11:09.648312Z","level":"info","event":"\tat java.base/java.util.concurrent.ThreadPoolExecutor$Worker.run(Unknown Source)","logger":"airflow.task.operators.airflow.providers.docker.operators.docker.DockerOperator","filename":"docker.py","lineno":71}
{"timestamp":"2026-05-20T22:11:09.648381Z","level":"info","event":"\t... 1 more","logger":"airflow.task.operators.airflow.providers.docker.operators.docker.DockerOperator","filename":"docker.py","lineno":71}
{"timestamp":"2026-05-20T22:11:09.648443Z","level":"info","event":"Caused by: java.lang.ClassNotFoundException: Class org.apache.hadoop.fs.s3a.S3AFileSystem not found","logger":"airflow.task.operators.airflow.providers.docker.operators.docker.DockerOperator","filename":"docker.py","lineno":71}
{"timestamp":"2026-05-20T22:11:09.648507Z","level":"info","event":"\tat org.apache.hadoop.conf.Configuration.getClassByName(Configuration.java:2592)","logger":"airflow.task.operators.airflow.providers.docker.operators.docker.DockerOperator","filename":"docker.py","lineno":71}
{"timestamp":"2026-05-20T22:11:09.648569Z","level":"info","event":"\tat org.apache.hadoop.conf.Configuration.getClass(Configuration.java:2686)","logger":"airflow.task.operators.airflow.providers.docker.operators.docker.DockerOperator","filename":"docker.py","lineno":71}
{"timestamp":"2026-05-20T22:11:09.648631Z","level":"info","event":"\t... 37 more","logger":"airflow.task.operators.airflow.providers.docker.operators.docker.DockerOperator","filename":"docker.py","lineno":71}
{"timestamp":"2026-05-20T22:11:09.648687Z","level":"info","event":"","logger":"airflow.task.operators.airflow.providers.docker.operators.docker.DockerOperator","filename":"docker.py","lineno":71}
{"timestamp":"2026-05-20T22:11:09.648888Z","level":"info","event":"2026-05-20 22:11:09,538 - INFO - Closing down clientserver connection","logger":"airflow.task.operators.airflow.providers.docker.operators.docker.DockerOperator","filename":"docker.py","lineno":71}
{"timestamp":"2026-05-20T22:11:09.648969Z","level":"info","event":"2026-05-20 22:11:09,539 - INFO - Closing down clientserver connection","logger":"airflow.task.operators.airflow.providers.docker.operators.docker.DockerOperator","filename":"docker.py","lineno":71}
{"timestamp":"2026-05-20T22:11:09.649078Z","level":"info","event":"26/05/20 22:11:09 INFO BlockManagerInfo: Removed broadcast_3_piece0 on 172.20.0.21:40681 in memory (size: 34.9 KiB, free: 434.2 MiB)","logger":"airflow.task.operators.airflow.providers.docker.operators.docker.DockerOperator","filename":"docker.py","lineno":71}
{"timestamp":"2026-05-20T22:11:09.649196Z","level":"info","event":"2026-05-20 22:11:09,539 - INFO - Closing down clientserver connection","logger":"airflow.task.operators.airflow.providers.docker.operators.docker.DockerOperator","filename":"docker.py","lineno":71}
{"timestamp":"2026-05-20T22:11:09.649309Z","level":"info","event":"2026-05-20 22:11:09,540 - INFO - Closing down clientserver connection","logger":"airflow.task.operators.airflow.providers.docker.operators.docker.DockerOperator","filename":"docker.py","lineno":71}
{"timestamp":"2026-05-20T22:11:09.649428Z","level":"info","event":"2026-05-20 22:11:09,540 - INFO - Closing down clientserver connection","logger":"airflow.task.operators.airflow.providers.docker.operators.docker.DockerOperator","filename":"docker.py","lineno":71}
{"timestamp":"2026-05-20T22:11:09.649543Z","level":"info","event":"2026-05-20 22:11:09,541 - INFO - Closing down clientserver connection","logger":"airflow.task.operators.airflow.providers.docker.operators.docker.DockerOperator","filename":"docker.py","lineno":71}
{"timestamp":"2026-05-20T22:11:09.649611Z","level":"info","event":"2026-05-20 22:11:09,541 - INFO - Closing down clientserver connection","logger":"airflow.task.operators.airflow.providers.docker.operators.docker.DockerOperator","filename":"docker.py","lineno":71}
{"timestamp":"2026-05-20T22:11:09.649715Z","level":"info","event":"2026-05-20 22:11:09,542 - INFO - Incremental agregation to gold layer completed!","logger":"airflow.task.operators.airflow.providers.docker.operators.docker.DockerOperator","filename":"docker.py","lineno":71}
{"timestamp":"2026-05-20T22:11:09.649862Z","level":"info","event":"26/05/20 22:11:09 INFO SparkContext: SparkContext is stopping with exitCode 0.","logger":"airflow.task.operators.airflow.providers.docker.operators.docker.DockerOperator","filename":"docker.py","lineno":71}
{"timestamp":"2026-05-20T22:11:09.649982Z","level":"info","event":"26/05/20 22:11:09 INFO BlockManagerInfo: Removed broadcast_12_piece0 on 1aeb232ee7d1:40527 in memory (size: 13.7 KiB, free: 434.2 MiB)","logger":"airflow.task.operators.airflow.providers.docker.operators.docker.DockerOperator","filename":"docker.py","lineno":71}
{"timestamp":"2026-05-20T22:11:09.650097Z","level":"info","event":"26/05/20 22:11:09 INFO BlockManagerInfo: Removed broadcast_12_piece0 on 172.20.0.20:38043 in memory (size: 13.7 KiB, free: 434.2 MiB)","logger":"airflow.task.operators.airflow.providers.docker.operators.docker.DockerOperator","filename":"docker.py","lineno":71}
{"timestamp":"2026-05-20T22:11:09.650197Z","level":"info","event":"26/05/20 22:11:09 INFO BlockManagerInfo: Removed broadcast_12_piece0 on 172.20.0.21:40681 in memory (size: 13.7 KiB, free: 434.2 MiB)","logger":"airflow.task.operators.airflow.providers.docker.operators.docker.DockerOperator","filename":"docker.py","lineno":71}
{"timestamp":"2026-05-20T22:11:09.650286Z","level":"info","event":"26/05/20 22:11:09 INFO SparkUI: Stopped Spark web UI at http://1aeb232ee7d1:4040","logger":"airflow.task.operators.airflow.providers.docker.operators.docker.DockerOperator","filename":"docker.py","lineno":71}
{"timestamp":"2026-05-20T22:11:09.650352Z","level":"info","event":"26/05/20 22:11:09 INFO StandaloneSchedulerBackend: Shutting down all executors","logger":"airflow.task.operators.airflow.providers.docker.operators.docker.DockerOperator","filename":"docker.py","lineno":71}
{"timestamp":"2026-05-20T22:11:09.650472Z","level":"info","event":"26/05/20 22:11:09 INFO StandaloneSchedulerBackend$StandaloneDriverEndpoint: Asking each executor to shut down","logger":"airflow.task.operators.airflow.providers.docker.operators.docker.DockerOperator","filename":"docker.py","lineno":71}
{"timestamp":"2026-05-20T22:11:09.650549Z","level":"info","event":"26/05/20 22:11:09 INFO MapOutputTrackerMasterEndpoint: MapOutputTrackerMasterEndpoint stopped!","logger":"airflow.task.operators.airflow.providers.docker.operators.docker.DockerOperator","filename":"docker.py","lineno":71}
{"timestamp":"2026-05-20T22:11:09.671271Z","level":"info","event":"26/05/20 22:11:09 INFO MemoryStore: MemoryStore cleared","logger":"airflow.task.operators.airflow.providers.docker.operators.docker.DockerOperator","filename":"docker.py","lineno":71}
{"timestamp":"2026-05-20T22:11:09.671657Z","level":"info","event":"26/05/20 22:11:09 INFO BlockManager: BlockManager stopped","logger":"airflow.task.operators.airflow.providers.docker.operators.docker.DockerOperator","filename":"docker.py","lineno":71}
{"timestamp":"2026-05-20T22:11:09.677894Z","level":"info","event":"26/05/20 22:11:09 INFO BlockManagerMaster: BlockManagerMaster stopped","logger":"airflow.task.operators.airflow.providers.docker.operators.docker.DockerOperator","filename":"docker.py","lineno":71}
{"timestamp":"2026-05-20T22:11:09.683590Z","level":"info","event":"26/05/20 22:11:09 INFO OutputCommitCoordinator$OutputCommitCoordinatorEndpoint: OutputCommitCoordinator stopped!","logger":"airflow.task.operators.airflow.providers.docker.operators.docker.DockerOperator","filename":"docker.py","lineno":71}
{"timestamp":"2026-05-20T22:11:09.696265Z","level":"info","event":"26/05/20 22:11:09 INFO SparkContext: Successfully stopped SparkContext","logger":"airflow.task.operators.airflow.providers.docker.operators.docker.DockerOperator","filename":"docker.py","lineno":71}
{"timestamp":"2026-05-20T22:11:10.201452Z","level":"info","event":"26/05/20 22:11:10 INFO ShutdownHookManager: Shutdown hook called","logger":"airflow.task.operators.airflow.providers.docker.operators.docker.DockerOperator","filename":"docker.py","lineno":71}
{"timestamp":"2026-05-20T22:11:10.202136Z","level":"info","event":"26/05/20 22:11:10 INFO ShutdownHookManager: Deleting directory /tmp/spark-9dd226a2-424d-424b-bd89-87c34b7d2502","logger":"airflow.task.operators.airflow.providers.docker.operators.docker.DockerOperator","filename":"docker.py","lineno":71}
{"timestamp":"2026-05-20T22:11:10.209972Z","level":"info","event":"26/05/20 22:11:10 INFO ShutdownHookManager: Deleting directory /tmp/spark-9dd226a2-424d-424b-bd89-87c34b7d2502/pyspark-0e70ec73-de00-41fd-9122-a87fb544e811","logger":"airflow.task.operators.airflow.providers.docker.operators.docker.DockerOperator","filename":"docker.py","lineno":71}
{"timestamp":"2026-05-20T22:11:10.215352Z","level":"info","event":"26/05/20 22:11:10 INFO ShutdownHookManager: Deleting directory /tmp/spark-4d2ba046-7938-4e60-be58-99f0209b9978","logger":"airflow.task.operators.airflow.providers.docker.operators.docker.DockerOperator","filename":"docker.py","lineno":71}
{"timestamp":"2026-05-20T22:11:10.224108Z","level":"info","event":"26/05/20 22:11:10 INFO MetricsSystemImpl: Stopping s3a-file-system metrics system...","logger":"airflow.task.operators.airflow.providers.docker.operators.docker.DockerOperator","filename":"docker.py","lineno":71}
{"timestamp":"2026-05-20T22:11:10.224775Z","level":"info","event":"26/05/20 22:11:10 INFO MetricsSystemImpl: s3a-file-system metrics system stopped.","logger":"airflow.task.operators.airflow.providers.docker.operators.docker.DockerOperator","filename":"docker.py","lineno":71}
{"timestamp":"2026-05-20T22:11:10.225015Z","level":"info","event":"26/05/20 22:11:10 INFO MetricsSystemImpl: s3a-file-system metrics system shutdown complete.","logger":"airflow.task.operators.airflow.providers.docker.operators.docker.DockerOperator","filename":"docker.py","lineno":71}
{"timestamp":"2026-05-20T22:11:10.577412Z","level":"info","event":"Pushing xcom","ti":"RuntimeTaskInstance(id=UUID('019e4770-e01a-7848-9871-c28e01f422db'), task_id='aggregation_gold', dag_id='ELT_minIO', run_id='manual__2026-05-20T22:10:40.217732+00:00', try_number=1, dag_version_id=UUID('019e476d-c69c-75be-a20e-ff24b9955f37'), map_index=-1, hostname='bf5a50b6a169', context_carrier={'traceparent': '00-43b7a51d8e1d76caa90bc4507648e20f-48c703f1eb99df02-01'}, task=<Task(DockerOperator): aggregation_gold>, bundle_instance=LocalDagBundle(name=dags-folder), max_tries=0, start_date=datetime.datetime(2026, 5, 20, 22, 10, 42, 100500, tzinfo=datetime.timezone.utc), end_date=None, state=<TaskInstanceState.RUNNING: 'running'>, is_mapped=False, rendered_map_index=None, sentry_integration='')","logger":"task","filename":"task_runner.py","lineno":1724}
